2025-09-09 11:51:42,128 [INFO] Activator:176 - 


2025-09-09 11:51:42,130 [INFO] Activator:177 - !SESSION log4j initialized
2025-09-09 11:51:44,144 [INFO] LogOutputStream:77 - [STDOUT_REDIRECT] 
2025-09-09 11:51:45,515 [INFO] ApplicationProperties:184 - Using Application install path: /home/tuna/st/stm32cubeide_1.18.1/plugins/com.st.stm32cube.common.mx_6.15.0.202507011659
2025-09-09 11:51:45,531 [INFO] DbMcusXml:78 - Set database path to: /home/tuna/st/stm32cubeide_1.18.1/plugins/com.st.stm32cube.common.mx_6.15.0.202507011659//db//mcu/
2025-09-09 11:51:45,531 [INFO] ApiDb:274 - Set plugin database path to: /home/tuna/st/stm32cubeide_1.18.1/plugins/com.st.stm32cube.common.mx_6.15.0.202507011659//db//plugins/boardmanager/
2025-09-09 11:51:45,531 [WARN] ApiDb:259 - Overriding images path with different value:  => /home/tuna/st/stm32cubeide_1.18.1/plugins/com.st.stm32cube.common.mx_6.15.0.202507011659//db//plugins/mcufinder/images/
2025-09-09 11:51:45,539 [INFO] ApiDb:250 - Set database path to: /home/tuna/.stmcufinder/plugins/mcufinder//mcu/
2025-09-09 11:51:45,541 [INFO] DbMcusAds:125 - Set database path to: /home/tuna/.stmcufinder/plugins/mcufinder//mcu/
2025-09-09 11:51:45,543 [INFO] CrossReferenceDbSqlite:203 - Set database path to: /home/tuna/.stmcufinder/plugins/mcufinder//mcu/cs/
2025-09-09 11:51:45,619 [INFO] RulesReader:64 - Compatibility file has been processed (317 Rules)
2025-09-09 11:51:45,671 [INFO] DbMcusXml:78 - Set database path to: /home/tuna/st/stm32cubeide_1.18.1/plugins/com.st.stm32cube.common.mx_6.15.0.202507011659//db//mcu/
2025-09-09 11:51:45,672 [INFO] ApiDb:274 - Set plugin database path to: /home/tuna/st/stm32cubeide_1.18.1/plugins/com.st.stm32cube.common.mx_6.15.0.202507011659//db//plugins/boardmanager/
2025-09-09 11:51:45,672 [INFO] ApiDb:261 - Set plugin images path to: /home/tuna/st/stm32cubeide_1.18.1/plugins/com.st.stm32cube.common.mx_6.15.0.202507011659//db//plugins/mcufinder/images/
2025-09-09 11:51:45,672 [WARN] DbFile:41 - Overriding database path with different value: /home/tuna/.stmcufinder/plugins/mcufinder/ => /home/tuna/.stmcufinder/plugins/mcufinder
2025-09-09 11:51:45,672 [INFO] ApiDb:250 - Set database path to: /home/tuna/.stmcufinder/plugins/mcufinder//mcu/
2025-09-09 11:51:45,672 [WARN] DbFile:41 - Overriding database path with different value: /home/tuna/.stmcufinder/plugins/mcufinder/ => /home/tuna/.stmcufinder/plugins/mcufinder
2025-09-09 11:51:45,672 [INFO] DbMcusAds:125 - Set database path to: /home/tuna/.stmcufinder/plugins/mcufinder//mcu/
2025-09-09 11:51:45,672 [WARN] DbFile:41 - Overriding database path with different value: /home/tuna/.stmcufinder/plugins/mcufinder/ => /home/tuna/.stmcufinder/plugins/mcufinder
2025-09-09 11:51:45,672 [WARN] DbFile:41 - Overriding database path with different value: /home/tuna/.stmcufinder/plugins/mcufinder/ => /home/tuna/.stmcufinder/plugins/mcufinder
2025-09-09 11:51:45,672 [INFO] CrossReferenceDbSqlite:203 - Set database path to: /home/tuna/.stmcufinder/plugins/mcufinder//mcu/cs/
2025-09-09 11:51:45,725 [INFO] MainPanel:274 - HeapMemory: 268435456
2025-09-09 11:51:45,845 [INFO] DbMcusXml:78 - Set database path to: /home/tuna/st/stm32cubeide_1.18.1/plugins/com.st.stm32cube.common.mx_6.15.0.202507011659//db//mcu/
2025-09-09 11:51:45,845 [INFO] ApiDb:274 - Set plugin database path to: /home/tuna/st/stm32cubeide_1.18.1/plugins/com.st.stm32cube.common.mx_6.15.0.202507011659//db//plugins/boardmanager/
2025-09-09 11:51:45,845 [INFO] ApiDb:261 - Set plugin images path to: /home/tuna/st/stm32cubeide_1.18.1/plugins/com.st.stm32cube.common.mx_6.15.0.202507011659//db//plugins/mcufinder/images/
2025-09-09 11:51:45,845 [WARN] DbFile:41 - Overriding database path with different value: /home/tuna/.stmcufinder/plugins/mcufinder/ => /home/tuna/.stmcufinder/plugins/mcufinder
2025-09-09 11:51:45,845 [INFO] ApiDb:250 - Set database path to: /home/tuna/.stmcufinder/plugins/mcufinder//mcu/
2025-09-09 11:51:45,845 [WARN] DbFile:41 - Overriding database path with different value: /home/tuna/.stmcufinder/plugins/mcufinder/ => /home/tuna/.stmcufinder/plugins/mcufinder
2025-09-09 11:51:45,845 [INFO] DbMcusAds:125 - Set database path to: /home/tuna/.stmcufinder/plugins/mcufinder//mcu/
2025-09-09 11:51:45,845 [WARN] DbFile:41 - Overriding database path with different value: /home/tuna/.stmcufinder/plugins/mcufinder/ => /home/tuna/.stmcufinder/plugins/mcufinder
2025-09-09 11:51:45,846 [WARN] DbFile:41 - Overriding database path with different value: /home/tuna/.stmcufinder/plugins/mcufinder/ => /home/tuna/.stmcufinder/plugins/mcufinder
2025-09-09 11:51:45,846 [INFO] CrossReferenceDbSqlite:203 - Set database path to: /home/tuna/.stmcufinder/plugins/mcufinder//mcu/cs/
2025-09-09 11:51:45,857 [INFO] ApplicationProperties:184 - Using Application install path: /home/tuna/st/stm32cubeide_1.18.1/plugins/com.st.stm32cube.common.mx_6.15.0.202507011659
2025-09-09 11:51:45,858 [INFO] PluginManage:196 - Search for loadable plugins [exclusion list=, ]
2025-09-09 11:51:45,859 [INFO] PluginManage:310 - Check plugin analytics
2025-09-09 11:51:45,954 [INFO] AnalyticsPlugin:253 - Accepted Software Licenses: STM32CubeMX.6.15.0
2025-09-09 11:51:45,954 [INFO] AnalyticsPlugin:255 - Accepted CMSIS Pack Licenses: 
2025-09-09 11:51:45,954 [INFO] AnalyticsPlugin:257 - Accepted Firmware Licenses: FW.G4.1.6.0,FW.F4.1.28.0
2025-09-09 11:51:45,954 [INFO] PluginManage:359 - Loaded plugin analytics (category:tool,tabindex:-1)
2025-09-09 11:51:45,955 [INFO] PluginManage:310 - Check plugin cadmodel
2025-09-09 11:51:45,960 [INFO] CADModel:105 - Init CAD model plugin
2025-09-09 11:51:45,960 [INFO] PluginManage:359 - Loaded plugin cadmodel (category:power,tabindex:5)
2025-09-09 11:51:45,960 [INFO] PluginManage:310 - Check plugin clock
2025-09-09 11:51:45,968 [INFO] PluginManage:359 - Loaded plugin clock (category:base,tabindex:2)
2025-09-09 11:51:45,968 [INFO] PluginManage:310 - Check plugin ddr
2025-09-09 11:51:45,970 [INFO] PluginManage:359 - Loaded plugin ddr (category:tool,tabindex:6)
2025-09-09 11:51:45,970 [INFO] PluginManage:310 - Check plugin filemanager
2025-09-09 11:51:46,088 [INFO] PluginManage:359 - Loaded plugin filemanager (category:base,tabindex:10)
2025-09-09 11:51:46,088 [INFO] PluginManage:310 - Check plugin ipmanager
2025-09-09 11:51:46,092 [INFO] PluginManage:359 - Loaded plugin ipmanager (category:base,tabindex:5)
2025-09-09 11:51:46,092 [INFO] PluginManage:310 - Check plugin lpbam
2025-09-09 11:51:46,099 [INFO] PluginManage:359 - Loaded plugin lpbam (category:base,tabindex:0)
2025-09-09 11:51:46,099 [INFO] PluginManage:310 - Check plugin memorymap
2025-09-09 11:51:46,110 [INFO] PluginManage:359 - Loaded plugin memorymap (category:base,tabindex:4)
2025-09-09 11:51:46,110 [INFO] PluginManage:310 - Check plugin pinoutandconfiguration
2025-09-09 11:51:46,117 [INFO] PluginManage:359 - Loaded plugin pinoutandconfiguration (category:base,tabindex:1)
2025-09-09 11:51:46,118 [INFO] PluginManage:310 - Check plugin pinoutconfig
2025-09-09 11:51:46,174 [WARN] SupportedApi:132 - Cannot load RTOS API schema: s4s-elt-must-match.1: The content of 'definitions' must match (annotation?, (simpleType | complexType)?, (unique | key | keyref)*)). A problem was found starting at: attribute.
2025-09-09 11:51:46,262 [INFO] PluginManage:359 - Loaded plugin pinoutconfig (category:base,tabindex:0)
2025-09-09 11:51:46,262 [INFO] PluginManage:310 - Check plugin power
2025-09-09 11:51:46,272 [INFO] PluginManage:359 - Loaded plugin power (category:power,tabindex:4)
2025-09-09 11:51:46,272 [INFO] PluginManage:310 - Check plugin projectmanager
2025-09-09 11:51:46,282 [INFO] PluginManage:359 - Loaded plugin projectmanager (category:projectmanager,tabindex:4)
2025-09-09 11:51:46,282 [INFO] PluginManage:310 - Check plugin rif
2025-09-09 11:51:46,290 [INFO] PluginManage:359 - Loaded plugin rif (category:base,tabindex:3)
2025-09-09 11:51:46,291 [INFO] PluginManage:310 - Check plugin thirdparty
2025-09-09 11:51:46,378 [INFO] PluginManage:359 - Loaded plugin thirdparty (category:base,tabindex:-1)
2025-09-09 11:51:46,378 [WARN] IntegrityCheckThread:84 - waiting for thirdparty lock release [integrity check]
2025-09-09 11:51:46,378 [INFO] PluginManage:310 - Check plugin tools
2025-09-09 11:51:46,378 [INFO] IntegrityCheckThread:86 - entering critical section [integrity check]
2025-09-09 11:51:46,378 [INFO] ThirdPartyUpdaterWithRetryManager:70 - Updater plugin not ready yet. [1/15]
2025-09-09 11:51:46,380 [INFO] PluginManage:359 - Loaded plugin tools (category:base,tabindex:7)
2025-09-09 11:51:46,380 [INFO] PluginManage:310 - Check plugin tutovideos
2025-09-09 11:51:46,512 [INFO] PluginManage:359 - Loaded plugin tutovideos (category:base,tabindex:-1)
2025-09-09 11:51:46,513 [INFO] PluginManage:310 - Check plugin updater
2025-09-09 11:51:46,529 [INFO] PluginManage:359 - Loaded plugin updater (category:base,tabindex:12)
2025-09-09 11:51:46,529 [INFO] PluginManage:310 - Check plugin userauth
2025-09-09 11:51:46,532 [INFO] UserAuth:118 - Init User Auth plugin
2025-09-09 11:51:46,533 [INFO] PluginManage:359 - Loaded plugin userauth (category:base,tabindex:14)
2025-09-09 11:51:46,533 [INFO] PluginManage:283 - PluginManage : Loaded plugins [18]
2025-09-09 11:51:46,654 [INFO] PinOutPanel:1589 - setPackage(No Configuration,No Configuration)
2025-09-09 11:51:46,698 [INFO] CADModel:165 - CPN selected for project level
2025-09-09 11:51:46,699 [INFO] CADModel:114 - Register for checkConnection events
2025-09-09 11:51:46,708 [INFO] IPUIPlugin:80 - create IPUIPlugin
2025-09-09 11:51:46,708 [INFO] PluginManager:220 - loadIPPluginJar : add ddr_ctrl_phy
2025-09-09 11:51:46,709 [INFO] IPUIPlugin:80 - create IPUIPlugin
2025-09-09 11:51:46,709 [INFO] PluginManager:220 - loadIPPluginJar : add aes
2025-09-09 11:51:46,712 [INFO] IPUIPlugin:80 - create IPUIPlugin
2025-09-09 11:51:46,713 [INFO] PluginManager:220 - loadIPPluginJar : add gic
2025-09-09 11:51:46,716 [INFO] IPUIPlugin:80 - create IPUIPlugin
2025-09-09 11:51:46,716 [INFO] PluginManager:220 - loadIPPluginJar : add resmgrutility
2025-09-09 11:51:46,718 [INFO] IPUIPlugin:80 - create IPUIPlugin
2025-09-09 11:51:46,718 [INFO] PluginManager:220 - loadIPPluginJar : add dma3
2025-09-09 11:51:46,719 [INFO] IPUIPlugin:80 - create IPUIPlugin
2025-09-09 11:51:46,719 [INFO] PluginManager:220 - loadIPPluginJar : add spi
2025-09-09 11:51:46,723 [INFO] IPUIPlugin:80 - create IPUIPlugin
2025-09-09 11:51:46,725 [INFO] PluginManager:220 - loadIPPluginJar : add plateformsettings
2025-09-09 11:51:46,727 [INFO] IPUIPlugin:80 - create IPUIPlugin
2025-09-09 11:51:46,727 [INFO] PluginManager:220 - loadIPPluginJar : add gtzc
2025-09-09 11:51:46,731 [INFO] IPUIPlugin:80 - create IPUIPlugin
2025-09-09 11:51:46,731 [INFO] PluginManager:220 - loadIPPluginJar : add freertos
2025-09-09 11:51:46,734 [INFO] IPUIPlugin:80 - create IPUIPlugin
2025-09-09 11:51:46,734 [INFO] PluginManager:220 - loadIPPluginJar : add fmc
2025-09-09 11:51:46,734 [INFO] IPUIPlugin:80 - create IPUIPlugin
2025-09-09 11:51:46,734 [INFO] PluginManager:220 - loadIPPluginJar : add quadspi
2025-09-09 11:51:46,736 [INFO] IPUIPlugin:80 - create IPUIPlugin
2025-09-09 11:51:46,736 [INFO] PluginManager:220 - loadIPPluginJar : add radio
2025-09-09 11:51:46,737 [INFO] IPUIPlugin:80 - create IPUIPlugin
2025-09-09 11:51:46,737 [INFO] PluginManager:220 - loadIPPluginJar : add fatfs
2025-09-09 11:51:46,741 [INFO] IPUIPlugin:80 - create IPUIPlugin
2025-09-09 11:51:46,741 [INFO] PluginManager:220 - loadIPPluginJar : add mdma
2025-09-09 11:51:46,741 [INFO] IPUIPlugin:80 - create IPUIPlugin
2025-09-09 11:51:46,741 [INFO] PluginManager:220 - loadIPPluginJar : add ltdc
2025-09-09 11:51:46,744 [INFO] IPUIPlugin:80 - create IPUIPlugin
2025-09-09 11:51:46,745 [INFO] PluginManager:220 - loadIPPluginJar : add gpio
2025-09-09 11:51:46,746 [INFO] IPUIPlugin:80 - create IPUIPlugin
2025-09-09 11:51:46,746 [INFO] PluginManager:220 - loadIPPluginJar : add opamp
2025-09-09 11:51:46,747 [INFO] IPUIPlugin:80 - create IPUIPlugin
2025-09-09 11:51:46,747 [INFO] PluginManager:220 - loadIPPluginJar : add usart
2025-09-09 11:51:46,749 [INFO] IPUIPlugin:80 - create IPUIPlugin
2025-09-09 11:51:46,749 [INFO] PluginManager:220 - loadIPPluginJar : add usbx
2025-09-09 11:51:46,750 [INFO] IPUIPlugin:80 - create IPUIPlugin
2025-09-09 11:51:46,750 [INFO] PluginManager:220 - loadIPPluginJar : add tim
2025-09-09 11:51:46,751 [INFO] IPUIPlugin:80 - create IPUIPlugin
2025-09-09 11:51:46,751 [INFO] PluginManager:220 - loadIPPluginJar : add lorawan
2025-09-09 11:51:46,752 [INFO] IPUIPlugin:80 - create IPUIPlugin
2025-09-09 11:51:46,752 [INFO] PluginManager:220 - loadIPPluginJar : add i2s
2025-09-09 11:51:46,756 [INFO] IPUIPlugin:80 - create IPUIPlugin
2025-09-09 11:51:46,756 [INFO] PluginManager:220 - loadIPPluginJar : add adc
2025-09-09 11:51:46,758 [INFO] IPUIPlugin:80 - create IPUIPlugin
2025-09-09 11:51:46,758 [INFO] PluginManager:220 - loadIPPluginJar : add extmemmanager
2025-09-09 11:51:46,759 [INFO] IPUIPlugin:80 - create IPUIPlugin
2025-09-09 11:51:46,759 [INFO] PluginManager:220 - loadIPPluginJar : add comp
2025-09-09 11:51:46,760 [INFO] IPUIPlugin:80 - create IPUIPlugin
2025-09-09 11:51:46,760 [INFO] PluginManager:220 - loadIPPluginJar : add genericplugin
2025-09-09 11:51:46,761 [INFO] IPUIPlugin:80 - create IPUIPlugin
2025-09-09 11:51:46,761 [INFO] PluginManager:220 - loadIPPluginJar : add ts
2025-09-09 11:51:46,762 [INFO] IPUIPlugin:80 - create IPUIPlugin
2025-09-09 11:51:46,762 [INFO] PluginManager:220 - loadIPPluginJar : add ucpd
2025-09-09 11:51:46,763 [INFO] IPUIPlugin:80 - create IPUIPlugin
2025-09-09 11:51:46,763 [INFO] PluginManager:220 - loadIPPluginJar : add can
2025-09-09 11:51:46,765 [INFO] IPUIPlugin:80 - create IPUIPlugin
2025-09-09 11:51:46,765 [INFO] PluginManager:220 - loadIPPluginJar : add touchsensing
2025-09-09 11:51:46,766 [INFO] IPUIPlugin:80 - create IPUIPlugin
2025-09-09 11:51:46,767 [INFO] PluginManager:220 - loadIPPluginJar : add tracer_emb
2025-09-09 11:51:46,771 [INFO] IPUIPlugin:80 - create IPUIPlugin
2025-09-09 11:51:46,771 [INFO] PluginManager:220 - loadIPPluginJar : add stm32_wpan
2025-09-09 11:51:46,772 [INFO] IPUIPlugin:80 - create IPUIPlugin
2025-09-09 11:51:46,772 [INFO] PluginManager:220 - loadIPPluginJar : add tsc
2025-09-09 11:51:46,773 [INFO] IPUIPlugin:80 - create IPUIPlugin
2025-09-09 11:51:46,773 [INFO] PluginManager:220 - loadIPPluginJar : add gfxmmu
2025-09-09 11:51:46,775 [INFO] IPUIPlugin:80 - create IPUIPlugin
2025-09-09 11:51:46,775 [INFO] PluginManager:220 - loadIPPluginJar : add ipddr
2025-09-09 11:51:46,777 [INFO] IPUIPlugin:80 - create IPUIPlugin
2025-09-09 11:51:46,777 [INFO] PluginManager:220 - loadIPPluginJar : add i2c
2025-09-09 11:51:46,780 [INFO] IPUIPlugin:80 - create IPUIPlugin
2025-09-09 11:51:46,780 [INFO] PluginManager:220 - loadIPPluginJar : add nvic
2025-09-09 11:51:46,782 [INFO] IPUIPlugin:80 - create IPUIPlugin
2025-09-09 11:51:46,782 [INFO] PluginManager:220 - loadIPPluginJar : add i3c
2025-09-09 11:51:46,784 [INFO] IPUIPlugin:80 - create IPUIPlugin
2025-09-09 11:51:46,784 [INFO] PluginManager:220 - loadIPPluginJar : add dfsdm
2025-09-09 11:51:46,785 [INFO] IPUIPlugin:80 - create IPUIPlugin
2025-09-09 11:51:46,786 [INFO] PluginManager:220 - loadIPPluginJar : add pdm2pcm
2025-09-09 11:51:46,787 [INFO] IPUIPlugin:80 - create IPUIPlugin
2025-09-09 11:51:46,787 [INFO] PluginManager:220 - loadIPPluginJar : add openamp
2025-09-09 11:51:46,791 [INFO] IPUIPlugin:80 - create IPUIPlugin
2025-09-09 11:51:46,791 [INFO] PluginManager:220 - loadIPPluginJar : add dma
2025-09-09 11:51:46,794 [INFO] IPUIPlugin:80 - create IPUIPlugin
2025-09-09 11:51:46,794 [INFO] PluginManager:220 - loadIPPluginJar : add sai
2025-09-09 11:51:46,795 [INFO] IPUIPlugin:80 - create IPUIPlugin
2025-09-09 11:51:46,795 [INFO] PluginManager:220 - loadIPPluginJar : add hash
2025-09-09 11:51:46,799 [INFO] IPUIPlugin:80 - create IPUIPlugin
2025-09-09 11:51:46,799 [INFO] PluginManager:220 - loadIPPluginJar : add linkedlist
2025-09-09 11:51:46,801 [INFO] IPUIPlugin:80 - create IPUIPlugin
2025-09-09 11:51:46,801 [INFO] PluginManager:220 - loadIPPluginJar : add cryp
2025-09-09 11:51:46,895 [FATAL] Updater:351 - Updater called before beeing initialized
2025-09-09 11:51:46,912 [INFO] RulesReader:64 - Compatibility file has been processed (317 Rules)
2025-09-09 11:51:46,919 [INFO] RulesReader:64 - Compatibility file has been processed (317 Rules)
2025-09-09 11:51:46,926 [INFO] CADModel:165 - CPN selected for project level
2025-09-09 11:51:46,926 [INFO] CADModel:114 - Register for checkConnection events
2025-09-09 11:51:46,926 [FATAL] Updater:351 - Updater called before beeing initialized
2025-09-09 11:51:46,926 [ERROR] CADModel:125 - Updater not yet initialized, retry later 
2025-09-09 11:51:47,017 [FATAL] Updater:351 - Updater called before beeing initialized
2025-09-09 11:51:47,018 [INFO] CADModel:165 - CPN selected for project level
2025-09-09 11:51:47,018 [INFO] CADModel:114 - Register for checkConnection events
2025-09-09 11:51:47,019 [FATAL] Updater:351 - Updater called before beeing initialized
2025-09-09 11:51:47,019 [ERROR] CADModel:125 - Updater not yet initialized, retry later 
2025-09-09 11:51:47,021 [FATAL] Updater:351 - Updater called before beeing initialized
2025-09-09 11:51:47,083 [FATAL] Updater:351 - Updater called before beeing initialized
2025-09-09 11:51:47,085 [INFO] DbMcusAds:53 - JSON generation date=Tue Jul 08 15:14:23 ICT 2025 (1751962463582)
2025-09-09 11:51:47,085 [FATAL] Updater:351 - Updater called before beeing initialized
2025-09-09 11:51:47,111 [WARN] DetailPanel:346 - Failed to get advertising image, set to default
2025-09-09 11:51:47,165 [FATAL] Updater:351 - Updater called before beeing initialized
2025-09-09 11:51:47,166 [FATAL] Updater:351 - Updater called before beeing initialized
2025-09-09 11:51:47,166 [FATAL] Updater:351 - Updater called before beeing initialized
2025-09-09 11:51:47,167 [WARN] DetailPanel:346 - Failed to get advertising image, set to default
2025-09-09 11:51:47,167 [FATAL] Updater:351 - Updater called before beeing initialized
2025-09-09 11:51:47,189 [ERROR] Updater:1198 - MainUpdater not yet initialized. External WinMGr cannot be set.
2025-09-09 11:51:47,190 [INFO] Updater:1134 - Updater Version found : 6.15.0
2025-09-09 11:51:47,205 [INFO] ApplicationProperties:184 - Using Application install path: /home/tuna/st/stm32cubeide_1.18.1/plugins/com.st.stm32cube.common.mx_6.15.0.202507011659
2025-09-09 11:51:47,519 [INFO] MainUpdater:2872 - connection check result : 10
2025-09-09 11:51:47,520 [INFO] MainUpdater:289 - Updater Check For Update Now.
2025-09-09 11:51:47,520 [INFO] MicroXplorer:498 - Change Database Version : DB.6.0.150
2025-09-09 11:51:47,524 [INFO] McuFinderGlobals:63 - Set McuFinder mode to 2 (CubeIDE integrated)
2025-09-09 11:51:47,525 [INFO] UserAuth:487 - Internet connection configuration mode: 1
2025-09-09 11:51:47,550 [INFO] JxBrowserEngine:152 - Initiate JxBrowser Engine with user profile folder
2025-09-09 11:51:47,681 [INFO] CheckServerUpdateThread:120 - End of CheckServer Thread
2025-09-09 11:51:48,542 [INFO] WebApp:169 - Instantiating new browser for Auth
2025-09-09 11:51:49,150 [INFO] WebApp:463 - Apply proxy settings
2025-09-09 11:51:49,151 [INFO] WebApp:548 - Chromium requires no authentication
2025-09-09 11:51:49,158 [INFO] WebApp:491 - Direct internet connection detected
2025-09-09 11:51:49,174 [INFO] WebApp:900 - Register for checkConnection events
2025-09-09 11:51:49,174 [INFO] WebApp:463 - Apply proxy settings
2025-09-09 11:51:49,174 [INFO] WebApp:548 - Chromium requires no authentication
2025-09-09 11:51:49,175 [INFO] WebApp:491 - Direct internet connection detected
2025-09-09 11:51:49,280 [INFO] WebApp:225 - Starting web application
2025-09-09 11:51:49,280 [INFO] WebApp:593 - Web application path used /home/tuna/st/stm32cubeide_1.18.1/plugins/com.st.stm32cube.common.mx_6.15.0.202507011659/db/plugins/mcufinder/reactClient1/index.html
2025-09-09 11:51:49,375 [INFO] UserAuth:487 - Internet connection configuration mode: 1
2025-09-09 11:51:49,471 [WARN] PackLoader:240 - Cannot read IP mode file for STMicroelectronics.FP-SNS-MOTENVWB1.1.4.0
2025-09-09 11:51:49,478 [WARN] PackLoader:240 - Cannot read IP mode file for STMicroelectronics.FP-ATR-ASTRA1.2.0.2
2025-09-09 11:51:49,484 [WARN] PackLoader:240 - Cannot read IP mode file for STMicroelectronics.X-CUBE-SMBUS.2.1.0
2025-09-09 11:51:49,488 [WARN] PackLoader:240 - Cannot read IP mode file for STMicroelectronics.X-CUBE-ST60.1.0.0
2025-09-09 11:51:49,511 [WARN] PackLoader:240 - Cannot read IP mode file for STMicroelectronics.X-CUBE-AZRTOS-F7.1.1.0
2025-09-09 11:51:49,538 [WARN] PackLoader:240 - Cannot read IP mode file for Infineon.AIROC-Wi-Fi-Bluetooth-STM32.1.7.1
2025-09-09 11:51:49,553 [INFO] WebApp:191 - Connection restablished
2025-09-09 11:51:49,565 [WARN] PackLoader:240 - Cannot read IP mode file for STMicroelectronics.X-CUBE-AZRTOS-H7.3.4.0
2025-09-09 11:51:49,575 [WARN] PackLoader:240 - Cannot read IP mode file for STMicroelectronics.X-CUBE-DISPLAY.3.0.0
2025-09-09 11:51:49,587 [WARN] PackLoader:240 - Cannot read IP mode file for STMicroelectronics.X-CUBE-NFC10.1.0.0
2025-09-09 11:51:49,592 [WARN] PackLoader:240 - Cannot read IP mode file for emotas.I-CUBE-CANOPEN.1.3.0
2025-09-09 11:51:49,597 [WARN] PackLoader:240 - Cannot read IP mode file for STMicroelectronics.FP-SNS-STBOX1.2.1.0
2025-09-09 11:51:49,601 [WARN] PackLoader:240 - Cannot read IP mode file for STMicroelectronics.FP-SNS-SMARTAG2.1.2.0
2025-09-09 11:51:49,604 [WARN] PackLoader:240 - Cannot read IP mode file for STMicroelectronics.FP-SNS-FLIGHT1.5.1.0
2025-09-09 11:51:49,610 [INFO] LogOutputStream:77 - [STDOUT_REDIRECT] 1 : Invalid condition id : UX_CORESTACK_Condition cause : null
2025-09-09 11:51:49,611 [INFO] LogOutputStream:77 - [STDOUT_REDIRECT] 1 : Invalid condition id : UX_CORESTACK_Condition cause : null
2025-09-09 11:51:49,611 [INFO] LogOutputStream:77 - [STDOUT_REDIRECT] 1 : Invalid condition id : UX_CORESTACK_Condition cause : null
2025-09-09 11:51:49,611 [INFO] LogOutputStream:77 - [STDOUT_REDIRECT] 1 : Invalid condition id : UX_CORESTACK_Condition cause : null
2025-09-09 11:51:49,611 [INFO] LogOutputStream:77 - [STDOUT_REDIRECT] 1 : Invalid condition id : UX_CORESTACK_Condition cause : null
2025-09-09 11:51:49,624 [WARN] PackLoader:240 - Cannot read IP mode file for STMicroelectronics.X-CUBE-AZRTOS-WL.2.0.0
2025-09-09 11:51:49,628 [WARN] PackLoader:240 - Cannot read IP mode file for STMicroelectronics.FP-SNS-MOTENV1.5.0.0
2025-09-09 11:51:49,635 [WARN] PackLoader:240 - Cannot read IP mode file for WES.I-CUBE-Cesium.1.3.0
2025-09-09 11:51:49,639 [WARN] PackLoader:240 - Cannot read IP mode file for STMicroelectronics.X-CUBE-BLE2.3.3.0
2025-09-09 11:51:49,644 [WARN] PackLoader:240 - Cannot read IP mode file for STMicroelectronics.X-CUBE-NFC9.1.0.0
2025-09-09 11:51:49,648 [WARN] PackLoader:240 - Cannot read IP mode file for wolfSSL.I-CUBE-wolfSSL.5.8.2
2025-09-09 11:51:49,652 [WARN] PackLoader:240 - Cannot read IP mode file for STMicroelectronics.X-CUBE-BLE1.7.1.0
2025-09-09 11:51:49,656 [WARN] PackLoader:240 - Cannot read IP mode file for wolfSSL.I-CUBE-wolfMQTT.1.19.2
2025-09-09 11:51:49,660 [WARN] PackLoader:240 - Cannot read IP mode file for STMicroelectronics.X-CUBE-EEPRMA1.5.2.0
2025-09-09 11:51:49,665 [WARN] PackLoader:240 - Cannot read IP mode file for STMicroelectronics.X-CUBE-AI.10.1.0
2025-09-09 11:51:49,678 [WARN] PackLoader:240 - Cannot read IP mode file for STMicroelectronics.X-CUBE-AZRTOS-G0.1.1.0
2025-09-09 11:51:49,686 [WARN] PackLoader:240 - Cannot read IP mode file for STMicroelectronics.X-CUBE-SAFEA1.1.2.2
2025-09-09 11:51:49,692 [WARN] PackLoader:240 - Cannot read IP mode file for STMicroelectronics.X-CUBE-NFC4.3.0.0
2025-09-09 11:51:49,700 [WARN] PackLoader:240 - Cannot read IP mode file for EmbeddedOffice.I-CUBE-FS-RTOS.1.0.1
2025-09-09 11:51:49,703 [WARN] PackLoader:240 - Cannot read IP mode file for STMicroelectronics.X-CUBE-WB05N.2.0.0
2025-09-09 11:51:49,707 [WARN] PackLoader:240 - Cannot read IP mode file for wolfSSL.I-CUBE-wolfTPM.3.8.0
2025-09-09 11:51:49,710 [WARN] PackLoader:240 - Cannot read IP mode file for STMicroelectronics.X-CUBE-TCPP.4.2.0
2025-09-09 11:51:49,714 [WARN] PackLoader:240 - Cannot read IP mode file for RealThread.X-CUBE-RT-Thread_Nano.4.1.1
2025-09-09 11:51:49,718 [WARN] PackLoader:240 - Cannot read IP mode file for STMicroelectronics.FP-ATR-SIGFOX1.3.2.0
2025-09-09 11:51:49,722 [WARN] PackLoader:240 - Cannot read IP mode file for ITTIA_DB.I-CUBE-ITTIADB.8.9.0
2025-09-09 11:51:49,727 [WARN] PackLoader:240 - Cannot read IP mode file for STMicroelectronics.X-CUBE-ST67W61.1.0.0
2025-09-09 11:51:49,732 [WARN] PackLoader:240 - Cannot read IP mode file for STMicroelectronics.X-CUBE-AI.10.2.0
2025-09-09 11:51:49,757 [WARN] PackLoader:240 - Cannot read IP mode file for SEGGER.I-CUBE-embOS.1.3.1
2025-09-09 11:51:49,795 [WARN] PackLoader:240 - Cannot read IP mode file for STMicroelectronics.X-CUBE-ALGOBUILD.1.4.0
2025-09-09 11:51:49,838 [WARN] PackLoader:240 - Cannot read IP mode file for STMicroelectronics.X-CUBE-MEMS1.11.3.0
2025-09-09 11:51:50,005 [WARN] PackLoader:240 - Cannot read IP mode file for STMicroelectronics.X-CUBE-PM33A1.1.0.0
2025-09-09 11:51:50,019 [WARN] PackLoader:240 - Cannot read IP mode file for STMicroelectronics.X-CUBE-AZRTOS-F4.1.1.0
2025-09-09 11:51:50,025 [WARN] PackLoader:240 - Cannot read IP mode file for Avnet-IotConnect.X-CUBE-IoTC-DA16k-PMOD.1.0.0
2025-09-09 11:51:50,030 [WARN] PackLoader:240 - Cannot read IP mode file for STMicroelectronics.X-CUBE-ISPU.2.1.0
2025-09-09 11:51:50,035 [WARN] PackLoader:240 - Cannot read IP mode file for STMicroelectronics.X-CUBE-NFC12.1.0.0
2025-09-09 11:51:50,050 [WARN] PackLoader:240 - Cannot read IP mode file for STMicroelectronics.X-CUBE-AZRTOS-L5.2.0.0
2025-09-09 11:51:50,059 [WARN] PackLoader:240 - Cannot read IP mode file for STMicroelectronics.X-CUBE-NFC6.3.1.0
2025-09-09 11:51:50,063 [WARN] PackLoader:240 - Cannot read IP mode file for STMicroelectronics.X-CUBE-FREERTOS.1.3.1
2025-09-09 11:51:50,067 [WARN] PackLoader:240 - Cannot read IP mode file for STMicroelectronics.FP-SNS-STAIOTCFT.1.0.0
2025-09-09 11:51:50,072 [WARN] PackLoader:240 - Cannot read IP mode file for STMicroelectronics.X-CUBE-DPower.1.3.0
2025-09-09 11:51:50,082 [WARN] ConditionMgr:438 - getConditionDescription Invalid condition id : LAN8742 Phy interface Condition cause : null
2025-09-09 11:51:50,083 [WARN] PackLoader:240 - Cannot read IP mode file for STMicroelectronics.X-CUBE-AZRTOS-L4.2.0.0
2025-09-09 11:51:50,085 [WARN] ConditionMgr:1044 - genDependencies : Invalid condition id : LAN8742 Phy interface Condition cause : null
2025-09-09 11:51:50,085 [WARN] ConditionMgr:1044 - genDependencies : Invalid condition id : LAN8742 Phy interface Condition cause : null
2025-09-09 11:51:50,086 [WARN] ConditionMgr:1044 - genDependencies : Invalid condition id : LAN8742 Phy interface Condition cause : null
2025-09-09 11:51:50,091 [WARN] PackLoader:240 - Cannot read IP mode file for STMicroelectronics.X-CUBE-SFXS2LP1.4.0.0
2025-09-09 11:51:50,100 [WARN] PackLoader:240 - Cannot read IP mode file for STMicroelectronics.X-CUBE-BLEMGR.4.1.0
2025-09-09 11:51:50,121 [WARN] ConditionMgr:438 - getConditionDescription Invalid condition id : UX DEVICE CLASS RTOS Condition cause : null
2025-09-09 11:51:50,121 [WARN] ConditionMgr:438 - getConditionDescription Invalid condition id : UX DEVICE CLASS RTOS Condition cause : null
2025-09-09 11:51:50,123 [WARN] PackLoader:240 - Cannot read IP mode file for STMicroelectronics.X-CUBE-AZRTOS-WB.2.0.0
2025-09-09 11:51:50,124 [WARN] ConditionMgr:1044 - genDependencies : Invalid condition id : UX DEVICE CLASS RTOS Condition cause : null
2025-09-09 11:51:50,124 [WARN] ConditionMgr:1044 - genDependencies : Invalid condition id : UX DEVICE CLASS RTOS Condition cause : null
2025-09-09 11:51:50,124 [WARN] ConditionMgr:1044 - genDependencies : Invalid condition id : UX DEVICE CLASS RTOS Condition cause : null
2025-09-09 11:51:50,125 [WARN] ConditionMgr:1044 - genDependencies : Invalid condition id : UX DEVICE CLASS RTOS Condition cause : null
2025-09-09 11:51:50,125 [WARN] ConditionMgr:1044 - genDependencies : Invalid condition id : UX DEVICE CLASS RTOS Condition cause : null
2025-09-09 11:51:50,131 [WARN] PackLoader:240 - Cannot read IP mode file for STMicroelectronics.X-CUBE-GNSS1.7.0.1
2025-09-09 11:51:50,136 [WARN] PackLoader:240 - Cannot read IP mode file for STMicroelectronics.X-CUBE-TOUCHGFX.4.25.0
2025-09-09 11:51:50,142 [WARN] PackLoader:240 - Cannot read IP mode file for STMicroelectronics.FP-SNS-STBOX1.2.0.0
2025-09-09 11:51:50,147 [WARN] ConditionMgr:438 - getConditionDescription Invalid condition id : Cortex-A Device cause : null
2025-09-09 11:51:50,161 [WARN] ConditionMgr:1044 - genDependencies : Invalid condition id : Cortex-A Device cause : null
2025-09-09 11:51:50,161 [WARN] ConditionMgr:1044 - genDependencies : Invalid condition id : Cortex-A Device cause : null
2025-09-09 11:51:50,161 [WARN] ConditionMgr:1044 - genDependencies : Invalid condition id : Cortex-A Device cause : null
2025-09-09 11:51:50,168 [WARN] PackLoader:240 - Cannot read IP mode file for STMicroelectronics.X-CUBE-SUBG2.5.0.0
2025-09-09 11:51:50,181 [WARN] PackLoader:240 - Cannot read IP mode file for STMicroelectronics.X-CUBE-AZRTOS-H7RS.1.1.0
2025-09-09 11:51:50,185 [WARN] PackLoader:240 - Cannot read IP mode file for Cesanta.I-CUBE-Mongoose.7.13.0
2025-09-09 11:51:50,193 [WARN] PackLoader:240 - Cannot read IP mode file for STMicroelectronics.X-CUBE-AZRTOS-G4.2.0.0
2025-09-09 11:51:50,198 [WARN] PackLoader:240 - Cannot read IP mode file for wolfSSL.I-CUBE-wolfSSH.1.4.20
2025-09-09 11:51:50,202 [WARN] PackLoader:240 - Cannot read IP mode file for STMicroelectronics.X-CUBE-NFC7.2.0.0
2025-09-09 11:51:50,210 [WARN] PackLoader:240 - Cannot read IP mode file for STMicroelectronics.X-CUBE-IPS.3.1.0
2025-09-09 11:51:50,217 [WARN] PackLoader:240 - Cannot read IP mode file for STMicroelectronics.X-CUBE-ALS.1.0.2
2025-09-09 11:51:50,223 [WARN] PackLoader:240 - Cannot read IP mode file for STMicroelectronics.X-CUBE-STSE01.1.0.0
2025-09-09 11:51:50,228 [WARN] PackLoader:240 - Cannot read IP mode file for portGmbH.I-Cube-SoM-uGOAL.1.1.0
2025-09-09 11:51:50,235 [WARN] PackLoader:240 - Cannot read IP mode file for STMicroelectronics.X-CUBE-TOF1.3.4.3
2025-09-09 11:51:50,241 [INFO] ThirdParty:978 - Integrity check success = true
2025-09-09 11:51:50,241 [INFO] IntegrityCheckThread:100 - exiting critical section [integrity check]
2025-09-09 11:51:50,241 [INFO] IntegrityCheckThread:103 - End integrity checks thread
2025-09-09 12:06:43,007 [INFO] McuFinderGlobals:63 - Set McuFinder mode to 2 (CubeIDE integrated)
2025-09-09 12:06:43,014 [INFO] MainUpdater:2872 - connection check result : 10
2025-09-09 12:06:43,015 [INFO] MainUpdater:2872 - connection check result : 10
2025-09-09 12:06:43,071 [INFO] MicroXplorer:468 - Change Database Path : 
2025-09-09 12:06:43,072 [INFO] MicroXplorer:498 - Change Database Version : DB.6.0.150
2025-09-09 12:06:43,078 [WARN] ThirdParty:871 - waiting for thirdparty lock release [close project]
2025-09-09 12:06:43,079 [INFO] ThirdParty:873 - entering critical section [close project]
2025-09-09 12:06:43,081 [INFO] ThirdParty:883 - exiting critical section [close project]
2025-09-09 12:06:43,084 [INFO] PinOutPanel:1589 - setPackage(No Configuration,No Configuration)
2025-09-09 12:06:43,086 [INFO] UtilMem:75 - Begin LoadConfig() Used Memory: 476844280 Bytes (998244352)
2025-09-09 12:06:43,088 [INFO] MicroXplorer:468 - Change Database Path : 
2025-09-09 12:06:43,088 [INFO] MicroXplorer:498 - Change Database Version : DB.6.0.150
2025-09-09 12:06:43,088 [INFO] OpenFileManager:355 - Change cursor
2025-09-09 12:06:43,151 [INFO] Mcu:2029 - Initializing MCU STM32G474R(B-C-E)Tx STM32G474RBTx STM32G474RBT6
2025-09-09 12:06:46,391 [INFO] Context:786 - Trying to add GPIOservice into a context  which must be forbidden
2025-09-09 12:06:47,968 [INFO] ImportTextPane:234 - (OptionalMessage_ERROR) Pin13 (VP_RIF_VS_RIF1) cannot be retrieved for this MCU
2025-09-09 12:06:48,048 [INFO] RtosManager:558 - Registered RTOS mode: class=CMSIS, group=RTOS, mode=CMSIS_V1, owner=FREERTOS
2025-09-09 12:06:48,048 [INFO] RtosManager:558 - Registered RTOS mode: class=CMSIS, group=RTOS2, mode=CMSIS_V2, owner=FREERTOS
2025-09-09 12:06:48,048 [INFO] RtosManager:558 - Registered RTOS mode: class=RTOS, group=Core, mode=CMSIS_V1, owner=FREERTOS
2025-09-09 12:06:48,048 [INFO] RtosManager:558 - Registered RTOS mode: class=RTOS, group=Core, mode=CMSIS_V2, owner=FREERTOS
2025-09-09 12:06:48,048 [WARN] ModelIntegratedComponent:184 - Missing modes for component STMicroelectronics:FreeRTOS:0.0.1:STMicroelectronics:RTOS:FreeRTOS:Core:::10.2.0:
2025-09-09 12:06:48,062 [WARN] ModelIntegratedComponent:63 - No mode defined for component null
2025-09-09 12:06:48,062 [WARN] ModelIntegratedComponent:63 - No mode defined for component null
2025-09-09 12:06:48,062 [WARN] ModelIntegratedComponent:63 - No mode defined for component null
2025-09-09 12:06:48,062 [WARN] ModelIntegratedComponent:63 - No mode defined for component null
2025-09-09 12:06:48,062 [WARN] ModelIntegratedComponent:63 - No mode defined for component null
2025-09-09 12:06:48,063 [WARN] ModelIntegratedComponent:63 - No mode defined for component null
2025-09-09 12:06:48,063 [WARN] ModelIntegratedComponent:63 - No mode defined for component null
2025-09-09 12:06:48,063 [WARN] ModelIntegratedComponent:63 - No mode defined for component null
2025-09-09 12:06:48,063 [WARN] ModelIntegratedComponent:63 - No mode defined for component null
2025-09-09 12:06:48,063 [WARN] ModelIntegratedComponent:63 - No mode defined for component null
2025-09-09 12:06:48,063 [WARN] ModelIntegratedComponent:63 - No mode defined for component null
2025-09-09 12:06:48,063 [WARN] ModelIntegratedComponent:63 - No mode defined for component null
2025-09-09 12:06:48,063 [WARN] ModelIntegratedComponent:63 - No mode defined for component null
2025-09-09 12:06:48,063 [WARN] ModelIntegratedComponent:63 - No mode defined for component null
2025-09-09 12:06:48,063 [WARN] ModelIntegratedComponent:63 - No mode defined for component null
2025-09-09 12:06:48,063 [WARN] ModelIntegratedComponent:63 - No mode defined for component null
2025-09-09 12:06:48,063 [WARN] ModelIntegratedComponent:63 - No mode defined for component null
2025-09-09 12:06:48,063 [WARN] ModelIntegratedComponent:63 - No mode defined for component null
2025-09-09 12:06:48,063 [WARN] ModelIntegratedComponent:63 - No mode defined for component null
2025-09-09 12:06:48,063 [WARN] ModelIntegratedComponent:63 - No mode defined for component null
2025-09-09 12:06:48,064 [WARN] ModelIntegratedComponent:63 - No mode defined for component null
2025-09-09 12:06:48,064 [WARN] ModelIntegratedComponent:63 - No mode defined for component null
2025-09-09 12:06:48,064 [WARN] ModelIntegratedComponent:63 - No mode defined for component null
2025-09-09 12:06:48,064 [WARN] ModelIntegratedComponent:63 - No mode defined for component null
2025-09-09 12:06:48,064 [WARN] ModelIntegratedComponent:63 - No mode defined for component null
2025-09-09 12:06:48,064 [WARN] ModelIntegratedComponent:63 - No mode defined for component null
2025-09-09 12:06:48,064 [WARN] ModelIntegratedComponent:63 - No mode defined for component null
2025-09-09 12:06:48,064 [WARN] ModelIntegratedComponent:63 - No mode defined for component null
2025-09-09 12:06:48,064 [WARN] ModelIntegratedComponent:63 - No mode defined for component null
2025-09-09 12:06:48,064 [WARN] ModelIntegratedComponent:63 - No mode defined for component null
2025-09-09 12:06:48,064 [WARN] ModelIntegratedComponent:63 - No mode defined for component null
2025-09-09 12:06:48,064 [WARN] ModelIntegratedComponent:63 - No mode defined for component null
2025-09-09 12:06:48,064 [WARN] ModelIntegratedComponent:63 - No mode defined for component null
2025-09-09 12:06:48,064 [WARN] ModelIntegratedComponent:63 - No mode defined for component null
2025-09-09 12:06:48,064 [WARN] ModelIntegratedComponent:63 - No mode defined for component null
2025-09-09 12:06:48,064 [WARN] ModelPack:524 - Component already loaded: STMicroelectronics:HAL Drivers:0.0.0:STMicroelectronics:Device:STMicro_Driver:XSPI:HAL::0.0.1:HAL_XSPI
2025-09-09 12:06:48,126 [INFO] ThirdPartyModel:298 - Start build external matchings
2025-09-09 12:06:48,387 [INFO] ThirdPartyModel:316 - End build external matchings
2025-09-09 12:06:48,401 [WARN] IP:2250 - MessageRAMOffset not found: check if there is a RefParameter without a condition.
2025-09-09 12:06:48,401 [WARN] IP:2250 - RxFifo0ElmtsNbr not found: check if there is a RefParameter without a condition.
2025-09-09 12:06:48,401 [WARN] IP:2250 - RxFifo0ElmtSize not found: check if there is a RefParameter without a condition.
2025-09-09 12:06:48,401 [WARN] IP:2250 - RxFifo1ElmtsNbr not found: check if there is a RefParameter without a condition.
2025-09-09 12:06:48,402 [WARN] IP:2250 - RxFifo1ElmtSize not found: check if there is a RefParameter without a condition.
2025-09-09 12:06:48,402 [WARN] IP:2250 - RxBuffersNbr not found: check if there is a RefParameter without a condition.
2025-09-09 12:06:48,402 [WARN] IP:2250 - RxBufferSize not found: check if there is a RefParameter without a condition.
2025-09-09 12:06:48,402 [WARN] IP:2250 - TxEventsNbr not found: check if there is a RefParameter without a condition.
2025-09-09 12:06:48,402 [WARN] IP:2250 - TxBuffersNbr not found: check if there is a RefParameter without a condition.
2025-09-09 12:06:48,402 [WARN] IP:2250 - TxFifoQueueElmtsNbr not found: check if there is a RefParameter without a condition.
2025-09-09 12:06:48,402 [WARN] IP:2250 - TxElmtSize not found: check if there is a RefParameter without a condition.
2025-09-09 12:06:48,402 [WARN] IP:2250 - ClockCalibrationCCU not found: check if there is a RefParameter without a condition.
2025-09-09 12:06:48,402 [WARN] IP:2250 - ClockDividerCCU not found: check if there is a RefParameter without a condition.
2025-09-09 12:06:48,402 [WARN] IP:2250 - MinOscClkPeriodsCCU not found: check if there is a RefParameter without a condition.
2025-09-09 12:06:48,402 [WARN] IP:2250 - TimeQuantaPerBitTimeCCU not found: check if there is a RefParameter without a condition.
2025-09-09 12:06:48,402 [WARN] IP:2250 - WatchdogStartValueCCU not found: check if there is a RefParameter without a condition.
2025-09-09 12:06:48,404 [INFO] ImportTextPane:234 - (OptionalMessage_ERROR) IP (RCC) : Invalid parameter (FamilyName)
2025-09-09 12:06:48,695 [INFO] ApiDb:581 - Connected to CubeFinder SQLite database (/home/tuna/.stmcufinder/plugins/mcufinder/mcu/cube-finder-db.db)
2025-09-09 12:06:48,748 [INFO] ApiDb:668 - CubeFinder database Data Model version=2.1
2025-09-09 12:06:48,748 [INFO] ApiDb:669 - CubeFinder database Configuration version=3.0.39
2025-09-09 12:06:48,749 [INFO] ApiDb:670 - CubeFinder database generation date=2025-07-24 (1753349077)
2025-09-09 12:06:48,749 [INFO] ApiDb:671 - CubeFinder database FW Pack versions=[FP-ATR-ASTRA1_V2.0.0, FP-SNS-FLIGHT1_V5.1.0, FP-SNS-MOTENV1_V5.0.0, FP-SNS-MOTENVWB1_V1.4.0, FP-SNS-SMARTAG2_V1.2.0, FP-SNS-STBOX1_V2.0.0, STM32Cube_FW_C0_V1.4.0, STM32Cube_FW_F4_V1.28.2, STM32Cube_FW_F7_V1.17.3, STM32Cube_FW_G0_V1.6.2, STM32Cube_FW_G4_V1.6.1, STM32Cube_FW_H5_V1.5.0, STM32Cube_FW_H7RS_V1.2.0, STM32Cube_FW_H7_V1.12.1, STM32Cube_FW_L0_V1.12.2, STM32Cube_FW_L4_V1.18.1, STM32Cube_FW_L5_V1.5.1, STM32Cube_FW_N6_V1.2.0, STM32Cube_FW_U0_V1.3.0, STM32Cube_FW_U3_V1.2.0, STM32Cube_FW_U5_V1.8.0, STM32Cube_FW_WB0_V1.3.0, STM32Cube_FW_WBA_V1.7.0, STM32Cube_FW_WB_V1.23.0, STM32Cube_FW_WL3_V1.2.0, STM32Cube_FW_WL_V1.3.1, X-CUBE-ALGOBUILD_V1.4.0, X-CUBE-ALS_V1.0.2, X-CUBE-AZRTOS-F4_V1.1.0, X-CUBE-AZRTOS-F7_V1.1.0, X-CUBE-AZRTOS-G0_V1.1.0, X-CUBE-AZRTOS-G4_V2.0.0, X-CUBE-AZRTOS-H7RS_V1.1.0, X-CUBE-AZRTOS-H7_V3.4.0, X-CUBE-AZRTOS-L4_V2.0.0, X-CUBE-AZRTOS-L5_V2.0.0, X-CUBE-AZRTOS-WB_V2.0.0, X-CUBE-AZRTOS-WL_V2.0.0, X-CUBE-BLE1_V7.1.0, X-CUBE-BLE2_V3.3.0, X-CUBE-BLEMGR_V4.1.0, X-CUBE-EEPRMA1_V5.2.0, X-CUBE-FREERTOS_V1.3.1, X-CUBE-GNSS1_V6.0.0, X-CUBE-MEMS1_V11.3.0, X-CUBE-NFC4_V3.0.0, X-CUBE-NFC7_V2.0.0, X-CUBE-SFXS2LP1_V4.0.0, X-CUBE-ST67W61_V1.0.0, X-CUBE-SUBG2_V5.0.0, X-CUBE-TOF1_V3.4.3]
2025-09-09 12:06:48,861 [INFO] DbBoardsSqlite:226 - include board P-NUCLEO-WB55-NUCLEO as a kit item of type 'Nucleo-64'
2025-09-09 12:06:48,861 [INFO] DbBoardsSqlite:226 - include board P-NUCLEO-WB55-USBDONGLE as a kit item of type 'Nucleo USB Dongle'
2025-09-09 12:06:48,863 [INFO] DbBoardsSqlite:226 - include board STEVAL-IDP005V1 as a kit item of type 'Evaluation Board'
2025-09-09 12:06:48,863 [INFO] DbBoardsSqlite:226 - include board STEVAL-IDP005V2 as a kit item of type 'Evaluation Board'
2025-09-09 12:06:49,046 [INFO] ApiDb:240 - Found 880 in-development CPN: [B-G473E-ZEST1S, B-WB1M-WPAN1, B-WBA5M-WPAN, B-WL5M-SUBG1, NUCLEO-C031C6, NUCLEO-C051C8, NUCLEO-C071RB, NUCLEO-C092RC, NUCLEO-H503RB, NUCLEO-H533RE, NUCLEO-H563ZI, NUCLEO-H7S3L8, NUCLEO-N657X0-Q, NUCLEO-U031R8, NUCLEO-U083RC, NUCLEO-U385RG-Q, NUCLEO-U545RE-Q, NUCLEO-U5A5ZJ-Q, NUCLEO-WB05KZ, NUCLEO-WB07CC, NUCLEO-WB09KE, NUCLEO-WBA52CG, NUCLEO-WBA55CG, NUCLEO-WL33CC1, NUCLEO-WL33CC2, STEVAL-PROTEUS1, STEVAL-SMARTAG2, STEVAL-STWINBX1, STM320518-EVAL, STM32C0116-DK, STM32C011D6Y3TR, STM32C011D6Y6TR, STM32C011F4P3, STM32C011F4P6, STM32C011F4U3, STM32C011F4U6TR, STM32C011F6P3, STM32C011F6P6, STM32C011F6U3, STM32C011F6U6TR, STM32C011J4M3, STM32C011J4M6, STM32C011J6M3, STM32C011J6M6, STM32C0316-DK, STM32C031C4T3, STM32C031C4T6, STM32C031C4U3, STM32C031C4U6, STM32C031C6T3, STM32C031C6T6, STM32C031C6U3, STM32C031C6U6, STM32C031F4P3, STM32C031F4P6, STM32C031F6P3, STM32C031F6P6, STM32C031G4U3, STM32C031G4U6, STM32C031G6U3, STM32C031G6U6, STM32C031K4T3, STM32C031K4T6, STM32C031K4U3, STM32C031K4U6, STM32C031K6T3, STM32C031K6T6, STM32C031K6U3, STM32C031K6U6, STM32C051C6T6, STM32C051C6U6, STM32C051C8T6, STM32C051C8U6, STM32C051D8Y6TR, STM32C051F6P6, STM32C051F8P6, STM32C051G6U6, STM32C051G8U6, STM32C051K6T6, STM32C051K6U6, STM32C051K8T6, STM32C071C8T6, STM32C071C8T6N, STM32C071C8U6, STM32C071C8U6N, STM32C071CBT6, STM32C071CBT6N, STM32C071CBU6, STM32C071CBU6N, STM32C071F8P6, STM32C071F8P6N, STM32C071FBP6, STM32C071FBP6N, STM32C071FBY6TR, STM32C071G8U6, STM32C071G8U6N, STM32C071GBU6, STM32C071GBU6N, STM32C071K8T6, STM32C071K8T6N, STM32C071K8U6, STM32C071K8U6N, STM32C071KBT6, STM32C071KBT6N, STM32C071KBU6, STM32C071KBU6N, STM32C071R8T6, STM32C071R8T6N, STM32C071RBI6N, STM32C071RBT6, STM32C071RBT6N, STM32C091CBT6, STM32C091CBU6, STM32C091CCT6, STM32C091CCU6, STM32C091ECY6TR, STM32C091FBP6, STM32C091FCP6, STM32C091GBU6, STM32C091GCU6, STM32C091KBT6, STM32C091KBU6, STM32C091KCT6, STM32C091KCU6, STM32C091RBT6, STM32C091RCI6, STM32C091RCT6, STM32C092CBT6, STM32C092CBU6, STM32C092CCT6, STM32C092CCU6, STM32C092ECY6TR, STM32C092FBP6, STM32C092FCP6, STM32C092GBU6, STM32C092GCU6, STM32C092KBT6, STM32C092KBU6, STM32C092KCT6, STM32C092KCU6, STM32C092RBT6, STM32C092RCI6, STM32C092RCT6, STM32G071K8TXN, STM32G071K8UXN, STM32G081GBU6N, STM32G081KBT6N, STM32G081KBUXN, STM32G0B1CCT6N, STM32G0B1KCT6, STM32G0B1NEY6TR, STM32G0B1RCT6N, STM32G0C1CCT6, STM32G0C1CCT6N, STM32G0C1CCU6N, STM32G0C1CET6N, STM32G0C1CEU6N, STM32G0C1KCT6, STM32G0C1NEY6TR, STM32G0C1RCI6N, STM32G0C1RCT6N, STM32G0C1REI6N, STM32G0C1RET6N, STM32G0C1VCI6, STM32G0C1VEI6, STM32G411C6T3, STM32G411C6T6, STM32G411C6U3, STM32G411C6U6, STM32G411C8T3, STM32G411C8T6, STM32G411C8U3, STM32G411C8U6, STM32G411CBT3, STM32G411CBT6, STM32G411CBU3, STM32G411CBU6, STM32G411K6T3, STM32G411K6T6, STM32G411K6U3, STM32G411K6U6, STM32G411K8T3, STM32G411K8T6, STM32G411K8U3, STM32G411K8U6, STM32G411KBT3, STM32G411KBT6, STM32G411KBU3, STM32G411KBU6, STM32G411M6T3, STM32G411M6T6, STM32G411M8T3, STM32G411M8T6, STM32G411MBT3, STM32G411MBT6, STM32G411R6T3, STM32G411R6T6, STM32G411R8T3, STM32G411R8T6, STM32G411RBT3, STM32G411RBT6, STM32G414CBT3, STM32G414CBT6, STM32G414CBU3, STM32G414CBU6, STM32G414CCT3, STM32G414CCT6, STM32G414CCU3, STM32G414CCU6, STM32G414MBT3, STM32G414MBT6, STM32G414MCT3, STM32G414MCT6, STM32G414RBT3, STM32G414RBT6, STM32G414RCT3, STM32G414RCT6, STM32G414VBT3, STM32G414VBT6, STM32G414VCT3, STM32G414VCT6, STM32G431CBT3Z, STM32G431RBT3Z, STM32G471CCT6, STM32G471CCU6, STM32G471CET3, STM32G471CET6, STM32G471CEU3, STM32G471CEU6, STM32G471MCT6, STM32G471MET3, STM32G471MET6, STM32G471MEY6TR, STM32G471QCT6, STM32G471QET3, STM32G471RCT6, STM32G471RET3, STM32G471RET6, STM32G471VCH6, STM32G471VCI6, STM32G471VCT6, STM32G471VEH3, STM32G471VEH6, STM32G471VEI3, STM32G471VEI6, STM32G471VET3, STM32G471VET6, STM32G473QET3Z, STM32G473RET3Z, STM32G474CCT6, STM32G491RET3Z, STM32H503CBT6, STM32H503CBU6, STM32H503EBY6TR, STM32H503KBU6, STM32H503RBT6, STM32H523CCT6, STM32H523CCU6, STM32H523CET6, STM32H523CEU6, STM32H523HEY6TR, STM32H523RCT6, STM32H523RET6, STM32H523VCI6, STM32H523VCT6, STM32H523VEI6, STM32H523VET6, STM32H523ZCJ6, STM32H523ZCT6, STM32H523ZEJ6, STM32H523ZET6, STM32H533CET6, STM32H533CEU6, STM32H533HEY6TR, STM32H533RET6, STM32H533VEI6, STM32H533VET6, STM32H533ZEJ6, STM32H533ZET6, STM32H562AGI6, STM32H562AII6, STM32H562IGK6, STM32H562IGT6, STM32H562IIK6, STM32H562IIT6, STM32H562RGT6, STM32H562RGV6, STM32H562RIT6, STM32H562RIV6, STM32H562VGT6, STM32H562VIT6, STM32H562ZGT6, STM32H562ZIT6, STM32H563AGI6, STM32H563AII3Q, STM32H563AII6, STM32H563IGK6, STM32H563IGT6, STM32H563IIK3Q, STM32H563IIK6, STM32H563IIT3Q, STM32H563IIT6, STM32H563MIY3QTR, STM32H563RGT6, STM32H563RGV6, STM32H563RIT6, STM32H563RIV6, STM32H563VGT6, STM32H563VIT3Q, STM32H563VIT6, STM32H563ZGT6, STM32H563ZIT3Q, STM32H563ZIT6, STM32H573AII3Q, STM32H573AII6, STM32H573I-DK, STM32H573IIK3Q, STM32H573IIK6, STM32H573IIT3Q, STM32H573IIT6, STM32H573MIY3QTR, STM32H573RIT6, STM32H573RIV6, STM32H573VIT3Q, STM32H573VIT6, STM32H573ZIT3Q, STM32H573ZIT6, STM32H7R3A8I6, STM32H7R3I8K6, STM32H7R3I8T6, STM32H7R3L8H6, STM32H7R3L8H6H, STM32H7R3R8V6, STM32H7R3V8H6, STM32H7R3V8T6, STM32H7R3V8Y6TR, STM32H7R3Z8J6, STM32H7R3Z8T6, STM32H7R7A8I6, STM32H7R7I8K6, STM32H7R7I8T6, STM32H7R7L8H6, STM32H7R7L8H6H, STM32H7R7Z8J6, STM32H7S3A8I6, STM32H7S3I8K6, STM32H7S3I8T6, STM32H7S3L8H6, STM32H7S3L8H6H, STM32H7S3R8V6, STM32H7S3V8H6, STM32H7S3V8T6, STM32H7S3V8Y6TR, STM32H7S3Z8J6, STM32H7S3Z8T6, STM32H7S78-DK, STM32H7S7A8I6, STM32H7S7I8K6, STM32H7S7I8T6, STM32H7S7L8H6, STM32H7S7L8H6H, STM32H7S7Z8J6, STM32L4R5QGI6STR, STM32MP131AAE3, STM32MP131AAF3, STM32MP131AAG3, STM32MP131CAE3, STM32MP131CAF3, STM32MP131CAG3, STM32MP131DAE7, STM32MP131DAF7, STM32MP131DAG7, STM32MP131FAE7, STM32MP131FAF7, STM32MP131FAG7, STM32MP133AAE3, STM32MP133AAF3, STM32MP133AAG3, STM32MP133CAE3, STM32MP133CAF3, STM32MP133CAG3, STM32MP133DAE7, STM32MP133DAF7, STM32MP133DAG7, STM32MP133FAE7, STM32MP133FAF7, STM32MP133FAG7, STM32MP135AAE3, STM32MP135AAF3, STM32MP135AAG3, STM32MP135CAE3, STM32MP135CAF3, STM32MP135CAG3, STM32MP135DAE7, STM32MP135DAF7, STM32MP135DAG7, STM32MP135F-DK, STM32MP135FAE7, STM32MP135FAF7, STM32MP135FAF7T, STM32MP135FAF7U, STM32MP135FAG7, STM32MP211AAL3, STM32MP211AAM3, STM32MP211AAN3, STM32MP211AAO3, STM32MP211CAL3, STM32MP211CAM3, STM32MP211CAN3, STM32MP211CAO3, STM32MP211DAL3, STM32MP211DAM3, STM32MP211DAN3, STM32MP211DAO3, STM32MP211FAL3, STM32MP211FAM3, STM32MP211FAN3, STM32MP211FAO3, STM32MP213AAL3, STM32MP213AAM3, STM32MP213AAN3, STM32MP213AAO3, STM32MP213CAL3, STM32MP213CAM3, STM32MP213CAN3, STM32MP213CAO3, STM32MP213DAL3, STM32MP213DAM3, STM32MP213DAN3, STM32MP213DAO3, STM32MP213FAL3, STM32MP213FAM3, STM32MP213FAN3, STM32MP213FAO3, STM32MP215AAL3, STM32MP215AAM3, STM32MP215AAN3, STM32MP215AAO3, STM32MP215CAL3, STM32MP215CAM3, STM32MP215CAN3, STM32MP215CAO3, STM32MP215DAL3, STM32MP215DAM3, STM32MP215DAN3, STM32MP215DAO3, STM32MP215F-DK, STM32MP215FAL3, STM32MP215FAM3, STM32MP215FAN3, STM32MP215FAO3, STM32MP231AAJ3, STM32MP231AAK3, STM32MP231AAL3, STM32MP231CAJ3, STM32MP231CAK3, STM32MP231CAL3, STM32MP231DAJ3, STM32MP231DAK3, STM32MP231DAL3, STM32MP231FAJ3, STM32MP231FAK3, STM32MP231FAL3, STM32MP233AAJ3, STM32MP233AAK3, STM32MP233AAL3, STM32MP233CAJ3, STM32MP233CAK3, STM32MP233CAL3, STM32MP233DAJ3, STM32MP233DAK3, STM32MP233DAL3, STM32MP233FAJ3, STM32MP233FAK3, STM32MP233FAL3, STM32MP235AAJ3, STM32MP235AAK3, STM32MP235AAL3, STM32MP235CAJ3, STM32MP235CAK3, STM32MP235CAL3, STM32MP235DAJ3, STM32MP235DAK3, STM32MP235DAL3, STM32MP235FAJ3, STM32MP235FAK3, STM32MP235FAL3, STM32MP251AAI3, STM32MP251AAK3, STM32MP251AAL3, STM32MP251CAI3, STM32MP251CAK3, STM32MP251CAL3, STM32MP251DAI3, STM32MP251DAK3, STM32MP251DAL3, STM32MP251FAI3, STM32MP251FAK3, STM32MP251FAL3, STM32MP253AAI3, STM32MP253AAK3, STM32MP253AAL3, STM32MP253CAI3, STM32MP253CAK3, STM32MP253CAL3, STM32MP253DAI3, STM32MP253DAK3, STM32MP253DAL3, STM32MP253FAI3, STM32MP253FAK3, STM32MP253FAL3, STM32MP255AAI3, STM32MP255AAK3, STM32MP255AAL3, STM32MP255CAI3, STM32MP255CAK3, STM32MP255CAL3, STM32MP255DAI3, STM32MP255DAK3, STM32MP255DAL3, STM32MP255FAI3, STM32MP255FAK3, STM32MP255FAL3, STM32MP257AAI3, STM32MP257AAK3, STM32MP257AAL3, STM32MP257CAI3, STM32MP257CAK3, STM32MP257CAL3, STM32MP257DAI3, STM32MP257DAK3, STM32MP257DAL3, STM32MP257F-DK, STM32MP257F-EV1, STM32MP257FAI3, STM32MP257FAK3, STM32MP257FAL3, STM32N645A0H3Q, STM32N645B0H3Q, STM32N645I0H3Q, STM32N645L0H3Q, STM32N645X0H3Q, STM32N645Z0H3Q, STM32N647A0H3Q, STM32N647B0H3Q, STM32N647I0H3Q, STM32N647L0H3Q, STM32N647X0H3Q, STM32N647Z0H3Q, STM32N655A0H3Q, STM32N655B0H3Q, STM32N655I0H3Q, STM32N655L0H3Q, STM32N655X0H3Q, STM32N655Z0H3Q, STM32N6570-DK, STM32N657A0H3Q, STM32N657B0H3Q, STM32N657I0H3Q, STM32N657L0H3Q, STM32N657X0H3Q, STM32N657Z0H3Q, STM32U031C6T6, STM32U031C6U6, STM32U031C8T6, STM32U031C8U6, STM32U031F4P6, STM32U031F6P6, STM32U031F8P6, STM32U031G6Y6TR, STM32U031G8Y6TR, STM32U031K4U6, STM32U031K6U6, STM32U031K8U6, STM32U031R6I6, STM32U031R6T6, STM32U031R8I6, STM32U031R8T6, STM32U073C8T6, STM32U073C8U6, STM32U073CBT6, STM32U073CBU6, STM32U073CCT6, STM32U073CCU6, STM32U073H8Y6TR, STM32U073HBY6TR, STM32U073HCY6TR, STM32U073K8U6, STM32U073KBU6, STM32U073KCU6, STM32U073M8I6, STM32U073M8T6, STM32U073MBI6, STM32U073MBT6, STM32U073MCI6, STM32U073MCT6, STM32U073R8I6, STM32U073R8T6, STM32U073RBI6, STM32U073RBT6, STM32U073RCI6, STM32U073RCT6, STM32U083C-DK, STM32U083CCT6, STM32U083CCU6, STM32U083HCY6TR, STM32U083KCU6, STM32U083MCI6, STM32U083MCT6, STM32U083RCI6, STM32U083RCT6, STM32U375CET6, STM32U375CET6Q, STM32U375CEU6, STM32U375CEU6Q, STM32U375CEY6QTR, STM32U375CGT6, STM32U375CGT6Q, STM32U375CGU6, STM32U375CGU6Q, STM32U375CGY6QTR, STM32U375KEU6, STM32U375KGU6, STM32U375REI6, STM32U375REI6Q, STM32U375RET6, STM32U375RET6Q, STM32U375REY6GTR, STM32U375REY6QTR, STM32U375RGI6, STM32U375RGI6Q, STM32U375RGT6, STM32U375RGT6Q, STM32U375RGY6GTR, STM32U375RGY6QTR, STM32U375VEI6, STM32U375VEI6Q, STM32U375VET6, STM32U375VET6Q, STM32U375VGI6, STM32U375VGI6Q, STM32U375VGT6, STM32U375VGT6Q, STM32U385CGT6, STM32U385CGT6Q, STM32U385CGU6, STM32U385CGU6Q, STM32U385CGY6QTR, STM32U385KGU6, STM32U385RGI6, STM32U385RGI6Q, STM32U385RGT6, STM32U385RGT6Q, STM32U385RGY6GTR, STM32U385RGY6QTR, STM32U385VGI6, STM32U385VGI6Q, STM32U385VGT6, STM32U385VGT6Q, STM32U535CBT6, STM32U535CBT6Q, STM32U535CBU6, STM32U535CBU6Q, STM32U535CCT6, STM32U535CCT6Q, STM32U535CCU6, STM32U535CCU6Q, STM32U535CET6, STM32U535CET6Q, STM32U535CEU6, STM32U535CEU6Q, STM32U535JEY6QTR, STM32U535NCY6QTR, STM32U535NEY6QTR, STM32U535RBI6, STM32U535RBI6Q, STM32U535RBT6, STM32U535RBT6Q, STM32U535RCI6, STM32U535RCI6Q, STM32U535RCT6, STM32U535RCT6Q, STM32U535REI6, STM32U535REI6Q, STM32U535RET6, STM32U535RET6Q, STM32U535VCI6, STM32U535VCI6Q, STM32U535VCT6, STM32U535VCT6Q, STM32U535VEI6, STM32U535VEI6Q, STM32U535VET6, STM32U535VET6Q, STM32U545CET6, STM32U545CET6Q, STM32U545CEU6, STM32U545CEU6Q, STM32U545JEY6QTR, STM32U545NEY6QTR, STM32U545REI6, STM32U545REI6Q, STM32U545RET6, STM32U545RET6Q, STM32U545VEI6, STM32U545VEI6Q, STM32U545VET6, STM32U545VET6Q, STM32U595AIH6, STM32U595AIH6Q, STM32U595AJH6, STM32U595AJH6Q, STM32U595QII6, STM32U595QII6Q, STM32U595QJI6, STM32U595QJI6Q, STM32U595RIT6, STM32U595RIT6Q, STM32U595RJT6, STM32U595RJT6Q, STM32U595VIT6, STM32U595VIT6Q, STM32U595VJT6, STM32U595VJT6Q, STM32U595ZIT6, STM32U595ZIT6Q, STM32U595ZIY6QTR, STM32U595ZJT6, STM32U595ZJT6Q, STM32U595ZJY6QTR, STM32U599BJY6QTR, STM32U599NIH6Q, STM32U599NJH6Q, STM32U599VIT6Q, STM32U599VJT6, STM32U599VJT6Q, STM32U599ZIT6Q, STM32U599ZIY6QTR, STM32U599ZJT6Q, STM32U599ZJY6QTR, STM32U5A5AJH6, STM32U5A5AJH6Q, STM32U5A5QII3Q , STM32U5A5QJI6, STM32U5A5QJI6Q, STM32U5A5RJT6, STM32U5A5RJT6Q, STM32U5A5VJT6, STM32U5A5VJT6Q, STM32U5A5ZJT6, STM32U5A5ZJT6Q, STM32U5A5ZJY6QTR, STM32U5A9BJY6QTR, STM32U5A9J-DK, STM32U5A9NJH6Q, STM32U5A9VJT6Q, STM32U5A9ZJT6Q, STM32U5A9ZJY6QTR, STM32U5F7VIT6, STM32U5F7VIT6Q, STM32U5F7VJT6, STM32U5F7VJT6Q, STM32U5F9BJY6QTR, STM32U5F9NJH6Q, STM32U5F9VIT6Q, STM32U5F9VJT6Q, STM32U5F9ZIJ6QTR, STM32U5F9ZIT6Q, STM32U5F9ZJJ6QTR, STM32U5F9ZJT6Q, STM32U5G7VJT6, STM32U5G7VJT6Q, STM32U5G9BJY6QTR, STM32U5G9J-DK1, STM32U5G9J-DK2, STM32U5G9NJH6Q, STM32U5G9VJT6Q, STM32U5G9ZJJ6QTR, STM32U5G9ZJT6Q, STM32WB05KZV6TR, STM32WB05KZV7TR, STM32WB05TZF6TR, STM32WB05TZF7TR, STM32WB06CCF6TR, STM32WB06CCF7TR, STM32WB06CCV6TR, STM32WB06CCV7TR, STM32WB06KCV6TR, STM32WB06KCV7TR, STM32WB07CCF6TR, STM32WB07CCF7TR, STM32WB07CCV6TR, STM32WB07CCV7TR, STM32WB07KCV6TR, STM32WB07KCV7TR, STM32WB09KEV6TR, STM32WB09KEV7TR, STM32WB09TEF6TR, STM32WB09TEF7TR, STM32WB1MMCH6, STM32WBA50KGU6, STM32WBA50KGU6TR, STM32WBA52CEU6, STM32WBA52CEU6TR, STM32WBA52CEU7, STM32WBA52CEU7TR, STM32WBA52CGU6, STM32WBA52CGU6TR, STM32WBA52CGU6U, STM32WBA52CGU7, STM32WBA52CGU7TR, STM32WBA52KEU6, STM32WBA52KEU6TR, STM32WBA52KGU6, STM32WBA52KGU6TR, STM32WBA54CEU6, STM32WBA54CEU6TR, STM32WBA54CEU7, STM32WBA54CEU7TR, STM32WBA54CGU6, STM32WBA54CGU6TR, STM32WBA54CGU7, STM32WBA54CGU7TR, STM32WBA54KEU6, STM32WBA54KEU6TR, STM32WBA54KEU7, STM32WBA54KEU7TR, STM32WBA54KGU6, STM32WBA54KGU6TR, STM32WBA54KGU7, STM32WBA54KGU7TR, STM32WBA55CEU6, STM32WBA55CEU6TR, STM32WBA55CEU7, STM32WBA55CEU7TR, STM32WBA55CGU6, STM32WBA55CGU6TR, STM32WBA55CGU6U, STM32WBA55CGU7, STM32WBA55CGU7TR, STM32WBA55G-DK1, STM32WBA55HEF6, STM32WBA55HEF7, STM32WBA55HGF6, STM32WBA55HGF7, STM32WBA55UEI6, STM32WBA55UEI6TR, STM32WBA55UEI7, STM32WBA55UEI7TR, STM32WBA55UGI6, STM32WBA55UGI6TR, STM32WBA55UGI7, STM32WBA55UGI7TR, STM32WBA5MMGH6TR, STM32WBA62MGF6, STM32WBA62MIF6, STM32WBA65MGF7, STM32WBA65MIF6, STM32WBA65MIF7, STM32WL30K8V6, STM32WL30KBV6, STM32WL31C8V6, STM32WL31CBV6, STM32WL31K8V6, STM32WL31KBV6, STM32WL33C8V6, STM32WL33C8V6X, STM32WL33CBV6, STM32WL33CBV6X, STM32WL33CCV6, STM32WL33CCV6A, STM32WL33CCV6X, STM32WL33K8V7, STM32WL33K8V7X, STM32WL33KBV7 , STM32WL33KBV7X, STM32WL33KCV7, STM32WL33KCV7X, STM32WL5MOCH6, STM32WL5MOCH6TR]
2025-09-09 12:06:49,134 [INFO] BoardInfo:889 - No configuration file found for board P-NUCLEO-WB55
2025-09-09 12:06:49,135 [INFO] DbBoards:161 - Kit is not supported: P-NUCLEO-WB55
2025-09-09 12:06:49,137 [INFO] BoardInfo:889 - No configuration file found for board STEVAL-BFA001V1B
2025-09-09 12:06:49,138 [INFO] DbBoards:161 - Kit is not supported: STEVAL-BFA001V1B
2025-09-09 12:06:49,138 [INFO] BoardInfo:889 - No configuration file found for board STEVAL-BFA001V2B
2025-09-09 12:06:49,138 [INFO] DbBoards:161 - Kit is not supported: STEVAL-BFA001V2B
2025-09-09 12:06:49,206 [INFO] DbBoards:168 - Found 212 boards, 209 are supported
2025-09-09 12:06:49,206 [INFO] DbBoards:169 - Found 212 boards, 43 of them is supported for  Bsp
2025-09-09 12:06:49,209 [INFO] ApiDb:668 - CubeFinder database Data Model version=2.1
2025-09-09 12:06:49,209 [INFO] ApiDb:669 - CubeFinder database Configuration version=3.0.39
2025-09-09 12:06:49,209 [INFO] ApiDb:670 - CubeFinder database generation date=2025-07-24 (1753349077)
2025-09-09 12:06:49,209 [INFO] ApiDb:671 - CubeFinder database FW Pack versions=[FP-ATR-ASTRA1_V2.0.0, FP-SNS-FLIGHT1_V5.1.0, FP-SNS-MOTENV1_V5.0.0, FP-SNS-MOTENVWB1_V1.4.0, FP-SNS-SMARTAG2_V1.2.0, FP-SNS-STBOX1_V2.0.0, STM32Cube_FW_C0_V1.4.0, STM32Cube_FW_F4_V1.28.2, STM32Cube_FW_F7_V1.17.3, STM32Cube_FW_G0_V1.6.2, STM32Cube_FW_G4_V1.6.1, STM32Cube_FW_H5_V1.5.0, STM32Cube_FW_H7RS_V1.2.0, STM32Cube_FW_H7_V1.12.1, STM32Cube_FW_L0_V1.12.2, STM32Cube_FW_L4_V1.18.1, STM32Cube_FW_L5_V1.5.1, STM32Cube_FW_N6_V1.2.0, STM32Cube_FW_U0_V1.3.0, STM32Cube_FW_U3_V1.2.0, STM32Cube_FW_U5_V1.8.0, STM32Cube_FW_WB0_V1.3.0, STM32Cube_FW_WBA_V1.7.0, STM32Cube_FW_WB_V1.23.0, STM32Cube_FW_WL3_V1.2.0, STM32Cube_FW_WL_V1.3.1, X-CUBE-ALGOBUILD_V1.4.0, X-CUBE-ALS_V1.0.2, X-CUBE-AZRTOS-F4_V1.1.0, X-CUBE-AZRTOS-F7_V1.1.0, X-CUBE-AZRTOS-G0_V1.1.0, X-CUBE-AZRTOS-G4_V2.0.0, X-CUBE-AZRTOS-H7RS_V1.1.0, X-CUBE-AZRTOS-H7_V3.4.0, X-CUBE-AZRTOS-L4_V2.0.0, X-CUBE-AZRTOS-L5_V2.0.0, X-CUBE-AZRTOS-WB_V2.0.0, X-CUBE-AZRTOS-WL_V2.0.0, X-CUBE-BLE1_V7.1.0, X-CUBE-BLE2_V3.3.0, X-CUBE-BLEMGR_V4.1.0, X-CUBE-EEPRMA1_V5.2.0, X-CUBE-FREERTOS_V1.3.1, X-CUBE-GNSS1_V6.0.0, X-CUBE-MEMS1_V11.3.0, X-CUBE-NFC4_V3.0.0, X-CUBE-NFC7_V2.0.0, X-CUBE-SFXS2LP1_V4.0.0, X-CUBE-ST67W61_V1.0.0, X-CUBE-SUBG2_V5.0.0, X-CUBE-TOF1_V3.4.3]
2025-09-09 12:06:50,965 [INFO] ApiDb:240 - Found 880 in-development CPN: [B-G473E-ZEST1S, B-WB1M-WPAN1, B-WBA5M-WPAN, B-WL5M-SUBG1, NUCLEO-C031C6, NUCLEO-C051C8, NUCLEO-C071RB, NUCLEO-C092RC, NUCLEO-H503RB, NUCLEO-H533RE, NUCLEO-H563ZI, NUCLEO-H7S3L8, NUCLEO-N657X0-Q, NUCLEO-U031R8, NUCLEO-U083RC, NUCLEO-U385RG-Q, NUCLEO-U545RE-Q, NUCLEO-U5A5ZJ-Q, NUCLEO-WB05KZ, NUCLEO-WB07CC, NUCLEO-WB09KE, NUCLEO-WBA52CG, NUCLEO-WBA55CG, NUCLEO-WL33CC1, NUCLEO-WL33CC2, STEVAL-PROTEUS1, STEVAL-SMARTAG2, STEVAL-STWINBX1, STM320518-EVAL, STM32C0116-DK, STM32C011D6Y3TR, STM32C011D6Y6TR, STM32C011F4P3, STM32C011F4P6, STM32C011F4U3, STM32C011F4U6TR, STM32C011F6P3, STM32C011F6P6, STM32C011F6U3, STM32C011F6U6TR, STM32C011J4M3, STM32C011J4M6, STM32C011J6M3, STM32C011J6M6, STM32C0316-DK, STM32C031C4T3, STM32C031C4T6, STM32C031C4U3, STM32C031C4U6, STM32C031C6T3, STM32C031C6T6, STM32C031C6U3, STM32C031C6U6, STM32C031F4P3, STM32C031F4P6, STM32C031F6P3, STM32C031F6P6, STM32C031G4U3, STM32C031G4U6, STM32C031G6U3, STM32C031G6U6, STM32C031K4T3, STM32C031K4T6, STM32C031K4U3, STM32C031K4U6, STM32C031K6T3, STM32C031K6T6, STM32C031K6U3, STM32C031K6U6, STM32C051C6T6, STM32C051C6U6, STM32C051C8T6, STM32C051C8U6, STM32C051D8Y6TR, STM32C051F6P6, STM32C051F8P6, STM32C051G6U6, STM32C051G8U6, STM32C051K6T6, STM32C051K6U6, STM32C051K8T6, STM32C071C8T6, STM32C071C8T6N, STM32C071C8U6, STM32C071C8U6N, STM32C071CBT6, STM32C071CBT6N, STM32C071CBU6, STM32C071CBU6N, STM32C071F8P6, STM32C071F8P6N, STM32C071FBP6, STM32C071FBP6N, STM32C071FBY6TR, STM32C071G8U6, STM32C071G8U6N, STM32C071GBU6, STM32C071GBU6N, STM32C071K8T6, STM32C071K8T6N, STM32C071K8U6, STM32C071K8U6N, STM32C071KBT6, STM32C071KBT6N, STM32C071KBU6, STM32C071KBU6N, STM32C071R8T6, STM32C071R8T6N, STM32C071RBI6N, STM32C071RBT6, STM32C071RBT6N, STM32C091CBT6, STM32C091CBU6, STM32C091CCT6, STM32C091CCU6, STM32C091ECY6TR, STM32C091FBP6, STM32C091FCP6, STM32C091GBU6, STM32C091GCU6, STM32C091KBT6, STM32C091KBU6, STM32C091KCT6, STM32C091KCU6, STM32C091RBT6, STM32C091RCI6, STM32C091RCT6, STM32C092CBT6, STM32C092CBU6, STM32C092CCT6, STM32C092CCU6, STM32C092ECY6TR, STM32C092FBP6, STM32C092FCP6, STM32C092GBU6, STM32C092GCU6, STM32C092KBT6, STM32C092KBU6, STM32C092KCT6, STM32C092KCU6, STM32C092RBT6, STM32C092RCI6, STM32C092RCT6, STM32G071K8TXN, STM32G071K8UXN, STM32G081GBU6N, STM32G081KBT6N, STM32G081KBUXN, STM32G0B1CCT6N, STM32G0B1KCT6, STM32G0B1NEY6TR, STM32G0B1RCT6N, STM32G0C1CCT6, STM32G0C1CCT6N, STM32G0C1CCU6N, STM32G0C1CET6N, STM32G0C1CEU6N, STM32G0C1KCT6, STM32G0C1NEY6TR, STM32G0C1RCI6N, STM32G0C1RCT6N, STM32G0C1REI6N, STM32G0C1RET6N, STM32G0C1VCI6, STM32G0C1VEI6, STM32G411C6T3, STM32G411C6T6, STM32G411C6U3, STM32G411C6U6, STM32G411C8T3, STM32G411C8T6, STM32G411C8U3, STM32G411C8U6, STM32G411CBT3, STM32G411CBT6, STM32G411CBU3, STM32G411CBU6, STM32G411K6T3, STM32G411K6T6, STM32G411K6U3, STM32G411K6U6, STM32G411K8T3, STM32G411K8T6, STM32G411K8U3, STM32G411K8U6, STM32G411KBT3, STM32G411KBT6, STM32G411KBU3, STM32G411KBU6, STM32G411M6T3, STM32G411M6T6, STM32G411M8T3, STM32G411M8T6, STM32G411MBT3, STM32G411MBT6, STM32G411R6T3, STM32G411R6T6, STM32G411R8T3, STM32G411R8T6, STM32G411RBT3, STM32G411RBT6, STM32G414CBT3, STM32G414CBT6, STM32G414CBU3, STM32G414CBU6, STM32G414CCT3, STM32G414CCT6, STM32G414CCU3, STM32G414CCU6, STM32G414MBT3, STM32G414MBT6, STM32G414MCT3, STM32G414MCT6, STM32G414RBT3, STM32G414RBT6, STM32G414RCT3, STM32G414RCT6, STM32G414VBT3, STM32G414VBT6, STM32G414VCT3, STM32G414VCT6, STM32G431CBT3Z, STM32G431RBT3Z, STM32G471CCT6, STM32G471CCU6, STM32G471CET3, STM32G471CET6, STM32G471CEU3, STM32G471CEU6, STM32G471MCT6, STM32G471MET3, STM32G471MET6, STM32G471MEY6TR, STM32G471QCT6, STM32G471QET3, STM32G471RCT6, STM32G471RET3, STM32G471RET6, STM32G471VCH6, STM32G471VCI6, STM32G471VCT6, STM32G471VEH3, STM32G471VEH6, STM32G471VEI3, STM32G471VEI6, STM32G471VET3, STM32G471VET6, STM32G473QET3Z, STM32G473RET3Z, STM32G474CCT6, STM32G491RET3Z, STM32H503CBT6, STM32H503CBU6, STM32H503EBY6TR, STM32H503KBU6, STM32H503RBT6, STM32H523CCT6, STM32H523CCU6, STM32H523CET6, STM32H523CEU6, STM32H523HEY6TR, STM32H523RCT6, STM32H523RET6, STM32H523VCI6, STM32H523VCT6, STM32H523VEI6, STM32H523VET6, STM32H523ZCJ6, STM32H523ZCT6, STM32H523ZEJ6, STM32H523ZET6, STM32H533CET6, STM32H533CEU6, STM32H533HEY6TR, STM32H533RET6, STM32H533VEI6, STM32H533VET6, STM32H533ZEJ6, STM32H533ZET6, STM32H562AGI6, STM32H562AII6, STM32H562IGK6, STM32H562IGT6, STM32H562IIK6, STM32H562IIT6, STM32H562RGT6, STM32H562RGV6, STM32H562RIT6, STM32H562RIV6, STM32H562VGT6, STM32H562VIT6, STM32H562ZGT6, STM32H562ZIT6, STM32H563AGI6, STM32H563AII3Q, STM32H563AII6, STM32H563IGK6, STM32H563IGT6, STM32H563IIK3Q, STM32H563IIK6, STM32H563IIT3Q, STM32H563IIT6, STM32H563MIY3QTR, STM32H563RGT6, STM32H563RGV6, STM32H563RIT6, STM32H563RIV6, STM32H563VGT6, STM32H563VIT3Q, STM32H563VIT6, STM32H563ZGT6, STM32H563ZIT3Q, STM32H563ZIT6, STM32H573AII3Q, STM32H573AII6, STM32H573I-DK, STM32H573IIK3Q, STM32H573IIK6, STM32H573IIT3Q, STM32H573IIT6, STM32H573MIY3QTR, STM32H573RIT6, STM32H573RIV6, STM32H573VIT3Q, STM32H573VIT6, STM32H573ZIT3Q, STM32H573ZIT6, STM32H7R3A8I6, STM32H7R3I8K6, STM32H7R3I8T6, STM32H7R3L8H6, STM32H7R3L8H6H, STM32H7R3R8V6, STM32H7R3V8H6, STM32H7R3V8T6, STM32H7R3V8Y6TR, STM32H7R3Z8J6, STM32H7R3Z8T6, STM32H7R7A8I6, STM32H7R7I8K6, STM32H7R7I8T6, STM32H7R7L8H6, STM32H7R7L8H6H, STM32H7R7Z8J6, STM32H7S3A8I6, STM32H7S3I8K6, STM32H7S3I8T6, STM32H7S3L8H6, STM32H7S3L8H6H, STM32H7S3R8V6, STM32H7S3V8H6, STM32H7S3V8T6, STM32H7S3V8Y6TR, STM32H7S3Z8J6, STM32H7S3Z8T6, STM32H7S78-DK, STM32H7S7A8I6, STM32H7S7I8K6, STM32H7S7I8T6, STM32H7S7L8H6, STM32H7S7L8H6H, STM32H7S7Z8J6, STM32L4R5QGI6STR, STM32MP131AAE3, STM32MP131AAF3, STM32MP131AAG3, STM32MP131CAE3, STM32MP131CAF3, STM32MP131CAG3, STM32MP131DAE7, STM32MP131DAF7, STM32MP131DAG7, STM32MP131FAE7, STM32MP131FAF7, STM32MP131FAG7, STM32MP133AAE3, STM32MP133AAF3, STM32MP133AAG3, STM32MP133CAE3, STM32MP133CAF3, STM32MP133CAG3, STM32MP133DAE7, STM32MP133DAF7, STM32MP133DAG7, STM32MP133FAE7, STM32MP133FAF7, STM32MP133FAG7, STM32MP135AAE3, STM32MP135AAF3, STM32MP135AAG3, STM32MP135CAE3, STM32MP135CAF3, STM32MP135CAG3, STM32MP135DAE7, STM32MP135DAF7, STM32MP135DAG7, STM32MP135F-DK, STM32MP135FAE7, STM32MP135FAF7, STM32MP135FAF7T, STM32MP135FAF7U, STM32MP135FAG7, STM32MP211AAL3, STM32MP211AAM3, STM32MP211AAN3, STM32MP211AAO3, STM32MP211CAL3, STM32MP211CAM3, STM32MP211CAN3, STM32MP211CAO3, STM32MP211DAL3, STM32MP211DAM3, STM32MP211DAN3, STM32MP211DAO3, STM32MP211FAL3, STM32MP211FAM3, STM32MP211FAN3, STM32MP211FAO3, STM32MP213AAL3, STM32MP213AAM3, STM32MP213AAN3, STM32MP213AAO3, STM32MP213CAL3, STM32MP213CAM3, STM32MP213CAN3, STM32MP213CAO3, STM32MP213DAL3, STM32MP213DAM3, STM32MP213DAN3, STM32MP213DAO3, STM32MP213FAL3, STM32MP213FAM3, STM32MP213FAN3, STM32MP213FAO3, STM32MP215AAL3, STM32MP215AAM3, STM32MP215AAN3, STM32MP215AAO3, STM32MP215CAL3, STM32MP215CAM3, STM32MP215CAN3, STM32MP215CAO3, STM32MP215DAL3, STM32MP215DAM3, STM32MP215DAN3, STM32MP215DAO3, STM32MP215F-DK, STM32MP215FAL3, STM32MP215FAM3, STM32MP215FAN3, STM32MP215FAO3, STM32MP231AAJ3, STM32MP231AAK3, STM32MP231AAL3, STM32MP231CAJ3, STM32MP231CAK3, STM32MP231CAL3, STM32MP231DAJ3, STM32MP231DAK3, STM32MP231DAL3, STM32MP231FAJ3, STM32MP231FAK3, STM32MP231FAL3, STM32MP233AAJ3, STM32MP233AAK3, STM32MP233AAL3, STM32MP233CAJ3, STM32MP233CAK3, STM32MP233CAL3, STM32MP233DAJ3, STM32MP233DAK3, STM32MP233DAL3, STM32MP233FAJ3, STM32MP233FAK3, STM32MP233FAL3, STM32MP235AAJ3, STM32MP235AAK3, STM32MP235AAL3, STM32MP235CAJ3, STM32MP235CAK3, STM32MP235CAL3, STM32MP235DAJ3, STM32MP235DAK3, STM32MP235DAL3, STM32MP235FAJ3, STM32MP235FAK3, STM32MP235FAL3, STM32MP251AAI3, STM32MP251AAK3, STM32MP251AAL3, STM32MP251CAI3, STM32MP251CAK3, STM32MP251CAL3, STM32MP251DAI3, STM32MP251DAK3, STM32MP251DAL3, STM32MP251FAI3, STM32MP251FAK3, STM32MP251FAL3, STM32MP253AAI3, STM32MP253AAK3, STM32MP253AAL3, STM32MP253CAI3, STM32MP253CAK3, STM32MP253CAL3, STM32MP253DAI3, STM32MP253DAK3, STM32MP253DAL3, STM32MP253FAI3, STM32MP253FAK3, STM32MP253FAL3, STM32MP255AAI3, STM32MP255AAK3, STM32MP255AAL3, STM32MP255CAI3, STM32MP255CAK3, STM32MP255CAL3, STM32MP255DAI3, STM32MP255DAK3, STM32MP255DAL3, STM32MP255FAI3, STM32MP255FAK3, STM32MP255FAL3, STM32MP257AAI3, STM32MP257AAK3, STM32MP257AAL3, STM32MP257CAI3, STM32MP257CAK3, STM32MP257CAL3, STM32MP257DAI3, STM32MP257DAK3, STM32MP257DAL3, STM32MP257F-DK, STM32MP257F-EV1, STM32MP257FAI3, STM32MP257FAK3, STM32MP257FAL3, STM32N645A0H3Q, STM32N645B0H3Q, STM32N645I0H3Q, STM32N645L0H3Q, STM32N645X0H3Q, STM32N645Z0H3Q, STM32N647A0H3Q, STM32N647B0H3Q, STM32N647I0H3Q, STM32N647L0H3Q, STM32N647X0H3Q, STM32N647Z0H3Q, STM32N655A0H3Q, STM32N655B0H3Q, STM32N655I0H3Q, STM32N655L0H3Q, STM32N655X0H3Q, STM32N655Z0H3Q, STM32N6570-DK, STM32N657A0H3Q, STM32N657B0H3Q, STM32N657I0H3Q, STM32N657L0H3Q, STM32N657X0H3Q, STM32N657Z0H3Q, STM32U031C6T6, STM32U031C6U6, STM32U031C8T6, STM32U031C8U6, STM32U031F4P6, STM32U031F6P6, STM32U031F8P6, STM32U031G6Y6TR, STM32U031G8Y6TR, STM32U031K4U6, STM32U031K6U6, STM32U031K8U6, STM32U031R6I6, STM32U031R6T6, STM32U031R8I6, STM32U031R8T6, STM32U073C8T6, STM32U073C8U6, STM32U073CBT6, STM32U073CBU6, STM32U073CCT6, STM32U073CCU6, STM32U073H8Y6TR, STM32U073HBY6TR, STM32U073HCY6TR, STM32U073K8U6, STM32U073KBU6, STM32U073KCU6, STM32U073M8I6, STM32U073M8T6, STM32U073MBI6, STM32U073MBT6, STM32U073MCI6, STM32U073MCT6, STM32U073R8I6, STM32U073R8T6, STM32U073RBI6, STM32U073RBT6, STM32U073RCI6, STM32U073RCT6, STM32U083C-DK, STM32U083CCT6, STM32U083CCU6, STM32U083HCY6TR, STM32U083KCU6, STM32U083MCI6, STM32U083MCT6, STM32U083RCI6, STM32U083RCT6, STM32U375CET6, STM32U375CET6Q, STM32U375CEU6, STM32U375CEU6Q, STM32U375CEY6QTR, STM32U375CGT6, STM32U375CGT6Q, STM32U375CGU6, STM32U375CGU6Q, STM32U375CGY6QTR, STM32U375KEU6, STM32U375KGU6, STM32U375REI6, STM32U375REI6Q, STM32U375RET6, STM32U375RET6Q, STM32U375REY6GTR, STM32U375REY6QTR, STM32U375RGI6, STM32U375RGI6Q, STM32U375RGT6, STM32U375RGT6Q, STM32U375RGY6GTR, STM32U375RGY6QTR, STM32U375VEI6, STM32U375VEI6Q, STM32U375VET6, STM32U375VET6Q, STM32U375VGI6, STM32U375VGI6Q, STM32U375VGT6, STM32U375VGT6Q, STM32U385CGT6, STM32U385CGT6Q, STM32U385CGU6, STM32U385CGU6Q, STM32U385CGY6QTR, STM32U385KGU6, STM32U385RGI6, STM32U385RGI6Q, STM32U385RGT6, STM32U385RGT6Q, STM32U385RGY6GTR, STM32U385RGY6QTR, STM32U385VGI6, STM32U385VGI6Q, STM32U385VGT6, STM32U385VGT6Q, STM32U535CBT6, STM32U535CBT6Q, STM32U535CBU6, STM32U535CBU6Q, STM32U535CCT6, STM32U535CCT6Q, STM32U535CCU6, STM32U535CCU6Q, STM32U535CET6, STM32U535CET6Q, STM32U535CEU6, STM32U535CEU6Q, STM32U535JEY6QTR, STM32U535NCY6QTR, STM32U535NEY6QTR, STM32U535RBI6, STM32U535RBI6Q, STM32U535RBT6, STM32U535RBT6Q, STM32U535RCI6, STM32U535RCI6Q, STM32U535RCT6, STM32U535RCT6Q, STM32U535REI6, STM32U535REI6Q, STM32U535RET6, STM32U535RET6Q, STM32U535VCI6, STM32U535VCI6Q, STM32U535VCT6, STM32U535VCT6Q, STM32U535VEI6, STM32U535VEI6Q, STM32U535VET6, STM32U535VET6Q, STM32U545CET6, STM32U545CET6Q, STM32U545CEU6, STM32U545CEU6Q, STM32U545JEY6QTR, STM32U545NEY6QTR, STM32U545REI6, STM32U545REI6Q, STM32U545RET6, STM32U545RET6Q, STM32U545VEI6, STM32U545VEI6Q, STM32U545VET6, STM32U545VET6Q, STM32U595AIH6, STM32U595AIH6Q, STM32U595AJH6, STM32U595AJH6Q, STM32U595QII6, STM32U595QII6Q, STM32U595QJI6, STM32U595QJI6Q, STM32U595RIT6, STM32U595RIT6Q, STM32U595RJT6, STM32U595RJT6Q, STM32U595VIT6, STM32U595VIT6Q, STM32U595VJT6, STM32U595VJT6Q, STM32U595ZIT6, STM32U595ZIT6Q, STM32U595ZIY6QTR, STM32U595ZJT6, STM32U595ZJT6Q, STM32U595ZJY6QTR, STM32U599BJY6QTR, STM32U599NIH6Q, STM32U599NJH6Q, STM32U599VIT6Q, STM32U599VJT6, STM32U599VJT6Q, STM32U599ZIT6Q, STM32U599ZIY6QTR, STM32U599ZJT6Q, STM32U599ZJY6QTR, STM32U5A5AJH6, STM32U5A5AJH6Q, STM32U5A5QII3Q , STM32U5A5QJI6, STM32U5A5QJI6Q, STM32U5A5RJT6, STM32U5A5RJT6Q, STM32U5A5VJT6, STM32U5A5VJT6Q, STM32U5A5ZJT6, STM32U5A5ZJT6Q, STM32U5A5ZJY6QTR, STM32U5A9BJY6QTR, STM32U5A9J-DK, STM32U5A9NJH6Q, STM32U5A9VJT6Q, STM32U5A9ZJT6Q, STM32U5A9ZJY6QTR, STM32U5F7VIT6, STM32U5F7VIT6Q, STM32U5F7VJT6, STM32U5F7VJT6Q, STM32U5F9BJY6QTR, STM32U5F9NJH6Q, STM32U5F9VIT6Q, STM32U5F9VJT6Q, STM32U5F9ZIJ6QTR, STM32U5F9ZIT6Q, STM32U5F9ZJJ6QTR, STM32U5F9ZJT6Q, STM32U5G7VJT6, STM32U5G7VJT6Q, STM32U5G9BJY6QTR, STM32U5G9J-DK1, STM32U5G9J-DK2, STM32U5G9NJH6Q, STM32U5G9VJT6Q, STM32U5G9ZJJ6QTR, STM32U5G9ZJT6Q, STM32WB05KZV6TR, STM32WB05KZV7TR, STM32WB05TZF6TR, STM32WB05TZF7TR, STM32WB06CCF6TR, STM32WB06CCF7TR, STM32WB06CCV6TR, STM32WB06CCV7TR, STM32WB06KCV6TR, STM32WB06KCV7TR, STM32WB07CCF6TR, STM32WB07CCF7TR, STM32WB07CCV6TR, STM32WB07CCV7TR, STM32WB07KCV6TR, STM32WB07KCV7TR, STM32WB09KEV6TR, STM32WB09KEV7TR, STM32WB09TEF6TR, STM32WB09TEF7TR, STM32WB1MMCH6, STM32WBA50KGU6, STM32WBA50KGU6TR, STM32WBA52CEU6, STM32WBA52CEU6TR, STM32WBA52CEU7, STM32WBA52CEU7TR, STM32WBA52CGU6, STM32WBA52CGU6TR, STM32WBA52CGU6U, STM32WBA52CGU7, STM32WBA52CGU7TR, STM32WBA52KEU6, STM32WBA52KEU6TR, STM32WBA52KGU6, STM32WBA52KGU6TR, STM32WBA54CEU6, STM32WBA54CEU6TR, STM32WBA54CEU7, STM32WBA54CEU7TR, STM32WBA54CGU6, STM32WBA54CGU6TR, STM32WBA54CGU7, STM32WBA54CGU7TR, STM32WBA54KEU6, STM32WBA54KEU6TR, STM32WBA54KEU7, STM32WBA54KEU7TR, STM32WBA54KGU6, STM32WBA54KGU6TR, STM32WBA54KGU7, STM32WBA54KGU7TR, STM32WBA55CEU6, STM32WBA55CEU6TR, STM32WBA55CEU7, STM32WBA55CEU7TR, STM32WBA55CGU6, STM32WBA55CGU6TR, STM32WBA55CGU6U, STM32WBA55CGU7, STM32WBA55CGU7TR, STM32WBA55G-DK1, STM32WBA55HEF6, STM32WBA55HEF7, STM32WBA55HGF6, STM32WBA55HGF7, STM32WBA55UEI6, STM32WBA55UEI6TR, STM32WBA55UEI7, STM32WBA55UEI7TR, STM32WBA55UGI6, STM32WBA55UGI6TR, STM32WBA55UGI7, STM32WBA55UGI7TR, STM32WBA5MMGH6TR, STM32WBA62MGF6, STM32WBA62MIF6, STM32WBA65MGF7, STM32WBA65MIF6, STM32WBA65MIF7, STM32WL30K8V6, STM32WL30KBV6, STM32WL31C8V6, STM32WL31CBV6, STM32WL31K8V6, STM32WL31KBV6, STM32WL33C8V6, STM32WL33C8V6X, STM32WL33CBV6, STM32WL33CBV6X, STM32WL33CCV6, STM32WL33CCV6A, STM32WL33CCV6X, STM32WL33K8V7, STM32WL33K8V7X, STM32WL33KBV7 , STM32WL33KBV7X, STM32WL33KCV7, STM32WL33KCV7X, STM32WL5MOCH6, STM32WL5MOCH6TR]
2025-09-09 12:06:50,968 [INFO] DbMcus:218 - Found 4801 MCUs, 4801 are supported
2025-09-09 12:06:50,968 [INFO] ApiDb:423 - Load user favorites file /home/tuna/.stm32cubeide/favorites.mcus.txt: 0 item(s)
2025-09-09 12:06:50,968 [INFO] ApiDb:427 - User favorites MCUs=[]
2025-09-09 12:06:50,969 [INFO] DbMcus:224 - Set 0 / 0 favorites MCUs
2025-09-09 12:06:51,291 [INFO] ApiDb:423 - Load user favorites file /home/tuna/.stm32cubeide/favorites.boards.txt: 0 item(s)
2025-09-09 12:06:51,291 [INFO] ApiDb:427 - User favorites Boards=[]
2025-09-09 12:06:51,291 [INFO] DbBoards:198 - Set 0 / 0 favorites Boards
2025-09-09 12:06:51,334 [INFO] UtilMem:75 - End LoadConfig() Used Memory: 464899208 Bytes (817889280)
2025-09-09 12:06:51,434 [WARN] ThirdParty:833 - waiting for thirdparty lock release [change project]
2025-09-09 12:06:51,434 [INFO] ThirdParty:835 - entering critical section [change project]
2025-09-09 12:06:51,434 [INFO] ThirdParty:1030 - CMSIS Pack Vendor :STMicroelectronics X-CUBE-PM33A1 1.0.0
2025-09-09 12:06:51,434 [INFO] ThirdParty:1030 - CMSIS Pack Vendor :STMicroelectronics USBPD 4.1
2025-09-09 12:06:51,434 [INFO] ThirdParty:1030 - CMSIS Pack Vendor :STMicroelectronics X-CUBE-NFC9 1.0.0
2025-09-09 12:06:51,434 [INFO] ThirdParty:1030 - CMSIS Pack Vendor :STMicroelectronics USB_HOST 2.0.0
2025-09-09 12:06:51,434 [INFO] ThirdParty:1030 - CMSIS Pack Vendor :STMicroelectronics FP-SNS-MOTENVWB1 1.4.0
2025-09-09 12:06:51,434 [INFO] ThirdParty:1030 - CMSIS Pack Vendor :STMicroelectronics X-CUBE-AZRTOS-F4 1.1.0
2025-09-09 12:06:51,434 [INFO] ThirdParty:1030 - CMSIS Pack Vendor :STMicroelectronics LIBJPEG 8.0.0
2025-09-09 12:06:51,434 [INFO] ThirdParty:1030 - CMSIS Pack Vendor :STMicroelectronics FP-ATR-ASTRA1 2.0.2
2025-09-09 12:06:51,434 [INFO] ThirdParty:1030 - CMSIS Pack Vendor :wolfSSL I-CUBE-wolfSSL 5.8.2
2025-09-09 12:06:51,434 [INFO] ThirdParty:1030 - CMSIS Pack Vendor :STMicroelectronics X-CUBE-BLE1 7.1.0
2025-09-09 12:06:51,434 [INFO] ThirdParty:1030 - CMSIS Pack Vendor :Avnet-IotConnect X-CUBE-IoTC-DA16k-PMOD 1.0.0
2025-09-09 12:06:51,434 [INFO] ThirdParty:1030 - CMSIS Pack Vendor :STMicroelectronics X-CUBE-SMBUS 2.1.0
2025-09-09 12:06:51,434 [INFO] ThirdParty:1030 - CMSIS Pack Vendor :wolfSSL I-CUBE-wolfMQTT 1.19.2
2025-09-09 12:06:51,434 [INFO] ThirdParty:1030 - CMSIS Pack Vendor :STMicroelectronics USB_DEVICE 3.0.0
2025-09-09 12:06:51,434 [INFO] ThirdParty:1030 - CMSIS Pack Vendor :STMicroelectronics X-CUBE-ISPU 2.1.0
2025-09-09 12:06:51,435 [INFO] ThirdParty:1030 - CMSIS Pack Vendor :STMicroelectronics X-CUBE-EEPRMA1 5.2.0
2025-09-09 12:06:51,435 [INFO] ThirdParty:1030 - CMSIS Pack Vendor :STMicroelectronics X-CUBE-BLEMGR 4.1.0
2025-09-09 12:06:51,435 [INFO] ThirdParty:1030 - CMSIS Pack Vendor :STMicroelectronics X-CUBE-AZRTOS-WB 2.0.0
2025-09-09 12:06:51,435 [INFO] ThirdParty:1030 - CMSIS Pack Vendor :STMicroelectronics X-CUBE-ST60 1.0.0
2025-09-09 12:06:51,435 [INFO] ThirdParty:1030 - CMSIS Pack Vendor :STMicroelectronics X-CUBE-GNSS1 7.0.1
2025-09-09 12:06:51,435 [INFO] ThirdParty:1030 - CMSIS Pack Vendor :STMicroelectronics X-CUBE-NFC12 1.0.0
2025-09-09 12:06:51,435 [INFO] ThirdParty:1030 - CMSIS Pack Vendor :STMicroelectronics X-CUBE-AZRTOS-F7 1.1.0
2025-09-09 12:06:51,435 [INFO] ThirdParty:1030 - CMSIS Pack Vendor :STMicroelectronics X-CUBE-AZRTOS-L5 2.0.0
2025-09-09 12:06:51,435 [INFO] ThirdParty:1030 - CMSIS Pack Vendor :STMicroelectronics X-CUBE-TOUCHGFX 4.25.0
2025-09-09 12:06:51,435 [INFO] ThirdParty:1030 - CMSIS Pack Vendor :STMicroelectronics USB_DEVICE 2.0.0
2025-09-09 12:06:51,435 [INFO] ThirdParty:1030 - CMSIS Pack Vendor :STMicroelectronics X-CUBE-NFC6 3.1.0
2025-09-09 12:06:51,435 [INFO] ThirdParty:1030 - CMSIS Pack Vendor :STMicroelectronics X-CUBE-AI 10.1.0
2025-09-09 12:06:51,435 [INFO] ThirdParty:1030 - CMSIS Pack Vendor :STMicroelectronics FP-SNS-STBOX1 2.0.0
2025-09-09 12:06:51,435 [INFO] ThirdParty:1030 - CMSIS Pack Vendor :quantropi X-CUBE-qispace-sdk-base 2.1.0
2025-09-09 12:06:51,435 [INFO] ThirdParty:1030 - CMSIS Pack Vendor :STMicroelectronics FreeRTOS 0.0.1
2025-09-09 12:06:51,435 [INFO] ThirdParty:1030 - CMSIS Pack Vendor :STMicroelectronics X-CUBE-AZRTOS-G0 1.1.0
2025-09-09 12:06:51,435 [INFO] ThirdParty:1030 - CMSIS Pack Vendor :STMicroelectronics X-CUBE-SAFEA1 1.2.2
2025-09-09 12:06:51,435 [INFO] ThirdParty:1030 - CMSIS Pack Vendor :STMicroelectronics X-CUBE-NFC4 3.0.0
2025-09-09 12:06:51,436 [INFO] ThirdParty:1030 - CMSIS Pack Vendor :STMicroelectronics X-CUBE-SUBG2 5.0.0
2025-09-09 12:06:51,436 [INFO] ThirdParty:1030 - CMSIS Pack Vendor :STMicroelectronics X-CUBE-AZRTOS-H7RS 1.1.0
2025-09-09 12:06:51,436 [INFO] ThirdParty:1030 - CMSIS Pack Vendor :STMicroelectronics STM32_WPAN 1.0.0
2025-09-09 12:06:51,436 [INFO] ThirdParty:1030 - CMSIS Pack Vendor :EmbeddedOffice I-CUBE-FS-RTOS 1.0.1
2025-09-09 12:06:51,436 [INFO] ThirdParty:1030 - CMSIS Pack Vendor :STMicroelectronics lwIP 2.0.3
2025-09-09 12:06:51,436 [INFO] ThirdParty:1030 - CMSIS Pack Vendor :Cesanta I-CUBE-Mongoose 7.13.0
2025-09-09 12:06:51,436 [INFO] ThirdParty:1030 - CMSIS Pack Vendor :STMicroelectronics USB_HOST 1.0.0
2025-09-09 12:06:51,436 [INFO] ThirdParty:1030 - CMSIS Pack Vendor :Infineon AIROC-Wi-Fi-Bluetooth-STM32 1.7.1
2025-09-09 12:06:51,436 [INFO] ThirdParty:1030 - CMSIS Pack Vendor :STMicroelectronics X-CUBE-AZRTOS-G4 2.0.0
2025-09-09 12:06:51,436 [INFO] ThirdParty:1030 - CMSIS Pack Vendor :STMicroelectronics X-CUBE-WB05N 2.0.0
2025-09-09 12:06:51,436 [INFO] ThirdParty:1030 - CMSIS Pack Vendor :STMicroelectronics PDM2PCM 3.1.0
2025-09-09 12:06:51,436 [INFO] ThirdParty:1030 - CMSIS Pack Vendor :STMicroelectronics PDM2PCM 3.3.0
2025-09-09 12:06:51,436 [INFO] ThirdParty:1030 - CMSIS Pack Vendor :wolfSSL I-CUBE-wolfTPM 3.8.0
2025-09-09 12:06:51,436 [INFO] ThirdParty:1030 - CMSIS Pack Vendor :STMicroelectronics X-CUBE-AZRTOS-H7 3.4.0
2025-09-09 12:06:51,436 [INFO] ThirdParty:1030 - CMSIS Pack Vendor :STMicroelectronics X-CUBE-DISPLAY 3.0.0
2025-09-09 12:06:51,436 [INFO] ThirdParty:1030 - CMSIS Pack Vendor :wolfSSL I-CUBE-wolfSSH 1.4.20
2025-09-09 12:06:51,436 [INFO] ThirdParty:1030 - CMSIS Pack Vendor :STMicroelectronics X-CUBE-NFC7 2.0.0
2025-09-09 12:06:51,436 [INFO] ThirdParty:1030 - CMSIS Pack Vendor :STMicroelectronics X-CUBE-TCPP 4.2.0
2025-09-09 12:06:51,436 [INFO] ThirdParty:1030 - CMSIS Pack Vendor :RealThread X-CUBE-RT-Thread_Nano 4.1.1
2025-09-09 12:06:51,436 [INFO] ThirdParty:1030 - CMSIS Pack Vendor :STMicroelectronics FP-ATR-SIGFOX1 3.2.0
2025-09-09 12:06:51,436 [INFO] ThirdParty:1030 - CMSIS Pack Vendor :STMicroelectronics X-CUBE-NFC10 1.0.0
2025-09-09 12:06:51,436 [INFO] ThirdParty:1030 - CMSIS Pack Vendor :STMicroelectronics X-CUBE-FREERTOS 1.3.1
2025-09-09 12:06:51,436 [INFO] ThirdParty:1030 - CMSIS Pack Vendor :STMicroelectronics HAL Drivers 0.0.0
2025-09-09 12:06:51,436 [INFO] ThirdParty:1030 - CMSIS Pack Vendor :STMicroelectronics MBEDTLS 2.16.2
2025-09-09 12:06:51,436 [INFO] ThirdParty:1030 - CMSIS Pack Vendor :STMicroelectronics X-CUBE-IPS 3.1.0
2025-09-09 12:06:51,436 [INFO] ThirdParty:1030 - CMSIS Pack Vendor :STMicroelectronics X-CUBE-ALS 1.0.2
2025-09-09 12:06:51,436 [INFO] ThirdParty:1030 - CMSIS Pack Vendor :emotas I-CUBE-CANOPEN 1.3.0
2025-09-09 12:06:51,436 [INFO] ThirdParty:1030 - CMSIS Pack Vendor :STMicroelectronics MBEDTLS 2.14.1
2025-09-09 12:06:51,437 [INFO] ThirdParty:1030 - CMSIS Pack Vendor :ITTIA_DB I-CUBE-ITTIADB 8.9.0
2025-09-09 12:06:51,437 [INFO] ThirdParty:1030 - CMSIS Pack Vendor :STMicroelectronics X-CUBE-STSE01 1.0.0
2025-09-09 12:06:51,437 [INFO] ThirdParty:1030 - CMSIS Pack Vendor :portGmbH I-Cube-SoM-uGOAL 1.1.0
2025-09-09 12:06:51,437 [INFO] ThirdParty:1030 - CMSIS Pack Vendor :STMicroelectronics X-CUBE-ST67W61 1.0.0
2025-09-09 12:06:51,437 [INFO] ThirdParty:1030 - CMSIS Pack Vendor :STMicroelectronics FP-SNS-STBOX1 2.1.0
2025-09-09 12:06:51,437 [INFO] ThirdParty:1030 - CMSIS Pack Vendor :STMicroelectronics X-CUBE-AI 10.2.0
2025-09-09 12:06:51,437 [INFO] ThirdParty:1030 - CMSIS Pack Vendor :STMicroelectronics FP-SNS-STAIOTCFT 1.0.0
2025-09-09 12:06:51,437 [INFO] ThirdParty:1030 - CMSIS Pack Vendor :STMicroelectronics ThreadX 1.0.0
2025-09-09 12:06:51,437 [INFO] ThirdParty:1030 - CMSIS Pack Vendor :STMicroelectronics FP-SNS-SMARTAG2 1.2.0
2025-09-09 12:06:51,437 [INFO] ThirdParty:1030 - CMSIS Pack Vendor :STMicroelectronics FP-SNS-FLIGHT1 5.1.0
2025-09-09 12:06:51,437 [INFO] ThirdParty:1030 - CMSIS Pack Vendor :STMicroelectronics X-CUBE-AZRTOS-WL 2.0.0
2025-09-09 12:06:51,437 [INFO] ThirdParty:1030 - CMSIS Pack Vendor :SEGGER I-CUBE-embOS 1.3.1
2025-09-09 12:06:51,437 [INFO] ThirdParty:1030 - CMSIS Pack Vendor :STMicroelectronics X-CUBE-ALGOBUILD 1.4.0
2025-09-09 12:06:51,437 [INFO] ThirdParty:1030 - CMSIS Pack Vendor :STMicroelectronics X-CUBE-DPower 1.3.0
2025-09-09 12:06:51,437 [INFO] ThirdParty:1030 - CMSIS Pack Vendor :STMicroelectronics X-CUBE-MEMS1 11.3.0
2025-09-09 12:06:51,437 [INFO] ThirdParty:1030 - CMSIS Pack Vendor :STMicroelectronics FP-SNS-MOTENV1 5.0.0
2025-09-09 12:06:51,437 [INFO] ThirdParty:1030 - CMSIS Pack Vendor :STMicroelectronics USB_DEVICE 1.0.0
2025-09-09 12:06:51,437 [INFO] ThirdParty:1030 - CMSIS Pack Vendor :STMicroelectronics X-CUBE-AZRTOS-L4 2.0.0
2025-09-09 12:06:51,437 [INFO] ThirdParty:1030 - CMSIS Pack Vendor :STMicroelectronics ThreadX 0.0.2
2025-09-09 12:06:51,437 [INFO] ThirdParty:1030 - CMSIS Pack Vendor :WES I-CUBE-Cesium 1.3.0
2025-09-09 12:06:51,437 [INFO] ThirdParty:1030 - CMSIS Pack Vendor :STMicroelectronics lwIP 2.1.2
2025-09-09 12:06:51,437 [INFO] ThirdParty:1030 - CMSIS Pack Vendor :STMicroelectronics X-CUBE-SFXS2LP1 4.0.0
2025-09-09 12:06:51,437 [INFO] ThirdParty:1030 - CMSIS Pack Vendor :STMicroelectronics X-CUBE-BLE2 3.3.0
2025-09-09 12:06:51,437 [INFO] ThirdParty:1030 - CMSIS Pack Vendor :STMicroelectronics X-CUBE-TOF1 3.4.3
2025-09-09 12:06:51,437 [INFO] ThirdParty:1030 - CMSIS Pack Vendor :STMicroelectronics PDM2PCM 3.2.0
2025-09-09 12:06:51,437 [INFO] ThirdParty:841 - exiting critical section [change project]
2025-09-09 12:06:51,890 [INFO] PinOutPanel:1589 - setPackage(No Configuration,No Configuration)
2025-09-09 12:06:51,891 [INFO] PinOutPanel:1589 - setPackage(STM32G474RBTx,LQFP64)
2025-09-09 12:06:52,236 [INFO] UtilMem:75 - Before build in PCC Used Memory: 381472592 Bytes (817889280)
2025-09-09 12:06:52,765 [INFO] UtilMem:75 - After build in PCC Used Memory: 606916432 Bytes (817889280)
2025-09-09 12:06:52,802 [INFO] ApiDbMcu:532 - Load IP Config File for USB_DEVICE
2025-09-09 12:06:52,830 [INFO] IPUIPlugin:80 - create IPUIPlugin
2025-09-09 12:06:52,831 [INFO] IPUIPlugin:80 - create IPUIPlugin
2025-09-09 12:06:52,831 [INFO] IPUIPlugin:80 - create IPUIPlugin
2025-09-09 12:06:52,831 [INFO] IPUIPlugin:80 - create IPUIPlugin
2025-09-09 12:06:52,831 [INFO] IPUIPlugin:80 - create IPUIPlugin
2025-09-09 12:06:52,831 [INFO] IPUIPlugin:80 - create IPUIPlugin
2025-09-09 12:06:52,831 [INFO] IPUIPlugin:80 - create IPUIPlugin
2025-09-09 12:06:52,831 [INFO] IPUIPlugin:80 - create IPUIPlugin
2025-09-09 12:06:52,831 [INFO] IPUIPlugin:80 - create IPUIPlugin
2025-09-09 12:06:52,831 [INFO] IPUIPlugin:80 - create IPUIPlugin
2025-09-09 12:06:52,832 [INFO] IPUIPlugin:80 - create IPUIPlugin
2025-09-09 12:06:52,832 [INFO] IPUIPlugin:80 - create IPUIPlugin
2025-09-09 12:06:52,833 [INFO] IPUIPlugin:80 - create IPUIPlugin
2025-09-09 12:06:52,833 [INFO] IPUIPlugin:80 - create IPUIPlugin
2025-09-09 12:06:52,833 [INFO] IPUIPlugin:80 - create IPUIPlugin
2025-09-09 12:06:52,833 [INFO] IPUIPlugin:80 - create IPUIPlugin
2025-09-09 12:06:52,834 [INFO] IPUIPlugin:80 - create IPUIPlugin
2025-09-09 12:06:52,834 [INFO] IPUIPlugin:80 - create IPUIPlugin
2025-09-09 12:06:52,834 [INFO] IPUIPlugin:80 - create IPUIPlugin
2025-09-09 12:06:52,834 [INFO] IPUIPlugin:80 - create IPUIPlugin
2025-09-09 12:06:52,834 [INFO] IPUIPlugin:80 - create IPUIPlugin
2025-09-09 12:06:52,834 [INFO] IPUIPlugin:80 - create IPUIPlugin
2025-09-09 12:06:52,834 [INFO] IPUIPlugin:80 - create IPUIPlugin
2025-09-09 12:06:52,834 [INFO] IPUIPlugin:80 - create IPUIPlugin
2025-09-09 12:06:52,835 [INFO] IPUIPlugin:80 - create IPUIPlugin
2025-09-09 12:06:52,835 [INFO] IPUIPlugin:80 - create IPUIPlugin
2025-09-09 12:06:52,835 [INFO] IPUIPlugin:80 - create IPUIPlugin
2025-09-09 12:06:52,835 [INFO] IPUIPlugin:80 - create IPUIPlugin
2025-09-09 12:06:52,835 [INFO] IPUIPlugin:80 - create IPUIPlugin
2025-09-09 12:06:52,835 [INFO] IPUIPlugin:80 - create IPUIPlugin
2025-09-09 12:06:52,835 [INFO] IPUIPlugin:80 - create IPUIPlugin
2025-09-09 12:06:52,835 [INFO] IPUIPlugin:80 - create IPUIPlugin
2025-09-09 12:06:52,836 [INFO] IPUIPlugin:80 - create IPUIPlugin
2025-09-09 12:06:52,836 [INFO] IPUIPlugin:80 - create IPUIPlugin
2025-09-09 12:06:52,836 [INFO] IPUIPlugin:80 - create IPUIPlugin
2025-09-09 12:06:52,836 [INFO] IPUIPlugin:80 - create IPUIPlugin
2025-09-09 12:06:52,836 [INFO] IPUIPlugin:80 - create IPUIPlugin
2025-09-09 12:06:52,837 [INFO] IPUIPlugin:80 - create IPUIPlugin
2025-09-09 12:06:52,837 [INFO] IPUIPlugin:80 - create IPUIPlugin
2025-09-09 12:06:52,837 [INFO] IPUIPlugin:80 - create IPUIPlugin
2025-09-09 12:06:52,837 [INFO] IPUIPlugin:80 - create IPUIPlugin
2025-09-09 12:06:52,837 [INFO] IPUIPlugin:80 - create IPUIPlugin
2025-09-09 12:06:52,837 [INFO] IPUIPlugin:80 - create IPUIPlugin
2025-09-09 12:06:52,837 [INFO] IPUIPlugin:80 - create IPUIPlugin
2025-09-09 12:06:52,837 [INFO] IPUIPlugin:80 - create IPUIPlugin
2025-09-09 12:06:52,837 [INFO] IPUIPlugin:80 - create IPUIPlugin
2025-09-09 12:06:52,837 [INFO] IPUIPlugin:80 - create IPUIPlugin
2025-09-09 12:06:52,837 [INFO] IPUIPlugin:80 - create IPUIPlugin
2025-09-09 12:06:52,838 [INFO] IPUIPlugin:80 - create IPUIPlugin
2025-09-09 12:06:52,838 [INFO] IPUIPlugin:80 - create IPUIPlugin
2025-09-09 12:06:52,838 [INFO] IPUIPlugin:80 - create IPUIPlugin
2025-09-09 12:06:52,838 [INFO] IPUIPlugin:80 - create IPUIPlugin
2025-09-09 12:06:52,838 [INFO] IPUIPlugin:80 - create IPUIPlugin
2025-09-09 12:06:52,838 [INFO] IPUIPlugin:80 - create IPUIPlugin
2025-09-09 12:06:52,838 [INFO] IPUIPlugin:80 - create IPUIPlugin
2025-09-09 12:06:52,838 [INFO] IPUIPlugin:80 - create IPUIPlugin
2025-09-09 12:06:52,838 [INFO] IPUIPlugin:80 - create IPUIPlugin
2025-09-09 12:06:52,838 [INFO] IPUIPlugin:80 - create IPUIPlugin
2025-09-09 12:06:52,839 [INFO] IPUIPlugin:80 - create IPUIPlugin
2025-09-09 12:06:52,839 [INFO] IPUIPlugin:80 - create IPUIPlugin
2025-09-09 12:06:52,839 [INFO] IPUIPlugin:80 - create IPUIPlugin
2025-09-09 12:06:52,839 [INFO] IPUIPlugin:80 - create IPUIPlugin
2025-09-09 12:06:52,839 [INFO] IPUIPlugin:80 - create IPUIPlugin
2025-09-09 12:06:52,839 [INFO] IPUIPlugin:80 - create IPUIPlugin
2025-09-09 12:06:52,839 [INFO] IPUIPlugin:80 - create IPUIPlugin
2025-09-09 12:06:52,839 [INFO] IPUIPlugin:80 - create IPUIPlugin
2025-09-09 12:06:52,839 [INFO] IPUIPlugin:80 - create IPUIPlugin
2025-09-09 12:06:52,840 [INFO] IPUIPlugin:80 - create IPUIPlugin
2025-09-09 12:06:52,840 [INFO] IPUIPlugin:80 - create IPUIPlugin
2025-09-09 12:06:52,840 [INFO] IPUIPlugin:80 - create IPUIPlugin
2025-09-09 12:06:52,840 [INFO] IPUIPlugin:80 - create IPUIPlugin
2025-09-09 12:06:52,840 [INFO] IPUIPlugin:80 - create IPUIPlugin
2025-09-09 12:06:52,840 [INFO] IPUIPlugin:80 - create IPUIPlugin
2025-09-09 12:06:52,841 [INFO] IPUIPlugin:80 - create IPUIPlugin
2025-09-09 12:06:52,841 [INFO] IPUIPlugin:80 - create IPUIPlugin
2025-09-09 12:06:52,841 [INFO] IPUIPlugin:80 - create IPUIPlugin
2025-09-09 12:06:52,841 [INFO] IPUIPlugin:80 - create IPUIPlugin
2025-09-09 12:06:52,846 [WARN] IP:2250 - MessageRAMOffset not found: check if there is a RefParameter without a condition.
2025-09-09 12:06:52,846 [WARN] IP:2250 - RxFifo0ElmtsNbr not found: check if there is a RefParameter without a condition.
2025-09-09 12:06:52,846 [WARN] IP:2250 - RxFifo0ElmtSize not found: check if there is a RefParameter without a condition.
2025-09-09 12:06:52,847 [WARN] IP:2250 - RxFifo1ElmtsNbr not found: check if there is a RefParameter without a condition.
2025-09-09 12:06:52,847 [WARN] IP:2250 - RxFifo1ElmtSize not found: check if there is a RefParameter without a condition.
2025-09-09 12:06:52,847 [WARN] IP:2250 - RxBuffersNbr not found: check if there is a RefParameter without a condition.
2025-09-09 12:06:52,847 [WARN] IP:2250 - RxBufferSize not found: check if there is a RefParameter without a condition.
2025-09-09 12:06:52,847 [WARN] IP:2250 - TxEventsNbr not found: check if there is a RefParameter without a condition.
2025-09-09 12:06:52,847 [WARN] IP:2250 - TxBuffersNbr not found: check if there is a RefParameter without a condition.
2025-09-09 12:06:52,847 [WARN] IP:2250 - TxFifoQueueElmtsNbr not found: check if there is a RefParameter without a condition.
2025-09-09 12:06:52,847 [WARN] IP:2250 - TxElmtSize not found: check if there is a RefParameter without a condition.
2025-09-09 12:06:52,847 [WARN] IP:2250 - ClockCalibrationCCU not found: check if there is a RefParameter without a condition.
2025-09-09 12:06:52,847 [WARN] IP:2250 - ClockDividerCCU not found: check if there is a RefParameter without a condition.
2025-09-09 12:06:52,847 [WARN] IP:2250 - MinOscClkPeriodsCCU not found: check if there is a RefParameter without a condition.
2025-09-09 12:06:52,847 [WARN] IP:2250 - TimeQuantaPerBitTimeCCU not found: check if there is a RefParameter without a condition.
2025-09-09 12:06:52,847 [WARN] IP:2250 - WatchdogStartValueCCU not found: check if there is a RefParameter without a condition.
2025-09-09 12:06:52,850 [INFO] LogOutputStream:77 - [STDOUT_REDIRECT] Nominal 
2025-09-09 12:06:52,851 [INFO] Can:71 - Can Add PropertyChangeListener com.st.microxplorer.plugins.ip.can.Can@754f987a
2025-09-09 12:06:52,996 [INFO] CADModel:165 - CPN selected for project levelSTM32G474RBT6
2025-09-09 12:06:52,996 [INFO] CADModel:114 - Register for checkConnection events
2025-09-09 12:06:53,035 [INFO] OpenFileManager:386 - Restore cursor
2025-09-09 12:06:53,141 [WARN] IP:2250 - MessageRAMOffset not found: check if there is a RefParameter without a condition.
2025-09-09 12:06:53,141 [WARN] IP:2250 - RxFifo0ElmtsNbr not found: check if there is a RefParameter without a condition.
2025-09-09 12:06:53,141 [WARN] IP:2250 - RxFifo0ElmtSize not found: check if there is a RefParameter without a condition.
2025-09-09 12:06:53,141 [WARN] IP:2250 - RxFifo1ElmtsNbr not found: check if there is a RefParameter without a condition.
2025-09-09 12:06:53,141 [WARN] IP:2250 - RxFifo1ElmtSize not found: check if there is a RefParameter without a condition.
2025-09-09 12:06:53,141 [WARN] IP:2250 - RxBuffersNbr not found: check if there is a RefParameter without a condition.
2025-09-09 12:06:53,141 [WARN] IP:2250 - RxBufferSize not found: check if there is a RefParameter without a condition.
2025-09-09 12:06:53,141 [WARN] IP:2250 - TxEventsNbr not found: check if there is a RefParameter without a condition.
2025-09-09 12:06:53,141 [WARN] IP:2250 - TxBuffersNbr not found: check if there is a RefParameter without a condition.
2025-09-09 12:06:53,141 [WARN] IP:2250 - TxFifoQueueElmtsNbr not found: check if there is a RefParameter without a condition.
2025-09-09 12:06:53,142 [WARN] IP:2250 - TxElmtSize not found: check if there is a RefParameter without a condition.
2025-09-09 12:06:53,142 [WARN] IP:2250 - ClockCalibrationCCU not found: check if there is a RefParameter without a condition.
2025-09-09 12:06:53,142 [WARN] IP:2250 - ClockDividerCCU not found: check if there is a RefParameter without a condition.
2025-09-09 12:06:53,142 [WARN] IP:2250 - MinOscClkPeriodsCCU not found: check if there is a RefParameter without a condition.
2025-09-09 12:06:53,142 [WARN] IP:2250 - TimeQuantaPerBitTimeCCU not found: check if there is a RefParameter without a condition.
2025-09-09 12:06:53,142 [WARN] IP:2250 - WatchdogStartValueCCU not found: check if there is a RefParameter without a condition.
2025-09-09 12:06:53,142 [WARN] IP:2250 - MessageRAMOffset not found: check if there is a RefParameter without a condition.
2025-09-09 12:06:53,142 [WARN] IP:2250 - RxFifo0ElmtsNbr not found: check if there is a RefParameter without a condition.
2025-09-09 12:06:53,142 [WARN] IP:2250 - RxFifo0ElmtSize not found: check if there is a RefParameter without a condition.
2025-09-09 12:06:53,142 [WARN] IP:2250 - RxFifo1ElmtsNbr not found: check if there is a RefParameter without a condition.
2025-09-09 12:06:53,142 [WARN] IP:2250 - RxFifo1ElmtSize not found: check if there is a RefParameter without a condition.
2025-09-09 12:06:53,142 [WARN] IP:2250 - RxBuffersNbr not found: check if there is a RefParameter without a condition.
2025-09-09 12:06:53,142 [WARN] IP:2250 - RxBufferSize not found: check if there is a RefParameter without a condition.
2025-09-09 12:06:53,142 [WARN] IP:2250 - TxEventsNbr not found: check if there is a RefParameter without a condition.
2025-09-09 12:06:53,142 [WARN] IP:2250 - TxBuffersNbr not found: check if there is a RefParameter without a condition.
2025-09-09 12:06:53,142 [WARN] IP:2250 - TxFifoQueueElmtsNbr not found: check if there is a RefParameter without a condition.
2025-09-09 12:06:53,142 [WARN] IP:2250 - TxElmtSize not found: check if there is a RefParameter without a condition.
2025-09-09 12:06:53,142 [WARN] IP:2250 - ClockCalibrationCCU not found: check if there is a RefParameter without a condition.
2025-09-09 12:06:53,142 [WARN] IP:2250 - ClockDividerCCU not found: check if there is a RefParameter without a condition.
2025-09-09 12:06:53,142 [WARN] IP:2250 - MinOscClkPeriodsCCU not found: check if there is a RefParameter without a condition.
2025-09-09 12:06:53,142 [WARN] IP:2250 - TimeQuantaPerBitTimeCCU not found: check if there is a RefParameter without a condition.
2025-09-09 12:06:53,142 [WARN] IP:2250 - WatchdogStartValueCCU not found: check if there is a RefParameter without a condition.
2025-09-09 12:15:27,596 [ERROR] LogOutputStream:75 - [STDERR_REDIRECT] 
2025-09-09 12:22:22,488 [INFO] Activator:176 - 


2025-09-09 12:22:22,489 [INFO] Activator:177 - !SESSION log4j initialized
2025-09-09 12:22:25,450 [INFO] LogOutputStream:77 - [STDOUT_REDIRECT] 
2025-09-09 12:22:26,091 [INFO] ApplicationProperties:184 - Using Application install path: /home/tuna/st/stm32cubeide_1.18.1/plugins/com.st.stm32cube.common.mx_6.15.0.202507011659
2025-09-09 12:22:26,107 [INFO] DbMcusXml:78 - Set database path to: /home/tuna/st/stm32cubeide_1.18.1/plugins/com.st.stm32cube.common.mx_6.15.0.202507011659//db//mcu/
2025-09-09 12:22:26,107 [INFO] ApiDb:274 - Set plugin database path to: /home/tuna/st/stm32cubeide_1.18.1/plugins/com.st.stm32cube.common.mx_6.15.0.202507011659//db//plugins/boardmanager/
2025-09-09 12:22:26,108 [WARN] ApiDb:259 - Overriding images path with different value:  => /home/tuna/st/stm32cubeide_1.18.1/plugins/com.st.stm32cube.common.mx_6.15.0.202507011659//db//plugins/mcufinder/images/
2025-09-09 12:22:26,116 [INFO] ApiDb:250 - Set database path to: /home/tuna/.stmcufinder/plugins/mcufinder//mcu/
2025-09-09 12:22:26,117 [INFO] DbMcusAds:125 - Set database path to: /home/tuna/.stmcufinder/plugins/mcufinder//mcu/
2025-09-09 12:22:26,119 [INFO] CrossReferenceDbSqlite:203 - Set database path to: /home/tuna/.stmcufinder/plugins/mcufinder//mcu/cs/
2025-09-09 12:22:26,198 [INFO] RulesReader:64 - Compatibility file has been processed (317 Rules)
2025-09-09 12:22:26,255 [INFO] DbMcusXml:78 - Set database path to: /home/tuna/st/stm32cubeide_1.18.1/plugins/com.st.stm32cube.common.mx_6.15.0.202507011659//db//mcu/
2025-09-09 12:22:26,256 [INFO] ApiDb:274 - Set plugin database path to: /home/tuna/st/stm32cubeide_1.18.1/plugins/com.st.stm32cube.common.mx_6.15.0.202507011659//db//plugins/boardmanager/
2025-09-09 12:22:26,256 [INFO] ApiDb:261 - Set plugin images path to: /home/tuna/st/stm32cubeide_1.18.1/plugins/com.st.stm32cube.common.mx_6.15.0.202507011659//db//plugins/mcufinder/images/
2025-09-09 12:22:26,256 [WARN] DbFile:41 - Overriding database path with different value: /home/tuna/.stmcufinder/plugins/mcufinder/ => /home/tuna/.stmcufinder/plugins/mcufinder
2025-09-09 12:22:26,256 [INFO] ApiDb:250 - Set database path to: /home/tuna/.stmcufinder/plugins/mcufinder//mcu/
2025-09-09 12:22:26,256 [WARN] DbFile:41 - Overriding database path with different value: /home/tuna/.stmcufinder/plugins/mcufinder/ => /home/tuna/.stmcufinder/plugins/mcufinder
2025-09-09 12:22:26,256 [INFO] DbMcusAds:125 - Set database path to: /home/tuna/.stmcufinder/plugins/mcufinder//mcu/
2025-09-09 12:22:26,256 [WARN] DbFile:41 - Overriding database path with different value: /home/tuna/.stmcufinder/plugins/mcufinder/ => /home/tuna/.stmcufinder/plugins/mcufinder
2025-09-09 12:22:26,256 [WARN] DbFile:41 - Overriding database path with different value: /home/tuna/.stmcufinder/plugins/mcufinder/ => /home/tuna/.stmcufinder/plugins/mcufinder
2025-09-09 12:22:26,256 [INFO] CrossReferenceDbSqlite:203 - Set database path to: /home/tuna/.stmcufinder/plugins/mcufinder//mcu/cs/
2025-09-09 12:22:26,316 [INFO] MainPanel:274 - HeapMemory: 268435456
2025-09-09 12:22:26,431 [INFO] DbMcusXml:78 - Set database path to: /home/tuna/st/stm32cubeide_1.18.1/plugins/com.st.stm32cube.common.mx_6.15.0.202507011659//db//mcu/
2025-09-09 12:22:26,431 [INFO] ApiDb:274 - Set plugin database path to: /home/tuna/st/stm32cubeide_1.18.1/plugins/com.st.stm32cube.common.mx_6.15.0.202507011659//db//plugins/boardmanager/
2025-09-09 12:22:26,431 [INFO] ApiDb:261 - Set plugin images path to: /home/tuna/st/stm32cubeide_1.18.1/plugins/com.st.stm32cube.common.mx_6.15.0.202507011659//db//plugins/mcufinder/images/
2025-09-09 12:22:26,431 [WARN] DbFile:41 - Overriding database path with different value: /home/tuna/.stmcufinder/plugins/mcufinder/ => /home/tuna/.stmcufinder/plugins/mcufinder
2025-09-09 12:22:26,431 [INFO] ApiDb:250 - Set database path to: /home/tuna/.stmcufinder/plugins/mcufinder//mcu/
2025-09-09 12:22:26,431 [WARN] DbFile:41 - Overriding database path with different value: /home/tuna/.stmcufinder/plugins/mcufinder/ => /home/tuna/.stmcufinder/plugins/mcufinder
2025-09-09 12:22:26,431 [INFO] DbMcusAds:125 - Set database path to: /home/tuna/.stmcufinder/plugins/mcufinder//mcu/
2025-09-09 12:22:26,431 [WARN] DbFile:41 - Overriding database path with different value: /home/tuna/.stmcufinder/plugins/mcufinder/ => /home/tuna/.stmcufinder/plugins/mcufinder
2025-09-09 12:22:26,431 [WARN] DbFile:41 - Overriding database path with different value: /home/tuna/.stmcufinder/plugins/mcufinder/ => /home/tuna/.stmcufinder/plugins/mcufinder
2025-09-09 12:22:26,431 [INFO] CrossReferenceDbSqlite:203 - Set database path to: /home/tuna/.stmcufinder/plugins/mcufinder//mcu/cs/
2025-09-09 12:22:26,444 [INFO] ApplicationProperties:184 - Using Application install path: /home/tuna/st/stm32cubeide_1.18.1/plugins/com.st.stm32cube.common.mx_6.15.0.202507011659
2025-09-09 12:22:26,445 [INFO] PluginManage:196 - Search for loadable plugins [exclusion list=, ]
2025-09-09 12:22:26,446 [INFO] PluginManage:310 - Check plugin analytics
2025-09-09 12:22:26,545 [INFO] AnalyticsPlugin:253 - Accepted Software Licenses: STM32CubeMX.6.15.0
2025-09-09 12:22:26,545 [INFO] AnalyticsPlugin:255 - Accepted CMSIS Pack Licenses: 
2025-09-09 12:22:26,545 [INFO] AnalyticsPlugin:257 - Accepted Firmware Licenses: FW.G4.1.6.0,FW.F4.1.28.0
2025-09-09 12:22:26,547 [INFO] PluginManage:359 - Loaded plugin analytics (category:tool,tabindex:-1)
2025-09-09 12:22:26,547 [INFO] PluginManage:310 - Check plugin cadmodel
2025-09-09 12:22:26,551 [INFO] CADModel:105 - Init CAD model plugin
2025-09-09 12:22:26,551 [INFO] PluginManage:359 - Loaded plugin cadmodel (category:power,tabindex:5)
2025-09-09 12:22:26,551 [INFO] PluginManage:310 - Check plugin clock
2025-09-09 12:22:26,558 [INFO] PluginManage:359 - Loaded plugin clock (category:base,tabindex:2)
2025-09-09 12:22:26,558 [INFO] PluginManage:310 - Check plugin ddr
2025-09-09 12:22:26,560 [INFO] PluginManage:359 - Loaded plugin ddr (category:tool,tabindex:6)
2025-09-09 12:22:26,560 [INFO] PluginManage:310 - Check plugin filemanager
2025-09-09 12:22:26,672 [INFO] PluginManage:359 - Loaded plugin filemanager (category:base,tabindex:10)
2025-09-09 12:22:26,672 [INFO] PluginManage:310 - Check plugin ipmanager
2025-09-09 12:22:26,676 [INFO] PluginManage:359 - Loaded plugin ipmanager (category:base,tabindex:5)
2025-09-09 12:22:26,676 [INFO] PluginManage:310 - Check plugin lpbam
2025-09-09 12:22:26,683 [INFO] PluginManage:359 - Loaded plugin lpbam (category:base,tabindex:0)
2025-09-09 12:22:26,683 [INFO] PluginManage:310 - Check plugin memorymap
2025-09-09 12:22:26,694 [INFO] PluginManage:359 - Loaded plugin memorymap (category:base,tabindex:4)
2025-09-09 12:22:26,695 [INFO] PluginManage:310 - Check plugin pinoutandconfiguration
2025-09-09 12:22:26,703 [INFO] PluginManage:359 - Loaded plugin pinoutandconfiguration (category:base,tabindex:1)
2025-09-09 12:22:26,703 [INFO] PluginManage:310 - Check plugin pinoutconfig
2025-09-09 12:22:26,769 [WARN] SupportedApi:132 - Cannot load RTOS API schema: s4s-elt-must-match.1: The content of 'definitions' must match (annotation?, (simpleType | complexType)?, (unique | key | keyref)*)). A problem was found starting at: attribute.
2025-09-09 12:22:26,864 [INFO] PluginManage:359 - Loaded plugin pinoutconfig (category:base,tabindex:0)
2025-09-09 12:22:26,865 [INFO] PluginManage:310 - Check plugin power
2025-09-09 12:22:26,872 [INFO] PluginManage:359 - Loaded plugin power (category:power,tabindex:4)
2025-09-09 12:22:26,872 [INFO] PluginManage:310 - Check plugin projectmanager
2025-09-09 12:22:26,884 [INFO] PluginManage:359 - Loaded plugin projectmanager (category:projectmanager,tabindex:4)
2025-09-09 12:22:26,884 [INFO] PluginManage:310 - Check plugin rif
2025-09-09 12:22:26,892 [INFO] PluginManage:359 - Loaded plugin rif (category:base,tabindex:3)
2025-09-09 12:22:26,893 [INFO] PluginManage:310 - Check plugin thirdparty
2025-09-09 12:22:26,986 [INFO] PluginManage:359 - Loaded plugin thirdparty (category:base,tabindex:-1)
2025-09-09 12:22:26,986 [WARN] IntegrityCheckThread:84 - waiting for thirdparty lock release [integrity check]
2025-09-09 12:22:26,986 [INFO] IntegrityCheckThread:86 - entering critical section [integrity check]
2025-09-09 12:22:26,986 [INFO] PluginManage:310 - Check plugin tools
2025-09-09 12:22:26,987 [INFO] ThirdPartyUpdaterWithRetryManager:70 - Updater plugin not ready yet. [1/15]
2025-09-09 12:22:26,988 [INFO] PluginManage:359 - Loaded plugin tools (category:base,tabindex:7)
2025-09-09 12:22:26,988 [INFO] PluginManage:310 - Check plugin tutovideos
2025-09-09 12:22:27,131 [INFO] PluginManage:359 - Loaded plugin tutovideos (category:base,tabindex:-1)
2025-09-09 12:22:27,131 [INFO] PluginManage:310 - Check plugin updater
2025-09-09 12:22:27,150 [INFO] PluginManage:359 - Loaded plugin updater (category:base,tabindex:12)
2025-09-09 12:22:27,150 [INFO] PluginManage:310 - Check plugin userauth
2025-09-09 12:22:27,153 [INFO] UserAuth:118 - Init User Auth plugin
2025-09-09 12:22:27,154 [INFO] PluginManage:359 - Loaded plugin userauth (category:base,tabindex:14)
2025-09-09 12:22:27,154 [INFO] PluginManage:283 - PluginManage : Loaded plugins [18]
2025-09-09 12:22:27,286 [INFO] PinOutPanel:1589 - setPackage(No Configuration,No Configuration)
2025-09-09 12:22:27,337 [INFO] CADModel:165 - CPN selected for project level
2025-09-09 12:22:27,337 [INFO] CADModel:114 - Register for checkConnection events
2025-09-09 12:22:27,349 [INFO] IPUIPlugin:80 - create IPUIPlugin
2025-09-09 12:22:27,349 [INFO] PluginManager:220 - loadIPPluginJar : add ddr_ctrl_phy
2025-09-09 12:22:27,351 [INFO] IPUIPlugin:80 - create IPUIPlugin
2025-09-09 12:22:27,351 [INFO] PluginManager:220 - loadIPPluginJar : add aes
2025-09-09 12:22:27,356 [INFO] IPUIPlugin:80 - create IPUIPlugin
2025-09-09 12:22:27,357 [INFO] PluginManager:220 - loadIPPluginJar : add gic
2025-09-09 12:22:27,361 [INFO] IPUIPlugin:80 - create IPUIPlugin
2025-09-09 12:22:27,361 [INFO] PluginManager:220 - loadIPPluginJar : add resmgrutility
2025-09-09 12:22:27,362 [INFO] IPUIPlugin:80 - create IPUIPlugin
2025-09-09 12:22:27,362 [INFO] PluginManager:220 - loadIPPluginJar : add dma3
2025-09-09 12:22:27,364 [INFO] IPUIPlugin:80 - create IPUIPlugin
2025-09-09 12:22:27,364 [INFO] PluginManager:220 - loadIPPluginJar : add spi
2025-09-09 12:22:27,368 [INFO] IPUIPlugin:80 - create IPUIPlugin
2025-09-09 12:22:27,370 [INFO] PluginManager:220 - loadIPPluginJar : add plateformsettings
2025-09-09 12:22:27,371 [INFO] IPUIPlugin:80 - create IPUIPlugin
2025-09-09 12:22:27,372 [INFO] PluginManager:220 - loadIPPluginJar : add gtzc
2025-09-09 12:22:27,375 [INFO] IPUIPlugin:80 - create IPUIPlugin
2025-09-09 12:22:27,376 [INFO] PluginManager:220 - loadIPPluginJar : add freertos
2025-09-09 12:22:27,378 [INFO] IPUIPlugin:80 - create IPUIPlugin
2025-09-09 12:22:27,379 [INFO] PluginManager:220 - loadIPPluginJar : add fmc
2025-09-09 12:22:27,379 [INFO] IPUIPlugin:80 - create IPUIPlugin
2025-09-09 12:22:27,379 [INFO] PluginManager:220 - loadIPPluginJar : add quadspi
2025-09-09 12:22:27,380 [INFO] IPUIPlugin:80 - create IPUIPlugin
2025-09-09 12:22:27,381 [INFO] PluginManager:220 - loadIPPluginJar : add radio
2025-09-09 12:22:27,382 [INFO] IPUIPlugin:80 - create IPUIPlugin
2025-09-09 12:22:27,382 [INFO] PluginManager:220 - loadIPPluginJar : add fatfs
2025-09-09 12:22:27,387 [INFO] IPUIPlugin:80 - create IPUIPlugin
2025-09-09 12:22:27,387 [INFO] PluginManager:220 - loadIPPluginJar : add mdma
2025-09-09 12:22:27,388 [INFO] IPUIPlugin:80 - create IPUIPlugin
2025-09-09 12:22:27,388 [INFO] PluginManager:220 - loadIPPluginJar : add ltdc
2025-09-09 12:22:27,391 [INFO] IPUIPlugin:80 - create IPUIPlugin
2025-09-09 12:22:27,391 [INFO] PluginManager:220 - loadIPPluginJar : add gpio
2025-09-09 12:22:27,393 [INFO] IPUIPlugin:80 - create IPUIPlugin
2025-09-09 12:22:27,393 [INFO] PluginManager:220 - loadIPPluginJar : add opamp
2025-09-09 12:22:27,394 [INFO] IPUIPlugin:80 - create IPUIPlugin
2025-09-09 12:22:27,394 [INFO] PluginManager:220 - loadIPPluginJar : add usart
2025-09-09 12:22:27,396 [INFO] IPUIPlugin:80 - create IPUIPlugin
2025-09-09 12:22:27,396 [INFO] PluginManager:220 - loadIPPluginJar : add usbx
2025-09-09 12:22:27,397 [INFO] IPUIPlugin:80 - create IPUIPlugin
2025-09-09 12:22:27,397 [INFO] PluginManager:220 - loadIPPluginJar : add tim
2025-09-09 12:22:27,399 [INFO] IPUIPlugin:80 - create IPUIPlugin
2025-09-09 12:22:27,399 [INFO] PluginManager:220 - loadIPPluginJar : add lorawan
2025-09-09 12:22:27,400 [INFO] IPUIPlugin:80 - create IPUIPlugin
2025-09-09 12:22:27,400 [INFO] PluginManager:220 - loadIPPluginJar : add i2s
2025-09-09 12:22:27,405 [INFO] IPUIPlugin:80 - create IPUIPlugin
2025-09-09 12:22:27,405 [INFO] PluginManager:220 - loadIPPluginJar : add adc
2025-09-09 12:22:27,406 [INFO] IPUIPlugin:80 - create IPUIPlugin
2025-09-09 12:22:27,407 [INFO] PluginManager:220 - loadIPPluginJar : add extmemmanager
2025-09-09 12:22:27,408 [INFO] IPUIPlugin:80 - create IPUIPlugin
2025-09-09 12:22:27,408 [INFO] PluginManager:220 - loadIPPluginJar : add comp
2025-09-09 12:22:27,409 [INFO] IPUIPlugin:80 - create IPUIPlugin
2025-09-09 12:22:27,409 [INFO] PluginManager:220 - loadIPPluginJar : add genericplugin
2025-09-09 12:22:27,410 [INFO] IPUIPlugin:80 - create IPUIPlugin
2025-09-09 12:22:27,410 [INFO] PluginManager:220 - loadIPPluginJar : add ts
2025-09-09 12:22:27,411 [INFO] IPUIPlugin:80 - create IPUIPlugin
2025-09-09 12:22:27,411 [INFO] PluginManager:220 - loadIPPluginJar : add ucpd
2025-09-09 12:22:27,413 [INFO] IPUIPlugin:80 - create IPUIPlugin
2025-09-09 12:22:27,413 [INFO] PluginManager:220 - loadIPPluginJar : add can
2025-09-09 12:22:27,415 [INFO] IPUIPlugin:80 - create IPUIPlugin
2025-09-09 12:22:27,415 [INFO] PluginManager:220 - loadIPPluginJar : add touchsensing
2025-09-09 12:22:27,416 [INFO] IPUIPlugin:80 - create IPUIPlugin
2025-09-09 12:22:27,416 [INFO] PluginManager:220 - loadIPPluginJar : add tracer_emb
2025-09-09 12:22:27,420 [INFO] IPUIPlugin:80 - create IPUIPlugin
2025-09-09 12:22:27,420 [INFO] PluginManager:220 - loadIPPluginJar : add stm32_wpan
2025-09-09 12:22:27,421 [INFO] IPUIPlugin:80 - create IPUIPlugin
2025-09-09 12:22:27,421 [INFO] PluginManager:220 - loadIPPluginJar : add tsc
2025-09-09 12:22:27,422 [INFO] IPUIPlugin:80 - create IPUIPlugin
2025-09-09 12:22:27,422 [INFO] PluginManager:220 - loadIPPluginJar : add gfxmmu
2025-09-09 12:22:27,424 [INFO] IPUIPlugin:80 - create IPUIPlugin
2025-09-09 12:22:27,424 [INFO] PluginManager:220 - loadIPPluginJar : add ipddr
2025-09-09 12:22:27,426 [INFO] IPUIPlugin:80 - create IPUIPlugin
2025-09-09 12:22:27,426 [INFO] PluginManager:220 - loadIPPluginJar : add i2c
2025-09-09 12:22:27,428 [INFO] IPUIPlugin:80 - create IPUIPlugin
2025-09-09 12:22:27,428 [INFO] PluginManager:220 - loadIPPluginJar : add nvic
2025-09-09 12:22:27,430 [INFO] IPUIPlugin:80 - create IPUIPlugin
2025-09-09 12:22:27,430 [INFO] PluginManager:220 - loadIPPluginJar : add i3c
2025-09-09 12:22:27,431 [INFO] IPUIPlugin:80 - create IPUIPlugin
2025-09-09 12:22:27,431 [INFO] PluginManager:220 - loadIPPluginJar : add dfsdm
2025-09-09 12:22:27,432 [INFO] IPUIPlugin:80 - create IPUIPlugin
2025-09-09 12:22:27,432 [INFO] PluginManager:220 - loadIPPluginJar : add pdm2pcm
2025-09-09 12:22:27,434 [INFO] IPUIPlugin:80 - create IPUIPlugin
2025-09-09 12:22:27,434 [INFO] PluginManager:220 - loadIPPluginJar : add openamp
2025-09-09 12:22:27,437 [INFO] IPUIPlugin:80 - create IPUIPlugin
2025-09-09 12:22:27,437 [INFO] PluginManager:220 - loadIPPluginJar : add dma
2025-09-09 12:22:27,439 [INFO] IPUIPlugin:80 - create IPUIPlugin
2025-09-09 12:22:27,439 [INFO] PluginManager:220 - loadIPPluginJar : add sai
2025-09-09 12:22:27,440 [INFO] IPUIPlugin:80 - create IPUIPlugin
2025-09-09 12:22:27,440 [INFO] PluginManager:220 - loadIPPluginJar : add hash
2025-09-09 12:22:27,445 [INFO] IPUIPlugin:80 - create IPUIPlugin
2025-09-09 12:22:27,445 [INFO] PluginManager:220 - loadIPPluginJar : add linkedlist
2025-09-09 12:22:27,447 [INFO] IPUIPlugin:80 - create IPUIPlugin
2025-09-09 12:22:27,447 [INFO] PluginManager:220 - loadIPPluginJar : add cryp
2025-09-09 12:22:27,540 [FATAL] Updater:351 - Updater called before beeing initialized
2025-09-09 12:22:27,557 [INFO] RulesReader:64 - Compatibility file has been processed (317 Rules)
2025-09-09 12:22:27,564 [INFO] RulesReader:64 - Compatibility file has been processed (317 Rules)
2025-09-09 12:22:27,570 [INFO] CADModel:165 - CPN selected for project level
2025-09-09 12:22:27,570 [INFO] CADModel:114 - Register for checkConnection events
2025-09-09 12:22:27,570 [FATAL] Updater:351 - Updater called before beeing initialized
2025-09-09 12:22:27,570 [ERROR] CADModel:125 - Updater not yet initialized, retry later 
2025-09-09 12:22:27,673 [FATAL] Updater:351 - Updater called before beeing initialized
2025-09-09 12:22:27,674 [INFO] CADModel:165 - CPN selected for project level
2025-09-09 12:22:27,674 [INFO] CADModel:114 - Register for checkConnection events
2025-09-09 12:22:27,674 [FATAL] Updater:351 - Updater called before beeing initialized
2025-09-09 12:22:27,674 [ERROR] CADModel:125 - Updater not yet initialized, retry later 
2025-09-09 12:22:27,676 [FATAL] Updater:351 - Updater called before beeing initialized
2025-09-09 12:22:27,742 [FATAL] Updater:351 - Updater called before beeing initialized
2025-09-09 12:22:27,745 [INFO] DbMcusAds:53 - JSON generation date=Tue Jul 08 15:14:23 ICT 2025 (1751962463582)
2025-09-09 12:22:27,746 [FATAL] Updater:351 - Updater called before beeing initialized
2025-09-09 12:22:27,772 [WARN] DetailPanel:346 - Failed to get advertising image, set to default
2025-09-09 12:22:27,837 [FATAL] Updater:351 - Updater called before beeing initialized
2025-09-09 12:22:27,839 [FATAL] Updater:351 - Updater called before beeing initialized
2025-09-09 12:22:27,839 [FATAL] Updater:351 - Updater called before beeing initialized
2025-09-09 12:22:27,839 [WARN] DetailPanel:346 - Failed to get advertising image, set to default
2025-09-09 12:22:27,839 [FATAL] Updater:351 - Updater called before beeing initialized
2025-09-09 12:22:27,863 [ERROR] Updater:1198 - MainUpdater not yet initialized. External WinMGr cannot be set.
2025-09-09 12:22:27,864 [INFO] Updater:1134 - Updater Version found : 6.15.0
2025-09-09 12:22:27,879 [INFO] ApplicationProperties:184 - Using Application install path: /home/tuna/st/stm32cubeide_1.18.1/plugins/com.st.stm32cube.common.mx_6.15.0.202507011659
2025-09-09 12:22:28,149 [INFO] MainUpdater:2872 - connection check result : 10
2025-09-09 12:22:28,150 [INFO] MainUpdater:289 - Updater Check For Update Now.
2025-09-09 12:22:28,150 [INFO] MicroXplorer:498 - Change Database Version : DB.6.0.150
2025-09-09 12:22:28,154 [INFO] McuFinderGlobals:63 - Set McuFinder mode to 2 (CubeIDE integrated)
2025-09-09 12:22:28,154 [INFO] UserAuth:487 - Internet connection configuration mode: 1
2025-09-09 12:22:28,167 [INFO] JxBrowserEngine:152 - Initiate JxBrowser Engine with user profile folder
2025-09-09 12:22:28,303 [INFO] CheckServerUpdateThread:120 - End of CheckServer Thread
2025-09-09 12:22:28,991 [INFO] WebApp:169 - Instantiating new browser for Auth
2025-09-09 12:22:29,603 [INFO] WebApp:463 - Apply proxy settings
2025-09-09 12:22:29,603 [INFO] WebApp:548 - Chromium requires no authentication
2025-09-09 12:22:29,611 [INFO] WebApp:491 - Direct internet connection detected
2025-09-09 12:22:29,630 [INFO] WebApp:900 - Register for checkConnection events
2025-09-09 12:22:29,630 [INFO] WebApp:463 - Apply proxy settings
2025-09-09 12:22:29,630 [INFO] WebApp:548 - Chromium requires no authentication
2025-09-09 12:22:29,631 [INFO] WebApp:491 - Direct internet connection detected
2025-09-09 12:22:29,728 [INFO] WebApp:225 - Starting web application
2025-09-09 12:22:29,728 [INFO] WebApp:593 - Web application path used /home/tuna/st/stm32cubeide_1.18.1/plugins/com.st.stm32cube.common.mx_6.15.0.202507011659/db/plugins/mcufinder/reactClient1/index.html
2025-09-09 12:22:30,093 [WARN] PackLoader:240 - Cannot read IP mode file for STMicroelectronics.FP-SNS-MOTENVWB1.1.4.0
2025-09-09 12:22:30,097 [WARN] PackLoader:240 - Cannot read IP mode file for STMicroelectronics.FP-ATR-ASTRA1.2.0.2
2025-09-09 12:22:30,101 [WARN] PackLoader:240 - Cannot read IP mode file for STMicroelectronics.X-CUBE-SMBUS.2.1.0
2025-09-09 12:22:30,103 [WARN] PackLoader:240 - Cannot read IP mode file for STMicroelectronics.X-CUBE-ST60.1.0.0
2025-09-09 12:22:30,119 [WARN] PackLoader:240 - Cannot read IP mode file for STMicroelectronics.X-CUBE-AZRTOS-F7.1.1.0
2025-09-09 12:22:30,135 [WARN] PackLoader:240 - Cannot read IP mode file for Infineon.AIROC-Wi-Fi-Bluetooth-STM32.1.7.1
2025-09-09 12:22:30,162 [WARN] PackLoader:240 - Cannot read IP mode file for STMicroelectronics.X-CUBE-AZRTOS-H7.3.4.0
2025-09-09 12:22:30,170 [WARN] PackLoader:240 - Cannot read IP mode file for STMicroelectronics.X-CUBE-DISPLAY.3.0.0
2025-09-09 12:22:30,180 [WARN] PackLoader:240 - Cannot read IP mode file for STMicroelectronics.X-CUBE-NFC10.1.0.0
2025-09-09 12:22:30,184 [WARN] PackLoader:240 - Cannot read IP mode file for emotas.I-CUBE-CANOPEN.1.3.0
2025-09-09 12:22:30,188 [WARN] PackLoader:240 - Cannot read IP mode file for STMicroelectronics.FP-SNS-STBOX1.2.1.0
2025-09-09 12:22:30,192 [WARN] PackLoader:240 - Cannot read IP mode file for STMicroelectronics.FP-SNS-SMARTAG2.1.2.0
2025-09-09 12:22:30,194 [WARN] PackLoader:240 - Cannot read IP mode file for STMicroelectronics.FP-SNS-FLIGHT1.5.1.0
2025-09-09 12:22:30,200 [INFO] LogOutputStream:77 - [STDOUT_REDIRECT] 1 : Invalid condition id : UX_CORESTACK_Condition cause : null
2025-09-09 12:22:30,200 [INFO] LogOutputStream:77 - [STDOUT_REDIRECT] 1 : Invalid condition id : UX_CORESTACK_Condition cause : null
2025-09-09 12:22:30,200 [INFO] LogOutputStream:77 - [STDOUT_REDIRECT] 1 : Invalid condition id : UX_CORESTACK_Condition cause : null
2025-09-09 12:22:30,201 [INFO] LogOutputStream:77 - [STDOUT_REDIRECT] 1 : Invalid condition id : UX_CORESTACK_Condition cause : null
2025-09-09 12:22:30,201 [INFO] LogOutputStream:77 - [STDOUT_REDIRECT] 1 : Invalid condition id : UX_CORESTACK_Condition cause : null
2025-09-09 12:22:30,203 [WARN] PackLoader:240 - Cannot read IP mode file for STMicroelectronics.X-CUBE-AZRTOS-WL.2.0.0
2025-09-09 12:22:30,206 [WARN] PackLoader:240 - Cannot read IP mode file for STMicroelectronics.FP-SNS-MOTENV1.5.0.0
2025-09-09 12:22:30,212 [WARN] PackLoader:240 - Cannot read IP mode file for WES.I-CUBE-Cesium.1.3.0
2025-09-09 12:22:30,215 [WARN] PackLoader:240 - Cannot read IP mode file for STMicroelectronics.X-CUBE-BLE2.3.3.0
2025-09-09 12:22:30,219 [WARN] PackLoader:240 - Cannot read IP mode file for STMicroelectronics.X-CUBE-NFC9.1.0.0
2025-09-09 12:22:30,223 [WARN] PackLoader:240 - Cannot read IP mode file for wolfSSL.I-CUBE-wolfSSL.5.8.2
2025-09-09 12:22:30,226 [WARN] PackLoader:240 - Cannot read IP mode file for STMicroelectronics.X-CUBE-BLE1.7.1.0
2025-09-09 12:22:30,228 [WARN] PackLoader:240 - Cannot read IP mode file for wolfSSL.I-CUBE-wolfMQTT.1.19.2
2025-09-09 12:22:30,232 [WARN] PackLoader:240 - Cannot read IP mode file for STMicroelectronics.X-CUBE-EEPRMA1.5.2.0
2025-09-09 12:22:30,236 [WARN] PackLoader:240 - Cannot read IP mode file for STMicroelectronics.X-CUBE-AI.10.1.0
2025-09-09 12:22:30,243 [WARN] PackLoader:240 - Cannot read IP mode file for STMicroelectronics.X-CUBE-AZRTOS-G0.1.1.0
2025-09-09 12:22:30,248 [WARN] PackLoader:240 - Cannot read IP mode file for STMicroelectronics.X-CUBE-SAFEA1.1.2.2
2025-09-09 12:22:30,251 [WARN] PackLoader:240 - Cannot read IP mode file for STMicroelectronics.X-CUBE-NFC4.3.0.0
2025-09-09 12:22:30,256 [WARN] PackLoader:240 - Cannot read IP mode file for EmbeddedOffice.I-CUBE-FS-RTOS.1.0.1
2025-09-09 12:22:30,260 [WARN] PackLoader:240 - Cannot read IP mode file for STMicroelectronics.X-CUBE-WB05N.2.0.0
2025-09-09 12:22:30,263 [WARN] PackLoader:240 - Cannot read IP mode file for wolfSSL.I-CUBE-wolfTPM.3.8.0
2025-09-09 12:22:30,267 [WARN] PackLoader:240 - Cannot read IP mode file for STMicroelectronics.X-CUBE-TCPP.4.2.0
2025-09-09 12:22:30,271 [WARN] PackLoader:240 - Cannot read IP mode file for RealThread.X-CUBE-RT-Thread_Nano.4.1.1
2025-09-09 12:22:30,274 [WARN] PackLoader:240 - Cannot read IP mode file for STMicroelectronics.FP-ATR-SIGFOX1.3.2.0
2025-09-09 12:22:30,277 [WARN] PackLoader:240 - Cannot read IP mode file for ITTIA_DB.I-CUBE-ITTIADB.8.9.0
2025-09-09 12:22:30,281 [WARN] PackLoader:240 - Cannot read IP mode file for STMicroelectronics.X-CUBE-ST67W61.1.0.0
2025-09-09 12:22:30,284 [WARN] PackLoader:240 - Cannot read IP mode file for STMicroelectronics.X-CUBE-AI.10.2.0
2025-09-09 12:22:30,298 [WARN] PackLoader:240 - Cannot read IP mode file for SEGGER.I-CUBE-embOS.1.3.1
2025-09-09 12:22:30,318 [WARN] PackLoader:240 - Cannot read IP mode file for STMicroelectronics.X-CUBE-ALGOBUILD.1.4.0
2025-09-09 12:22:30,353 [WARN] PackLoader:240 - Cannot read IP mode file for STMicroelectronics.X-CUBE-MEMS1.11.3.0
2025-09-09 12:22:30,460 [WARN] PackLoader:240 - Cannot read IP mode file for STMicroelectronics.X-CUBE-PM33A1.1.0.0
2025-09-09 12:22:30,473 [WARN] PackLoader:240 - Cannot read IP mode file for STMicroelectronics.X-CUBE-AZRTOS-F4.1.1.0
2025-09-09 12:22:30,478 [WARN] PackLoader:240 - Cannot read IP mode file for Avnet-IotConnect.X-CUBE-IoTC-DA16k-PMOD.1.0.0
2025-09-09 12:22:30,481 [WARN] PackLoader:240 - Cannot read IP mode file for STMicroelectronics.X-CUBE-ISPU.2.1.0
2025-09-09 12:22:30,487 [WARN] PackLoader:240 - Cannot read IP mode file for STMicroelectronics.X-CUBE-NFC12.1.0.0
2025-09-09 12:22:30,497 [WARN] PackLoader:240 - Cannot read IP mode file for STMicroelectronics.X-CUBE-AZRTOS-L5.2.0.0
2025-09-09 12:22:30,504 [WARN] PackLoader:240 - Cannot read IP mode file for STMicroelectronics.X-CUBE-NFC6.3.1.0
2025-09-09 12:22:30,510 [WARN] PackLoader:240 - Cannot read IP mode file for STMicroelectronics.X-CUBE-FREERTOS.1.3.1
2025-09-09 12:22:30,514 [WARN] PackLoader:240 - Cannot read IP mode file for STMicroelectronics.FP-SNS-STAIOTCFT.1.0.0
2025-09-09 12:22:30,518 [WARN] PackLoader:240 - Cannot read IP mode file for STMicroelectronics.X-CUBE-DPower.1.3.0
2025-09-09 12:22:30,534 [WARN] ConditionMgr:438 - getConditionDescription Invalid condition id : LAN8742 Phy interface Condition cause : null
2025-09-09 12:22:30,534 [WARN] PackLoader:240 - Cannot read IP mode file for STMicroelectronics.X-CUBE-AZRTOS-L4.2.0.0
2025-09-09 12:22:30,535 [WARN] ConditionMgr:1044 - genDependencies : Invalid condition id : LAN8742 Phy interface Condition cause : null
2025-09-09 12:22:30,535 [WARN] ConditionMgr:1044 - genDependencies : Invalid condition id : LAN8742 Phy interface Condition cause : null
2025-09-09 12:22:30,535 [WARN] ConditionMgr:1044 - genDependencies : Invalid condition id : LAN8742 Phy interface Condition cause : null
2025-09-09 12:22:30,540 [WARN] PackLoader:240 - Cannot read IP mode file for STMicroelectronics.X-CUBE-SFXS2LP1.4.0.0
2025-09-09 12:22:30,547 [WARN] PackLoader:240 - Cannot read IP mode file for STMicroelectronics.X-CUBE-BLEMGR.4.1.0
2025-09-09 12:22:30,554 [WARN] ConditionMgr:438 - getConditionDescription Invalid condition id : UX DEVICE CLASS RTOS Condition cause : null
2025-09-09 12:22:30,554 [WARN] ConditionMgr:438 - getConditionDescription Invalid condition id : UX DEVICE CLASS RTOS Condition cause : null
2025-09-09 12:22:30,555 [WARN] PackLoader:240 - Cannot read IP mode file for STMicroelectronics.X-CUBE-AZRTOS-WB.2.0.0
2025-09-09 12:22:30,556 [WARN] ConditionMgr:1044 - genDependencies : Invalid condition id : UX DEVICE CLASS RTOS Condition cause : null
2025-09-09 12:22:30,556 [WARN] ConditionMgr:1044 - genDependencies : Invalid condition id : UX DEVICE CLASS RTOS Condition cause : null
2025-09-09 12:22:30,556 [WARN] ConditionMgr:1044 - genDependencies : Invalid condition id : UX DEVICE CLASS RTOS Condition cause : null
2025-09-09 12:22:30,556 [WARN] ConditionMgr:1044 - genDependencies : Invalid condition id : UX DEVICE CLASS RTOS Condition cause : null
2025-09-09 12:22:30,556 [WARN] ConditionMgr:1044 - genDependencies : Invalid condition id : UX DEVICE CLASS RTOS Condition cause : null
2025-09-09 12:22:30,560 [WARN] PackLoader:240 - Cannot read IP mode file for STMicroelectronics.X-CUBE-GNSS1.7.0.1
2025-09-09 12:22:30,566 [WARN] PackLoader:240 - Cannot read IP mode file for STMicroelectronics.X-CUBE-TOUCHGFX.4.25.0
2025-09-09 12:22:30,571 [WARN] PackLoader:240 - Cannot read IP mode file for STMicroelectronics.FP-SNS-STBOX1.2.0.0
2025-09-09 12:22:30,576 [WARN] ConditionMgr:438 - getConditionDescription Invalid condition id : Cortex-A Device cause : null
2025-09-09 12:22:30,586 [WARN] ConditionMgr:1044 - genDependencies : Invalid condition id : Cortex-A Device cause : null
2025-09-09 12:22:30,586 [WARN] ConditionMgr:1044 - genDependencies : Invalid condition id : Cortex-A Device cause : null
2025-09-09 12:22:30,586 [WARN] ConditionMgr:1044 - genDependencies : Invalid condition id : Cortex-A Device cause : null
2025-09-09 12:22:30,594 [WARN] PackLoader:240 - Cannot read IP mode file for STMicroelectronics.X-CUBE-SUBG2.5.0.0
2025-09-09 12:22:30,610 [WARN] PackLoader:240 - Cannot read IP mode file for STMicroelectronics.X-CUBE-AZRTOS-H7RS.1.1.0
2025-09-09 12:22:30,614 [WARN] PackLoader:240 - Cannot read IP mode file for Cesanta.I-CUBE-Mongoose.7.13.0
2025-09-09 12:22:30,620 [WARN] PackLoader:240 - Cannot read IP mode file for STMicroelectronics.X-CUBE-AZRTOS-G4.2.0.0
2025-09-09 12:22:30,622 [INFO] WebApp:191 - Connection restablished
2025-09-09 12:22:30,624 [WARN] PackLoader:240 - Cannot read IP mode file for wolfSSL.I-CUBE-wolfSSH.1.4.20
2025-09-09 12:22:30,627 [WARN] PackLoader:240 - Cannot read IP mode file for STMicroelectronics.X-CUBE-NFC7.2.0.0
2025-09-09 12:22:30,635 [WARN] PackLoader:240 - Cannot read IP mode file for STMicroelectronics.X-CUBE-IPS.3.1.0
2025-09-09 12:22:30,643 [WARN] PackLoader:240 - Cannot read IP mode file for STMicroelectronics.X-CUBE-ALS.1.0.2
2025-09-09 12:22:30,648 [WARN] PackLoader:240 - Cannot read IP mode file for STMicroelectronics.X-CUBE-STSE01.1.0.0
2025-09-09 12:22:30,653 [WARN] PackLoader:240 - Cannot read IP mode file for portGmbH.I-Cube-SoM-uGOAL.1.1.0
2025-09-09 12:22:30,661 [WARN] PackLoader:240 - Cannot read IP mode file for STMicroelectronics.X-CUBE-TOF1.3.4.3
2025-09-09 12:22:30,670 [INFO] ThirdParty:978 - Integrity check success = true
2025-09-09 12:22:30,670 [INFO] IntegrityCheckThread:100 - exiting critical section [integrity check]
2025-09-09 12:22:30,670 [INFO] IntegrityCheckThread:103 - End integrity checks thread
2025-09-09 12:22:30,804 [INFO] UserAuth:487 - Internet connection configuration mode: 1
2025-09-09 12:40:35,748 [INFO] McuFinderGlobals:63 - Set McuFinder mode to 2 (CubeIDE integrated)
2025-09-09 12:40:35,754 [INFO] MainUpdater:2872 - connection check result : 10
2025-09-09 12:40:35,755 [INFO] MainUpdater:2872 - connection check result : 10
2025-09-09 12:40:35,806 [INFO] MicroXplorer:468 - Change Database Path : 
2025-09-09 12:40:35,806 [INFO] MicroXplorer:498 - Change Database Version : DB.6.0.150
2025-09-09 12:40:35,814 [WARN] ThirdParty:871 - waiting for thirdparty lock release [close project]
2025-09-09 12:40:35,815 [INFO] ThirdParty:873 - entering critical section [close project]
2025-09-09 12:40:35,817 [INFO] ThirdParty:883 - exiting critical section [close project]
2025-09-09 12:40:35,820 [INFO] PinOutPanel:1589 - setPackage(No Configuration,No Configuration)
2025-09-09 12:40:35,825 [INFO] UtilMem:75 - Begin LoadConfig() Used Memory: 533636632 Bytes (775946240)
2025-09-09 12:40:35,828 [INFO] MicroXplorer:468 - Change Database Path : 
2025-09-09 12:40:35,828 [INFO] MicroXplorer:498 - Change Database Version : DB.6.0.150
2025-09-09 12:40:35,828 [INFO] OpenFileManager:355 - Change cursor
2025-09-09 12:40:35,895 [INFO] Mcu:2029 - Initializing MCU STM32G474R(B-C-E)Tx STM32G474RBTx STM32G474RBT6
2025-09-09 12:40:39,490 [INFO] Context:786 - Trying to add GPIOservice into a context  which must be forbidden
2025-09-09 12:40:41,268 [INFO] ImportTextPane:234 - (OptionalMessage_ERROR) Pin13 (VP_RIF_VS_RIF1) cannot be retrieved for this MCU
2025-09-09 12:40:41,375 [INFO] RtosManager:558 - Registered RTOS mode: class=CMSIS, group=RTOS, mode=CMSIS_V1, owner=FREERTOS
2025-09-09 12:40:41,375 [INFO] RtosManager:558 - Registered RTOS mode: class=CMSIS, group=RTOS2, mode=CMSIS_V2, owner=FREERTOS
2025-09-09 12:40:41,375 [INFO] RtosManager:558 - Registered RTOS mode: class=RTOS, group=Core, mode=CMSIS_V1, owner=FREERTOS
2025-09-09 12:40:41,375 [INFO] RtosManager:558 - Registered RTOS mode: class=RTOS, group=Core, mode=CMSIS_V2, owner=FREERTOS
2025-09-09 12:40:41,375 [WARN] ModelIntegratedComponent:184 - Missing modes for component STMicroelectronics:FreeRTOS:0.0.1:STMicroelectronics:RTOS:FreeRTOS:Core:::10.2.0:
2025-09-09 12:40:41,389 [WARN] ModelIntegratedComponent:63 - No mode defined for component null
2025-09-09 12:40:41,389 [WARN] ModelIntegratedComponent:63 - No mode defined for component null
2025-09-09 12:40:41,389 [WARN] ModelIntegratedComponent:63 - No mode defined for component null
2025-09-09 12:40:41,389 [WARN] ModelIntegratedComponent:63 - No mode defined for component null
2025-09-09 12:40:41,389 [WARN] ModelIntegratedComponent:63 - No mode defined for component null
2025-09-09 12:40:41,389 [WARN] ModelIntegratedComponent:63 - No mode defined for component null
2025-09-09 12:40:41,389 [WARN] ModelIntegratedComponent:63 - No mode defined for component null
2025-09-09 12:40:41,389 [WARN] ModelIntegratedComponent:63 - No mode defined for component null
2025-09-09 12:40:41,389 [WARN] ModelIntegratedComponent:63 - No mode defined for component null
2025-09-09 12:40:41,389 [WARN] ModelIntegratedComponent:63 - No mode defined for component null
2025-09-09 12:40:41,389 [WARN] ModelIntegratedComponent:63 - No mode defined for component null
2025-09-09 12:40:41,389 [WARN] ModelIntegratedComponent:63 - No mode defined for component null
2025-09-09 12:40:41,389 [WARN] ModelIntegratedComponent:63 - No mode defined for component null
2025-09-09 12:40:41,390 [WARN] ModelIntegratedComponent:63 - No mode defined for component null
2025-09-09 12:40:41,390 [WARN] ModelIntegratedComponent:63 - No mode defined for component null
2025-09-09 12:40:41,390 [WARN] ModelIntegratedComponent:63 - No mode defined for component null
2025-09-09 12:40:41,390 [WARN] ModelIntegratedComponent:63 - No mode defined for component null
2025-09-09 12:40:41,390 [WARN] ModelIntegratedComponent:63 - No mode defined for component null
2025-09-09 12:40:41,390 [WARN] ModelIntegratedComponent:63 - No mode defined for component null
2025-09-09 12:40:41,390 [WARN] ModelIntegratedComponent:63 - No mode defined for component null
2025-09-09 12:40:41,390 [WARN] ModelIntegratedComponent:63 - No mode defined for component null
2025-09-09 12:40:41,390 [WARN] ModelIntegratedComponent:63 - No mode defined for component null
2025-09-09 12:40:41,390 [WARN] ModelIntegratedComponent:63 - No mode defined for component null
2025-09-09 12:40:41,390 [WARN] ModelIntegratedComponent:63 - No mode defined for component null
2025-09-09 12:40:41,390 [WARN] ModelIntegratedComponent:63 - No mode defined for component null
2025-09-09 12:40:41,390 [WARN] ModelIntegratedComponent:63 - No mode defined for component null
2025-09-09 12:40:41,390 [WARN] ModelIntegratedComponent:63 - No mode defined for component null
2025-09-09 12:40:41,390 [WARN] ModelIntegratedComponent:63 - No mode defined for component null
2025-09-09 12:40:41,390 [WARN] ModelIntegratedComponent:63 - No mode defined for component null
2025-09-09 12:40:41,390 [WARN] ModelIntegratedComponent:63 - No mode defined for component null
2025-09-09 12:40:41,391 [WARN] ModelIntegratedComponent:63 - No mode defined for component null
2025-09-09 12:40:41,391 [WARN] ModelIntegratedComponent:63 - No mode defined for component null
2025-09-09 12:40:41,391 [WARN] ModelIntegratedComponent:63 - No mode defined for component null
2025-09-09 12:40:41,391 [WARN] ModelIntegratedComponent:63 - No mode defined for component null
2025-09-09 12:40:41,391 [WARN] ModelIntegratedComponent:63 - No mode defined for component null
2025-09-09 12:40:41,391 [WARN] ModelPack:524 - Component already loaded: STMicroelectronics:HAL Drivers:0.0.0:STMicroelectronics:Device:STMicro_Driver:XSPI:HAL::0.0.1:HAL_XSPI
2025-09-09 12:40:41,466 [INFO] ThirdPartyModel:298 - Start build external matchings
2025-09-09 12:40:41,745 [INFO] ThirdPartyModel:316 - End build external matchings
2025-09-09 12:40:41,759 [WARN] IP:2250 - MessageRAMOffset not found: check if there is a RefParameter without a condition.
2025-09-09 12:40:41,759 [WARN] IP:2250 - RxFifo0ElmtsNbr not found: check if there is a RefParameter without a condition.
2025-09-09 12:40:41,759 [WARN] IP:2250 - RxFifo0ElmtSize not found: check if there is a RefParameter without a condition.
2025-09-09 12:40:41,759 [WARN] IP:2250 - RxFifo1ElmtsNbr not found: check if there is a RefParameter without a condition.
2025-09-09 12:40:41,759 [WARN] IP:2250 - RxFifo1ElmtSize not found: check if there is a RefParameter without a condition.
2025-09-09 12:40:41,759 [WARN] IP:2250 - RxBuffersNbr not found: check if there is a RefParameter without a condition.
2025-09-09 12:40:41,759 [WARN] IP:2250 - RxBufferSize not found: check if there is a RefParameter without a condition.
2025-09-09 12:40:41,759 [WARN] IP:2250 - TxEventsNbr not found: check if there is a RefParameter without a condition.
2025-09-09 12:40:41,759 [WARN] IP:2250 - TxBuffersNbr not found: check if there is a RefParameter without a condition.
2025-09-09 12:40:41,760 [WARN] IP:2250 - TxFifoQueueElmtsNbr not found: check if there is a RefParameter without a condition.
2025-09-09 12:40:41,760 [WARN] IP:2250 - TxElmtSize not found: check if there is a RefParameter without a condition.
2025-09-09 12:40:41,760 [WARN] IP:2250 - ClockCalibrationCCU not found: check if there is a RefParameter without a condition.
2025-09-09 12:40:41,760 [WARN] IP:2250 - ClockDividerCCU not found: check if there is a RefParameter without a condition.
2025-09-09 12:40:41,760 [WARN] IP:2250 - MinOscClkPeriodsCCU not found: check if there is a RefParameter without a condition.
2025-09-09 12:40:41,760 [WARN] IP:2250 - TimeQuantaPerBitTimeCCU not found: check if there is a RefParameter without a condition.
2025-09-09 12:40:41,760 [WARN] IP:2250 - WatchdogStartValueCCU not found: check if there is a RefParameter without a condition.
2025-09-09 12:40:41,761 [INFO] ImportTextPane:234 - (OptionalMessage_ERROR) IP (RCC) : Invalid parameter (FamilyName)
2025-09-09 12:40:42,064 [INFO] ApiDb:581 - Connected to CubeFinder SQLite database (/home/tuna/.stmcufinder/plugins/mcufinder/mcu/cube-finder-db.db)
2025-09-09 12:40:42,122 [INFO] ApiDb:668 - CubeFinder database Data Model version=2.1
2025-09-09 12:40:42,122 [INFO] ApiDb:669 - CubeFinder database Configuration version=3.0.39
2025-09-09 12:40:42,123 [INFO] ApiDb:670 - CubeFinder database generation date=2025-07-24 (1753349077)
2025-09-09 12:40:42,124 [INFO] ApiDb:671 - CubeFinder database FW Pack versions=[FP-ATR-ASTRA1_V2.0.0, FP-SNS-FLIGHT1_V5.1.0, FP-SNS-MOTENV1_V5.0.0, FP-SNS-MOTENVWB1_V1.4.0, FP-SNS-SMARTAG2_V1.2.0, FP-SNS-STBOX1_V2.0.0, STM32Cube_FW_C0_V1.4.0, STM32Cube_FW_F4_V1.28.2, STM32Cube_FW_F7_V1.17.3, STM32Cube_FW_G0_V1.6.2, STM32Cube_FW_G4_V1.6.1, STM32Cube_FW_H5_V1.5.0, STM32Cube_FW_H7RS_V1.2.0, STM32Cube_FW_H7_V1.12.1, STM32Cube_FW_L0_V1.12.2, STM32Cube_FW_L4_V1.18.1, STM32Cube_FW_L5_V1.5.1, STM32Cube_FW_N6_V1.2.0, STM32Cube_FW_U0_V1.3.0, STM32Cube_FW_U3_V1.2.0, STM32Cube_FW_U5_V1.8.0, STM32Cube_FW_WB0_V1.3.0, STM32Cube_FW_WBA_V1.7.0, STM32Cube_FW_WB_V1.23.0, STM32Cube_FW_WL3_V1.2.0, STM32Cube_FW_WL_V1.3.1, X-CUBE-ALGOBUILD_V1.4.0, X-CUBE-ALS_V1.0.2, X-CUBE-AZRTOS-F4_V1.1.0, X-CUBE-AZRTOS-F7_V1.1.0, X-CUBE-AZRTOS-G0_V1.1.0, X-CUBE-AZRTOS-G4_V2.0.0, X-CUBE-AZRTOS-H7RS_V1.1.0, X-CUBE-AZRTOS-H7_V3.4.0, X-CUBE-AZRTOS-L4_V2.0.0, X-CUBE-AZRTOS-L5_V2.0.0, X-CUBE-AZRTOS-WB_V2.0.0, X-CUBE-AZRTOS-WL_V2.0.0, X-CUBE-BLE1_V7.1.0, X-CUBE-BLE2_V3.3.0, X-CUBE-BLEMGR_V4.1.0, X-CUBE-EEPRMA1_V5.2.0, X-CUBE-FREERTOS_V1.3.1, X-CUBE-GNSS1_V6.0.0, X-CUBE-MEMS1_V11.3.0, X-CUBE-NFC4_V3.0.0, X-CUBE-NFC7_V2.0.0, X-CUBE-SFXS2LP1_V4.0.0, X-CUBE-ST67W61_V1.0.0, X-CUBE-SUBG2_V5.0.0, X-CUBE-TOF1_V3.4.3]
2025-09-09 12:40:42,244 [INFO] DbBoardsSqlite:226 - include board P-NUCLEO-WB55-NUCLEO as a kit item of type 'Nucleo-64'
2025-09-09 12:40:42,244 [INFO] DbBoardsSqlite:226 - include board P-NUCLEO-WB55-USBDONGLE as a kit item of type 'Nucleo USB Dongle'
2025-09-09 12:40:42,246 [INFO] DbBoardsSqlite:226 - include board STEVAL-IDP005V1 as a kit item of type 'Evaluation Board'
2025-09-09 12:40:42,246 [INFO] DbBoardsSqlite:226 - include board STEVAL-IDP005V2 as a kit item of type 'Evaluation Board'
2025-09-09 12:40:42,420 [INFO] ApiDb:240 - Found 880 in-development CPN: [B-G473E-ZEST1S, B-WB1M-WPAN1, B-WBA5M-WPAN, B-WL5M-SUBG1, NUCLEO-C031C6, NUCLEO-C051C8, NUCLEO-C071RB, NUCLEO-C092RC, NUCLEO-H503RB, NUCLEO-H533RE, NUCLEO-H563ZI, NUCLEO-H7S3L8, NUCLEO-N657X0-Q, NUCLEO-U031R8, NUCLEO-U083RC, NUCLEO-U385RG-Q, NUCLEO-U545RE-Q, NUCLEO-U5A5ZJ-Q, NUCLEO-WB05KZ, NUCLEO-WB07CC, NUCLEO-WB09KE, NUCLEO-WBA52CG, NUCLEO-WBA55CG, NUCLEO-WL33CC1, NUCLEO-WL33CC2, STEVAL-PROTEUS1, STEVAL-SMARTAG2, STEVAL-STWINBX1, STM320518-EVAL, STM32C0116-DK, STM32C011D6Y3TR, STM32C011D6Y6TR, STM32C011F4P3, STM32C011F4P6, STM32C011F4U3, STM32C011F4U6TR, STM32C011F6P3, STM32C011F6P6, STM32C011F6U3, STM32C011F6U6TR, STM32C011J4M3, STM32C011J4M6, STM32C011J6M3, STM32C011J6M6, STM32C0316-DK, STM32C031C4T3, STM32C031C4T6, STM32C031C4U3, STM32C031C4U6, STM32C031C6T3, STM32C031C6T6, STM32C031C6U3, STM32C031C6U6, STM32C031F4P3, STM32C031F4P6, STM32C031F6P3, STM32C031F6P6, STM32C031G4U3, STM32C031G4U6, STM32C031G6U3, STM32C031G6U6, STM32C031K4T3, STM32C031K4T6, STM32C031K4U3, STM32C031K4U6, STM32C031K6T3, STM32C031K6T6, STM32C031K6U3, STM32C031K6U6, STM32C051C6T6, STM32C051C6U6, STM32C051C8T6, STM32C051C8U6, STM32C051D8Y6TR, STM32C051F6P6, STM32C051F8P6, STM32C051G6U6, STM32C051G8U6, STM32C051K6T6, STM32C051K6U6, STM32C051K8T6, STM32C071C8T6, STM32C071C8T6N, STM32C071C8U6, STM32C071C8U6N, STM32C071CBT6, STM32C071CBT6N, STM32C071CBU6, STM32C071CBU6N, STM32C071F8P6, STM32C071F8P6N, STM32C071FBP6, STM32C071FBP6N, STM32C071FBY6TR, STM32C071G8U6, STM32C071G8U6N, STM32C071GBU6, STM32C071GBU6N, STM32C071K8T6, STM32C071K8T6N, STM32C071K8U6, STM32C071K8U6N, STM32C071KBT6, STM32C071KBT6N, STM32C071KBU6, STM32C071KBU6N, STM32C071R8T6, STM32C071R8T6N, STM32C071RBI6N, STM32C071RBT6, STM32C071RBT6N, STM32C091CBT6, STM32C091CBU6, STM32C091CCT6, STM32C091CCU6, STM32C091ECY6TR, STM32C091FBP6, STM32C091FCP6, STM32C091GBU6, STM32C091GCU6, STM32C091KBT6, STM32C091KBU6, STM32C091KCT6, STM32C091KCU6, STM32C091RBT6, STM32C091RCI6, STM32C091RCT6, STM32C092CBT6, STM32C092CBU6, STM32C092CCT6, STM32C092CCU6, STM32C092ECY6TR, STM32C092FBP6, STM32C092FCP6, STM32C092GBU6, STM32C092GCU6, STM32C092KBT6, STM32C092KBU6, STM32C092KCT6, STM32C092KCU6, STM32C092RBT6, STM32C092RCI6, STM32C092RCT6, STM32G071K8TXN, STM32G071K8UXN, STM32G081GBU6N, STM32G081KBT6N, STM32G081KBUXN, STM32G0B1CCT6N, STM32G0B1KCT6, STM32G0B1NEY6TR, STM32G0B1RCT6N, STM32G0C1CCT6, STM32G0C1CCT6N, STM32G0C1CCU6N, STM32G0C1CET6N, STM32G0C1CEU6N, STM32G0C1KCT6, STM32G0C1NEY6TR, STM32G0C1RCI6N, STM32G0C1RCT6N, STM32G0C1REI6N, STM32G0C1RET6N, STM32G0C1VCI6, STM32G0C1VEI6, STM32G411C6T3, STM32G411C6T6, STM32G411C6U3, STM32G411C6U6, STM32G411C8T3, STM32G411C8T6, STM32G411C8U3, STM32G411C8U6, STM32G411CBT3, STM32G411CBT6, STM32G411CBU3, STM32G411CBU6, STM32G411K6T3, STM32G411K6T6, STM32G411K6U3, STM32G411K6U6, STM32G411K8T3, STM32G411K8T6, STM32G411K8U3, STM32G411K8U6, STM32G411KBT3, STM32G411KBT6, STM32G411KBU3, STM32G411KBU6, STM32G411M6T3, STM32G411M6T6, STM32G411M8T3, STM32G411M8T6, STM32G411MBT3, STM32G411MBT6, STM32G411R6T3, STM32G411R6T6, STM32G411R8T3, STM32G411R8T6, STM32G411RBT3, STM32G411RBT6, STM32G414CBT3, STM32G414CBT6, STM32G414CBU3, STM32G414CBU6, STM32G414CCT3, STM32G414CCT6, STM32G414CCU3, STM32G414CCU6, STM32G414MBT3, STM32G414MBT6, STM32G414MCT3, STM32G414MCT6, STM32G414RBT3, STM32G414RBT6, STM32G414RCT3, STM32G414RCT6, STM32G414VBT3, STM32G414VBT6, STM32G414VCT3, STM32G414VCT6, STM32G431CBT3Z, STM32G431RBT3Z, STM32G471CCT6, STM32G471CCU6, STM32G471CET3, STM32G471CET6, STM32G471CEU3, STM32G471CEU6, STM32G471MCT6, STM32G471MET3, STM32G471MET6, STM32G471MEY6TR, STM32G471QCT6, STM32G471QET3, STM32G471RCT6, STM32G471RET3, STM32G471RET6, STM32G471VCH6, STM32G471VCI6, STM32G471VCT6, STM32G471VEH3, STM32G471VEH6, STM32G471VEI3, STM32G471VEI6, STM32G471VET3, STM32G471VET6, STM32G473QET3Z, STM32G473RET3Z, STM32G474CCT6, STM32G491RET3Z, STM32H503CBT6, STM32H503CBU6, STM32H503EBY6TR, STM32H503KBU6, STM32H503RBT6, STM32H523CCT6, STM32H523CCU6, STM32H523CET6, STM32H523CEU6, STM32H523HEY6TR, STM32H523RCT6, STM32H523RET6, STM32H523VCI6, STM32H523VCT6, STM32H523VEI6, STM32H523VET6, STM32H523ZCJ6, STM32H523ZCT6, STM32H523ZEJ6, STM32H523ZET6, STM32H533CET6, STM32H533CEU6, STM32H533HEY6TR, STM32H533RET6, STM32H533VEI6, STM32H533VET6, STM32H533ZEJ6, STM32H533ZET6, STM32H562AGI6, STM32H562AII6, STM32H562IGK6, STM32H562IGT6, STM32H562IIK6, STM32H562IIT6, STM32H562RGT6, STM32H562RGV6, STM32H562RIT6, STM32H562RIV6, STM32H562VGT6, STM32H562VIT6, STM32H562ZGT6, STM32H562ZIT6, STM32H563AGI6, STM32H563AII3Q, STM32H563AII6, STM32H563IGK6, STM32H563IGT6, STM32H563IIK3Q, STM32H563IIK6, STM32H563IIT3Q, STM32H563IIT6, STM32H563MIY3QTR, STM32H563RGT6, STM32H563RGV6, STM32H563RIT6, STM32H563RIV6, STM32H563VGT6, STM32H563VIT3Q, STM32H563VIT6, STM32H563ZGT6, STM32H563ZIT3Q, STM32H563ZIT6, STM32H573AII3Q, STM32H573AII6, STM32H573I-DK, STM32H573IIK3Q, STM32H573IIK6, STM32H573IIT3Q, STM32H573IIT6, STM32H573MIY3QTR, STM32H573RIT6, STM32H573RIV6, STM32H573VIT3Q, STM32H573VIT6, STM32H573ZIT3Q, STM32H573ZIT6, STM32H7R3A8I6, STM32H7R3I8K6, STM32H7R3I8T6, STM32H7R3L8H6, STM32H7R3L8H6H, STM32H7R3R8V6, STM32H7R3V8H6, STM32H7R3V8T6, STM32H7R3V8Y6TR, STM32H7R3Z8J6, STM32H7R3Z8T6, STM32H7R7A8I6, STM32H7R7I8K6, STM32H7R7I8T6, STM32H7R7L8H6, STM32H7R7L8H6H, STM32H7R7Z8J6, STM32H7S3A8I6, STM32H7S3I8K6, STM32H7S3I8T6, STM32H7S3L8H6, STM32H7S3L8H6H, STM32H7S3R8V6, STM32H7S3V8H6, STM32H7S3V8T6, STM32H7S3V8Y6TR, STM32H7S3Z8J6, STM32H7S3Z8T6, STM32H7S78-DK, STM32H7S7A8I6, STM32H7S7I8K6, STM32H7S7I8T6, STM32H7S7L8H6, STM32H7S7L8H6H, STM32H7S7Z8J6, STM32L4R5QGI6STR, STM32MP131AAE3, STM32MP131AAF3, STM32MP131AAG3, STM32MP131CAE3, STM32MP131CAF3, STM32MP131CAG3, STM32MP131DAE7, STM32MP131DAF7, STM32MP131DAG7, STM32MP131FAE7, STM32MP131FAF7, STM32MP131FAG7, STM32MP133AAE3, STM32MP133AAF3, STM32MP133AAG3, STM32MP133CAE3, STM32MP133CAF3, STM32MP133CAG3, STM32MP133DAE7, STM32MP133DAF7, STM32MP133DAG7, STM32MP133FAE7, STM32MP133FAF7, STM32MP133FAG7, STM32MP135AAE3, STM32MP135AAF3, STM32MP135AAG3, STM32MP135CAE3, STM32MP135CAF3, STM32MP135CAG3, STM32MP135DAE7, STM32MP135DAF7, STM32MP135DAG7, STM32MP135F-DK, STM32MP135FAE7, STM32MP135FAF7, STM32MP135FAF7T, STM32MP135FAF7U, STM32MP135FAG7, STM32MP211AAL3, STM32MP211AAM3, STM32MP211AAN3, STM32MP211AAO3, STM32MP211CAL3, STM32MP211CAM3, STM32MP211CAN3, STM32MP211CAO3, STM32MP211DAL3, STM32MP211DAM3, STM32MP211DAN3, STM32MP211DAO3, STM32MP211FAL3, STM32MP211FAM3, STM32MP211FAN3, STM32MP211FAO3, STM32MP213AAL3, STM32MP213AAM3, STM32MP213AAN3, STM32MP213AAO3, STM32MP213CAL3, STM32MP213CAM3, STM32MP213CAN3, STM32MP213CAO3, STM32MP213DAL3, STM32MP213DAM3, STM32MP213DAN3, STM32MP213DAO3, STM32MP213FAL3, STM32MP213FAM3, STM32MP213FAN3, STM32MP213FAO3, STM32MP215AAL3, STM32MP215AAM3, STM32MP215AAN3, STM32MP215AAO3, STM32MP215CAL3, STM32MP215CAM3, STM32MP215CAN3, STM32MP215CAO3, STM32MP215DAL3, STM32MP215DAM3, STM32MP215DAN3, STM32MP215DAO3, STM32MP215F-DK, STM32MP215FAL3, STM32MP215FAM3, STM32MP215FAN3, STM32MP215FAO3, STM32MP231AAJ3, STM32MP231AAK3, STM32MP231AAL3, STM32MP231CAJ3, STM32MP231CAK3, STM32MP231CAL3, STM32MP231DAJ3, STM32MP231DAK3, STM32MP231DAL3, STM32MP231FAJ3, STM32MP231FAK3, STM32MP231FAL3, STM32MP233AAJ3, STM32MP233AAK3, STM32MP233AAL3, STM32MP233CAJ3, STM32MP233CAK3, STM32MP233CAL3, STM32MP233DAJ3, STM32MP233DAK3, STM32MP233DAL3, STM32MP233FAJ3, STM32MP233FAK3, STM32MP233FAL3, STM32MP235AAJ3, STM32MP235AAK3, STM32MP235AAL3, STM32MP235CAJ3, STM32MP235CAK3, STM32MP235CAL3, STM32MP235DAJ3, STM32MP235DAK3, STM32MP235DAL3, STM32MP235FAJ3, STM32MP235FAK3, STM32MP235FAL3, STM32MP251AAI3, STM32MP251AAK3, STM32MP251AAL3, STM32MP251CAI3, STM32MP251CAK3, STM32MP251CAL3, STM32MP251DAI3, STM32MP251DAK3, STM32MP251DAL3, STM32MP251FAI3, STM32MP251FAK3, STM32MP251FAL3, STM32MP253AAI3, STM32MP253AAK3, STM32MP253AAL3, STM32MP253CAI3, STM32MP253CAK3, STM32MP253CAL3, STM32MP253DAI3, STM32MP253DAK3, STM32MP253DAL3, STM32MP253FAI3, STM32MP253FAK3, STM32MP253FAL3, STM32MP255AAI3, STM32MP255AAK3, STM32MP255AAL3, STM32MP255CAI3, STM32MP255CAK3, STM32MP255CAL3, STM32MP255DAI3, STM32MP255DAK3, STM32MP255DAL3, STM32MP255FAI3, STM32MP255FAK3, STM32MP255FAL3, STM32MP257AAI3, STM32MP257AAK3, STM32MP257AAL3, STM32MP257CAI3, STM32MP257CAK3, STM32MP257CAL3, STM32MP257DAI3, STM32MP257DAK3, STM32MP257DAL3, STM32MP257F-DK, STM32MP257F-EV1, STM32MP257FAI3, STM32MP257FAK3, STM32MP257FAL3, STM32N645A0H3Q, STM32N645B0H3Q, STM32N645I0H3Q, STM32N645L0H3Q, STM32N645X0H3Q, STM32N645Z0H3Q, STM32N647A0H3Q, STM32N647B0H3Q, STM32N647I0H3Q, STM32N647L0H3Q, STM32N647X0H3Q, STM32N647Z0H3Q, STM32N655A0H3Q, STM32N655B0H3Q, STM32N655I0H3Q, STM32N655L0H3Q, STM32N655X0H3Q, STM32N655Z0H3Q, STM32N6570-DK, STM32N657A0H3Q, STM32N657B0H3Q, STM32N657I0H3Q, STM32N657L0H3Q, STM32N657X0H3Q, STM32N657Z0H3Q, STM32U031C6T6, STM32U031C6U6, STM32U031C8T6, STM32U031C8U6, STM32U031F4P6, STM32U031F6P6, STM32U031F8P6, STM32U031G6Y6TR, STM32U031G8Y6TR, STM32U031K4U6, STM32U031K6U6, STM32U031K8U6, STM32U031R6I6, STM32U031R6T6, STM32U031R8I6, STM32U031R8T6, STM32U073C8T6, STM32U073C8U6, STM32U073CBT6, STM32U073CBU6, STM32U073CCT6, STM32U073CCU6, STM32U073H8Y6TR, STM32U073HBY6TR, STM32U073HCY6TR, STM32U073K8U6, STM32U073KBU6, STM32U073KCU6, STM32U073M8I6, STM32U073M8T6, STM32U073MBI6, STM32U073MBT6, STM32U073MCI6, STM32U073MCT6, STM32U073R8I6, STM32U073R8T6, STM32U073RBI6, STM32U073RBT6, STM32U073RCI6, STM32U073RCT6, STM32U083C-DK, STM32U083CCT6, STM32U083CCU6, STM32U083HCY6TR, STM32U083KCU6, STM32U083MCI6, STM32U083MCT6, STM32U083RCI6, STM32U083RCT6, STM32U375CET6, STM32U375CET6Q, STM32U375CEU6, STM32U375CEU6Q, STM32U375CEY6QTR, STM32U375CGT6, STM32U375CGT6Q, STM32U375CGU6, STM32U375CGU6Q, STM32U375CGY6QTR, STM32U375KEU6, STM32U375KGU6, STM32U375REI6, STM32U375REI6Q, STM32U375RET6, STM32U375RET6Q, STM32U375REY6GTR, STM32U375REY6QTR, STM32U375RGI6, STM32U375RGI6Q, STM32U375RGT6, STM32U375RGT6Q, STM32U375RGY6GTR, STM32U375RGY6QTR, STM32U375VEI6, STM32U375VEI6Q, STM32U375VET6, STM32U375VET6Q, STM32U375VGI6, STM32U375VGI6Q, STM32U375VGT6, STM32U375VGT6Q, STM32U385CGT6, STM32U385CGT6Q, STM32U385CGU6, STM32U385CGU6Q, STM32U385CGY6QTR, STM32U385KGU6, STM32U385RGI6, STM32U385RGI6Q, STM32U385RGT6, STM32U385RGT6Q, STM32U385RGY6GTR, STM32U385RGY6QTR, STM32U385VGI6, STM32U385VGI6Q, STM32U385VGT6, STM32U385VGT6Q, STM32U535CBT6, STM32U535CBT6Q, STM32U535CBU6, STM32U535CBU6Q, STM32U535CCT6, STM32U535CCT6Q, STM32U535CCU6, STM32U535CCU6Q, STM32U535CET6, STM32U535CET6Q, STM32U535CEU6, STM32U535CEU6Q, STM32U535JEY6QTR, STM32U535NCY6QTR, STM32U535NEY6QTR, STM32U535RBI6, STM32U535RBI6Q, STM32U535RBT6, STM32U535RBT6Q, STM32U535RCI6, STM32U535RCI6Q, STM32U535RCT6, STM32U535RCT6Q, STM32U535REI6, STM32U535REI6Q, STM32U535RET6, STM32U535RET6Q, STM32U535VCI6, STM32U535VCI6Q, STM32U535VCT6, STM32U535VCT6Q, STM32U535VEI6, STM32U535VEI6Q, STM32U535VET6, STM32U535VET6Q, STM32U545CET6, STM32U545CET6Q, STM32U545CEU6, STM32U545CEU6Q, STM32U545JEY6QTR, STM32U545NEY6QTR, STM32U545REI6, STM32U545REI6Q, STM32U545RET6, STM32U545RET6Q, STM32U545VEI6, STM32U545VEI6Q, STM32U545VET6, STM32U545VET6Q, STM32U595AIH6, STM32U595AIH6Q, STM32U595AJH6, STM32U595AJH6Q, STM32U595QII6, STM32U595QII6Q, STM32U595QJI6, STM32U595QJI6Q, STM32U595RIT6, STM32U595RIT6Q, STM32U595RJT6, STM32U595RJT6Q, STM32U595VIT6, STM32U595VIT6Q, STM32U595VJT6, STM32U595VJT6Q, STM32U595ZIT6, STM32U595ZIT6Q, STM32U595ZIY6QTR, STM32U595ZJT6, STM32U595ZJT6Q, STM32U595ZJY6QTR, STM32U599BJY6QTR, STM32U599NIH6Q, STM32U599NJH6Q, STM32U599VIT6Q, STM32U599VJT6, STM32U599VJT6Q, STM32U599ZIT6Q, STM32U599ZIY6QTR, STM32U599ZJT6Q, STM32U599ZJY6QTR, STM32U5A5AJH6, STM32U5A5AJH6Q, STM32U5A5QII3Q , STM32U5A5QJI6, STM32U5A5QJI6Q, STM32U5A5RJT6, STM32U5A5RJT6Q, STM32U5A5VJT6, STM32U5A5VJT6Q, STM32U5A5ZJT6, STM32U5A5ZJT6Q, STM32U5A5ZJY6QTR, STM32U5A9BJY6QTR, STM32U5A9J-DK, STM32U5A9NJH6Q, STM32U5A9VJT6Q, STM32U5A9ZJT6Q, STM32U5A9ZJY6QTR, STM32U5F7VIT6, STM32U5F7VIT6Q, STM32U5F7VJT6, STM32U5F7VJT6Q, STM32U5F9BJY6QTR, STM32U5F9NJH6Q, STM32U5F9VIT6Q, STM32U5F9VJT6Q, STM32U5F9ZIJ6QTR, STM32U5F9ZIT6Q, STM32U5F9ZJJ6QTR, STM32U5F9ZJT6Q, STM32U5G7VJT6, STM32U5G7VJT6Q, STM32U5G9BJY6QTR, STM32U5G9J-DK1, STM32U5G9J-DK2, STM32U5G9NJH6Q, STM32U5G9VJT6Q, STM32U5G9ZJJ6QTR, STM32U5G9ZJT6Q, STM32WB05KZV6TR, STM32WB05KZV7TR, STM32WB05TZF6TR, STM32WB05TZF7TR, STM32WB06CCF6TR, STM32WB06CCF7TR, STM32WB06CCV6TR, STM32WB06CCV7TR, STM32WB06KCV6TR, STM32WB06KCV7TR, STM32WB07CCF6TR, STM32WB07CCF7TR, STM32WB07CCV6TR, STM32WB07CCV7TR, STM32WB07KCV6TR, STM32WB07KCV7TR, STM32WB09KEV6TR, STM32WB09KEV7TR, STM32WB09TEF6TR, STM32WB09TEF7TR, STM32WB1MMCH6, STM32WBA50KGU6, STM32WBA50KGU6TR, STM32WBA52CEU6, STM32WBA52CEU6TR, STM32WBA52CEU7, STM32WBA52CEU7TR, STM32WBA52CGU6, STM32WBA52CGU6TR, STM32WBA52CGU6U, STM32WBA52CGU7, STM32WBA52CGU7TR, STM32WBA52KEU6, STM32WBA52KEU6TR, STM32WBA52KGU6, STM32WBA52KGU6TR, STM32WBA54CEU6, STM32WBA54CEU6TR, STM32WBA54CEU7, STM32WBA54CEU7TR, STM32WBA54CGU6, STM32WBA54CGU6TR, STM32WBA54CGU7, STM32WBA54CGU7TR, STM32WBA54KEU6, STM32WBA54KEU6TR, STM32WBA54KEU7, STM32WBA54KEU7TR, STM32WBA54KGU6, STM32WBA54KGU6TR, STM32WBA54KGU7, STM32WBA54KGU7TR, STM32WBA55CEU6, STM32WBA55CEU6TR, STM32WBA55CEU7, STM32WBA55CEU7TR, STM32WBA55CGU6, STM32WBA55CGU6TR, STM32WBA55CGU6U, STM32WBA55CGU7, STM32WBA55CGU7TR, STM32WBA55G-DK1, STM32WBA55HEF6, STM32WBA55HEF7, STM32WBA55HGF6, STM32WBA55HGF7, STM32WBA55UEI6, STM32WBA55UEI6TR, STM32WBA55UEI7, STM32WBA55UEI7TR, STM32WBA55UGI6, STM32WBA55UGI6TR, STM32WBA55UGI7, STM32WBA55UGI7TR, STM32WBA5MMGH6TR, STM32WBA62MGF6, STM32WBA62MIF6, STM32WBA65MGF7, STM32WBA65MIF6, STM32WBA65MIF7, STM32WL30K8V6, STM32WL30KBV6, STM32WL31C8V6, STM32WL31CBV6, STM32WL31K8V6, STM32WL31KBV6, STM32WL33C8V6, STM32WL33C8V6X, STM32WL33CBV6, STM32WL33CBV6X, STM32WL33CCV6, STM32WL33CCV6A, STM32WL33CCV6X, STM32WL33K8V7, STM32WL33K8V7X, STM32WL33KBV7 , STM32WL33KBV7X, STM32WL33KCV7, STM32WL33KCV7X, STM32WL5MOCH6, STM32WL5MOCH6TR]
2025-09-09 12:40:42,496 [INFO] BoardInfo:889 - No configuration file found for board P-NUCLEO-WB55
2025-09-09 12:40:42,496 [INFO] DbBoards:161 - Kit is not supported: P-NUCLEO-WB55
2025-09-09 12:40:42,499 [INFO] BoardInfo:889 - No configuration file found for board STEVAL-BFA001V1B
2025-09-09 12:40:42,499 [INFO] DbBoards:161 - Kit is not supported: STEVAL-BFA001V1B
2025-09-09 12:40:42,500 [INFO] BoardInfo:889 - No configuration file found for board STEVAL-BFA001V2B
2025-09-09 12:40:42,500 [INFO] DbBoards:161 - Kit is not supported: STEVAL-BFA001V2B
2025-09-09 12:40:42,572 [INFO] DbBoards:168 - Found 212 boards, 209 are supported
2025-09-09 12:40:42,572 [INFO] DbBoards:169 - Found 212 boards, 43 of them is supported for  Bsp
2025-09-09 12:40:42,576 [INFO] ApiDb:668 - CubeFinder database Data Model version=2.1
2025-09-09 12:40:42,576 [INFO] ApiDb:669 - CubeFinder database Configuration version=3.0.39
2025-09-09 12:40:42,576 [INFO] ApiDb:670 - CubeFinder database generation date=2025-07-24 (1753349077)
2025-09-09 12:40:42,576 [INFO] ApiDb:671 - CubeFinder database FW Pack versions=[FP-ATR-ASTRA1_V2.0.0, FP-SNS-FLIGHT1_V5.1.0, FP-SNS-MOTENV1_V5.0.0, FP-SNS-MOTENVWB1_V1.4.0, FP-SNS-SMARTAG2_V1.2.0, FP-SNS-STBOX1_V2.0.0, STM32Cube_FW_C0_V1.4.0, STM32Cube_FW_F4_V1.28.2, STM32Cube_FW_F7_V1.17.3, STM32Cube_FW_G0_V1.6.2, STM32Cube_FW_G4_V1.6.1, STM32Cube_FW_H5_V1.5.0, STM32Cube_FW_H7RS_V1.2.0, STM32Cube_FW_H7_V1.12.1, STM32Cube_FW_L0_V1.12.2, STM32Cube_FW_L4_V1.18.1, STM32Cube_FW_L5_V1.5.1, STM32Cube_FW_N6_V1.2.0, STM32Cube_FW_U0_V1.3.0, STM32Cube_FW_U3_V1.2.0, STM32Cube_FW_U5_V1.8.0, STM32Cube_FW_WB0_V1.3.0, STM32Cube_FW_WBA_V1.7.0, STM32Cube_FW_WB_V1.23.0, STM32Cube_FW_WL3_V1.2.0, STM32Cube_FW_WL_V1.3.1, X-CUBE-ALGOBUILD_V1.4.0, X-CUBE-ALS_V1.0.2, X-CUBE-AZRTOS-F4_V1.1.0, X-CUBE-AZRTOS-F7_V1.1.0, X-CUBE-AZRTOS-G0_V1.1.0, X-CUBE-AZRTOS-G4_V2.0.0, X-CUBE-AZRTOS-H7RS_V1.1.0, X-CUBE-AZRTOS-H7_V3.4.0, X-CUBE-AZRTOS-L4_V2.0.0, X-CUBE-AZRTOS-L5_V2.0.0, X-CUBE-AZRTOS-WB_V2.0.0, X-CUBE-AZRTOS-WL_V2.0.0, X-CUBE-BLE1_V7.1.0, X-CUBE-BLE2_V3.3.0, X-CUBE-BLEMGR_V4.1.0, X-CUBE-EEPRMA1_V5.2.0, X-CUBE-FREERTOS_V1.3.1, X-CUBE-GNSS1_V6.0.0, X-CUBE-MEMS1_V11.3.0, X-CUBE-NFC4_V3.0.0, X-CUBE-NFC7_V2.0.0, X-CUBE-SFXS2LP1_V4.0.0, X-CUBE-ST67W61_V1.0.0, X-CUBE-SUBG2_V5.0.0, X-CUBE-TOF1_V3.4.3]
2025-09-09 12:40:44,281 [INFO] ApiDb:240 - Found 880 in-development CPN: [B-G473E-ZEST1S, B-WB1M-WPAN1, B-WBA5M-WPAN, B-WL5M-SUBG1, NUCLEO-C031C6, NUCLEO-C051C8, NUCLEO-C071RB, NUCLEO-C092RC, NUCLEO-H503RB, NUCLEO-H533RE, NUCLEO-H563ZI, NUCLEO-H7S3L8, NUCLEO-N657X0-Q, NUCLEO-U031R8, NUCLEO-U083RC, NUCLEO-U385RG-Q, NUCLEO-U545RE-Q, NUCLEO-U5A5ZJ-Q, NUCLEO-WB05KZ, NUCLEO-WB07CC, NUCLEO-WB09KE, NUCLEO-WBA52CG, NUCLEO-WBA55CG, NUCLEO-WL33CC1, NUCLEO-WL33CC2, STEVAL-PROTEUS1, STEVAL-SMARTAG2, STEVAL-STWINBX1, STM320518-EVAL, STM32C0116-DK, STM32C011D6Y3TR, STM32C011D6Y6TR, STM32C011F4P3, STM32C011F4P6, STM32C011F4U3, STM32C011F4U6TR, STM32C011F6P3, STM32C011F6P6, STM32C011F6U3, STM32C011F6U6TR, STM32C011J4M3, STM32C011J4M6, STM32C011J6M3, STM32C011J6M6, STM32C0316-DK, STM32C031C4T3, STM32C031C4T6, STM32C031C4U3, STM32C031C4U6, STM32C031C6T3, STM32C031C6T6, STM32C031C6U3, STM32C031C6U6, STM32C031F4P3, STM32C031F4P6, STM32C031F6P3, STM32C031F6P6, STM32C031G4U3, STM32C031G4U6, STM32C031G6U3, STM32C031G6U6, STM32C031K4T3, STM32C031K4T6, STM32C031K4U3, STM32C031K4U6, STM32C031K6T3, STM32C031K6T6, STM32C031K6U3, STM32C031K6U6, STM32C051C6T6, STM32C051C6U6, STM32C051C8T6, STM32C051C8U6, STM32C051D8Y6TR, STM32C051F6P6, STM32C051F8P6, STM32C051G6U6, STM32C051G8U6, STM32C051K6T6, STM32C051K6U6, STM32C051K8T6, STM32C071C8T6, STM32C071C8T6N, STM32C071C8U6, STM32C071C8U6N, STM32C071CBT6, STM32C071CBT6N, STM32C071CBU6, STM32C071CBU6N, STM32C071F8P6, STM32C071F8P6N, STM32C071FBP6, STM32C071FBP6N, STM32C071FBY6TR, STM32C071G8U6, STM32C071G8U6N, STM32C071GBU6, STM32C071GBU6N, STM32C071K8T6, STM32C071K8T6N, STM32C071K8U6, STM32C071K8U6N, STM32C071KBT6, STM32C071KBT6N, STM32C071KBU6, STM32C071KBU6N, STM32C071R8T6, STM32C071R8T6N, STM32C071RBI6N, STM32C071RBT6, STM32C071RBT6N, STM32C091CBT6, STM32C091CBU6, STM32C091CCT6, STM32C091CCU6, STM32C091ECY6TR, STM32C091FBP6, STM32C091FCP6, STM32C091GBU6, STM32C091GCU6, STM32C091KBT6, STM32C091KBU6, STM32C091KCT6, STM32C091KCU6, STM32C091RBT6, STM32C091RCI6, STM32C091RCT6, STM32C092CBT6, STM32C092CBU6, STM32C092CCT6, STM32C092CCU6, STM32C092ECY6TR, STM32C092FBP6, STM32C092FCP6, STM32C092GBU6, STM32C092GCU6, STM32C092KBT6, STM32C092KBU6, STM32C092KCT6, STM32C092KCU6, STM32C092RBT6, STM32C092RCI6, STM32C092RCT6, STM32G071K8TXN, STM32G071K8UXN, STM32G081GBU6N, STM32G081KBT6N, STM32G081KBUXN, STM32G0B1CCT6N, STM32G0B1KCT6, STM32G0B1NEY6TR, STM32G0B1RCT6N, STM32G0C1CCT6, STM32G0C1CCT6N, STM32G0C1CCU6N, STM32G0C1CET6N, STM32G0C1CEU6N, STM32G0C1KCT6, STM32G0C1NEY6TR, STM32G0C1RCI6N, STM32G0C1RCT6N, STM32G0C1REI6N, STM32G0C1RET6N, STM32G0C1VCI6, STM32G0C1VEI6, STM32G411C6T3, STM32G411C6T6, STM32G411C6U3, STM32G411C6U6, STM32G411C8T3, STM32G411C8T6, STM32G411C8U3, STM32G411C8U6, STM32G411CBT3, STM32G411CBT6, STM32G411CBU3, STM32G411CBU6, STM32G411K6T3, STM32G411K6T6, STM32G411K6U3, STM32G411K6U6, STM32G411K8T3, STM32G411K8T6, STM32G411K8U3, STM32G411K8U6, STM32G411KBT3, STM32G411KBT6, STM32G411KBU3, STM32G411KBU6, STM32G411M6T3, STM32G411M6T6, STM32G411M8T3, STM32G411M8T6, STM32G411MBT3, STM32G411MBT6, STM32G411R6T3, STM32G411R6T6, STM32G411R8T3, STM32G411R8T6, STM32G411RBT3, STM32G411RBT6, STM32G414CBT3, STM32G414CBT6, STM32G414CBU3, STM32G414CBU6, STM32G414CCT3, STM32G414CCT6, STM32G414CCU3, STM32G414CCU6, STM32G414MBT3, STM32G414MBT6, STM32G414MCT3, STM32G414MCT6, STM32G414RBT3, STM32G414RBT6, STM32G414RCT3, STM32G414RCT6, STM32G414VBT3, STM32G414VBT6, STM32G414VCT3, STM32G414VCT6, STM32G431CBT3Z, STM32G431RBT3Z, STM32G471CCT6, STM32G471CCU6, STM32G471CET3, STM32G471CET6, STM32G471CEU3, STM32G471CEU6, STM32G471MCT6, STM32G471MET3, STM32G471MET6, STM32G471MEY6TR, STM32G471QCT6, STM32G471QET3, STM32G471RCT6, STM32G471RET3, STM32G471RET6, STM32G471VCH6, STM32G471VCI6, STM32G471VCT6, STM32G471VEH3, STM32G471VEH6, STM32G471VEI3, STM32G471VEI6, STM32G471VET3, STM32G471VET6, STM32G473QET3Z, STM32G473RET3Z, STM32G474CCT6, STM32G491RET3Z, STM32H503CBT6, STM32H503CBU6, STM32H503EBY6TR, STM32H503KBU6, STM32H503RBT6, STM32H523CCT6, STM32H523CCU6, STM32H523CET6, STM32H523CEU6, STM32H523HEY6TR, STM32H523RCT6, STM32H523RET6, STM32H523VCI6, STM32H523VCT6, STM32H523VEI6, STM32H523VET6, STM32H523ZCJ6, STM32H523ZCT6, STM32H523ZEJ6, STM32H523ZET6, STM32H533CET6, STM32H533CEU6, STM32H533HEY6TR, STM32H533RET6, STM32H533VEI6, STM32H533VET6, STM32H533ZEJ6, STM32H533ZET6, STM32H562AGI6, STM32H562AII6, STM32H562IGK6, STM32H562IGT6, STM32H562IIK6, STM32H562IIT6, STM32H562RGT6, STM32H562RGV6, STM32H562RIT6, STM32H562RIV6, STM32H562VGT6, STM32H562VIT6, STM32H562ZGT6, STM32H562ZIT6, STM32H563AGI6, STM32H563AII3Q, STM32H563AII6, STM32H563IGK6, STM32H563IGT6, STM32H563IIK3Q, STM32H563IIK6, STM32H563IIT3Q, STM32H563IIT6, STM32H563MIY3QTR, STM32H563RGT6, STM32H563RGV6, STM32H563RIT6, STM32H563RIV6, STM32H563VGT6, STM32H563VIT3Q, STM32H563VIT6, STM32H563ZGT6, STM32H563ZIT3Q, STM32H563ZIT6, STM32H573AII3Q, STM32H573AII6, STM32H573I-DK, STM32H573IIK3Q, STM32H573IIK6, STM32H573IIT3Q, STM32H573IIT6, STM32H573MIY3QTR, STM32H573RIT6, STM32H573RIV6, STM32H573VIT3Q, STM32H573VIT6, STM32H573ZIT3Q, STM32H573ZIT6, STM32H7R3A8I6, STM32H7R3I8K6, STM32H7R3I8T6, STM32H7R3L8H6, STM32H7R3L8H6H, STM32H7R3R8V6, STM32H7R3V8H6, STM32H7R3V8T6, STM32H7R3V8Y6TR, STM32H7R3Z8J6, STM32H7R3Z8T6, STM32H7R7A8I6, STM32H7R7I8K6, STM32H7R7I8T6, STM32H7R7L8H6, STM32H7R7L8H6H, STM32H7R7Z8J6, STM32H7S3A8I6, STM32H7S3I8K6, STM32H7S3I8T6, STM32H7S3L8H6, STM32H7S3L8H6H, STM32H7S3R8V6, STM32H7S3V8H6, STM32H7S3V8T6, STM32H7S3V8Y6TR, STM32H7S3Z8J6, STM32H7S3Z8T6, STM32H7S78-DK, STM32H7S7A8I6, STM32H7S7I8K6, STM32H7S7I8T6, STM32H7S7L8H6, STM32H7S7L8H6H, STM32H7S7Z8J6, STM32L4R5QGI6STR, STM32MP131AAE3, STM32MP131AAF3, STM32MP131AAG3, STM32MP131CAE3, STM32MP131CAF3, STM32MP131CAG3, STM32MP131DAE7, STM32MP131DAF7, STM32MP131DAG7, STM32MP131FAE7, STM32MP131FAF7, STM32MP131FAG7, STM32MP133AAE3, STM32MP133AAF3, STM32MP133AAG3, STM32MP133CAE3, STM32MP133CAF3, STM32MP133CAG3, STM32MP133DAE7, STM32MP133DAF7, STM32MP133DAG7, STM32MP133FAE7, STM32MP133FAF7, STM32MP133FAG7, STM32MP135AAE3, STM32MP135AAF3, STM32MP135AAG3, STM32MP135CAE3, STM32MP135CAF3, STM32MP135CAG3, STM32MP135DAE7, STM32MP135DAF7, STM32MP135DAG7, STM32MP135F-DK, STM32MP135FAE7, STM32MP135FAF7, STM32MP135FAF7T, STM32MP135FAF7U, STM32MP135FAG7, STM32MP211AAL3, STM32MP211AAM3, STM32MP211AAN3, STM32MP211AAO3, STM32MP211CAL3, STM32MP211CAM3, STM32MP211CAN3, STM32MP211CAO3, STM32MP211DAL3, STM32MP211DAM3, STM32MP211DAN3, STM32MP211DAO3, STM32MP211FAL3, STM32MP211FAM3, STM32MP211FAN3, STM32MP211FAO3, STM32MP213AAL3, STM32MP213AAM3, STM32MP213AAN3, STM32MP213AAO3, STM32MP213CAL3, STM32MP213CAM3, STM32MP213CAN3, STM32MP213CAO3, STM32MP213DAL3, STM32MP213DAM3, STM32MP213DAN3, STM32MP213DAO3, STM32MP213FAL3, STM32MP213FAM3, STM32MP213FAN3, STM32MP213FAO3, STM32MP215AAL3, STM32MP215AAM3, STM32MP215AAN3, STM32MP215AAO3, STM32MP215CAL3, STM32MP215CAM3, STM32MP215CAN3, STM32MP215CAO3, STM32MP215DAL3, STM32MP215DAM3, STM32MP215DAN3, STM32MP215DAO3, STM32MP215F-DK, STM32MP215FAL3, STM32MP215FAM3, STM32MP215FAN3, STM32MP215FAO3, STM32MP231AAJ3, STM32MP231AAK3, STM32MP231AAL3, STM32MP231CAJ3, STM32MP231CAK3, STM32MP231CAL3, STM32MP231DAJ3, STM32MP231DAK3, STM32MP231DAL3, STM32MP231FAJ3, STM32MP231FAK3, STM32MP231FAL3, STM32MP233AAJ3, STM32MP233AAK3, STM32MP233AAL3, STM32MP233CAJ3, STM32MP233CAK3, STM32MP233CAL3, STM32MP233DAJ3, STM32MP233DAK3, STM32MP233DAL3, STM32MP233FAJ3, STM32MP233FAK3, STM32MP233FAL3, STM32MP235AAJ3, STM32MP235AAK3, STM32MP235AAL3, STM32MP235CAJ3, STM32MP235CAK3, STM32MP235CAL3, STM32MP235DAJ3, STM32MP235DAK3, STM32MP235DAL3, STM32MP235FAJ3, STM32MP235FAK3, STM32MP235FAL3, STM32MP251AAI3, STM32MP251AAK3, STM32MP251AAL3, STM32MP251CAI3, STM32MP251CAK3, STM32MP251CAL3, STM32MP251DAI3, STM32MP251DAK3, STM32MP251DAL3, STM32MP251FAI3, STM32MP251FAK3, STM32MP251FAL3, STM32MP253AAI3, STM32MP253AAK3, STM32MP253AAL3, STM32MP253CAI3, STM32MP253CAK3, STM32MP253CAL3, STM32MP253DAI3, STM32MP253DAK3, STM32MP253DAL3, STM32MP253FAI3, STM32MP253FAK3, STM32MP253FAL3, STM32MP255AAI3, STM32MP255AAK3, STM32MP255AAL3, STM32MP255CAI3, STM32MP255CAK3, STM32MP255CAL3, STM32MP255DAI3, STM32MP255DAK3, STM32MP255DAL3, STM32MP255FAI3, STM32MP255FAK3, STM32MP255FAL3, STM32MP257AAI3, STM32MP257AAK3, STM32MP257AAL3, STM32MP257CAI3, STM32MP257CAK3, STM32MP257CAL3, STM32MP257DAI3, STM32MP257DAK3, STM32MP257DAL3, STM32MP257F-DK, STM32MP257F-EV1, STM32MP257FAI3, STM32MP257FAK3, STM32MP257FAL3, STM32N645A0H3Q, STM32N645B0H3Q, STM32N645I0H3Q, STM32N645L0H3Q, STM32N645X0H3Q, STM32N645Z0H3Q, STM32N647A0H3Q, STM32N647B0H3Q, STM32N647I0H3Q, STM32N647L0H3Q, STM32N647X0H3Q, STM32N647Z0H3Q, STM32N655A0H3Q, STM32N655B0H3Q, STM32N655I0H3Q, STM32N655L0H3Q, STM32N655X0H3Q, STM32N655Z0H3Q, STM32N6570-DK, STM32N657A0H3Q, STM32N657B0H3Q, STM32N657I0H3Q, STM32N657L0H3Q, STM32N657X0H3Q, STM32N657Z0H3Q, STM32U031C6T6, STM32U031C6U6, STM32U031C8T6, STM32U031C8U6, STM32U031F4P6, STM32U031F6P6, STM32U031F8P6, STM32U031G6Y6TR, STM32U031G8Y6TR, STM32U031K4U6, STM32U031K6U6, STM32U031K8U6, STM32U031R6I6, STM32U031R6T6, STM32U031R8I6, STM32U031R8T6, STM32U073C8T6, STM32U073C8U6, STM32U073CBT6, STM32U073CBU6, STM32U073CCT6, STM32U073CCU6, STM32U073H8Y6TR, STM32U073HBY6TR, STM32U073HCY6TR, STM32U073K8U6, STM32U073KBU6, STM32U073KCU6, STM32U073M8I6, STM32U073M8T6, STM32U073MBI6, STM32U073MBT6, STM32U073MCI6, STM32U073MCT6, STM32U073R8I6, STM32U073R8T6, STM32U073RBI6, STM32U073RBT6, STM32U073RCI6, STM32U073RCT6, STM32U083C-DK, STM32U083CCT6, STM32U083CCU6, STM32U083HCY6TR, STM32U083KCU6, STM32U083MCI6, STM32U083MCT6, STM32U083RCI6, STM32U083RCT6, STM32U375CET6, STM32U375CET6Q, STM32U375CEU6, STM32U375CEU6Q, STM32U375CEY6QTR, STM32U375CGT6, STM32U375CGT6Q, STM32U375CGU6, STM32U375CGU6Q, STM32U375CGY6QTR, STM32U375KEU6, STM32U375KGU6, STM32U375REI6, STM32U375REI6Q, STM32U375RET6, STM32U375RET6Q, STM32U375REY6GTR, STM32U375REY6QTR, STM32U375RGI6, STM32U375RGI6Q, STM32U375RGT6, STM32U375RGT6Q, STM32U375RGY6GTR, STM32U375RGY6QTR, STM32U375VEI6, STM32U375VEI6Q, STM32U375VET6, STM32U375VET6Q, STM32U375VGI6, STM32U375VGI6Q, STM32U375VGT6, STM32U375VGT6Q, STM32U385CGT6, STM32U385CGT6Q, STM32U385CGU6, STM32U385CGU6Q, STM32U385CGY6QTR, STM32U385KGU6, STM32U385RGI6, STM32U385RGI6Q, STM32U385RGT6, STM32U385RGT6Q, STM32U385RGY6GTR, STM32U385RGY6QTR, STM32U385VGI6, STM32U385VGI6Q, STM32U385VGT6, STM32U385VGT6Q, STM32U535CBT6, STM32U535CBT6Q, STM32U535CBU6, STM32U535CBU6Q, STM32U535CCT6, STM32U535CCT6Q, STM32U535CCU6, STM32U535CCU6Q, STM32U535CET6, STM32U535CET6Q, STM32U535CEU6, STM32U535CEU6Q, STM32U535JEY6QTR, STM32U535NCY6QTR, STM32U535NEY6QTR, STM32U535RBI6, STM32U535RBI6Q, STM32U535RBT6, STM32U535RBT6Q, STM32U535RCI6, STM32U535RCI6Q, STM32U535RCT6, STM32U535RCT6Q, STM32U535REI6, STM32U535REI6Q, STM32U535RET6, STM32U535RET6Q, STM32U535VCI6, STM32U535VCI6Q, STM32U535VCT6, STM32U535VCT6Q, STM32U535VEI6, STM32U535VEI6Q, STM32U535VET6, STM32U535VET6Q, STM32U545CET6, STM32U545CET6Q, STM32U545CEU6, STM32U545CEU6Q, STM32U545JEY6QTR, STM32U545NEY6QTR, STM32U545REI6, STM32U545REI6Q, STM32U545RET6, STM32U545RET6Q, STM32U545VEI6, STM32U545VEI6Q, STM32U545VET6, STM32U545VET6Q, STM32U595AIH6, STM32U595AIH6Q, STM32U595AJH6, STM32U595AJH6Q, STM32U595QII6, STM32U595QII6Q, STM32U595QJI6, STM32U595QJI6Q, STM32U595RIT6, STM32U595RIT6Q, STM32U595RJT6, STM32U595RJT6Q, STM32U595VIT6, STM32U595VIT6Q, STM32U595VJT6, STM32U595VJT6Q, STM32U595ZIT6, STM32U595ZIT6Q, STM32U595ZIY6QTR, STM32U595ZJT6, STM32U595ZJT6Q, STM32U595ZJY6QTR, STM32U599BJY6QTR, STM32U599NIH6Q, STM32U599NJH6Q, STM32U599VIT6Q, STM32U599VJT6, STM32U599VJT6Q, STM32U599ZIT6Q, STM32U599ZIY6QTR, STM32U599ZJT6Q, STM32U599ZJY6QTR, STM32U5A5AJH6, STM32U5A5AJH6Q, STM32U5A5QII3Q , STM32U5A5QJI6, STM32U5A5QJI6Q, STM32U5A5RJT6, STM32U5A5RJT6Q, STM32U5A5VJT6, STM32U5A5VJT6Q, STM32U5A5ZJT6, STM32U5A5ZJT6Q, STM32U5A5ZJY6QTR, STM32U5A9BJY6QTR, STM32U5A9J-DK, STM32U5A9NJH6Q, STM32U5A9VJT6Q, STM32U5A9ZJT6Q, STM32U5A9ZJY6QTR, STM32U5F7VIT6, STM32U5F7VIT6Q, STM32U5F7VJT6, STM32U5F7VJT6Q, STM32U5F9BJY6QTR, STM32U5F9NJH6Q, STM32U5F9VIT6Q, STM32U5F9VJT6Q, STM32U5F9ZIJ6QTR, STM32U5F9ZIT6Q, STM32U5F9ZJJ6QTR, STM32U5F9ZJT6Q, STM32U5G7VJT6, STM32U5G7VJT6Q, STM32U5G9BJY6QTR, STM32U5G9J-DK1, STM32U5G9J-DK2, STM32U5G9NJH6Q, STM32U5G9VJT6Q, STM32U5G9ZJJ6QTR, STM32U5G9ZJT6Q, STM32WB05KZV6TR, STM32WB05KZV7TR, STM32WB05TZF6TR, STM32WB05TZF7TR, STM32WB06CCF6TR, STM32WB06CCF7TR, STM32WB06CCV6TR, STM32WB06CCV7TR, STM32WB06KCV6TR, STM32WB06KCV7TR, STM32WB07CCF6TR, STM32WB07CCF7TR, STM32WB07CCV6TR, STM32WB07CCV7TR, STM32WB07KCV6TR, STM32WB07KCV7TR, STM32WB09KEV6TR, STM32WB09KEV7TR, STM32WB09TEF6TR, STM32WB09TEF7TR, STM32WB1MMCH6, STM32WBA50KGU6, STM32WBA50KGU6TR, STM32WBA52CEU6, STM32WBA52CEU6TR, STM32WBA52CEU7, STM32WBA52CEU7TR, STM32WBA52CGU6, STM32WBA52CGU6TR, STM32WBA52CGU6U, STM32WBA52CGU7, STM32WBA52CGU7TR, STM32WBA52KEU6, STM32WBA52KEU6TR, STM32WBA52KGU6, STM32WBA52KGU6TR, STM32WBA54CEU6, STM32WBA54CEU6TR, STM32WBA54CEU7, STM32WBA54CEU7TR, STM32WBA54CGU6, STM32WBA54CGU6TR, STM32WBA54CGU7, STM32WBA54CGU7TR, STM32WBA54KEU6, STM32WBA54KEU6TR, STM32WBA54KEU7, STM32WBA54KEU7TR, STM32WBA54KGU6, STM32WBA54KGU6TR, STM32WBA54KGU7, STM32WBA54KGU7TR, STM32WBA55CEU6, STM32WBA55CEU6TR, STM32WBA55CEU7, STM32WBA55CEU7TR, STM32WBA55CGU6, STM32WBA55CGU6TR, STM32WBA55CGU6U, STM32WBA55CGU7, STM32WBA55CGU7TR, STM32WBA55G-DK1, STM32WBA55HEF6, STM32WBA55HEF7, STM32WBA55HGF6, STM32WBA55HGF7, STM32WBA55UEI6, STM32WBA55UEI6TR, STM32WBA55UEI7, STM32WBA55UEI7TR, STM32WBA55UGI6, STM32WBA55UGI6TR, STM32WBA55UGI7, STM32WBA55UGI7TR, STM32WBA5MMGH6TR, STM32WBA62MGF6, STM32WBA62MIF6, STM32WBA65MGF7, STM32WBA65MIF6, STM32WBA65MIF7, STM32WL30K8V6, STM32WL30KBV6, STM32WL31C8V6, STM32WL31CBV6, STM32WL31K8V6, STM32WL31KBV6, STM32WL33C8V6, STM32WL33C8V6X, STM32WL33CBV6, STM32WL33CBV6X, STM32WL33CCV6, STM32WL33CCV6A, STM32WL33CCV6X, STM32WL33K8V7, STM32WL33K8V7X, STM32WL33KBV7 , STM32WL33KBV7X, STM32WL33KCV7, STM32WL33KCV7X, STM32WL5MOCH6, STM32WL5MOCH6TR]
2025-09-09 12:40:44,284 [INFO] DbMcus:218 - Found 4801 MCUs, 4801 are supported
2025-09-09 12:40:44,285 [INFO] ApiDb:423 - Load user favorites file /home/tuna/.stm32cubeide/favorites.mcus.txt: 0 item(s)
2025-09-09 12:40:44,285 [INFO] ApiDb:427 - User favorites MCUs=[]
2025-09-09 12:40:44,285 [INFO] DbMcus:224 - Set 0 / 0 favorites MCUs
2025-09-09 12:40:44,578 [INFO] ApiDb:423 - Load user favorites file /home/tuna/.stm32cubeide/favorites.boards.txt: 0 item(s)
2025-09-09 12:40:44,578 [INFO] ApiDb:427 - User favorites Boards=[]
2025-09-09 12:40:44,578 [INFO] DbBoards:198 - Set 0 / 0 favorites Boards
2025-09-09 12:40:44,622 [INFO] UtilMem:75 - End LoadConfig() Used Memory: 437211456 Bytes (713031680)
2025-09-09 12:40:44,732 [WARN] ThirdParty:833 - waiting for thirdparty lock release [change project]
2025-09-09 12:40:44,732 [INFO] ThirdParty:835 - entering critical section [change project]
2025-09-09 12:40:44,732 [INFO] ThirdParty:1030 - CMSIS Pack Vendor :STMicroelectronics X-CUBE-PM33A1 1.0.0
2025-09-09 12:40:44,732 [INFO] ThirdParty:1030 - CMSIS Pack Vendor :STMicroelectronics USBPD 4.1
2025-09-09 12:40:44,732 [INFO] ThirdParty:1030 - CMSIS Pack Vendor :STMicroelectronics X-CUBE-NFC9 1.0.0
2025-09-09 12:40:44,732 [INFO] ThirdParty:1030 - CMSIS Pack Vendor :STMicroelectronics USB_HOST 2.0.0
2025-09-09 12:40:44,733 [INFO] ThirdParty:1030 - CMSIS Pack Vendor :STMicroelectronics FP-SNS-MOTENVWB1 1.4.0
2025-09-09 12:40:44,733 [INFO] ThirdParty:1030 - CMSIS Pack Vendor :STMicroelectronics X-CUBE-AZRTOS-F4 1.1.0
2025-09-09 12:40:44,733 [INFO] ThirdParty:1030 - CMSIS Pack Vendor :STMicroelectronics LIBJPEG 8.0.0
2025-09-09 12:40:44,733 [INFO] ThirdParty:1030 - CMSIS Pack Vendor :STMicroelectronics FP-ATR-ASTRA1 2.0.2
2025-09-09 12:40:44,733 [INFO] ThirdParty:1030 - CMSIS Pack Vendor :wolfSSL I-CUBE-wolfSSL 5.8.2
2025-09-09 12:40:44,733 [INFO] ThirdParty:1030 - CMSIS Pack Vendor :STMicroelectronics X-CUBE-BLE1 7.1.0
2025-09-09 12:40:44,733 [INFO] ThirdParty:1030 - CMSIS Pack Vendor :Avnet-IotConnect X-CUBE-IoTC-DA16k-PMOD 1.0.0
2025-09-09 12:40:44,733 [INFO] ThirdParty:1030 - CMSIS Pack Vendor :STMicroelectronics X-CUBE-SMBUS 2.1.0
2025-09-09 12:40:44,733 [INFO] ThirdParty:1030 - CMSIS Pack Vendor :wolfSSL I-CUBE-wolfMQTT 1.19.2
2025-09-09 12:40:44,733 [INFO] ThirdParty:1030 - CMSIS Pack Vendor :STMicroelectronics USB_DEVICE 3.0.0
2025-09-09 12:40:44,733 [INFO] ThirdParty:1030 - CMSIS Pack Vendor :STMicroelectronics X-CUBE-ISPU 2.1.0
2025-09-09 12:40:44,733 [INFO] ThirdParty:1030 - CMSIS Pack Vendor :STMicroelectronics X-CUBE-EEPRMA1 5.2.0
2025-09-09 12:40:44,733 [INFO] ThirdParty:1030 - CMSIS Pack Vendor :STMicroelectronics X-CUBE-BLEMGR 4.1.0
2025-09-09 12:40:44,733 [INFO] ThirdParty:1030 - CMSIS Pack Vendor :STMicroelectronics X-CUBE-AZRTOS-WB 2.0.0
2025-09-09 12:40:44,733 [INFO] ThirdParty:1030 - CMSIS Pack Vendor :STMicroelectronics X-CUBE-ST60 1.0.0
2025-09-09 12:40:44,734 [INFO] ThirdParty:1030 - CMSIS Pack Vendor :STMicroelectronics X-CUBE-GNSS1 7.0.1
2025-09-09 12:40:44,734 [INFO] ThirdParty:1030 - CMSIS Pack Vendor :STMicroelectronics X-CUBE-NFC12 1.0.0
2025-09-09 12:40:44,734 [INFO] ThirdParty:1030 - CMSIS Pack Vendor :STMicroelectronics X-CUBE-AZRTOS-F7 1.1.0
2025-09-09 12:40:44,734 [INFO] ThirdParty:1030 - CMSIS Pack Vendor :STMicroelectronics X-CUBE-AZRTOS-L5 2.0.0
2025-09-09 12:40:44,734 [INFO] ThirdParty:1030 - CMSIS Pack Vendor :STMicroelectronics X-CUBE-TOUCHGFX 4.25.0
2025-09-09 12:40:44,734 [INFO] ThirdParty:1030 - CMSIS Pack Vendor :STMicroelectronics USB_DEVICE 2.0.0
2025-09-09 12:40:44,734 [INFO] ThirdParty:1030 - CMSIS Pack Vendor :STMicroelectronics X-CUBE-NFC6 3.1.0
2025-09-09 12:40:44,734 [INFO] ThirdParty:1030 - CMSIS Pack Vendor :STMicroelectronics X-CUBE-AI 10.1.0
2025-09-09 12:40:44,734 [INFO] ThirdParty:1030 - CMSIS Pack Vendor :STMicroelectronics FP-SNS-STBOX1 2.0.0
2025-09-09 12:40:44,734 [INFO] ThirdParty:1030 - CMSIS Pack Vendor :quantropi X-CUBE-qispace-sdk-base 2.1.0
2025-09-09 12:40:44,734 [INFO] ThirdParty:1030 - CMSIS Pack Vendor :STMicroelectronics FreeRTOS 0.0.1
2025-09-09 12:40:44,734 [INFO] ThirdParty:1030 - CMSIS Pack Vendor :STMicroelectronics X-CUBE-AZRTOS-G0 1.1.0
2025-09-09 12:40:44,734 [INFO] ThirdParty:1030 - CMSIS Pack Vendor :STMicroelectronics X-CUBE-SAFEA1 1.2.2
2025-09-09 12:40:44,734 [INFO] ThirdParty:1030 - CMSIS Pack Vendor :STMicroelectronics X-CUBE-NFC4 3.0.0
2025-09-09 12:40:44,734 [INFO] ThirdParty:1030 - CMSIS Pack Vendor :STMicroelectronics X-CUBE-SUBG2 5.0.0
2025-09-09 12:40:44,734 [INFO] ThirdParty:1030 - CMSIS Pack Vendor :STMicroelectronics X-CUBE-AZRTOS-H7RS 1.1.0
2025-09-09 12:40:44,734 [INFO] ThirdParty:1030 - CMSIS Pack Vendor :STMicroelectronics STM32_WPAN 1.0.0
2025-09-09 12:40:44,734 [INFO] ThirdParty:1030 - CMSIS Pack Vendor :EmbeddedOffice I-CUBE-FS-RTOS 1.0.1
2025-09-09 12:40:44,734 [INFO] ThirdParty:1030 - CMSIS Pack Vendor :STMicroelectronics lwIP 2.0.3
2025-09-09 12:40:44,734 [INFO] ThirdParty:1030 - CMSIS Pack Vendor :Cesanta I-CUBE-Mongoose 7.13.0
2025-09-09 12:40:44,734 [INFO] ThirdParty:1030 - CMSIS Pack Vendor :STMicroelectronics USB_HOST 1.0.0
2025-09-09 12:40:44,734 [INFO] ThirdParty:1030 - CMSIS Pack Vendor :Infineon AIROC-Wi-Fi-Bluetooth-STM32 1.7.1
2025-09-09 12:40:44,734 [INFO] ThirdParty:1030 - CMSIS Pack Vendor :STMicroelectronics X-CUBE-AZRTOS-G4 2.0.0
2025-09-09 12:40:44,734 [INFO] ThirdParty:1030 - CMSIS Pack Vendor :STMicroelectronics X-CUBE-WB05N 2.0.0
2025-09-09 12:40:44,734 [INFO] ThirdParty:1030 - CMSIS Pack Vendor :STMicroelectronics PDM2PCM 3.1.0
2025-09-09 12:40:44,734 [INFO] ThirdParty:1030 - CMSIS Pack Vendor :STMicroelectronics PDM2PCM 3.3.0
2025-09-09 12:40:44,734 [INFO] ThirdParty:1030 - CMSIS Pack Vendor :wolfSSL I-CUBE-wolfTPM 3.8.0
2025-09-09 12:40:44,734 [INFO] ThirdParty:1030 - CMSIS Pack Vendor :STMicroelectronics X-CUBE-AZRTOS-H7 3.4.0
2025-09-09 12:40:44,734 [INFO] ThirdParty:1030 - CMSIS Pack Vendor :STMicroelectronics X-CUBE-DISPLAY 3.0.0
2025-09-09 12:40:44,734 [INFO] ThirdParty:1030 - CMSIS Pack Vendor :wolfSSL I-CUBE-wolfSSH 1.4.20
2025-09-09 12:40:44,734 [INFO] ThirdParty:1030 - CMSIS Pack Vendor :STMicroelectronics X-CUBE-NFC7 2.0.0
2025-09-09 12:40:44,734 [INFO] ThirdParty:1030 - CMSIS Pack Vendor :STMicroelectronics X-CUBE-TCPP 4.2.0
2025-09-09 12:40:44,734 [INFO] ThirdParty:1030 - CMSIS Pack Vendor :RealThread X-CUBE-RT-Thread_Nano 4.1.1
2025-09-09 12:40:44,734 [INFO] ThirdParty:1030 - CMSIS Pack Vendor :STMicroelectronics FP-ATR-SIGFOX1 3.2.0
2025-09-09 12:40:44,734 [INFO] ThirdParty:1030 - CMSIS Pack Vendor :STMicroelectronics X-CUBE-NFC10 1.0.0
2025-09-09 12:40:44,734 [INFO] ThirdParty:1030 - CMSIS Pack Vendor :STMicroelectronics X-CUBE-FREERTOS 1.3.1
2025-09-09 12:40:44,734 [INFO] ThirdParty:1030 - CMSIS Pack Vendor :STMicroelectronics HAL Drivers 0.0.0
2025-09-09 12:40:44,734 [INFO] ThirdParty:1030 - CMSIS Pack Vendor :STMicroelectronics MBEDTLS 2.16.2
2025-09-09 12:40:44,735 [INFO] ThirdParty:1030 - CMSIS Pack Vendor :STMicroelectronics X-CUBE-IPS 3.1.0
2025-09-09 12:40:44,735 [INFO] ThirdParty:1030 - CMSIS Pack Vendor :STMicroelectronics X-CUBE-ALS 1.0.2
2025-09-09 12:40:44,735 [INFO] ThirdParty:1030 - CMSIS Pack Vendor :emotas I-CUBE-CANOPEN 1.3.0
2025-09-09 12:40:44,735 [INFO] ThirdParty:1030 - CMSIS Pack Vendor :STMicroelectronics MBEDTLS 2.14.1
2025-09-09 12:40:44,735 [INFO] ThirdParty:1030 - CMSIS Pack Vendor :ITTIA_DB I-CUBE-ITTIADB 8.9.0
2025-09-09 12:40:44,735 [INFO] ThirdParty:1030 - CMSIS Pack Vendor :STMicroelectronics X-CUBE-STSE01 1.0.0
2025-09-09 12:40:44,735 [INFO] ThirdParty:1030 - CMSIS Pack Vendor :portGmbH I-Cube-SoM-uGOAL 1.1.0
2025-09-09 12:40:44,735 [INFO] ThirdParty:1030 - CMSIS Pack Vendor :STMicroelectronics X-CUBE-ST67W61 1.0.0
2025-09-09 12:40:44,735 [INFO] ThirdParty:1030 - CMSIS Pack Vendor :STMicroelectronics FP-SNS-STBOX1 2.1.0
2025-09-09 12:40:44,735 [INFO] ThirdParty:1030 - CMSIS Pack Vendor :STMicroelectronics X-CUBE-AI 10.2.0
2025-09-09 12:40:44,735 [INFO] ThirdParty:1030 - CMSIS Pack Vendor :STMicroelectronics FP-SNS-STAIOTCFT 1.0.0
2025-09-09 12:40:44,735 [INFO] ThirdParty:1030 - CMSIS Pack Vendor :STMicroelectronics ThreadX 1.0.0
2025-09-09 12:40:44,735 [INFO] ThirdParty:1030 - CMSIS Pack Vendor :STMicroelectronics FP-SNS-SMARTAG2 1.2.0
2025-09-09 12:40:44,735 [INFO] ThirdParty:1030 - CMSIS Pack Vendor :STMicroelectronics FP-SNS-FLIGHT1 5.1.0
2025-09-09 12:40:44,735 [INFO] ThirdParty:1030 - CMSIS Pack Vendor :STMicroelectronics X-CUBE-AZRTOS-WL 2.0.0
2025-09-09 12:40:44,735 [INFO] ThirdParty:1030 - CMSIS Pack Vendor :SEGGER I-CUBE-embOS 1.3.1
2025-09-09 12:40:44,735 [INFO] ThirdParty:1030 - CMSIS Pack Vendor :STMicroelectronics X-CUBE-ALGOBUILD 1.4.0
2025-09-09 12:40:44,735 [INFO] ThirdParty:1030 - CMSIS Pack Vendor :STMicroelectronics X-CUBE-DPower 1.3.0
2025-09-09 12:40:44,735 [INFO] ThirdParty:1030 - CMSIS Pack Vendor :STMicroelectronics X-CUBE-MEMS1 11.3.0
2025-09-09 12:40:44,735 [INFO] ThirdParty:1030 - CMSIS Pack Vendor :STMicroelectronics FP-SNS-MOTENV1 5.0.0
2025-09-09 12:40:44,735 [INFO] ThirdParty:1030 - CMSIS Pack Vendor :STMicroelectronics USB_DEVICE 1.0.0
2025-09-09 12:40:44,735 [INFO] ThirdParty:1030 - CMSIS Pack Vendor :STMicroelectronics X-CUBE-AZRTOS-L4 2.0.0
2025-09-09 12:40:44,735 [INFO] ThirdParty:1030 - CMSIS Pack Vendor :STMicroelectronics ThreadX 0.0.2
2025-09-09 12:40:44,735 [INFO] ThirdParty:1030 - CMSIS Pack Vendor :WES I-CUBE-Cesium 1.3.0
2025-09-09 12:40:44,735 [INFO] ThirdParty:1030 - CMSIS Pack Vendor :STMicroelectronics lwIP 2.1.2
2025-09-09 12:40:44,735 [INFO] ThirdParty:1030 - CMSIS Pack Vendor :STMicroelectronics X-CUBE-SFXS2LP1 4.0.0
2025-09-09 12:40:44,735 [INFO] ThirdParty:1030 - CMSIS Pack Vendor :STMicroelectronics X-CUBE-BLE2 3.3.0
2025-09-09 12:40:44,735 [INFO] ThirdParty:1030 - CMSIS Pack Vendor :STMicroelectronics X-CUBE-TOF1 3.4.3
2025-09-09 12:40:44,735 [INFO] ThirdParty:1030 - CMSIS Pack Vendor :STMicroelectronics PDM2PCM 3.2.0
2025-09-09 12:40:44,735 [INFO] ThirdParty:841 - exiting critical section [change project]
2025-09-09 12:40:45,237 [INFO] PinOutPanel:1589 - setPackage(No Configuration,No Configuration)
2025-09-09 12:40:45,239 [INFO] PinOutPanel:1589 - setPackage(STM32G474RBTx,LQFP64)
2025-09-09 12:40:45,631 [INFO] UtilMem:75 - Before build in PCC Used Memory: 292156368 Bytes (713031680)
2025-09-09 12:40:46,184 [INFO] UtilMem:75 - After build in PCC Used Memory: 513615744 Bytes (713031680)
2025-09-09 12:40:46,228 [INFO] ApiDbMcu:532 - Load IP Config File for USB_DEVICE
2025-09-09 12:40:46,255 [INFO] IPUIPlugin:80 - create IPUIPlugin
2025-09-09 12:40:46,255 [INFO] IPUIPlugin:80 - create IPUIPlugin
2025-09-09 12:40:46,255 [INFO] IPUIPlugin:80 - create IPUIPlugin
2025-09-09 12:40:46,255 [INFO] IPUIPlugin:80 - create IPUIPlugin
2025-09-09 12:40:46,255 [INFO] IPUIPlugin:80 - create IPUIPlugin
2025-09-09 12:40:46,256 [INFO] IPUIPlugin:80 - create IPUIPlugin
2025-09-09 12:40:46,256 [INFO] IPUIPlugin:80 - create IPUIPlugin
2025-09-09 12:40:46,256 [INFO] IPUIPlugin:80 - create IPUIPlugin
2025-09-09 12:40:46,256 [INFO] IPUIPlugin:80 - create IPUIPlugin
2025-09-09 12:40:46,256 [INFO] IPUIPlugin:80 - create IPUIPlugin
2025-09-09 12:40:46,256 [INFO] IPUIPlugin:80 - create IPUIPlugin
2025-09-09 12:40:46,257 [INFO] IPUIPlugin:80 - create IPUIPlugin
2025-09-09 12:40:46,258 [INFO] IPUIPlugin:80 - create IPUIPlugin
2025-09-09 12:40:46,258 [INFO] IPUIPlugin:80 - create IPUIPlugin
2025-09-09 12:40:46,258 [INFO] IPUIPlugin:80 - create IPUIPlugin
2025-09-09 12:40:46,258 [INFO] IPUIPlugin:80 - create IPUIPlugin
2025-09-09 12:40:46,259 [INFO] IPUIPlugin:80 - create IPUIPlugin
2025-09-09 12:40:46,259 [INFO] IPUIPlugin:80 - create IPUIPlugin
2025-09-09 12:40:46,259 [INFO] IPUIPlugin:80 - create IPUIPlugin
2025-09-09 12:40:46,260 [INFO] IPUIPlugin:80 - create IPUIPlugin
2025-09-09 12:40:46,260 [INFO] IPUIPlugin:80 - create IPUIPlugin
2025-09-09 12:40:46,260 [INFO] IPUIPlugin:80 - create IPUIPlugin
2025-09-09 12:40:46,260 [INFO] IPUIPlugin:80 - create IPUIPlugin
2025-09-09 12:40:46,260 [INFO] IPUIPlugin:80 - create IPUIPlugin
2025-09-09 12:40:46,261 [INFO] IPUIPlugin:80 - create IPUIPlugin
2025-09-09 12:40:46,261 [INFO] IPUIPlugin:80 - create IPUIPlugin
2025-09-09 12:40:46,261 [INFO] IPUIPlugin:80 - create IPUIPlugin
2025-09-09 12:40:46,261 [INFO] IPUIPlugin:80 - create IPUIPlugin
2025-09-09 12:40:46,261 [INFO] IPUIPlugin:80 - create IPUIPlugin
2025-09-09 12:40:46,261 [INFO] IPUIPlugin:80 - create IPUIPlugin
2025-09-09 12:40:46,261 [INFO] IPUIPlugin:80 - create IPUIPlugin
2025-09-09 12:40:46,261 [INFO] IPUIPlugin:80 - create IPUIPlugin
2025-09-09 12:40:46,262 [INFO] IPUIPlugin:80 - create IPUIPlugin
2025-09-09 12:40:46,262 [INFO] IPUIPlugin:80 - create IPUIPlugin
2025-09-09 12:40:46,262 [INFO] IPUIPlugin:80 - create IPUIPlugin
2025-09-09 12:40:46,262 [INFO] IPUIPlugin:80 - create IPUIPlugin
2025-09-09 12:40:46,262 [INFO] IPUIPlugin:80 - create IPUIPlugin
2025-09-09 12:40:46,262 [INFO] IPUIPlugin:80 - create IPUIPlugin
2025-09-09 12:40:46,262 [INFO] IPUIPlugin:80 - create IPUIPlugin
2025-09-09 12:40:46,262 [INFO] IPUIPlugin:80 - create IPUIPlugin
2025-09-09 12:40:46,263 [INFO] IPUIPlugin:80 - create IPUIPlugin
2025-09-09 12:40:46,263 [INFO] IPUIPlugin:80 - create IPUIPlugin
2025-09-09 12:40:46,263 [INFO] IPUIPlugin:80 - create IPUIPlugin
2025-09-09 12:40:46,263 [INFO] IPUIPlugin:80 - create IPUIPlugin
2025-09-09 12:40:46,263 [INFO] IPUIPlugin:80 - create IPUIPlugin
2025-09-09 12:40:46,263 [INFO] IPUIPlugin:80 - create IPUIPlugin
2025-09-09 12:40:46,263 [INFO] IPUIPlugin:80 - create IPUIPlugin
2025-09-09 12:40:46,263 [INFO] IPUIPlugin:80 - create IPUIPlugin
2025-09-09 12:40:46,263 [INFO] IPUIPlugin:80 - create IPUIPlugin
2025-09-09 12:40:46,264 [INFO] IPUIPlugin:80 - create IPUIPlugin
2025-09-09 12:40:46,264 [INFO] IPUIPlugin:80 - create IPUIPlugin
2025-09-09 12:40:46,264 [INFO] IPUIPlugin:80 - create IPUIPlugin
2025-09-09 12:40:46,264 [INFO] IPUIPlugin:80 - create IPUIPlugin
2025-09-09 12:40:46,264 [INFO] IPUIPlugin:80 - create IPUIPlugin
2025-09-09 12:40:46,264 [INFO] IPUIPlugin:80 - create IPUIPlugin
2025-09-09 12:40:46,264 [INFO] IPUIPlugin:80 - create IPUIPlugin
2025-09-09 12:40:46,264 [INFO] IPUIPlugin:80 - create IPUIPlugin
2025-09-09 12:40:46,264 [INFO] IPUIPlugin:80 - create IPUIPlugin
2025-09-09 12:40:46,264 [INFO] IPUIPlugin:80 - create IPUIPlugin
2025-09-09 12:40:46,265 [INFO] IPUIPlugin:80 - create IPUIPlugin
2025-09-09 12:40:46,265 [INFO] IPUIPlugin:80 - create IPUIPlugin
2025-09-09 12:40:46,265 [INFO] IPUIPlugin:80 - create IPUIPlugin
2025-09-09 12:40:46,265 [INFO] IPUIPlugin:80 - create IPUIPlugin
2025-09-09 12:40:46,265 [INFO] IPUIPlugin:80 - create IPUIPlugin
2025-09-09 12:40:46,265 [INFO] IPUIPlugin:80 - create IPUIPlugin
2025-09-09 12:40:46,265 [INFO] IPUIPlugin:80 - create IPUIPlugin
2025-09-09 12:40:46,266 [INFO] IPUIPlugin:80 - create IPUIPlugin
2025-09-09 12:40:46,266 [INFO] IPUIPlugin:80 - create IPUIPlugin
2025-09-09 12:40:46,266 [INFO] IPUIPlugin:80 - create IPUIPlugin
2025-09-09 12:40:46,266 [INFO] IPUIPlugin:80 - create IPUIPlugin
2025-09-09 12:40:46,266 [INFO] IPUIPlugin:80 - create IPUIPlugin
2025-09-09 12:40:46,266 [INFO] IPUIPlugin:80 - create IPUIPlugin
2025-09-09 12:40:46,266 [INFO] IPUIPlugin:80 - create IPUIPlugin
2025-09-09 12:40:46,267 [INFO] IPUIPlugin:80 - create IPUIPlugin
2025-09-09 12:40:46,267 [INFO] IPUIPlugin:80 - create IPUIPlugin
2025-09-09 12:40:46,267 [INFO] IPUIPlugin:80 - create IPUIPlugin
2025-09-09 12:40:46,267 [INFO] IPUIPlugin:80 - create IPUIPlugin
2025-09-09 12:40:46,273 [WARN] IP:2250 - MessageRAMOffset not found: check if there is a RefParameter without a condition.
2025-09-09 12:40:46,273 [WARN] IP:2250 - RxFifo0ElmtsNbr not found: check if there is a RefParameter without a condition.
2025-09-09 12:40:46,273 [WARN] IP:2250 - RxFifo0ElmtSize not found: check if there is a RefParameter without a condition.
2025-09-09 12:40:46,273 [WARN] IP:2250 - RxFifo1ElmtsNbr not found: check if there is a RefParameter without a condition.
2025-09-09 12:40:46,273 [WARN] IP:2250 - RxFifo1ElmtSize not found: check if there is a RefParameter without a condition.
2025-09-09 12:40:46,273 [WARN] IP:2250 - RxBuffersNbr not found: check if there is a RefParameter without a condition.
2025-09-09 12:40:46,273 [WARN] IP:2250 - RxBufferSize not found: check if there is a RefParameter without a condition.
2025-09-09 12:40:46,273 [WARN] IP:2250 - TxEventsNbr not found: check if there is a RefParameter without a condition.
2025-09-09 12:40:46,273 [WARN] IP:2250 - TxBuffersNbr not found: check if there is a RefParameter without a condition.
2025-09-09 12:40:46,273 [WARN] IP:2250 - TxFifoQueueElmtsNbr not found: check if there is a RefParameter without a condition.
2025-09-09 12:40:46,273 [WARN] IP:2250 - TxElmtSize not found: check if there is a RefParameter without a condition.
2025-09-09 12:40:46,273 [WARN] IP:2250 - ClockCalibrationCCU not found: check if there is a RefParameter without a condition.
2025-09-09 12:40:46,273 [WARN] IP:2250 - ClockDividerCCU not found: check if there is a RefParameter without a condition.
2025-09-09 12:40:46,273 [WARN] IP:2250 - MinOscClkPeriodsCCU not found: check if there is a RefParameter without a condition.
2025-09-09 12:40:46,273 [WARN] IP:2250 - TimeQuantaPerBitTimeCCU not found: check if there is a RefParameter without a condition.
2025-09-09 12:40:46,273 [WARN] IP:2250 - WatchdogStartValueCCU not found: check if there is a RefParameter without a condition.
2025-09-09 12:40:46,277 [INFO] LogOutputStream:77 - [STDOUT_REDIRECT] Nominal 
2025-09-09 12:40:46,277 [INFO] Can:71 - Can Add PropertyChangeListener com.st.microxplorer.plugins.ip.can.Can@640493e4
2025-09-09 12:40:46,405 [INFO] CADModel:165 - CPN selected for project levelSTM32G474RBT6
2025-09-09 12:40:46,405 [INFO] CADModel:114 - Register for checkConnection events
2025-09-09 12:40:46,445 [INFO] OpenFileManager:386 - Restore cursor
2025-09-09 12:40:46,586 [WARN] IP:2250 - MessageRAMOffset not found: check if there is a RefParameter without a condition.
2025-09-09 12:40:46,586 [WARN] IP:2250 - RxFifo0ElmtsNbr not found: check if there is a RefParameter without a condition.
2025-09-09 12:40:46,586 [WARN] IP:2250 - RxFifo0ElmtSize not found: check if there is a RefParameter without a condition.
2025-09-09 12:40:46,586 [WARN] IP:2250 - RxFifo1ElmtsNbr not found: check if there is a RefParameter without a condition.
2025-09-09 12:40:46,587 [WARN] IP:2250 - RxFifo1ElmtSize not found: check if there is a RefParameter without a condition.
2025-09-09 12:40:46,587 [WARN] IP:2250 - RxBuffersNbr not found: check if there is a RefParameter without a condition.
2025-09-09 12:40:46,587 [WARN] IP:2250 - RxBufferSize not found: check if there is a RefParameter without a condition.
2025-09-09 12:40:46,587 [WARN] IP:2250 - TxEventsNbr not found: check if there is a RefParameter without a condition.
2025-09-09 12:40:46,587 [WARN] IP:2250 - TxBuffersNbr not found: check if there is a RefParameter without a condition.
2025-09-09 12:40:46,587 [WARN] IP:2250 - TxFifoQueueElmtsNbr not found: check if there is a RefParameter without a condition.
2025-09-09 12:40:46,587 [WARN] IP:2250 - TxElmtSize not found: check if there is a RefParameter without a condition.
2025-09-09 12:40:46,587 [WARN] IP:2250 - ClockCalibrationCCU not found: check if there is a RefParameter without a condition.
2025-09-09 12:40:46,587 [WARN] IP:2250 - ClockDividerCCU not found: check if there is a RefParameter without a condition.
2025-09-09 12:40:46,587 [WARN] IP:2250 - MinOscClkPeriodsCCU not found: check if there is a RefParameter without a condition.
2025-09-09 12:40:46,587 [WARN] IP:2250 - TimeQuantaPerBitTimeCCU not found: check if there is a RefParameter without a condition.
2025-09-09 12:40:46,587 [WARN] IP:2250 - WatchdogStartValueCCU not found: check if there is a RefParameter without a condition.
2025-09-09 12:40:46,587 [WARN] IP:2250 - MessageRAMOffset not found: check if there is a RefParameter without a condition.
2025-09-09 12:40:46,587 [WARN] IP:2250 - RxFifo0ElmtsNbr not found: check if there is a RefParameter without a condition.
2025-09-09 12:40:46,587 [WARN] IP:2250 - RxFifo0ElmtSize not found: check if there is a RefParameter without a condition.
2025-09-09 12:40:46,587 [WARN] IP:2250 - RxFifo1ElmtsNbr not found: check if there is a RefParameter without a condition.
2025-09-09 12:40:46,587 [WARN] IP:2250 - RxFifo1ElmtSize not found: check if there is a RefParameter without a condition.
2025-09-09 12:40:46,587 [WARN] IP:2250 - RxBuffersNbr not found: check if there is a RefParameter without a condition.
2025-09-09 12:40:46,587 [WARN] IP:2250 - RxBufferSize not found: check if there is a RefParameter without a condition.
2025-09-09 12:40:46,588 [WARN] IP:2250 - TxEventsNbr not found: check if there is a RefParameter without a condition.
2025-09-09 12:40:46,588 [WARN] IP:2250 - TxBuffersNbr not found: check if there is a RefParameter without a condition.
2025-09-09 12:40:46,588 [WARN] IP:2250 - TxFifoQueueElmtsNbr not found: check if there is a RefParameter without a condition.
2025-09-09 12:40:46,588 [WARN] IP:2250 - TxElmtSize not found: check if there is a RefParameter without a condition.
2025-09-09 12:40:46,588 [WARN] IP:2250 - ClockCalibrationCCU not found: check if there is a RefParameter without a condition.
2025-09-09 12:40:46,588 [WARN] IP:2250 - ClockDividerCCU not found: check if there is a RefParameter without a condition.
2025-09-09 12:40:46,588 [WARN] IP:2250 - MinOscClkPeriodsCCU not found: check if there is a RefParameter without a condition.
2025-09-09 12:40:46,588 [WARN] IP:2250 - TimeQuantaPerBitTimeCCU not found: check if there is a RefParameter without a condition.
2025-09-09 12:40:46,588 [WARN] IP:2250 - WatchdogStartValueCCU not found: check if there is a RefParameter without a condition.
2025-09-09 12:41:09,476 [INFO] LogOutputStream:77 - [STDOUT_REDIRECT] Nominal 
2025-09-09 12:41:09,478 [WARN] IP:2250 - MessageRAMOffset not found: check if there is a RefParameter without a condition.
2025-09-09 12:41:09,479 [WARN] IP:2250 - RxFifo0ElmtsNbr not found: check if there is a RefParameter without a condition.
2025-09-09 12:41:09,479 [WARN] IP:2250 - RxFifo0ElmtSize not found: check if there is a RefParameter without a condition.
2025-09-09 12:41:09,479 [WARN] IP:2250 - RxFifo1ElmtsNbr not found: check if there is a RefParameter without a condition.
2025-09-09 12:41:09,479 [WARN] IP:2250 - RxFifo1ElmtSize not found: check if there is a RefParameter without a condition.
2025-09-09 12:41:09,479 [WARN] IP:2250 - RxBuffersNbr not found: check if there is a RefParameter without a condition.
2025-09-09 12:41:09,479 [WARN] IP:2250 - RxBufferSize not found: check if there is a RefParameter without a condition.
2025-09-09 12:41:09,479 [WARN] IP:2250 - TxEventsNbr not found: check if there is a RefParameter without a condition.
2025-09-09 12:41:09,479 [WARN] IP:2250 - TxBuffersNbr not found: check if there is a RefParameter without a condition.
2025-09-09 12:41:09,479 [WARN] IP:2250 - TxFifoQueueElmtsNbr not found: check if there is a RefParameter without a condition.
2025-09-09 12:41:09,479 [WARN] IP:2250 - TxElmtSize not found: check if there is a RefParameter without a condition.
2025-09-09 12:41:09,479 [WARN] IP:2250 - ClockCalibrationCCU not found: check if there is a RefParameter without a condition.
2025-09-09 12:41:09,479 [WARN] IP:2250 - ClockDividerCCU not found: check if there is a RefParameter without a condition.
2025-09-09 12:41:09,479 [WARN] IP:2250 - MinOscClkPeriodsCCU not found: check if there is a RefParameter without a condition.
2025-09-09 12:41:09,480 [WARN] IP:2250 - TimeQuantaPerBitTimeCCU not found: check if there is a RefParameter without a condition.
2025-09-09 12:41:09,480 [WARN] IP:2250 - WatchdogStartValueCCU not found: check if there is a RefParameter without a condition.
2025-09-09 12:41:09,480 [WARN] IP:2250 - MessageRAMOffset not found: check if there is a RefParameter without a condition.
2025-09-09 12:41:09,480 [WARN] IP:2250 - RxFifo0ElmtsNbr not found: check if there is a RefParameter without a condition.
2025-09-09 12:41:09,480 [WARN] IP:2250 - RxFifo0ElmtSize not found: check if there is a RefParameter without a condition.
2025-09-09 12:41:09,480 [WARN] IP:2250 - RxFifo1ElmtsNbr not found: check if there is a RefParameter without a condition.
2025-09-09 12:41:09,480 [WARN] IP:2250 - RxFifo1ElmtSize not found: check if there is a RefParameter without a condition.
2025-09-09 12:41:09,481 [WARN] IP:2250 - RxBuffersNbr not found: check if there is a RefParameter without a condition.
2025-09-09 12:41:09,481 [WARN] IP:2250 - RxBufferSize not found: check if there is a RefParameter without a condition.
2025-09-09 12:41:09,481 [WARN] IP:2250 - TxEventsNbr not found: check if there is a RefParameter without a condition.
2025-09-09 12:41:09,481 [WARN] IP:2250 - TxBuffersNbr not found: check if there is a RefParameter without a condition.
2025-09-09 12:41:09,481 [WARN] IP:2250 - TxFifoQueueElmtsNbr not found: check if there is a RefParameter without a condition.
2025-09-09 12:41:09,481 [WARN] IP:2250 - TxElmtSize not found: check if there is a RefParameter without a condition.
2025-09-09 12:41:09,481 [WARN] IP:2250 - ClockCalibrationCCU not found: check if there is a RefParameter without a condition.
2025-09-09 12:41:09,481 [WARN] IP:2250 - ClockDividerCCU not found: check if there is a RefParameter without a condition.
2025-09-09 12:41:09,481 [WARN] IP:2250 - MinOscClkPeriodsCCU not found: check if there is a RefParameter without a condition.
2025-09-09 12:41:09,481 [WARN] IP:2250 - TimeQuantaPerBitTimeCCU not found: check if there is a RefParameter without a condition.
2025-09-09 12:41:09,481 [WARN] IP:2250 - WatchdogStartValueCCU not found: check if there is a RefParameter without a condition.
2025-09-09 12:41:55,596 [INFO] LogOutputStream:77 - [STDOUT_REDIRECT] Nominal 
2025-09-09 12:41:55,598 [WARN] IP:2250 - MessageRAMOffset not found: check if there is a RefParameter without a condition.
2025-09-09 12:41:55,598 [WARN] IP:2250 - RxFifo0ElmtsNbr not found: check if there is a RefParameter without a condition.
2025-09-09 12:41:55,599 [WARN] IP:2250 - RxFifo0ElmtSize not found: check if there is a RefParameter without a condition.
2025-09-09 12:41:55,599 [WARN] IP:2250 - RxFifo1ElmtsNbr not found: check if there is a RefParameter without a condition.
2025-09-09 12:41:55,599 [WARN] IP:2250 - RxFifo1ElmtSize not found: check if there is a RefParameter without a condition.
2025-09-09 12:41:55,599 [WARN] IP:2250 - RxBuffersNbr not found: check if there is a RefParameter without a condition.
2025-09-09 12:41:55,599 [WARN] IP:2250 - RxBufferSize not found: check if there is a RefParameter without a condition.
2025-09-09 12:41:55,599 [WARN] IP:2250 - TxEventsNbr not found: check if there is a RefParameter without a condition.
2025-09-09 12:41:55,599 [WARN] IP:2250 - TxBuffersNbr not found: check if there is a RefParameter without a condition.
2025-09-09 12:41:55,599 [WARN] IP:2250 - TxFifoQueueElmtsNbr not found: check if there is a RefParameter without a condition.
2025-09-09 12:41:55,599 [WARN] IP:2250 - TxElmtSize not found: check if there is a RefParameter without a condition.
2025-09-09 12:41:55,599 [WARN] IP:2250 - ClockCalibrationCCU not found: check if there is a RefParameter without a condition.
2025-09-09 12:41:55,599 [WARN] IP:2250 - ClockDividerCCU not found: check if there is a RefParameter without a condition.
2025-09-09 12:41:55,599 [WARN] IP:2250 - MinOscClkPeriodsCCU not found: check if there is a RefParameter without a condition.
2025-09-09 12:41:55,599 [WARN] IP:2250 - TimeQuantaPerBitTimeCCU not found: check if there is a RefParameter without a condition.
2025-09-09 12:41:55,599 [WARN] IP:2250 - WatchdogStartValueCCU not found: check if there is a RefParameter without a condition.
2025-09-09 12:41:55,600 [WARN] IP:2250 - MessageRAMOffset not found: check if there is a RefParameter without a condition.
2025-09-09 12:41:55,600 [WARN] IP:2250 - RxFifo0ElmtsNbr not found: check if there is a RefParameter without a condition.
2025-09-09 12:41:55,600 [WARN] IP:2250 - RxFifo0ElmtSize not found: check if there is a RefParameter without a condition.
2025-09-09 12:41:55,600 [WARN] IP:2250 - RxFifo1ElmtsNbr not found: check if there is a RefParameter without a condition.
2025-09-09 12:41:55,600 [WARN] IP:2250 - RxFifo1ElmtSize not found: check if there is a RefParameter without a condition.
2025-09-09 12:41:55,600 [WARN] IP:2250 - RxBuffersNbr not found: check if there is a RefParameter without a condition.
2025-09-09 12:41:55,600 [WARN] IP:2250 - RxBufferSize not found: check if there is a RefParameter without a condition.
2025-09-09 12:41:55,600 [WARN] IP:2250 - TxEventsNbr not found: check if there is a RefParameter without a condition.
2025-09-09 12:41:55,600 [WARN] IP:2250 - TxBuffersNbr not found: check if there is a RefParameter without a condition.
2025-09-09 12:41:55,600 [WARN] IP:2250 - TxFifoQueueElmtsNbr not found: check if there is a RefParameter without a condition.
2025-09-09 12:41:55,600 [WARN] IP:2250 - TxElmtSize not found: check if there is a RefParameter without a condition.
2025-09-09 12:41:55,600 [WARN] IP:2250 - ClockCalibrationCCU not found: check if there is a RefParameter without a condition.
2025-09-09 12:41:55,600 [WARN] IP:2250 - ClockDividerCCU not found: check if there is a RefParameter without a condition.
2025-09-09 12:41:55,600 [WARN] IP:2250 - MinOscClkPeriodsCCU not found: check if there is a RefParameter without a condition.
2025-09-09 12:41:55,600 [WARN] IP:2250 - TimeQuantaPerBitTimeCCU not found: check if there is a RefParameter without a condition.
2025-09-09 12:41:55,600 [WARN] IP:2250 - WatchdogStartValueCCU not found: check if there is a RefParameter without a condition.
2025-09-09 12:53:42,980 [INFO] MainUpdater:2872 - connection check result : 10
2025-09-09 12:53:43,197 [INFO] McuFinderGlobals:76 - Set McuFinderConnectedMode to true
2025-09-09 12:53:43,208 [INFO] MultiScanPanel:200 - Auto-refresh data requested => check proxy status ongoing
2025-09-09 12:53:43,213 [INFO] FinderPluginLoader:96 - Searching for filters in installed packs
2025-09-09 12:53:45,039 [INFO] LoadUrlFilesThread:185 - End of LoadServerUrlFiles without Thread
2025-09-09 12:53:45,103 [INFO] DetailPanel:341 - Set advertising image to /home/tuna/STM32Cube/Repository//en.2400x1350px.jpeg
2025-09-09 13:04:55,451 [INFO] MainUpdater:2872 - connection check result : 10
2025-09-09 13:04:55,451 [INFO] MainUpdater:2872 - connection check result : 10
2025-09-09 13:04:55,960 [INFO] LogOutputStream:77 - [STDOUT_REDIRECT] Nominal 
2025-09-09 13:04:55,966 [INFO] MicroXplorer:468 - Change Database Path : 
2025-09-09 13:04:55,967 [INFO] MicroXplorer:498 - Change Database Version : DB.6.0.150
2025-09-09 13:04:55,999 [ERROR] ProjectManagerView:395 - 
java.lang.NullPointerException: Cannot invoke "javax.swing.JTextField.getText()" because the return value of "java.util.List.get(int)" is null
	at com.st.microxplorer.plugins.projectmanager.gui.ProjectChoiceTab$9.caretUpdate(ProjectChoiceTab.java:2706) ~[filemanager.jar:?]
	at javax.swing.text.JTextComponent.fireCaretUpdate(JTextComponent.java:408) ~[?:?]
	at javax.swing.text.JTextComponent$MutableCaretEvent.fire(JTextComponent.java:4484) ~[?:?]
	at javax.swing.text.JTextComponent$MutableCaretEvent.stateChanged(JTextComponent.java:4506) ~[?:?]
	at javax.swing.text.DefaultCaret.fireStateChanged(DefaultCaret.java:857) ~[?:?]
	at javax.swing.text.DefaultCaret.changeCaretPosition(DefaultCaret.java:1343) ~[?:?]
	at javax.swing.text.DefaultCaret.handleSetDot(DefaultCaret.java:1242) ~[?:?]
	at javax.swing.text.DefaultCaret.setDot(DefaultCaret.java:1223) ~[?:?]
	at javax.swing.text.DefaultCaret$Handler.insertUpdate(DefaultCaret.java:1819) ~[?:?]
	at javax.swing.text.AbstractDocument.fireInsertUpdate(AbstractDocument.java:227) ~[?:?]
	at javax.swing.text.AbstractDocument.handleInsertString(AbstractDocument.java:781) ~[?:?]
	at javax.swing.text.AbstractDocument.insertString(AbstractDocument.java:740) ~[?:?]
	at javax.swing.text.PlainDocument.insertString(PlainDocument.java:131) ~[?:?]
	at javax.swing.text.AbstractDocument.replace(AbstractDocument.java:699) ~[?:?]
	at javax.swing.text.JTextComponent.setText(JTextComponent.java:1725) ~[?:?]
	at com.st.microxplorer.plugins.projectmanager.gui.ProjectChoiceTab.createHeapStackFields(ProjectChoiceTab.java:993) ~[filemanager.jar:?]
	at com.st.microxplorer.plugins.projectmanager.gui.ProjectChoiceTab.buildLinkSettingsPanel(ProjectChoiceTab.java:3813) ~[filemanager.jar:?]
	at com.st.microxplorer.plugins.projectmanager.gui.ProjectChoiceTab.defineWindowsFields(ProjectChoiceTab.java:1987) ~[filemanager.jar:?]
	at com.st.microxplorer.plugins.projectmanager.gui.ProjectChoiceTab.updateSettings(ProjectChoiceTab.java:558) ~[filemanager.jar:?]
	at com.st.microxplorer.plugins.projectmanager.gui.ProjectSettingsPanel.UpdateDialog(ProjectSettingsPanel.java:247) ~[filemanager.jar:?]
	at com.st.microxplorer.plugins.projectmanager.ProjectManagerView.propertyChange(ProjectManagerView.java:392) ~[filemanager.jar:?]
	at java.beans.PropertyChangeSupport.fire(PropertyChangeSupport.java:343) ~[?:?]
	at java.beans.PropertyChangeSupport.firePropertyChange(PropertyChangeSupport.java:335) ~[?:?]
	at java.beans.PropertyChangeSupport.firePropertyChange(PropertyChangeSupport.java:268) ~[?:?]
	at com.st.microxplorer.util.MXPropertyChangeSupport.firePropertyChange(MXPropertyChangeSupport.java:54) ~[STM32CubeMX.jar:?]
	at com.st.microxplorer.mxsystem.MxSystem.closeConfig(MxSystem.java:899) ~[STM32CubeMX.jar:?]
	at com.st.microxplorer.maingui.MainPanel.closeConfig(MainPanel.java:792) ~[STM32CubeMX.jar:?]
	at com.st.microxplorer.plugins.filemanager.engine.OpenFileManager.loadConfigurationFile(OpenFileManager.java:288) ~[filemanager.jar:?]
	at com.st.microxplorer.plugins.filemanager.engine.MainFileManager.userLoadConfig(MainFileManager.java:364) ~[filemanager.jar:?]
	at com.st.microxplorer.plugins.filemanager.engine.MainFileManager.userLoadConfig(MainFileManager.java:342) ~[filemanager.jar:?]
	at com.st.microxplorer.plugins.filemanager.FileManagerView.getSpecificTask(FileManagerView.java:264) ~[filemanager.jar:?]
	at com.st.stm32cube.common.mx.editor.CubeMxEditor.getMxTabbedPaneInstance(CubeMxEditor.java:1198) ~[com.st.stm32cube.common.mx_6.15.0.202507011659/:?]
	at com.st.stm32cube.common.mx.editor.CubeMxEditor$12$1.createSwingComponent(CubeMxEditor.java:1068) ~[com.st.stm32cube.common.mx_6.15.0.202507011659/:?]
	at com.st.stm32cube.common.mx.oss.core.awtswtbridge.EmbeddedSwingComposite.doComponentCreation(EmbeddedSwingComposite.java:492) ~[com.st.stm32cube.common.mx.oss_6.15.0.202507011659/:?]
	at com.st.stm32cube.common.mx.oss.core.awtswtbridge.EmbeddedSwingComposite$4.run(EmbeddedSwingComposite.java:291) ~[com.st.stm32cube.common.mx.oss_6.15.0.202507011659/:?]
	at com.st.stm32cube.common.mx.oss.core.awtswtbridge.AwtEnvironment$2.run(AwtEnvironment.java:166) ~[com.st.stm32cube.common.mx.oss_6.15.0.202507011659/:?]
	at java.awt.event.InvocationEvent.dispatch(InvocationEvent.java:318) ~[?:?]
	at java.awt.EventQueue.dispatchEventImpl(EventQueue.java:773) ~[?:?]
	at java.awt.EventQueue$4.run(EventQueue.java:720) ~[?:?]
	at java.awt.EventQueue$4.run(EventQueue.java:714) ~[?:?]
	at java.security.AccessController.doPrivileged(AccessController.java:400) ~[?:?]
	at java.security.ProtectionDomain$JavaSecurityAccessImpl.doIntersectionPrivilege(ProtectionDomain.java:87) ~[?:?]
	at java.awt.EventQueue.dispatchEvent(EventQueue.java:742) ~[?:?]
	at java.awt.EventDispatchThread.pumpOneEventForFilters(EventDispatchThread.java:203) ~[?:?]
	at java.awt.EventDispatchThread.pumpEventsForFilter(EventDispatchThread.java:124) ~[?:?]
	at java.awt.EventDispatchThread.pumpEventsForHierarchy(EventDispatchThread.java:113) ~[?:?]
	at java.awt.EventDispatchThread.pumpEvents(EventDispatchThread.java:109) ~[?:?]
	at java.awt.EventDispatchThread.pumpEvents(EventDispatchThread.java:101) ~[?:?]
	at java.awt.EventDispatchThread.run(EventDispatchThread.java:90) ~[?:?]
2025-09-09 13:04:56,008 [WARN] ThirdParty:871 - waiting for thirdparty lock release [close project]
2025-09-09 13:04:56,008 [INFO] ThirdParty:873 - entering critical section [close project]
2025-09-09 13:04:56,008 [INFO] ThirdParty:883 - exiting critical section [close project]
2025-09-09 13:04:56,011 [INFO] PinOutPanel:1589 - setPackage(No Configuration,No Configuration)
2025-09-09 13:04:56,029 [INFO] UtilMem:75 - Begin LoadConfig() Used Memory: 458279680 Bytes (762314752)
2025-09-09 13:04:56,029 [INFO] MicroXplorer:468 - Change Database Path : 
2025-09-09 13:04:56,030 [INFO] MicroXplorer:498 - Change Database Version : DB.6.0.150
2025-09-09 13:04:56,030 [INFO] OpenFileManager:355 - Change cursor
2025-09-09 13:04:56,083 [INFO] Mcu:2029 - Initializing MCU STM32G474RBTx STM32G474RBTx STM32G474RBT6
2025-09-09 13:04:58,977 [INFO] Context:786 - Trying to add GPIOservice into a context  which must be forbidden
2025-09-09 13:05:00,118 [INFO] ImportTextPane:234 - (OptionalMessage_ERROR) Unable to find key (Mcu.ThirdPartyNb) in loaded IOC file
2025-09-09 13:05:00,118 [INFO] ImportTextPane:234 - (OptionalMessage_ERROR) Unable to find key (Mcu.PinsNb) in loaded IOC file
2025-09-09 13:05:00,118 [INFO] ImportTextPane:234 - (OptionalMessage_ERROR) Pin0 (VP_RIF_VS_RIF1) cannot be retrieved for this MCU
2025-09-09 13:05:00,118 [INFO] ImportTextPane:234 - (OptionalMessage_ERROR) Unable to find key (Mcu.IPNb) in loaded IOC file
2025-09-09 13:05:00,173 [INFO] RtosManager:558 - Registered RTOS mode: class=CMSIS, group=RTOS, mode=CMSIS_V1, owner=FREERTOS
2025-09-09 13:05:00,173 [INFO] RtosManager:558 - Registered RTOS mode: class=CMSIS, group=RTOS2, mode=CMSIS_V2, owner=FREERTOS
2025-09-09 13:05:00,173 [INFO] RtosManager:558 - Registered RTOS mode: class=RTOS, group=Core, mode=CMSIS_V1, owner=FREERTOS
2025-09-09 13:05:00,173 [INFO] RtosManager:558 - Registered RTOS mode: class=RTOS, group=Core, mode=CMSIS_V2, owner=FREERTOS
2025-09-09 13:05:00,173 [WARN] ModelIntegratedComponent:184 - Missing modes for component STMicroelectronics:FreeRTOS:0.0.1:STMicroelectronics:RTOS:FreeRTOS:Core:::10.2.0:
2025-09-09 13:05:00,181 [WARN] ModelIntegratedComponent:63 - No mode defined for component null
2025-09-09 13:05:00,181 [WARN] ModelIntegratedComponent:63 - No mode defined for component null
2025-09-09 13:05:00,181 [WARN] ModelIntegratedComponent:63 - No mode defined for component null
2025-09-09 13:05:00,181 [WARN] ModelIntegratedComponent:63 - No mode defined for component null
2025-09-09 13:05:00,181 [WARN] ModelIntegratedComponent:63 - No mode defined for component null
2025-09-09 13:05:00,181 [WARN] ModelIntegratedComponent:63 - No mode defined for component null
2025-09-09 13:05:00,182 [WARN] ModelIntegratedComponent:63 - No mode defined for component null
2025-09-09 13:05:00,182 [WARN] ModelIntegratedComponent:63 - No mode defined for component null
2025-09-09 13:05:00,182 [WARN] ModelIntegratedComponent:63 - No mode defined for component null
2025-09-09 13:05:00,182 [WARN] ModelIntegratedComponent:63 - No mode defined for component null
2025-09-09 13:05:00,182 [WARN] ModelIntegratedComponent:63 - No mode defined for component null
2025-09-09 13:05:00,182 [WARN] ModelIntegratedComponent:63 - No mode defined for component null
2025-09-09 13:05:00,182 [WARN] ModelIntegratedComponent:63 - No mode defined for component null
2025-09-09 13:05:00,182 [WARN] ModelIntegratedComponent:63 - No mode defined for component null
2025-09-09 13:05:00,182 [WARN] ModelIntegratedComponent:63 - No mode defined for component null
2025-09-09 13:05:00,183 [WARN] ModelIntegratedComponent:63 - No mode defined for component null
2025-09-09 13:05:00,183 [WARN] ModelIntegratedComponent:63 - No mode defined for component null
2025-09-09 13:05:00,183 [WARN] ModelIntegratedComponent:63 - No mode defined for component null
2025-09-09 13:05:00,183 [WARN] ModelIntegratedComponent:63 - No mode defined for component null
2025-09-09 13:05:00,183 [WARN] ModelIntegratedComponent:63 - No mode defined for component null
2025-09-09 13:05:00,183 [WARN] ModelIntegratedComponent:63 - No mode defined for component null
2025-09-09 13:05:00,183 [WARN] ModelIntegratedComponent:63 - No mode defined for component null
2025-09-09 13:05:00,183 [WARN] ModelIntegratedComponent:63 - No mode defined for component null
2025-09-09 13:05:00,183 [WARN] ModelIntegratedComponent:63 - No mode defined for component null
2025-09-09 13:05:00,183 [WARN] ModelIntegratedComponent:63 - No mode defined for component null
2025-09-09 13:05:00,183 [WARN] ModelIntegratedComponent:63 - No mode defined for component null
2025-09-09 13:05:00,183 [WARN] ModelIntegratedComponent:63 - No mode defined for component null
2025-09-09 13:05:00,183 [WARN] ModelIntegratedComponent:63 - No mode defined for component null
2025-09-09 13:05:00,183 [WARN] ModelIntegratedComponent:63 - No mode defined for component null
2025-09-09 13:05:00,183 [WARN] ModelIntegratedComponent:63 - No mode defined for component null
2025-09-09 13:05:00,183 [WARN] ModelIntegratedComponent:63 - No mode defined for component null
2025-09-09 13:05:00,183 [WARN] ModelIntegratedComponent:63 - No mode defined for component null
2025-09-09 13:05:00,184 [WARN] ModelIntegratedComponent:63 - No mode defined for component null
2025-09-09 13:05:00,184 [WARN] ModelIntegratedComponent:63 - No mode defined for component null
2025-09-09 13:05:00,184 [WARN] ModelIntegratedComponent:63 - No mode defined for component null
2025-09-09 13:05:00,184 [WARN] ModelPack:524 - Component already loaded: STMicroelectronics:HAL Drivers:0.0.0:STMicroelectronics:Device:STMicro_Driver:XSPI:HAL::0.0.1:HAL_XSPI
2025-09-09 13:05:00,263 [INFO] ThirdPartyModel:298 - Start build external matchings
2025-09-09 13:05:00,692 [INFO] ThirdPartyModel:316 - End build external matchings
2025-09-09 13:05:00,902 [INFO] UtilMem:75 - End LoadConfig() Used Memory: 541054272 Bytes (781189120)
2025-09-09 13:05:00,915 [WARN] ThirdParty:833 - waiting for thirdparty lock release [change project]
2025-09-09 13:05:00,916 [INFO] ThirdParty:835 - entering critical section [change project]
2025-09-09 13:05:00,916 [INFO] ThirdParty:1030 - CMSIS Pack Vendor :STMicroelectronics X-CUBE-PM33A1 1.0.0
2025-09-09 13:05:00,916 [INFO] ThirdParty:1030 - CMSIS Pack Vendor :STMicroelectronics USBPD 4.1
2025-09-09 13:05:00,917 [INFO] ThirdParty:1030 - CMSIS Pack Vendor :STMicroelectronics X-CUBE-NFC9 1.0.0
2025-09-09 13:05:00,917 [INFO] ThirdParty:1030 - CMSIS Pack Vendor :STMicroelectronics USB_HOST 2.0.0
2025-09-09 13:05:00,917 [INFO] ThirdParty:1030 - CMSIS Pack Vendor :STMicroelectronics FP-SNS-MOTENVWB1 1.4.0
2025-09-09 13:05:00,917 [INFO] ThirdParty:1030 - CMSIS Pack Vendor :STMicroelectronics X-CUBE-AZRTOS-F4 1.1.0
2025-09-09 13:05:00,917 [INFO] ThirdParty:1030 - CMSIS Pack Vendor :STMicroelectronics LIBJPEG 8.0.0
2025-09-09 13:05:00,917 [INFO] ThirdParty:1030 - CMSIS Pack Vendor :STMicroelectronics FP-ATR-ASTRA1 2.0.2
2025-09-09 13:05:00,917 [INFO] ThirdParty:1030 - CMSIS Pack Vendor :wolfSSL I-CUBE-wolfSSL 5.8.2
2025-09-09 13:05:00,917 [INFO] ThirdParty:1030 - CMSIS Pack Vendor :STMicroelectronics X-CUBE-BLE1 7.1.0
2025-09-09 13:05:00,917 [INFO] ThirdParty:1030 - CMSIS Pack Vendor :Avnet-IotConnect X-CUBE-IoTC-DA16k-PMOD 1.0.0
2025-09-09 13:05:00,918 [INFO] ThirdParty:1030 - CMSIS Pack Vendor :STMicroelectronics X-CUBE-SMBUS 2.1.0
2025-09-09 13:05:00,918 [INFO] ThirdParty:1030 - CMSIS Pack Vendor :wolfSSL I-CUBE-wolfMQTT 1.19.2
2025-09-09 13:05:00,918 [INFO] ThirdParty:1030 - CMSIS Pack Vendor :STMicroelectronics USB_DEVICE 3.0.0
2025-09-09 13:05:00,918 [INFO] ThirdParty:1030 - CMSIS Pack Vendor :STMicroelectronics X-CUBE-ISPU 2.1.0
2025-09-09 13:05:00,918 [INFO] ThirdParty:1030 - CMSIS Pack Vendor :STMicroelectronics X-CUBE-EEPRMA1 5.2.0
2025-09-09 13:05:00,918 [INFO] ThirdParty:1030 - CMSIS Pack Vendor :STMicroelectronics X-CUBE-BLEMGR 4.1.0
2025-09-09 13:05:00,918 [INFO] ThirdParty:1030 - CMSIS Pack Vendor :STMicroelectronics X-CUBE-AZRTOS-WB 2.0.0
2025-09-09 13:05:00,918 [INFO] ThirdParty:1030 - CMSIS Pack Vendor :STMicroelectronics X-CUBE-ST60 1.0.0
2025-09-09 13:05:00,918 [INFO] ThirdParty:1030 - CMSIS Pack Vendor :STMicroelectronics X-CUBE-GNSS1 7.0.1
2025-09-09 13:05:00,918 [INFO] ThirdParty:1030 - CMSIS Pack Vendor :STMicroelectronics X-CUBE-NFC12 1.0.0
2025-09-09 13:05:00,918 [INFO] ThirdParty:1030 - CMSIS Pack Vendor :STMicroelectronics X-CUBE-AZRTOS-F7 1.1.0
2025-09-09 13:05:00,918 [INFO] ThirdParty:1030 - CMSIS Pack Vendor :STMicroelectronics X-CUBE-AZRTOS-L5 2.0.0
2025-09-09 13:05:00,918 [INFO] ThirdParty:1030 - CMSIS Pack Vendor :STMicroelectronics X-CUBE-TOUCHGFX 4.25.0
2025-09-09 13:05:00,919 [INFO] ThirdParty:1030 - CMSIS Pack Vendor :STMicroelectronics USB_DEVICE 2.0.0
2025-09-09 13:05:00,919 [INFO] ThirdParty:1030 - CMSIS Pack Vendor :STMicroelectronics X-CUBE-NFC6 3.1.0
2025-09-09 13:05:00,919 [INFO] ThirdParty:1030 - CMSIS Pack Vendor :STMicroelectronics X-CUBE-AI 10.1.0
2025-09-09 13:05:00,919 [INFO] ThirdParty:1030 - CMSIS Pack Vendor :STMicroelectronics FP-SNS-STBOX1 2.0.0
2025-09-09 13:05:00,919 [INFO] ThirdParty:1030 - CMSIS Pack Vendor :quantropi X-CUBE-qispace-sdk-base 2.1.0
2025-09-09 13:05:00,919 [INFO] ThirdParty:1030 - CMSIS Pack Vendor :STMicroelectronics FreeRTOS 0.0.1
2025-09-09 13:05:00,919 [INFO] ThirdParty:1030 - CMSIS Pack Vendor :STMicroelectronics X-CUBE-AZRTOS-G0 1.1.0
2025-09-09 13:05:00,919 [INFO] ThirdParty:1030 - CMSIS Pack Vendor :STMicroelectronics X-CUBE-SAFEA1 1.2.2
2025-09-09 13:05:00,919 [INFO] ThirdParty:1030 - CMSIS Pack Vendor :STMicroelectronics X-CUBE-NFC4 3.0.0
2025-09-09 13:05:00,919 [INFO] ThirdParty:1030 - CMSIS Pack Vendor :STMicroelectronics X-CUBE-SUBG2 5.0.0
2025-09-09 13:05:00,919 [INFO] ThirdParty:1030 - CMSIS Pack Vendor :STMicroelectronics X-CUBE-AZRTOS-H7RS 1.1.0
2025-09-09 13:05:00,919 [INFO] ThirdParty:1030 - CMSIS Pack Vendor :STMicroelectronics STM32_WPAN 1.0.0
2025-09-09 13:05:00,919 [INFO] ThirdParty:1030 - CMSIS Pack Vendor :EmbeddedOffice I-CUBE-FS-RTOS 1.0.1
2025-09-09 13:05:00,920 [INFO] ThirdParty:1030 - CMSIS Pack Vendor :STMicroelectronics lwIP 2.0.3
2025-09-09 13:05:00,920 [INFO] ThirdParty:1030 - CMSIS Pack Vendor :Cesanta I-CUBE-Mongoose 7.13.0
2025-09-09 13:05:00,920 [INFO] ThirdParty:1030 - CMSIS Pack Vendor :STMicroelectronics USB_HOST 1.0.0
2025-09-09 13:05:00,920 [INFO] ThirdParty:1030 - CMSIS Pack Vendor :Infineon AIROC-Wi-Fi-Bluetooth-STM32 1.7.1
2025-09-09 13:05:00,920 [INFO] ThirdParty:1030 - CMSIS Pack Vendor :STMicroelectronics X-CUBE-AZRTOS-G4 2.0.0
2025-09-09 13:05:00,920 [INFO] ThirdParty:1030 - CMSIS Pack Vendor :STMicroelectronics X-CUBE-WB05N 2.0.0
2025-09-09 13:05:00,920 [INFO] ThirdParty:1030 - CMSIS Pack Vendor :STMicroelectronics PDM2PCM 3.1.0
2025-09-09 13:05:00,920 [INFO] ThirdParty:1030 - CMSIS Pack Vendor :STMicroelectronics PDM2PCM 3.3.0
2025-09-09 13:05:00,920 [INFO] ThirdParty:1030 - CMSIS Pack Vendor :wolfSSL I-CUBE-wolfTPM 3.8.0
2025-09-09 13:05:00,920 [INFO] ThirdParty:1030 - CMSIS Pack Vendor :STMicroelectronics X-CUBE-AZRTOS-H7 3.4.0
2025-09-09 13:05:00,920 [INFO] ThirdParty:1030 - CMSIS Pack Vendor :STMicroelectronics X-CUBE-DISPLAY 3.0.0
2025-09-09 13:05:00,920 [INFO] ThirdParty:1030 - CMSIS Pack Vendor :wolfSSL I-CUBE-wolfSSH 1.4.20
2025-09-09 13:05:00,921 [INFO] ThirdParty:1030 - CMSIS Pack Vendor :STMicroelectronics X-CUBE-NFC7 2.0.0
2025-09-09 13:05:00,921 [INFO] ThirdParty:1030 - CMSIS Pack Vendor :STMicroelectronics X-CUBE-TCPP 4.2.0
2025-09-09 13:05:00,921 [INFO] ThirdParty:1030 - CMSIS Pack Vendor :RealThread X-CUBE-RT-Thread_Nano 4.1.1
2025-09-09 13:05:00,921 [INFO] ThirdParty:1030 - CMSIS Pack Vendor :STMicroelectronics FP-ATR-SIGFOX1 3.2.0
2025-09-09 13:05:00,922 [INFO] ThirdParty:1030 - CMSIS Pack Vendor :STMicroelectronics X-CUBE-NFC10 1.0.0
2025-09-09 13:05:00,922 [INFO] ThirdParty:1030 - CMSIS Pack Vendor :STMicroelectronics X-CUBE-FREERTOS 1.3.1
2025-09-09 13:05:00,922 [INFO] ThirdParty:1030 - CMSIS Pack Vendor :STMicroelectronics HAL Drivers 0.0.0
2025-09-09 13:05:00,922 [INFO] ThirdParty:1030 - CMSIS Pack Vendor :STMicroelectronics MBEDTLS 2.16.2
2025-09-09 13:05:00,923 [INFO] ThirdParty:1030 - CMSIS Pack Vendor :STMicroelectronics X-CUBE-IPS 3.1.0
2025-09-09 13:05:00,923 [INFO] ThirdParty:1030 - CMSIS Pack Vendor :STMicroelectronics X-CUBE-ALS 1.0.2
2025-09-09 13:05:00,923 [INFO] ThirdParty:1030 - CMSIS Pack Vendor :emotas I-CUBE-CANOPEN 1.3.0
2025-09-09 13:05:00,923 [INFO] ThirdParty:1030 - CMSIS Pack Vendor :STMicroelectronics MBEDTLS 2.14.1
2025-09-09 13:05:00,923 [INFO] ThirdParty:1030 - CMSIS Pack Vendor :ITTIA_DB I-CUBE-ITTIADB 8.9.0
2025-09-09 13:05:00,923 [INFO] ThirdParty:1030 - CMSIS Pack Vendor :STMicroelectronics X-CUBE-STSE01 1.0.0
2025-09-09 13:05:00,923 [INFO] ThirdParty:1030 - CMSIS Pack Vendor :portGmbH I-Cube-SoM-uGOAL 1.1.0
2025-09-09 13:05:00,923 [INFO] ThirdParty:1030 - CMSIS Pack Vendor :STMicroelectronics X-CUBE-ST67W61 1.0.0
2025-09-09 13:05:00,923 [INFO] ThirdParty:1030 - CMSIS Pack Vendor :STMicroelectronics FP-SNS-STBOX1 2.1.0
2025-09-09 13:05:00,923 [INFO] ThirdParty:1030 - CMSIS Pack Vendor :STMicroelectronics X-CUBE-AI 10.2.0
2025-09-09 13:05:00,923 [INFO] ThirdParty:1030 - CMSIS Pack Vendor :STMicroelectronics FP-SNS-STAIOTCFT 1.0.0
2025-09-09 13:05:00,923 [INFO] ThirdParty:1030 - CMSIS Pack Vendor :STMicroelectronics ThreadX 1.0.0
2025-09-09 13:05:00,923 [INFO] ThirdParty:1030 - CMSIS Pack Vendor :STMicroelectronics FP-SNS-SMARTAG2 1.2.0
2025-09-09 13:05:00,923 [INFO] ThirdParty:1030 - CMSIS Pack Vendor :STMicroelectronics FP-SNS-FLIGHT1 5.1.0
2025-09-09 13:05:00,923 [INFO] ThirdParty:1030 - CMSIS Pack Vendor :STMicroelectronics X-CUBE-AZRTOS-WL 2.0.0
2025-09-09 13:05:00,923 [INFO] ThirdParty:1030 - CMSIS Pack Vendor :SEGGER I-CUBE-embOS 1.3.1
2025-09-09 13:05:00,923 [INFO] ThirdParty:1030 - CMSIS Pack Vendor :STMicroelectronics X-CUBE-ALGOBUILD 1.4.0
2025-09-09 13:05:00,923 [INFO] ThirdParty:1030 - CMSIS Pack Vendor :STMicroelectronics X-CUBE-DPower 1.3.0
2025-09-09 13:05:00,923 [INFO] ThirdParty:1030 - CMSIS Pack Vendor :STMicroelectronics X-CUBE-MEMS1 11.3.0
2025-09-09 13:05:00,923 [INFO] ThirdParty:1030 - CMSIS Pack Vendor :STMicroelectronics FP-SNS-MOTENV1 5.0.0
2025-09-09 13:05:00,923 [INFO] ThirdParty:1030 - CMSIS Pack Vendor :STMicroelectronics USB_DEVICE 1.0.0
2025-09-09 13:05:00,923 [INFO] ThirdParty:1030 - CMSIS Pack Vendor :STMicroelectronics X-CUBE-AZRTOS-L4 2.0.0
2025-09-09 13:05:00,923 [INFO] ThirdParty:1030 - CMSIS Pack Vendor :STMicroelectronics ThreadX 0.0.2
2025-09-09 13:05:00,924 [INFO] ThirdParty:1030 - CMSIS Pack Vendor :WES I-CUBE-Cesium 1.3.0
2025-09-09 13:05:00,924 [INFO] ThirdParty:1030 - CMSIS Pack Vendor :STMicroelectronics lwIP 2.1.2
2025-09-09 13:05:00,924 [INFO] ThirdParty:1030 - CMSIS Pack Vendor :STMicroelectronics X-CUBE-SFXS2LP1 4.0.0
2025-09-09 13:05:00,924 [INFO] ThirdParty:1030 - CMSIS Pack Vendor :STMicroelectronics X-CUBE-BLE2 3.3.0
2025-09-09 13:05:00,924 [INFO] ThirdParty:1030 - CMSIS Pack Vendor :STMicroelectronics X-CUBE-TOF1 3.4.3
2025-09-09 13:05:00,924 [INFO] ThirdParty:1030 - CMSIS Pack Vendor :STMicroelectronics PDM2PCM 3.2.0
2025-09-09 13:05:00,924 [INFO] ThirdParty:841 - exiting critical section [change project]
2025-09-09 13:05:01,465 [INFO] PinOutPanel:1589 - setPackage(No Configuration,No Configuration)
2025-09-09 13:05:01,466 [INFO] PinOutPanel:1589 - setPackage(STM32G474RBTx,LQFP64)
2025-09-09 13:05:01,735 [INFO] UtilMem:75 - Before build in PCC Used Memory: 416561952 Bytes (781189120)
2025-09-09 13:05:02,101 [INFO] UtilMem:75 - After build in PCC Used Memory: 516698912 Bytes (781189120)
2025-09-09 13:05:02,121 [INFO] IPUIPlugin:80 - create IPUIPlugin
2025-09-09 13:05:02,121 [INFO] IPUIPlugin:80 - create IPUIPlugin
2025-09-09 13:05:02,122 [INFO] IPUIPlugin:80 - create IPUIPlugin
2025-09-09 13:05:02,122 [INFO] IPUIPlugin:80 - create IPUIPlugin
2025-09-09 13:05:02,122 [INFO] IPUIPlugin:80 - create IPUIPlugin
2025-09-09 13:05:02,122 [INFO] IPUIPlugin:80 - create IPUIPlugin
2025-09-09 13:05:02,122 [INFO] IPUIPlugin:80 - create IPUIPlugin
2025-09-09 13:05:02,122 [INFO] IPUIPlugin:80 - create IPUIPlugin
2025-09-09 13:05:02,122 [INFO] IPUIPlugin:80 - create IPUIPlugin
2025-09-09 13:05:02,122 [INFO] IPUIPlugin:80 - create IPUIPlugin
2025-09-09 13:05:02,123 [INFO] IPUIPlugin:80 - create IPUIPlugin
2025-09-09 13:05:02,123 [INFO] IPUIPlugin:80 - create IPUIPlugin
2025-09-09 13:05:02,123 [INFO] IPUIPlugin:80 - create IPUIPlugin
2025-09-09 13:05:02,123 [INFO] IPUIPlugin:80 - create IPUIPlugin
2025-09-09 13:05:02,123 [INFO] IPUIPlugin:80 - create IPUIPlugin
2025-09-09 13:05:02,123 [INFO] IPUIPlugin:80 - create IPUIPlugin
2025-09-09 13:05:02,123 [INFO] IPUIPlugin:80 - create IPUIPlugin
2025-09-09 13:05:02,123 [INFO] IPUIPlugin:80 - create IPUIPlugin
2025-09-09 13:05:02,123 [INFO] IPUIPlugin:80 - create IPUIPlugin
2025-09-09 13:05:02,124 [INFO] IPUIPlugin:80 - create IPUIPlugin
2025-09-09 13:05:02,124 [INFO] IPUIPlugin:80 - create IPUIPlugin
2025-09-09 13:05:02,124 [INFO] IPUIPlugin:80 - create IPUIPlugin
2025-09-09 13:05:02,124 [INFO] IPUIPlugin:80 - create IPUIPlugin
2025-09-09 13:05:02,124 [INFO] IPUIPlugin:80 - create IPUIPlugin
2025-09-09 13:05:02,124 [INFO] IPUIPlugin:80 - create IPUIPlugin
2025-09-09 13:05:02,124 [INFO] IPUIPlugin:80 - create IPUIPlugin
2025-09-09 13:05:02,124 [INFO] IPUIPlugin:80 - create IPUIPlugin
2025-09-09 13:05:02,124 [INFO] IPUIPlugin:80 - create IPUIPlugin
2025-09-09 13:05:02,125 [INFO] IPUIPlugin:80 - create IPUIPlugin
2025-09-09 13:05:02,125 [INFO] IPUIPlugin:80 - create IPUIPlugin
2025-09-09 13:05:02,125 [INFO] IPUIPlugin:80 - create IPUIPlugin
2025-09-09 13:05:02,125 [INFO] IPUIPlugin:80 - create IPUIPlugin
2025-09-09 13:05:02,125 [INFO] IPUIPlugin:80 - create IPUIPlugin
2025-09-09 13:05:02,125 [INFO] IPUIPlugin:80 - create IPUIPlugin
2025-09-09 13:05:02,126 [INFO] IPUIPlugin:80 - create IPUIPlugin
2025-09-09 13:05:02,126 [INFO] IPUIPlugin:80 - create IPUIPlugin
2025-09-09 13:05:02,126 [INFO] IPUIPlugin:80 - create IPUIPlugin
2025-09-09 13:05:02,126 [INFO] IPUIPlugin:80 - create IPUIPlugin
2025-09-09 13:05:02,127 [INFO] IPUIPlugin:80 - create IPUIPlugin
2025-09-09 13:05:02,127 [INFO] IPUIPlugin:80 - create IPUIPlugin
2025-09-09 13:05:02,128 [INFO] IPUIPlugin:80 - create IPUIPlugin
2025-09-09 13:05:02,129 [INFO] IPUIPlugin:80 - create IPUIPlugin
2025-09-09 13:05:02,129 [INFO] IPUIPlugin:80 - create IPUIPlugin
2025-09-09 13:05:02,130 [INFO] IPUIPlugin:80 - create IPUIPlugin
2025-09-09 13:05:02,130 [INFO] IPUIPlugin:80 - create IPUIPlugin
2025-09-09 13:05:02,130 [INFO] IPUIPlugin:80 - create IPUIPlugin
2025-09-09 13:05:02,130 [INFO] IPUIPlugin:80 - create IPUIPlugin
2025-09-09 13:05:02,131 [INFO] IPUIPlugin:80 - create IPUIPlugin
2025-09-09 13:05:02,131 [INFO] IPUIPlugin:80 - create IPUIPlugin
2025-09-09 13:05:02,131 [INFO] IPUIPlugin:80 - create IPUIPlugin
2025-09-09 13:05:02,132 [INFO] IPUIPlugin:80 - create IPUIPlugin
2025-09-09 13:05:02,132 [INFO] IPUIPlugin:80 - create IPUIPlugin
2025-09-09 13:05:02,132 [INFO] IPUIPlugin:80 - create IPUIPlugin
2025-09-09 13:05:02,132 [INFO] IPUIPlugin:80 - create IPUIPlugin
2025-09-09 13:05:02,132 [INFO] IPUIPlugin:80 - create IPUIPlugin
2025-09-09 13:05:02,132 [INFO] IPUIPlugin:80 - create IPUIPlugin
2025-09-09 13:05:02,132 [INFO] IPUIPlugin:80 - create IPUIPlugin
2025-09-09 13:05:02,133 [INFO] IPUIPlugin:80 - create IPUIPlugin
2025-09-09 13:05:02,133 [INFO] IPUIPlugin:80 - create IPUIPlugin
2025-09-09 13:05:02,133 [INFO] IPUIPlugin:80 - create IPUIPlugin
2025-09-09 13:05:02,133 [INFO] IPUIPlugin:80 - create IPUIPlugin
2025-09-09 13:05:02,133 [INFO] IPUIPlugin:80 - create IPUIPlugin
2025-09-09 13:05:02,133 [INFO] IPUIPlugin:80 - create IPUIPlugin
2025-09-09 13:05:02,133 [INFO] IPUIPlugin:80 - create IPUIPlugin
2025-09-09 13:05:02,133 [INFO] IPUIPlugin:80 - create IPUIPlugin
2025-09-09 13:05:02,133 [INFO] IPUIPlugin:80 - create IPUIPlugin
2025-09-09 13:05:02,134 [INFO] IPUIPlugin:80 - create IPUIPlugin
2025-09-09 13:05:02,134 [INFO] IPUIPlugin:80 - create IPUIPlugin
2025-09-09 13:05:02,134 [INFO] IPUIPlugin:80 - create IPUIPlugin
2025-09-09 13:05:02,134 [INFO] IPUIPlugin:80 - create IPUIPlugin
2025-09-09 13:05:02,135 [INFO] IPUIPlugin:80 - create IPUIPlugin
2025-09-09 13:05:02,135 [INFO] IPUIPlugin:80 - create IPUIPlugin
2025-09-09 13:05:02,135 [INFO] IPUIPlugin:80 - create IPUIPlugin
2025-09-09 13:05:02,135 [INFO] IPUIPlugin:80 - create IPUIPlugin
2025-09-09 13:05:02,135 [INFO] IPUIPlugin:80 - create IPUIPlugin
2025-09-09 13:05:02,136 [INFO] IPUIPlugin:80 - create IPUIPlugin
2025-09-09 13:05:02,136 [INFO] IPUIPlugin:80 - create IPUIPlugin
2025-09-09 13:05:02,161 [INFO] CADModel:165 - CPN selected for project levelSTM32G474RBT6
2025-09-09 13:05:02,161 [INFO] CADModel:114 - Register for checkConnection events
2025-09-09 13:05:02,202 [INFO] OpenFileManager:386 - Restore cursor
2025-09-09 13:05:02,657 [INFO] UtilMem:75 - End SaveConfig() Used Memory: 628818712 Bytes (781189120)
2025-09-09 13:05:02,713 [INFO] UtilMem:75 - End SaveConfig() Used Memory: 655197016 Bytes (781189120)
2025-09-09 13:05:03,130 [INFO] BlockDiagram:2775 - set Specific Code input for plugin: RCC
2025-09-09 13:05:03,130 [INFO] BlockDiagram:2775 - set Specific Code input for plugin: NVIC
2025-09-09 13:05:03,131 [INFO] CodeGenerator:892 - code generatio: config db path: /home/tuna/st/stm32cubeide_1.18.1/plugins/com.st.stm32cube.common.mx_6.15.0.202507011659//db/
2025-09-09 13:05:03,250 [INFO] CodeEngine:265 - oldGeneratedFile, /home/tuna/STM32CubeIDE/workspace_1.18.1/stm32f4_dev_board/dy_tem_oled_i2c/test/MXTmpFiles/license.tmp_save
2025-09-09 13:05:03,621 [INFO] CodeEngine:289 - Generated code: /home/tuna/STM32CubeIDE/workspace_1.18.1/stm32f4_dev_board/dy_tem_oled_i2c/test/MXTmpFiles/license.tmp
2025-09-09 13:05:03,636 [INFO] CodeEngine:265 - oldGeneratedFile, /home/tuna/STM32CubeIDE/workspace_1.18.1/stm32f4_dev_board/dy_tem_oled_i2c/test/Core/Src/stm32g4xx_it.c_save
2025-09-09 13:05:03,777 [INFO] CodeEngine:289 - Generated code: /home/tuna/STM32CubeIDE/workspace_1.18.1/stm32f4_dev_board/dy_tem_oled_i2c/test/Core/Src/stm32g4xx_it.c
2025-09-09 13:05:03,780 [INFO] CodeEngine:265 - oldGeneratedFile, /home/tuna/STM32CubeIDE/workspace_1.18.1/stm32f4_dev_board/dy_tem_oled_i2c/test/Core/Inc/stm32g4xx_it.h_save
2025-09-09 13:05:03,861 [INFO] CodeEngine:289 - Generated code: /home/tuna/STM32CubeIDE/workspace_1.18.1/stm32f4_dev_board/dy_tem_oled_i2c/test/Core/Inc/stm32g4xx_it.h
2025-09-09 13:05:03,907 [INFO] CodeEngine:265 - oldGeneratedFile, /home/tuna/STM32CubeIDE/workspace_1.18.1/stm32f4_dev_board/dy_tem_oled_i2c/test/Core/Src/stm32g4xx_hal_msp.c_save
2025-09-09 13:05:04,032 [INFO] CodeEngine:289 - Generated code: /home/tuna/STM32CubeIDE/workspace_1.18.1/stm32f4_dev_board/dy_tem_oled_i2c/test/Core/Src/stm32g4xx_hal_msp.c
2025-09-09 13:05:04,034 [INFO] CodeEngine:265 - oldGeneratedFile, /home/tuna/STM32CubeIDE/workspace_1.18.1/stm32f4_dev_board/dy_tem_oled_i2c/test/MXTmpFiles/system.tmp_save
2025-09-09 13:05:04,086 [INFO] CodeEngine:289 - Generated code: /home/tuna/STM32CubeIDE/workspace_1.18.1/stm32f4_dev_board/dy_tem_oled_i2c/test/MXTmpFiles/system.tmp
2025-09-09 13:05:04,092 [INFO] CodeEngine:321 - oldGeneratedFile, /home/tuna/STM32CubeIDE/workspace_1.18.1/stm32f4_dev_board/dy_tem_oled_i2c/test/Core/Inc/stm32g4xx_hal_conf.h_save
2025-09-09 13:05:04,140 [INFO] CodeEngine:345 - Generated code: /home/tuna/STM32CubeIDE/workspace_1.18.1/stm32f4_dev_board/dy_tem_oled_i2c/test/Core/Inc/stm32g4xx_hal_conf.h
2025-09-09 13:05:04,156 [WARN] IPConfigManager:3238 - Warning: the RefConfig RCC_CommonPeriphClockConfig is not available in your config.xml file
2025-09-09 13:05:04,159 [INFO] ApiDbMcu:532 - Load IP Config File for RCC
2025-09-09 13:05:04,163 [INFO] CodeEngine:265 - oldGeneratedFile, /home/tuna/STM32CubeIDE/workspace_1.18.1/stm32f4_dev_board/dy_tem_oled_i2c/test/Core/Inc/main.h_save
2025-09-09 13:05:04,225 [INFO] CodeEngine:289 - Generated code: /home/tuna/STM32CubeIDE/workspace_1.18.1/stm32f4_dev_board/dy_tem_oled_i2c/test/Core/Inc/main.h
2025-09-09 13:05:04,226 [INFO] CodeEngine:265 - oldGeneratedFile, /home/tuna/STM32CubeIDE/workspace_1.18.1/stm32f4_dev_board/dy_tem_oled_i2c/test/Core/Src/main.c_save
2025-09-09 13:05:04,318 [INFO] CodeEngine:289 - Generated code: /home/tuna/STM32CubeIDE/workspace_1.18.1/stm32f4_dev_board/dy_tem_oled_i2c/test/Core/Src/main.c
2025-09-09 13:05:04,531 [INFO] ProjectBuilder:3606 - Time for Copy HAL[1] : 52mS.
2025-09-09 13:05:04,534 [INFO] ProjectBuilder:5216 - Project Generator version: 4.7.0-B52
2025-09-09 13:05:04,597 [INFO] ConfigFileManager:1595 - The Die is : DIE469
2025-09-09 13:05:04,600 [INFO] ApiDbMcu:532 - Load IP Config File for FATFS
2025-09-09 13:05:04,603 [INFO] ApiDbMcu:532 - Load IP Config File for FREERTOS
2025-09-09 13:05:04,607 [INFO] ApiDbMcu:532 - Load IP Config File for USBPD
2025-09-09 13:05:04,609 [INFO] ApiDbMcu:532 - Load IP Config File for USB_DEVICE
2025-09-09 13:05:04,924 [INFO] LogOutputStream:77 - [STDOUT_REDIRECT] 
2025-09-09 13:05:06,385 [INFO] ProjectBuilder:5496 - Time for Generating toolchain IDE Files: 1851mS.
2025-09-09 13:05:06,386 [INFO] ProjectBuilder:3463 - Time for Copy CMSIS : 0mS.
2025-09-09 13:05:06,387 [INFO] ProjectBuilder:3463 - Time for Copy CMSIS : 0mS.
2025-09-09 13:05:06,894 [INFO] McuFinderGlobals:76 - Set McuFinderConnectedMode to true
2025-09-09 13:05:06,897 [INFO] ApiDb:448 - Save user favorites file /home/tuna/.stm32cubeide/favorites.mcus.txt: 0 item(s)
2025-09-09 13:05:06,897 [INFO] ApiDb:452 - User favorites MCUs=[]
2025-09-09 13:05:52,338 [INFO] UtilMem:75 - End SaveConfig() Used Memory: 583556968 Bytes (1017118720)
2025-09-09 13:05:54,846 [INFO] UtilMem:75 - End SaveConfig() Used Memory: 696329144 Bytes (1017118720)
2025-09-09 13:05:55,140 [INFO] BlockDiagram:2775 - set Specific Code input for plugin: SYS
2025-09-09 13:05:55,140 [INFO] BlockDiagram:2775 - set Specific Code input for plugin: RCC
2025-09-09 13:05:55,140 [INFO] BlockDiagram:2775 - set Specific Code input for plugin: NVIC
2025-09-09 13:05:55,141 [INFO] BlockDiagram:2775 - set Specific Code input for plugin: GPIO
2025-09-09 13:05:55,141 [INFO] CodeGenerator:892 - code generatio: config db path: /home/tuna/st/stm32cubeide_1.18.1/plugins/com.st.stm32cube.common.mx_6.15.0.202507011659//db/
2025-09-09 13:05:55,226 [INFO] CodeEngine:265 - oldGeneratedFile, /home/tuna/STM32CubeIDE/workspace_1.18.1/stm32f4_dev_board/dy_tem_oled_i2c/test/MXTmpFiles/license.tmp_save
2025-09-09 13:05:55,376 [INFO] CodeEngine:289 - Generated code: /home/tuna/STM32CubeIDE/workspace_1.18.1/stm32f4_dev_board/dy_tem_oled_i2c/test/MXTmpFiles/license.tmp
2025-09-09 13:05:55,406 [INFO] CodeEngine:265 - oldGeneratedFile, /home/tuna/STM32CubeIDE/workspace_1.18.1/stm32f4_dev_board/dy_tem_oled_i2c/test/MXTmpFiles/gpio.tmp_save
2025-09-09 13:05:55,470 [INFO] CodeEngine:289 - Generated code: /home/tuna/STM32CubeIDE/workspace_1.18.1/stm32f4_dev_board/dy_tem_oled_i2c/test/MXTmpFiles/gpio.tmp
2025-09-09 13:05:55,483 [INFO] CodeEngine:265 - oldGeneratedFile, /home/tuna/STM32CubeIDE/workspace_1.18.1/stm32f4_dev_board/dy_tem_oled_i2c/test/Core/Src/stm32g4xx_it.c_save
2025-09-09 13:05:55,546 [INFO] CodeEngine:289 - Generated code: /home/tuna/STM32CubeIDE/workspace_1.18.1/stm32f4_dev_board/dy_tem_oled_i2c/test/Core/Src/stm32g4xx_it.c
2025-09-09 13:05:55,548 [INFO] CodeEngine:265 - oldGeneratedFile, /home/tuna/STM32CubeIDE/workspace_1.18.1/stm32f4_dev_board/dy_tem_oled_i2c/test/Core/Inc/stm32g4xx_it.h_save
2025-09-09 13:05:55,600 [INFO] CodeEngine:289 - Generated code: /home/tuna/STM32CubeIDE/workspace_1.18.1/stm32f4_dev_board/dy_tem_oled_i2c/test/Core/Inc/stm32g4xx_it.h
2025-09-09 13:05:55,605 [INFO] CodeEngine:265 - oldGeneratedFile, /home/tuna/STM32CubeIDE/workspace_1.18.1/stm32f4_dev_board/dy_tem_oled_i2c/test/Core/Src/stm32g4xx_hal_msp.c_save
2025-09-09 13:05:55,678 [INFO] CodeEngine:289 - Generated code: /home/tuna/STM32CubeIDE/workspace_1.18.1/stm32f4_dev_board/dy_tem_oled_i2c/test/Core/Src/stm32g4xx_hal_msp.c
2025-09-09 13:05:55,679 [INFO] CodeEngine:265 - oldGeneratedFile, /home/tuna/STM32CubeIDE/workspace_1.18.1/stm32f4_dev_board/dy_tem_oled_i2c/test/MXTmpFiles/system.tmp_save
2025-09-09 13:05:55,725 [INFO] CodeEngine:289 - Generated code: /home/tuna/STM32CubeIDE/workspace_1.18.1/stm32f4_dev_board/dy_tem_oled_i2c/test/MXTmpFiles/system.tmp
2025-09-09 13:05:55,728 [INFO] CodeEngine:321 - oldGeneratedFile, /home/tuna/STM32CubeIDE/workspace_1.18.1/stm32f4_dev_board/dy_tem_oled_i2c/test/Core/Inc/stm32g4xx_hal_conf.h_save
2025-09-09 13:05:55,780 [INFO] CodeEngine:345 - Generated code: /home/tuna/STM32CubeIDE/workspace_1.18.1/stm32f4_dev_board/dy_tem_oled_i2c/test/Core/Inc/stm32g4xx_hal_conf.h
2025-09-09 13:05:55,794 [WARN] IPConfigManager:3238 - Warning: the RefConfig RCC_CommonPeriphClockConfig is not available in your config.xml file
2025-09-09 13:05:55,800 [INFO] CodeEngine:265 - oldGeneratedFile, /home/tuna/STM32CubeIDE/workspace_1.18.1/stm32f4_dev_board/dy_tem_oled_i2c/test/Core/Inc/main.h_save
2025-09-09 13:05:55,852 [INFO] CodeEngine:289 - Generated code: /home/tuna/STM32CubeIDE/workspace_1.18.1/stm32f4_dev_board/dy_tem_oled_i2c/test/Core/Inc/main.h
2025-09-09 13:05:55,854 [INFO] CodeEngine:265 - oldGeneratedFile, /home/tuna/STM32CubeIDE/workspace_1.18.1/stm32f4_dev_board/dy_tem_oled_i2c/test/Core/Src/main.c_save
2025-09-09 13:05:55,925 [INFO] CodeEngine:289 - Generated code: /home/tuna/STM32CubeIDE/workspace_1.18.1/stm32f4_dev_board/dy_tem_oled_i2c/test/Core/Src/main.c
2025-09-09 13:05:56,075 [INFO] ProjectBuilder:3606 - Time for Copy HAL[1] : 19mS.
2025-09-09 13:05:56,076 [INFO] ProjectBuilder:5216 - Project Generator version: 4.7.0-B52
2025-09-09 13:05:56,138 [INFO] ConfigFileManager:1595 - The Die is : DIE469
2025-09-09 13:05:56,714 [INFO] ProjectBuilder:5496 - Time for Generating toolchain IDE Files: 638mS.
2025-09-09 13:05:56,715 [INFO] ProjectBuilder:3463 - Time for Copy CMSIS : 0mS.
2025-09-09 13:05:56,715 [INFO] ProjectBuilder:3463 - Time for Copy CMSIS : 0mS.
2025-09-09 13:11:47,240 [ERROR] ConfigurationRetriever:142 - IOException on connection: Read timed out
2025-09-09 13:26:53,298 [INFO] WebApp:194 - Connection lost
2025-09-09 13:27:11,182 [INFO] WebApp:191 - Connection restablished
2025-09-09 13:45:52,375 [INFO] WebApp:194 - Connection lost
2025-09-09 13:52:11,276 [INFO] WebApp:191 - Connection restablished
2025-09-09 14:08:03,864 [INFO] WebApp:194 - Connection lost
2025-09-09 14:08:06,065 [INFO] WebApp:191 - Connection restablished
2025-09-09 14:11:57,288 [INFO] WebApp:194 - Connection lost
2025-09-09 14:12:13,643 [INFO] WebApp:191 - Connection restablished
2025-09-09 14:31:22,364 [INFO] WebApp:194 - Connection lost
2025-09-09 14:31:43,484 [INFO] WebApp:191 - Connection restablished
2025-09-09 14:34:30,997 [INFO] WebApp:194 - Connection lost
2025-09-09 14:34:36,607 [INFO] WebApp:191 - Connection restablished
2025-09-09 14:34:38,203 [INFO] WebApp:194 - Connection lost
2025-09-09 14:34:38,401 [INFO] WebApp:191 - Connection restablished
2025-09-09 14:49:48,852 [INFO] WebApp:194 - Connection lost
2025-09-09 14:50:26,977 [INFO] WebApp:191 - Connection restablished
2025-09-09 14:51:50,829 [INFO] WebApp:194 - Connection lost
2025-09-09 14:52:37,196 [INFO] WebApp:191 - Connection restablished
