2025-10-26 11:48:05,883 [INFO] Activator:176 - 


2025-10-26 11:48:05,888 [INFO] Activator:177 - !SESSION log4j initialized
2025-10-26 11:48:08,090 [INFO] LogOutputStream:77 - [STDOUT_REDIRECT] 
2025-10-26 11:48:09,851 [INFO] ApplicationProperties:184 - Using Application install path: /home/tuna/st/stm32cubeide_1.18.1/plugins/com.st.stm32cube.common.mx_6.15.0.202507011659
2025-10-26 11:48:09,877 [INFO] DbMcusXml:78 - Set database path to: /home/tuna/st/stm32cubeide_1.18.1/plugins/com.st.stm32cube.common.mx_6.15.0.202507011659//db//mcu/
2025-10-26 11:48:09,877 [INFO] ApiDb:274 - Set plugin database path to: /home/tuna/st/stm32cubeide_1.18.1/plugins/com.st.stm32cube.common.mx_6.15.0.202507011659//db//plugins/boardmanager/
2025-10-26 11:48:09,877 [WARN] ApiDb:259 - Overriding images path with different value:  => /home/tuna/st/stm32cubeide_1.18.1/plugins/com.st.stm32cube.common.mx_6.15.0.202507011659//db//plugins/mcufinder/images/
2025-10-26 11:48:09,886 [INFO] ApiDb:250 - Set database path to: /home/tuna/.stmcufinder/plugins/mcufinder//mcu/
2025-10-26 11:48:09,887 [INFO] DbMcusAds:125 - Set database path to: /home/tuna/.stmcufinder/plugins/mcufinder//mcu/
2025-10-26 11:48:10,891 [INFO] CrossReferenceDbSqlite:203 - Set database path to: /home/tuna/.stmcufinder/plugins/mcufinder//mcu/cs/
2025-10-26 11:48:10,970 [INFO] RulesReader:64 - Compatibility file has been processed (317 Rules)
2025-10-26 11:48:11,025 [INFO] DbMcusXml:78 - Set database path to: /home/tuna/st/stm32cubeide_1.18.1/plugins/com.st.stm32cube.common.mx_6.15.0.202507011659//db//mcu/
2025-10-26 11:48:11,026 [INFO] ApiDb:274 - Set plugin database path to: /home/tuna/st/stm32cubeide_1.18.1/plugins/com.st.stm32cube.common.mx_6.15.0.202507011659//db//plugins/boardmanager/
2025-10-26 11:48:11,026 [INFO] ApiDb:261 - Set plugin images path to: /home/tuna/st/stm32cubeide_1.18.1/plugins/com.st.stm32cube.common.mx_6.15.0.202507011659//db//plugins/mcufinder/images/
2025-10-26 11:48:11,026 [WARN] DbFile:41 - Overriding database path with different value: /home/tuna/.stmcufinder/plugins/mcufinder/ => /home/tuna/.stmcufinder/plugins/mcufinder
2025-10-26 11:48:11,026 [INFO] ApiDb:250 - Set database path to: /home/tuna/.stmcufinder/plugins/mcufinder//mcu/
2025-10-26 11:48:11,026 [WARN] DbFile:41 - Overriding database path with different value: /home/tuna/.stmcufinder/plugins/mcufinder/ => /home/tuna/.stmcufinder/plugins/mcufinder
2025-10-26 11:48:11,026 [INFO] DbMcusAds:125 - Set database path to: /home/tuna/.stmcufinder/plugins/mcufinder//mcu/
2025-10-26 11:48:11,026 [WARN] DbFile:41 - Overriding database path with different value: /home/tuna/.stmcufinder/plugins/mcufinder/ => /home/tuna/.stmcufinder/plugins/mcufinder
2025-10-26 11:48:11,026 [WARN] DbFile:41 - Overriding database path with different value: /home/tuna/.stmcufinder/plugins/mcufinder/ => /home/tuna/.stmcufinder/plugins/mcufinder
2025-10-26 11:48:12,027 [INFO] CrossReferenceDbSqlite:203 - Set database path to: /home/tuna/.stmcufinder/plugins/mcufinder//mcu/cs/
2025-10-26 11:48:12,098 [INFO] MainPanel:274 - HeapMemory: 268435456
2025-10-26 11:48:12,238 [INFO] DbMcusXml:78 - Set database path to: /home/tuna/st/stm32cubeide_1.18.1/plugins/com.st.stm32cube.common.mx_6.15.0.202507011659//db//mcu/
2025-10-26 11:48:12,239 [INFO] ApiDb:274 - Set plugin database path to: /home/tuna/st/stm32cubeide_1.18.1/plugins/com.st.stm32cube.common.mx_6.15.0.202507011659//db//plugins/boardmanager/
2025-10-26 11:48:12,239 [INFO] ApiDb:261 - Set plugin images path to: /home/tuna/st/stm32cubeide_1.18.1/plugins/com.st.stm32cube.common.mx_6.15.0.202507011659//db//plugins/mcufinder/images/
2025-10-26 11:48:12,239 [WARN] DbFile:41 - Overriding database path with different value: /home/tuna/.stmcufinder/plugins/mcufinder/ => /home/tuna/.stmcufinder/plugins/mcufinder
2025-10-26 11:48:12,239 [INFO] ApiDb:250 - Set database path to: /home/tuna/.stmcufinder/plugins/mcufinder//mcu/
2025-10-26 11:48:12,239 [WARN] DbFile:41 - Overriding database path with different value: /home/tuna/.stmcufinder/plugins/mcufinder/ => /home/tuna/.stmcufinder/plugins/mcufinder
2025-10-26 11:48:12,239 [INFO] DbMcusAds:125 - Set database path to: /home/tuna/.stmcufinder/plugins/mcufinder//mcu/
2025-10-26 11:48:12,239 [WARN] DbFile:41 - Overriding database path with different value: /home/tuna/.stmcufinder/plugins/mcufinder/ => /home/tuna/.stmcufinder/plugins/mcufinder
2025-10-26 11:48:12,239 [WARN] DbFile:41 - Overriding database path with different value: /home/tuna/.stmcufinder/plugins/mcufinder/ => /home/tuna/.stmcufinder/plugins/mcufinder
2025-10-26 11:48:13,240 [INFO] CrossReferenceDbSqlite:203 - Set database path to: /home/tuna/.stmcufinder/plugins/mcufinder//mcu/cs/
2025-10-26 11:48:13,260 [INFO] ApplicationProperties:184 - Using Application install path: /home/tuna/st/stm32cubeide_1.18.1/plugins/com.st.stm32cube.common.mx_6.15.0.202507011659
2025-10-26 11:48:13,262 [INFO] PluginManage:196 - Search for loadable plugins [exclusion list=, ]
2025-10-26 11:48:13,263 [INFO] PluginManage:310 - Check plugin analytics
2025-10-26 11:48:14,389 [INFO] AnalyticsPlugin:253 - Accepted Software Licenses: STM32CubeMX.6.15.0
2025-10-26 11:48:14,390 [INFO] AnalyticsPlugin:255 - Accepted CMSIS Pack Licenses: 
2025-10-26 11:48:14,390 [INFO] AnalyticsPlugin:257 - Accepted Firmware Licenses: FW.G4.1.6.0,FW.F4.1.28.0
2025-10-26 11:48:14,391 [INFO] PluginManage:359 - Loaded plugin analytics (category:tool,tabindex:-1)
2025-10-26 11:48:14,392 [INFO] PluginManage:310 - Check plugin cadmodel
2025-10-26 11:48:14,397 [INFO] CADModel:105 - Init CAD model plugin
2025-10-26 11:48:14,398 [INFO] PluginManage:359 - Loaded plugin cadmodel (category:power,tabindex:5)
2025-10-26 11:48:14,398 [INFO] PluginManage:310 - Check plugin clock
2025-10-26 11:48:14,407 [INFO] PluginManage:359 - Loaded plugin clock (category:base,tabindex:2)
2025-10-26 11:48:14,407 [INFO] PluginManage:310 - Check plugin ddr
2025-10-26 11:48:14,408 [INFO] PluginManage:359 - Loaded plugin ddr (category:tool,tabindex:6)
2025-10-26 11:48:14,409 [INFO] PluginManage:310 - Check plugin filemanager
2025-10-26 11:48:14,538 [INFO] PluginManage:359 - Loaded plugin filemanager (category:base,tabindex:10)
2025-10-26 11:48:14,538 [INFO] PluginManage:310 - Check plugin ipmanager
2025-10-26 11:48:14,543 [INFO] PluginManage:359 - Loaded plugin ipmanager (category:base,tabindex:5)
2025-10-26 11:48:14,543 [INFO] PluginManage:310 - Check plugin lpbam
2025-10-26 11:48:14,552 [INFO] PluginManage:359 - Loaded plugin lpbam (category:base,tabindex:0)
2025-10-26 11:48:14,552 [INFO] PluginManage:310 - Check plugin memorymap
2025-10-26 11:48:14,566 [INFO] PluginManage:359 - Loaded plugin memorymap (category:base,tabindex:4)
2025-10-26 11:48:14,566 [INFO] PluginManage:310 - Check plugin pinoutandconfiguration
2025-10-26 11:48:14,576 [INFO] PluginManage:359 - Loaded plugin pinoutandconfiguration (category:base,tabindex:1)
2025-10-26 11:48:14,576 [INFO] PluginManage:310 - Check plugin pinoutconfig
2025-10-26 11:48:14,647 [WARN] SupportedApi:132 - Cannot load RTOS API schema: s4s-elt-must-match.1: The content of 'definitions' must match (annotation?, (simpleType | complexType)?, (unique | key | keyref)*)). A problem was found starting at: attribute.
2025-10-26 11:48:14,747 [INFO] PluginManage:359 - Loaded plugin pinoutconfig (category:base,tabindex:0)
2025-10-26 11:48:14,747 [INFO] PluginManage:310 - Check plugin power
2025-10-26 11:48:14,756 [INFO] PluginManage:359 - Loaded plugin power (category:power,tabindex:4)
2025-10-26 11:48:14,756 [INFO] PluginManage:310 - Check plugin projectmanager
2025-10-26 11:48:14,769 [INFO] PluginManage:359 - Loaded plugin projectmanager (category:projectmanager,tabindex:4)
2025-10-26 11:48:14,769 [INFO] PluginManage:310 - Check plugin rif
2025-10-26 11:48:14,779 [INFO] PluginManage:359 - Loaded plugin rif (category:base,tabindex:3)
2025-10-26 11:48:14,780 [INFO] PluginManage:310 - Check plugin thirdparty
2025-10-26 11:48:14,897 [INFO] PluginManage:359 - Loaded plugin thirdparty (category:base,tabindex:-1)
2025-10-26 11:48:14,897 [WARN] IntegrityCheckThread:84 - waiting for thirdparty lock release [integrity check]
2025-10-26 11:48:14,897 [INFO] IntegrityCheckThread:86 - entering critical section [integrity check]
2025-10-26 11:48:14,897 [INFO] PluginManage:310 - Check plugin tools
2025-10-26 11:48:14,898 [INFO] ThirdPartyUpdaterWithRetryManager:70 - Updater plugin not ready yet. [1/15]
2025-10-26 11:48:14,900 [INFO] PluginManage:359 - Loaded plugin tools (category:base,tabindex:7)
2025-10-26 11:48:14,900 [INFO] PluginManage:310 - Check plugin tutovideos
2025-10-26 11:48:15,065 [INFO] PluginManage:359 - Loaded plugin tutovideos (category:base,tabindex:-1)
2025-10-26 11:48:15,065 [INFO] PluginManage:310 - Check plugin updater
2025-10-26 11:48:15,086 [INFO] PluginManage:359 - Loaded plugin updater (category:base,tabindex:12)
2025-10-26 11:48:15,086 [INFO] PluginManage:310 - Check plugin userauth
2025-10-26 11:48:15,090 [INFO] UserAuth:118 - Init User Auth plugin
2025-10-26 11:48:15,091 [INFO] PluginManage:359 - Loaded plugin userauth (category:base,tabindex:14)
2025-10-26 11:48:15,091 [INFO] PluginManage:283 - PluginManage : Loaded plugins [18]
2025-10-26 11:48:15,251 [INFO] PinOutPanel:1589 - setPackage(No Configuration,No Configuration)
2025-10-26 11:48:15,310 [INFO] CADModel:165 - CPN selected for project level
2025-10-26 11:48:15,310 [INFO] CADModel:114 - Register for checkConnection events
2025-10-26 11:48:15,323 [INFO] IPUIPlugin:80 - create IPUIPlugin
2025-10-26 11:48:15,323 [INFO] PluginManager:220 - loadIPPluginJar : add ddr_ctrl_phy
2025-10-26 11:48:15,325 [INFO] IPUIPlugin:80 - create IPUIPlugin
2025-10-26 11:48:15,325 [INFO] PluginManager:220 - loadIPPluginJar : add aes
2025-10-26 11:48:15,331 [INFO] IPUIPlugin:80 - create IPUIPlugin
2025-10-26 11:48:15,332 [INFO] PluginManager:220 - loadIPPluginJar : add gic
2025-10-26 11:48:15,337 [INFO] IPUIPlugin:80 - create IPUIPlugin
2025-10-26 11:48:15,337 [INFO] PluginManager:220 - loadIPPluginJar : add resmgrutility
2025-10-26 11:48:15,339 [INFO] IPUIPlugin:80 - create IPUIPlugin
2025-10-26 11:48:15,339 [INFO] PluginManager:220 - loadIPPluginJar : add dma3
2025-10-26 11:48:15,341 [INFO] IPUIPlugin:80 - create IPUIPlugin
2025-10-26 11:48:15,342 [INFO] PluginManager:220 - loadIPPluginJar : add spi
2025-10-26 11:48:15,348 [INFO] IPUIPlugin:80 - create IPUIPlugin
2025-10-26 11:48:15,350 [INFO] PluginManager:220 - loadIPPluginJar : add plateformsettings
2025-10-26 11:48:15,353 [INFO] IPUIPlugin:80 - create IPUIPlugin
2025-10-26 11:48:15,353 [INFO] PluginManager:220 - loadIPPluginJar : add gtzc
2025-10-26 11:48:15,359 [INFO] IPUIPlugin:80 - create IPUIPlugin
2025-10-26 11:48:15,360 [INFO] PluginManager:220 - loadIPPluginJar : add freertos
2025-10-26 11:48:15,365 [INFO] IPUIPlugin:80 - create IPUIPlugin
2025-10-26 11:48:15,365 [INFO] PluginManager:220 - loadIPPluginJar : add fmc
2025-10-26 11:48:15,366 [INFO] IPUIPlugin:80 - create IPUIPlugin
2025-10-26 11:48:15,366 [INFO] PluginManager:220 - loadIPPluginJar : add quadspi
2025-10-26 11:48:15,368 [INFO] IPUIPlugin:80 - create IPUIPlugin
2025-10-26 11:48:15,369 [INFO] PluginManager:220 - loadIPPluginJar : add radio
2025-10-26 11:48:15,370 [INFO] IPUIPlugin:80 - create IPUIPlugin
2025-10-26 11:48:15,370 [INFO] PluginManager:220 - loadIPPluginJar : add fatfs
2025-10-26 11:48:15,376 [INFO] IPUIPlugin:80 - create IPUIPlugin
2025-10-26 11:48:15,376 [INFO] PluginManager:220 - loadIPPluginJar : add mdma
2025-10-26 11:48:15,378 [INFO] IPUIPlugin:80 - create IPUIPlugin
2025-10-26 11:48:15,378 [INFO] PluginManager:220 - loadIPPluginJar : add ltdc
2025-10-26 11:48:15,383 [INFO] IPUIPlugin:80 - create IPUIPlugin
2025-10-26 11:48:15,383 [INFO] PluginManager:220 - loadIPPluginJar : add gpio
2025-10-26 11:48:15,386 [INFO] IPUIPlugin:80 - create IPUIPlugin
2025-10-26 11:48:15,386 [INFO] PluginManager:220 - loadIPPluginJar : add opamp
2025-10-26 11:48:15,388 [INFO] IPUIPlugin:80 - create IPUIPlugin
2025-10-26 11:48:15,388 [INFO] PluginManager:220 - loadIPPluginJar : add usart
2025-10-26 11:48:15,391 [INFO] IPUIPlugin:80 - create IPUIPlugin
2025-10-26 11:48:15,391 [INFO] PluginManager:220 - loadIPPluginJar : add usbx
2025-10-26 11:48:15,393 [INFO] IPUIPlugin:80 - create IPUIPlugin
2025-10-26 11:48:15,393 [INFO] PluginManager:220 - loadIPPluginJar : add tim
2025-10-26 11:48:15,396 [INFO] IPUIPlugin:80 - create IPUIPlugin
2025-10-26 11:48:15,396 [INFO] PluginManager:220 - loadIPPluginJar : add lorawan
2025-10-26 11:48:15,398 [INFO] IPUIPlugin:80 - create IPUIPlugin
2025-10-26 11:48:15,398 [INFO] PluginManager:220 - loadIPPluginJar : add i2s
2025-10-26 11:48:15,403 [INFO] IPUIPlugin:80 - create IPUIPlugin
2025-10-26 11:48:15,403 [INFO] PluginManager:220 - loadIPPluginJar : add adc
2025-10-26 11:48:15,410 [INFO] IPUIPlugin:80 - create IPUIPlugin
2025-10-26 11:48:15,411 [INFO] PluginManager:220 - loadIPPluginJar : add extmemmanager
2025-10-26 11:48:15,413 [INFO] IPUIPlugin:80 - create IPUIPlugin
2025-10-26 11:48:15,413 [INFO] PluginManager:220 - loadIPPluginJar : add comp
2025-10-26 11:48:15,414 [INFO] IPUIPlugin:80 - create IPUIPlugin
2025-10-26 11:48:15,414 [INFO] PluginManager:220 - loadIPPluginJar : add genericplugin
2025-10-26 11:48:15,416 [INFO] IPUIPlugin:80 - create IPUIPlugin
2025-10-26 11:48:15,416 [INFO] PluginManager:220 - loadIPPluginJar : add ts
2025-10-26 11:48:15,418 [INFO] IPUIPlugin:80 - create IPUIPlugin
2025-10-26 11:48:15,418 [INFO] PluginManager:220 - loadIPPluginJar : add ucpd
2025-10-26 11:48:15,420 [INFO] IPUIPlugin:80 - create IPUIPlugin
2025-10-26 11:48:15,420 [INFO] PluginManager:220 - loadIPPluginJar : add can
2025-10-26 11:48:15,422 [INFO] IPUIPlugin:80 - create IPUIPlugin
2025-10-26 11:48:15,422 [INFO] PluginManager:220 - loadIPPluginJar : add touchsensing
2025-10-26 11:48:15,424 [INFO] IPUIPlugin:80 - create IPUIPlugin
2025-10-26 11:48:15,424 [INFO] PluginManager:220 - loadIPPluginJar : add tracer_emb
2025-10-26 11:48:15,430 [INFO] IPUIPlugin:80 - create IPUIPlugin
2025-10-26 11:48:15,430 [INFO] PluginManager:220 - loadIPPluginJar : add stm32_wpan
2025-10-26 11:48:15,432 [INFO] IPUIPlugin:80 - create IPUIPlugin
2025-10-26 11:48:15,432 [INFO] PluginManager:220 - loadIPPluginJar : add tsc
2025-10-26 11:48:15,434 [INFO] IPUIPlugin:80 - create IPUIPlugin
2025-10-26 11:48:15,434 [INFO] PluginManager:220 - loadIPPluginJar : add gfxmmu
2025-10-26 11:48:15,437 [INFO] IPUIPlugin:80 - create IPUIPlugin
2025-10-26 11:48:15,437 [INFO] PluginManager:220 - loadIPPluginJar : add ipddr
2025-10-26 11:48:15,439 [INFO] IPUIPlugin:80 - create IPUIPlugin
2025-10-26 11:48:15,440 [INFO] PluginManager:220 - loadIPPluginJar : add i2c
2025-10-26 11:48:15,443 [INFO] IPUIPlugin:80 - create IPUIPlugin
2025-10-26 11:48:15,443 [INFO] PluginManager:220 - loadIPPluginJar : add nvic
2025-10-26 11:48:15,445 [INFO] IPUIPlugin:80 - create IPUIPlugin
2025-10-26 11:48:15,445 [INFO] PluginManager:220 - loadIPPluginJar : add i3c
2025-10-26 11:48:15,446 [INFO] IPUIPlugin:80 - create IPUIPlugin
2025-10-26 11:48:15,447 [INFO] PluginManager:220 - loadIPPluginJar : add dfsdm
2025-10-26 11:48:15,448 [INFO] IPUIPlugin:80 - create IPUIPlugin
2025-10-26 11:48:15,448 [INFO] PluginManager:220 - loadIPPluginJar : add pdm2pcm
2025-10-26 11:48:15,450 [INFO] IPUIPlugin:80 - create IPUIPlugin
2025-10-26 11:48:15,450 [INFO] PluginManager:220 - loadIPPluginJar : add openamp
2025-10-26 11:48:15,454 [INFO] IPUIPlugin:80 - create IPUIPlugin
2025-10-26 11:48:15,454 [INFO] PluginManager:220 - loadIPPluginJar : add dma
2025-10-26 11:48:15,456 [INFO] IPUIPlugin:80 - create IPUIPlugin
2025-10-26 11:48:15,456 [INFO] PluginManager:220 - loadIPPluginJar : add sai
2025-10-26 11:48:15,458 [INFO] IPUIPlugin:80 - create IPUIPlugin
2025-10-26 11:48:15,458 [INFO] PluginManager:220 - loadIPPluginJar : add hash
2025-10-26 11:48:15,464 [INFO] IPUIPlugin:80 - create IPUIPlugin
2025-10-26 11:48:15,464 [INFO] PluginManager:220 - loadIPPluginJar : add linkedlist
2025-10-26 11:48:15,466 [INFO] IPUIPlugin:80 - create IPUIPlugin
2025-10-26 11:48:15,466 [INFO] PluginManager:220 - loadIPPluginJar : add cryp
2025-10-26 11:48:15,562 [FATAL] Updater:351 - Updater called before beeing initialized
2025-10-26 11:48:15,582 [INFO] RulesReader:64 - Compatibility file has been processed (317 Rules)
2025-10-26 11:48:15,590 [INFO] RulesReader:64 - Compatibility file has been processed (317 Rules)
2025-10-26 11:48:15,601 [INFO] CADModel:165 - CPN selected for project level
2025-10-26 11:48:15,601 [INFO] CADModel:114 - Register for checkConnection events
2025-10-26 11:48:15,601 [FATAL] Updater:351 - Updater called before beeing initialized
2025-10-26 11:48:15,602 [ERROR] CADModel:125 - Updater not yet initialized, retry later 
2025-10-26 11:48:15,705 [FATAL] Updater:351 - Updater called before beeing initialized
2025-10-26 11:48:15,707 [INFO] CADModel:165 - CPN selected for project level
2025-10-26 11:48:15,707 [INFO] CADModel:114 - Register for checkConnection events
2025-10-26 11:48:15,707 [FATAL] Updater:351 - Updater called before beeing initialized
2025-10-26 11:48:15,707 [ERROR] CADModel:125 - Updater not yet initialized, retry later 
2025-10-26 11:48:15,709 [FATAL] Updater:351 - Updater called before beeing initialized
2025-10-26 11:48:15,781 [FATAL] Updater:351 - Updater called before beeing initialized
2025-10-26 11:48:15,784 [INFO] DbMcusAds:53 - JSON generation date=Thu Oct 02 16:36:05 ICT 2025 (1759397765645)
2025-10-26 11:48:15,784 [FATAL] Updater:351 - Updater called before beeing initialized
2025-10-26 11:48:15,812 [WARN] DetailPanel:346 - Failed to get advertising image, set to default
2025-10-26 11:48:15,875 [FATAL] Updater:351 - Updater called before beeing initialized
2025-10-26 11:48:15,877 [FATAL] Updater:351 - Updater called before beeing initialized
2025-10-26 11:48:15,877 [FATAL] Updater:351 - Updater called before beeing initialized
2025-10-26 11:48:15,877 [WARN] DetailPanel:346 - Failed to get advertising image, set to default
2025-10-26 11:48:15,878 [FATAL] Updater:351 - Updater called before beeing initialized
2025-10-26 11:48:15,903 [ERROR] Updater:1198 - MainUpdater not yet initialized. External WinMGr cannot be set.
2025-10-26 11:48:15,904 [INFO] Updater:1134 - Updater Version found : 6.15.0
2025-10-26 11:48:15,919 [INFO] ApplicationProperties:184 - Using Application install path: /home/tuna/st/stm32cubeide_1.18.1/plugins/com.st.stm32cube.common.mx_6.15.0.202507011659
2025-10-26 11:48:16,534 [INFO] MainUpdater:2872 - connection check result : 10
2025-10-26 11:48:16,535 [INFO] MainUpdater:3604 - Updater definition file requires update
2025-10-26 11:48:16,535 [INFO] MainUpdater:289 - Updater Check For Update Now.
2025-10-26 11:48:16,535 [INFO] MicroXplorer:498 - Change Database Version : DB.6.0.150
2025-10-26 11:48:16,539 [INFO] McuFinderGlobals:63 - Set McuFinder mode to 2 (CubeIDE integrated)
2025-10-26 11:48:16,540 [INFO] UserAuth:487 - Internet connection configuration mode: 1
2025-10-26 11:48:16,555 [INFO] JxBrowserEngine:152 - Initiate JxBrowser Engine with user profile folder
2025-10-26 11:48:16,591 [INFO] ServerAccessManage:452 - Complete download http(s) 200
2025-10-26 11:48:16,592 [INFO] ServerAccessManage:509 - Download File updaters.zip
2025-10-26 11:48:16,739 [INFO] FileExtend:248 - Unzip File : updaters.zip
2025-10-26 11:48:16,739 [INFO] FileExtend:263 - Standard Zip Deflate
2025-10-26 11:48:16,897 [INFO] ServerAccessManage:452 - Complete download http(s) 200
2025-10-26 11:48:16,898 [INFO] ServerAccessManage:509 - Download File PacksControlFlags.xml
2025-10-26 11:48:16,992 [INFO] ServerAccessManage:452 - Complete download http(s) 200
2025-10-26 11:48:16,992 [INFO] ServerAccessManage:509 - Download File cubemx.pidx
2025-10-26 11:48:17,514 [INFO] ServerAccessManage:452 - Complete download http(s) 200
2025-10-26 11:48:17,514 [INFO] ServerAccessManage:509 - Download File STMicroelectronics.X-CUBE-IPS.pdsc
2025-10-26 11:48:17,574 [INFO] WebApp:169 - Instantiating new browser for Auth
2025-10-26 11:48:17,898 [WARN] MainUpdater:1193 - Updater busy. Cannot search thirdparties
2025-10-26 11:48:17,899 [INFO] ThirdPartyUpdaterWithRetryManager:96 - Updater plugin is busy. [1/15]
2025-10-26 11:48:18,095 [INFO] ServerAccessManage:452 - Complete download http(s) 200
2025-10-26 11:48:18,095 [INFO] ServerAccessManage:509 - Download File STMicroelectronics.X-CUBE-ST60.pdsc
2025-10-26 11:48:18,208 [INFO] WebApp:463 - Apply proxy settings
2025-10-26 11:48:18,209 [INFO] WebApp:548 - Chromium requires no authentication
2025-10-26 11:48:18,217 [INFO] WebApp:491 - Direct internet connection detected
2025-10-26 11:48:18,234 [INFO] WebApp:900 - Register for checkConnection events
2025-10-26 11:48:18,234 [INFO] WebApp:463 - Apply proxy settings
2025-10-26 11:48:18,234 [INFO] WebApp:548 - Chromium requires no authentication
2025-10-26 11:48:18,235 [INFO] WebApp:491 - Direct internet connection detected
2025-10-26 11:48:18,352 [INFO] WebApp:225 - Starting web application
2025-10-26 11:48:18,352 [INFO] WebApp:593 - Web application path used /home/tuna/st/stm32cubeide_1.18.1/plugins/com.st.stm32cube.common.mx_6.15.0.202507011659/db/plugins/mcufinder/reactClient1/index.html
2025-10-26 11:48:18,446 [INFO] UserAuth:487 - Internet connection configuration mode: 1
2025-10-26 11:48:18,492 [INFO] WebApp:191 - Connection restablished
2025-10-26 11:48:18,533 [INFO] ServerAccessManage:452 - Complete download http(s) 200
2025-10-26 11:48:18,533 [INFO] ServerAccessManage:509 - Download File STMicroelectronics.X-CUBE-ST67W61.pdsc
2025-10-26 11:48:18,982 [WARN] PackLoader:240 - Cannot read IP mode file for STMicroelectronics.X-CUBE-IPS.3.2.0
2025-10-26 11:48:18,998 [WARN] PackLoader:240 - Cannot read IP mode file for STMicroelectronics.X-CUBE-ST60.1.1.0
2025-10-26 11:48:19,006 [WARN] PackLoader:240 - Cannot read IP mode file for STMicroelectronics.X-CUBE-ST67W61.1.1.0
2025-10-26 11:48:19,008 [INFO] PopulateThirdPartyThread:66 - Ending populate Thread
2025-10-26 11:48:19,010 [INFO] ThirdParty:1030 - CMSIS Pack Vendor :STMicroelectronics X-CUBE-ST67W61 1.1.0
2025-10-26 11:48:19,010 [INFO] ThirdParty:1030 - CMSIS Pack Vendor :STMicroelectronics X-CUBE-IPS 3.2.0
2025-10-26 11:48:19,010 [INFO] ThirdParty:1030 - CMSIS Pack Vendor :STMicroelectronics X-CUBE-ST60 1.1.0
2025-10-26 11:48:19,011 [INFO] LoadServerUpdatesThread:375 - End of LoadServerUpdate Thread
2025-10-26 11:48:19,095 [INFO] CheckServerUpdateThread:120 - End of CheckServer Thread
2025-10-26 11:48:21,002 [WARN] PackLoader:240 - Cannot read IP mode file for STMicroelectronics.FP-SNS-MOTENVWB1.1.4.0
2025-10-26 11:48:21,006 [WARN] PackLoader:240 - Cannot read IP mode file for STMicroelectronics.FP-ATR-ASTRA1.2.0.2
2025-10-26 11:48:21,010 [WARN] PackLoader:240 - Cannot read IP mode file for STMicroelectronics.X-CUBE-SMBUS.2.1.0
2025-10-26 11:48:21,013 [WARN] PackLoader:240 - Cannot read IP mode file for STMicroelectronics.X-CUBE-ST60.1.0.0
2025-10-26 11:48:21,027 [WARN] PackLoader:240 - Cannot read IP mode file for STMicroelectronics.X-CUBE-AZRTOS-F7.1.1.0
2025-10-26 11:48:21,042 [WARN] PackLoader:240 - Cannot read IP mode file for Infineon.AIROC-Wi-Fi-Bluetooth-STM32.1.7.1
2025-10-26 11:48:21,060 [WARN] PackLoader:240 - Cannot read IP mode file for STMicroelectronics.X-CUBE-AZRTOS-H7.3.4.0
2025-10-26 11:48:21,066 [WARN] PackLoader:240 - Cannot read IP mode file for STMicroelectronics.X-CUBE-DISPLAY.3.0.0
2025-10-26 11:48:21,073 [WARN] PackLoader:240 - Cannot read IP mode file for STMicroelectronics.X-CUBE-NFC10.1.0.0
2025-10-26 11:48:21,077 [WARN] PackLoader:240 - Cannot read IP mode file for STMicroelectronics.X-CUBE-ST60.1.1.0
2025-10-26 11:48:21,080 [WARN] PackLoader:240 - Cannot read IP mode file for emotas.I-CUBE-CANOPEN.1.3.0
2025-10-26 11:48:21,091 [WARN] PackLoader:240 - Cannot read IP mode file for STMicroelectronics.FP-SNS-STBOX1.2.1.0
2025-10-26 11:48:21,099 [WARN] PackLoader:240 - Cannot read IP mode file for STMicroelectronics.FP-SNS-SMARTAG2.1.2.0
2025-10-26 11:48:21,103 [WARN] PackLoader:240 - Cannot read IP mode file for STMicroelectronics.FP-SNS-FLIGHT1.5.1.0
2025-10-26 11:48:21,110 [INFO] LogOutputStream:77 - [STDOUT_REDIRECT] 1 : Invalid condition id : UX_CORESTACK_Condition cause : null
2025-10-26 11:48:21,111 [INFO] LogOutputStream:77 - [STDOUT_REDIRECT] 1 : Invalid condition id : UX_CORESTACK_Condition cause : null
2025-10-26 11:48:21,111 [INFO] LogOutputStream:77 - [STDOUT_REDIRECT] 1 : Invalid condition id : UX_CORESTACK_Condition cause : null
2025-10-26 11:48:21,112 [INFO] LogOutputStream:77 - [STDOUT_REDIRECT] 1 : Invalid condition id : UX_CORESTACK_Condition cause : null
2025-10-26 11:48:21,112 [INFO] LogOutputStream:77 - [STDOUT_REDIRECT] 1 : Invalid condition id : UX_CORESTACK_Condition cause : null
2025-10-26 11:48:21,115 [WARN] PackLoader:240 - Cannot read IP mode file for STMicroelectronics.X-CUBE-AZRTOS-WL.2.0.0
2025-10-26 11:48:21,120 [WARN] PackLoader:240 - Cannot read IP mode file for STMicroelectronics.FP-SNS-MOTENV1.5.0.0
2025-10-26 11:48:21,125 [WARN] PackLoader:240 - Cannot read IP mode file for WES.I-CUBE-Cesium.1.3.0
2025-10-26 11:48:21,140 [WARN] PackLoader:240 - Cannot read IP mode file for STMicroelectronics.X-CUBE-BLE2.3.3.0
2025-10-26 11:48:21,146 [WARN] PackLoader:240 - Cannot read IP mode file for STMicroelectronics.X-CUBE-NFC9.1.0.0
2025-10-26 11:48:21,151 [WARN] PackLoader:240 - Cannot read IP mode file for wolfSSL.I-CUBE-wolfSSL.5.8.2
2025-10-26 11:48:21,156 [WARN] PackLoader:240 - Cannot read IP mode file for STMicroelectronics.X-CUBE-BLE1.7.1.0
2025-10-26 11:48:21,159 [WARN] PackLoader:240 - Cannot read IP mode file for wolfSSL.I-CUBE-wolfMQTT.1.19.2
2025-10-26 11:48:21,164 [WARN] PackLoader:240 - Cannot read IP mode file for STMicroelectronics.X-CUBE-EEPRMA1.5.2.0
2025-10-26 11:48:21,169 [WARN] PackLoader:240 - Cannot read IP mode file for STMicroelectronics.X-CUBE-ST67W61.1.1.0
2025-10-26 11:48:21,172 [WARN] PackLoader:240 - Cannot read IP mode file for STMicroelectronics.X-CUBE-AI.10.1.0
2025-10-26 11:48:21,180 [WARN] PackLoader:240 - Cannot read IP mode file for STMicroelectronics.X-CUBE-AZRTOS-G0.1.1.0
2025-10-26 11:48:21,185 [WARN] PackLoader:240 - Cannot read IP mode file for STMicroelectronics.X-CUBE-SAFEA1.1.2.2
2025-10-26 11:48:21,188 [WARN] PackLoader:240 - Cannot read IP mode file for STMicroelectronics.X-CUBE-NFC4.3.0.0
2025-10-26 11:48:21,194 [WARN] PackLoader:240 - Cannot read IP mode file for EmbeddedOffice.I-CUBE-FS-RTOS.1.0.1
2025-10-26 11:48:21,198 [WARN] PackLoader:240 - Cannot read IP mode file for STMicroelectronics.X-CUBE-WB05N.2.0.0
2025-10-26 11:48:21,201 [WARN] PackLoader:240 - Cannot read IP mode file for wolfSSL.I-CUBE-wolfTPM.3.8.0
2025-10-26 11:48:21,205 [WARN] PackLoader:240 - Cannot read IP mode file for STMicroelectronics.X-CUBE-TCPP.4.2.0
2025-10-26 11:48:21,208 [WARN] PackLoader:240 - Cannot read IP mode file for RealThread.X-CUBE-RT-Thread_Nano.4.1.1
2025-10-26 11:48:21,211 [WARN] PackLoader:240 - Cannot read IP mode file for STMicroelectronics.FP-ATR-SIGFOX1.3.2.0
2025-10-26 11:48:21,214 [WARN] PackLoader:240 - Cannot read IP mode file for ITTIA_DB.I-CUBE-ITTIADB.8.9.0
2025-10-26 11:48:21,218 [WARN] PackLoader:240 - Cannot read IP mode file for STMicroelectronics.X-CUBE-ST67W61.1.0.0
2025-10-26 11:48:21,221 [WARN] PackLoader:240 - Cannot read IP mode file for STMicroelectronics.X-CUBE-AI.10.2.0
2025-10-26 11:48:21,242 [WARN] PackLoader:240 - Cannot read IP mode file for SEGGER.I-CUBE-embOS.1.3.1
2025-10-26 11:48:21,268 [WARN] PackLoader:240 - Cannot read IP mode file for STMicroelectronics.X-CUBE-ALGOBUILD.1.4.0
2025-10-26 11:48:21,290 [WARN] PackLoader:240 - Cannot read IP mode file for STMicroelectronics.X-CUBE-MEMS1.11.3.0
2025-10-26 11:48:21,373 [WARN] PackLoader:240 - Cannot read IP mode file for STMicroelectronics.X-CUBE-PM33A1.1.0.0
2025-10-26 11:48:21,384 [WARN] PackLoader:240 - Cannot read IP mode file for STMicroelectronics.X-CUBE-AZRTOS-F4.1.1.0
2025-10-26 11:48:21,388 [WARN] PackLoader:240 - Cannot read IP mode file for Avnet-IotConnect.X-CUBE-IoTC-DA16k-PMOD.1.0.0
2025-10-26 11:48:21,391 [WARN] PackLoader:240 - Cannot read IP mode file for STMicroelectronics.X-CUBE-ISPU.2.1.0
2025-10-26 11:48:21,400 [WARN] PackLoader:240 - Cannot read IP mode file for STMicroelectronics.X-CUBE-IPS.3.2.0
2025-10-26 11:48:21,409 [WARN] PackLoader:240 - Cannot read IP mode file for STMicroelectronics.X-CUBE-NFC12.1.0.0
2025-10-26 11:48:21,420 [WARN] PackLoader:240 - Cannot read IP mode file for STMicroelectronics.X-CUBE-AZRTOS-L5.2.0.0
2025-10-26 11:48:21,427 [WARN] PackLoader:240 - Cannot read IP mode file for STMicroelectronics.X-CUBE-NFC6.3.1.0
2025-10-26 11:48:21,432 [WARN] PackLoader:240 - Cannot read IP mode file for STMicroelectronics.X-CUBE-FREERTOS.1.3.1
2025-10-26 11:48:21,436 [WARN] PackLoader:240 - Cannot read IP mode file for STMicroelectronics.X-CUBE-TOUCHGFX.4.26.0
2025-10-26 11:48:21,440 [WARN] PackLoader:240 - Cannot read IP mode file for STMicroelectronics.FP-SNS-STAIOTCFT.1.0.0
2025-10-26 11:48:21,444 [WARN] PackLoader:240 - Cannot read IP mode file for STMicroelectronics.X-CUBE-DPower.1.3.0
2025-10-26 11:48:21,454 [WARN] ConditionMgr:438 - getConditionDescription Invalid condition id : LAN8742 Phy interface Condition cause : null
2025-10-26 11:48:21,455 [WARN] PackLoader:240 - Cannot read IP mode file for STMicroelectronics.X-CUBE-AZRTOS-L4.2.0.0
2025-10-26 11:48:21,456 [WARN] ConditionMgr:1044 - genDependencies : Invalid condition id : LAN8742 Phy interface Condition cause : null
2025-10-26 11:48:21,456 [WARN] ConditionMgr:1044 - genDependencies : Invalid condition id : LAN8742 Phy interface Condition cause : null
2025-10-26 11:48:21,456 [WARN] ConditionMgr:1044 - genDependencies : Invalid condition id : LAN8742 Phy interface Condition cause : null
2025-10-26 11:48:21,462 [WARN] PackLoader:240 - Cannot read IP mode file for STMicroelectronics.X-CUBE-SFXS2LP1.4.0.0
2025-10-26 11:48:21,468 [WARN] PackLoader:240 - Cannot read IP mode file for STMicroelectronics.X-CUBE-BLEMGR.4.1.0
2025-10-26 11:48:21,476 [WARN] ConditionMgr:438 - getConditionDescription Invalid condition id : UX DEVICE CLASS RTOS Condition cause : null
2025-10-26 11:48:21,476 [WARN] ConditionMgr:438 - getConditionDescription Invalid condition id : UX DEVICE CLASS RTOS Condition cause : null
2025-10-26 11:48:21,477 [WARN] PackLoader:240 - Cannot read IP mode file for STMicroelectronics.X-CUBE-AZRTOS-WB.2.0.0
2025-10-26 11:48:21,477 [WARN] ConditionMgr:1044 - genDependencies : Invalid condition id : UX DEVICE CLASS RTOS Condition cause : null
2025-10-26 11:48:21,478 [WARN] ConditionMgr:1044 - genDependencies : Invalid condition id : UX DEVICE CLASS RTOS Condition cause : null
2025-10-26 11:48:21,478 [WARN] ConditionMgr:1044 - genDependencies : Invalid condition id : UX DEVICE CLASS RTOS Condition cause : null
2025-10-26 11:48:21,478 [WARN] ConditionMgr:1044 - genDependencies : Invalid condition id : UX DEVICE CLASS RTOS Condition cause : null
2025-10-26 11:48:21,478 [WARN] ConditionMgr:1044 - genDependencies : Invalid condition id : UX DEVICE CLASS RTOS Condition cause : null
2025-10-26 11:48:21,481 [WARN] PackLoader:240 - Cannot read IP mode file for STMicroelectronics.X-CUBE-GNSS1.7.0.1
2025-10-26 11:48:21,483 [WARN] PackLoader:240 - Cannot read IP mode file for STMicroelectronics.X-CUBE-TOUCHGFX.4.25.0
2025-10-26 11:48:21,486 [WARN] PackLoader:240 - Cannot read IP mode file for STMicroelectronics.FP-SNS-STBOX1.2.0.0
2025-10-26 11:48:21,489 [WARN] ConditionMgr:438 - getConditionDescription Invalid condition id : Cortex-A Device cause : null
2025-10-26 11:48:21,497 [WARN] ConditionMgr:1044 - genDependencies : Invalid condition id : Cortex-A Device cause : null
2025-10-26 11:48:21,497 [WARN] ConditionMgr:1044 - genDependencies : Invalid condition id : Cortex-A Device cause : null
2025-10-26 11:48:21,497 [WARN] ConditionMgr:1044 - genDependencies : Invalid condition id : Cortex-A Device cause : null
2025-10-26 11:48:21,502 [WARN] PackLoader:240 - Cannot read IP mode file for STMicroelectronics.X-CUBE-SUBG2.5.0.0
2025-10-26 11:48:21,511 [WARN] PackLoader:240 - Cannot read IP mode file for STMicroelectronics.X-CUBE-AZRTOS-H7RS.1.1.0
2025-10-26 11:48:21,515 [WARN] PackLoader:240 - Cannot read IP mode file for Cesanta.I-CUBE-Mongoose.7.13.0
2025-10-26 11:48:21,521 [WARN] PackLoader:240 - Cannot read IP mode file for STMicroelectronics.X-CUBE-AZRTOS-G4.2.0.0
2025-10-26 11:48:21,524 [WARN] PackLoader:240 - Cannot read IP mode file for wolfSSL.I-CUBE-wolfSSH.1.4.20
2025-10-26 11:48:21,527 [WARN] PackLoader:240 - Cannot read IP mode file for STMicroelectronics.X-CUBE-NFC7.2.0.0
2025-10-26 11:48:21,533 [WARN] PackLoader:240 - Cannot read IP mode file for STMicroelectronics.X-CUBE-IPS.3.1.0
2025-10-26 11:48:21,538 [WARN] PackLoader:240 - Cannot read IP mode file for STMicroelectronics.X-CUBE-ALS.1.0.2
2025-10-26 11:48:21,542 [WARN] PackLoader:240 - Cannot read IP mode file for STMicroelectronics.X-CUBE-STSE01.1.0.0
2025-10-26 11:48:21,546 [WARN] PackLoader:240 - Cannot read IP mode file for portGmbH.I-Cube-SoM-uGOAL.1.1.0
2025-10-26 11:48:21,552 [WARN] PackLoader:240 - Cannot read IP mode file for STMicroelectronics.X-CUBE-TOF1.3.4.3
2025-10-26 11:48:21,557 [INFO] ThirdParty:978 - Integrity check success = true
2025-10-26 11:48:21,557 [INFO] IntegrityCheckThread:100 - exiting critical section [integrity check]
2025-10-26 11:48:21,558 [INFO] IntegrityCheckThread:103 - End integrity checks thread
2025-10-26 12:46:06,321 [ERROR] LogOutputStream:75 - [STDERR_REDIRECT] 
2025-10-26 12:52:00,345 [INFO] Activator:176 - 


2025-10-26 12:52:00,346 [INFO] Activator:177 - !SESSION log4j initialized
2025-10-26 12:52:02,228 [INFO] LogOutputStream:77 - [STDOUT_REDIRECT] 
2025-10-26 12:52:03,908 [INFO] ApplicationProperties:184 - Using Application install path: /home/tuna/st/stm32cubeide_1.18.1/plugins/com.st.stm32cube.common.mx_6.15.0.202507011659
2025-10-26 12:52:03,917 [INFO] DbMcusXml:78 - Set database path to: /home/tuna/st/stm32cubeide_1.18.1/plugins/com.st.stm32cube.common.mx_6.15.0.202507011659//db//mcu/
2025-10-26 12:52:03,917 [INFO] ApiDb:274 - Set plugin database path to: /home/tuna/st/stm32cubeide_1.18.1/plugins/com.st.stm32cube.common.mx_6.15.0.202507011659//db//plugins/boardmanager/
2025-10-26 12:52:03,917 [WARN] ApiDb:259 - Overriding images path with different value:  => /home/tuna/st/stm32cubeide_1.18.1/plugins/com.st.stm32cube.common.mx_6.15.0.202507011659//db//plugins/mcufinder/images/
2025-10-26 12:52:03,919 [INFO] ApiDb:250 - Set database path to: /home/tuna/.stmcufinder/plugins/mcufinder//mcu/
2025-10-26 12:52:03,920 [INFO] DbMcusAds:125 - Set database path to: /home/tuna/.stmcufinder/plugins/mcufinder//mcu/
2025-10-26 12:52:04,922 [INFO] CrossReferenceDbSqlite:203 - Set database path to: /home/tuna/.stmcufinder/plugins/mcufinder//mcu/cs/
2025-10-26 12:52:04,986 [INFO] RulesReader:64 - Compatibility file has been processed (317 Rules)
2025-10-26 12:52:05,025 [INFO] DbMcusXml:78 - Set database path to: /home/tuna/st/stm32cubeide_1.18.1/plugins/com.st.stm32cube.common.mx_6.15.0.202507011659//db//mcu/
2025-10-26 12:52:05,025 [INFO] ApiDb:274 - Set plugin database path to: /home/tuna/st/stm32cubeide_1.18.1/plugins/com.st.stm32cube.common.mx_6.15.0.202507011659//db//plugins/boardmanager/
2025-10-26 12:52:05,025 [INFO] ApiDb:261 - Set plugin images path to: /home/tuna/st/stm32cubeide_1.18.1/plugins/com.st.stm32cube.common.mx_6.15.0.202507011659//db//plugins/mcufinder/images/
2025-10-26 12:52:05,025 [WARN] DbFile:41 - Overriding database path with different value: /home/tuna/.stmcufinder/plugins/mcufinder/ => /home/tuna/.stmcufinder/plugins/mcufinder
2025-10-26 12:52:05,025 [INFO] ApiDb:250 - Set database path to: /home/tuna/.stmcufinder/plugins/mcufinder//mcu/
2025-10-26 12:52:05,025 [WARN] DbFile:41 - Overriding database path with different value: /home/tuna/.stmcufinder/plugins/mcufinder/ => /home/tuna/.stmcufinder/plugins/mcufinder
2025-10-26 12:52:05,025 [INFO] DbMcusAds:125 - Set database path to: /home/tuna/.stmcufinder/plugins/mcufinder//mcu/
2025-10-26 12:52:05,025 [WARN] DbFile:41 - Overriding database path with different value: /home/tuna/.stmcufinder/plugins/mcufinder/ => /home/tuna/.stmcufinder/plugins/mcufinder
2025-10-26 12:52:05,025 [WARN] DbFile:41 - Overriding database path with different value: /home/tuna/.stmcufinder/plugins/mcufinder/ => /home/tuna/.stmcufinder/plugins/mcufinder
2025-10-26 12:52:06,027 [INFO] CrossReferenceDbSqlite:203 - Set database path to: /home/tuna/.stmcufinder/plugins/mcufinder//mcu/cs/
2025-10-26 12:52:06,066 [INFO] MainPanel:274 - HeapMemory: 268435456
2025-10-26 12:52:06,152 [INFO] DbMcusXml:78 - Set database path to: /home/tuna/st/stm32cubeide_1.18.1/plugins/com.st.stm32cube.common.mx_6.15.0.202507011659//db//mcu/
2025-10-26 12:52:06,152 [INFO] ApiDb:274 - Set plugin database path to: /home/tuna/st/stm32cubeide_1.18.1/plugins/com.st.stm32cube.common.mx_6.15.0.202507011659//db//plugins/boardmanager/
2025-10-26 12:52:06,152 [INFO] ApiDb:261 - Set plugin images path to: /home/tuna/st/stm32cubeide_1.18.1/plugins/com.st.stm32cube.common.mx_6.15.0.202507011659//db//plugins/mcufinder/images/
2025-10-26 12:52:06,153 [WARN] DbFile:41 - Overriding database path with different value: /home/tuna/.stmcufinder/plugins/mcufinder/ => /home/tuna/.stmcufinder/plugins/mcufinder
2025-10-26 12:52:06,153 [INFO] ApiDb:250 - Set database path to: /home/tuna/.stmcufinder/plugins/mcufinder//mcu/
2025-10-26 12:52:06,153 [WARN] DbFile:41 - Overriding database path with different value: /home/tuna/.stmcufinder/plugins/mcufinder/ => /home/tuna/.stmcufinder/plugins/mcufinder
2025-10-26 12:52:06,153 [INFO] DbMcusAds:125 - Set database path to: /home/tuna/.stmcufinder/plugins/mcufinder//mcu/
2025-10-26 12:52:06,153 [WARN] DbFile:41 - Overriding database path with different value: /home/tuna/.stmcufinder/plugins/mcufinder/ => /home/tuna/.stmcufinder/plugins/mcufinder
2025-10-26 12:52:06,153 [WARN] DbFile:41 - Overriding database path with different value: /home/tuna/.stmcufinder/plugins/mcufinder/ => /home/tuna/.stmcufinder/plugins/mcufinder
2025-10-26 12:52:07,154 [INFO] CrossReferenceDbSqlite:203 - Set database path to: /home/tuna/.stmcufinder/plugins/mcufinder//mcu/cs/
2025-10-26 12:52:07,169 [INFO] ApplicationProperties:184 - Using Application install path: /home/tuna/st/stm32cubeide_1.18.1/plugins/com.st.stm32cube.common.mx_6.15.0.202507011659
2025-10-26 12:52:07,170 [INFO] PluginManage:196 - Search for loadable plugins [exclusion list=, ]
2025-10-26 12:52:07,171 [INFO] PluginManage:310 - Check plugin analytics
2025-10-26 12:52:08,272 [INFO] AnalyticsPlugin:253 - Accepted Software Licenses: STM32CubeMX.6.15.0
2025-10-26 12:52:08,273 [INFO] AnalyticsPlugin:255 - Accepted CMSIS Pack Licenses: 
2025-10-26 12:52:08,273 [INFO] AnalyticsPlugin:257 - Accepted Firmware Licenses: FW.G4.1.6.0,FW.F4.1.28.0
2025-10-26 12:52:08,274 [INFO] PluginManage:359 - Loaded plugin analytics (category:tool,tabindex:-1)
2025-10-26 12:52:08,275 [INFO] PluginManage:310 - Check plugin cadmodel
2025-10-26 12:52:08,277 [INFO] CADModel:105 - Init CAD model plugin
2025-10-26 12:52:08,277 [INFO] PluginManage:359 - Loaded plugin cadmodel (category:power,tabindex:5)
2025-10-26 12:52:08,277 [INFO] PluginManage:310 - Check plugin clock
2025-10-26 12:52:08,284 [INFO] PluginManage:359 - Loaded plugin clock (category:base,tabindex:2)
2025-10-26 12:52:08,285 [INFO] PluginManage:310 - Check plugin ddr
2025-10-26 12:52:08,286 [INFO] PluginManage:359 - Loaded plugin ddr (category:tool,tabindex:6)
2025-10-26 12:52:08,286 [INFO] PluginManage:310 - Check plugin filemanager
2025-10-26 12:52:08,410 [INFO] PluginManage:359 - Loaded plugin filemanager (category:base,tabindex:10)
2025-10-26 12:52:08,410 [INFO] PluginManage:310 - Check plugin ipmanager
2025-10-26 12:52:08,415 [INFO] PluginManage:359 - Loaded plugin ipmanager (category:base,tabindex:5)
2025-10-26 12:52:08,416 [INFO] PluginManage:310 - Check plugin lpbam
2025-10-26 12:52:08,422 [INFO] PluginManage:359 - Loaded plugin lpbam (category:base,tabindex:0)
2025-10-26 12:52:08,422 [INFO] PluginManage:310 - Check plugin memorymap
2025-10-26 12:52:08,430 [INFO] PluginManage:359 - Loaded plugin memorymap (category:base,tabindex:4)
2025-10-26 12:52:08,430 [INFO] PluginManage:310 - Check plugin pinoutandconfiguration
2025-10-26 12:52:08,435 [INFO] PluginManage:359 - Loaded plugin pinoutandconfiguration (category:base,tabindex:1)
2025-10-26 12:52:08,436 [INFO] PluginManage:310 - Check plugin pinoutconfig
2025-10-26 12:52:08,498 [WARN] SupportedApi:132 - Cannot load RTOS API schema: s4s-elt-must-match.1: The content of 'definitions' must match (annotation?, (simpleType | complexType)?, (unique | key | keyref)*)). A problem was found starting at: attribute.
2025-10-26 12:52:08,574 [INFO] PluginManage:359 - Loaded plugin pinoutconfig (category:base,tabindex:0)
2025-10-26 12:52:08,575 [INFO] PluginManage:310 - Check plugin power
2025-10-26 12:52:08,580 [INFO] PluginManage:359 - Loaded plugin power (category:power,tabindex:4)
2025-10-26 12:52:08,580 [INFO] PluginManage:310 - Check plugin projectmanager
2025-10-26 12:52:08,591 [INFO] PluginManage:359 - Loaded plugin projectmanager (category:projectmanager,tabindex:4)
2025-10-26 12:52:08,591 [INFO] PluginManage:310 - Check plugin rif
2025-10-26 12:52:08,597 [INFO] PluginManage:359 - Loaded plugin rif (category:base,tabindex:3)
2025-10-26 12:52:08,597 [INFO] PluginManage:310 - Check plugin thirdparty
2025-10-26 12:52:08,670 [INFO] PluginManage:359 - Loaded plugin thirdparty (category:base,tabindex:-1)
2025-10-26 12:52:08,670 [INFO] PluginManage:310 - Check plugin tools
2025-10-26 12:52:08,670 [WARN] IntegrityCheckThread:84 - waiting for thirdparty lock release [integrity check]
2025-10-26 12:52:08,670 [INFO] IntegrityCheckThread:86 - entering critical section [integrity check]
2025-10-26 12:52:08,671 [INFO] ThirdPartyUpdaterWithRetryManager:70 - Updater plugin not ready yet. [1/15]
2025-10-26 12:52:08,671 [INFO] PluginManage:359 - Loaded plugin tools (category:base,tabindex:7)
2025-10-26 12:52:08,671 [INFO] PluginManage:310 - Check plugin tutovideos
2025-10-26 12:52:08,799 [INFO] PluginManage:359 - Loaded plugin tutovideos (category:base,tabindex:-1)
2025-10-26 12:52:08,799 [INFO] PluginManage:310 - Check plugin updater
2025-10-26 12:52:08,815 [INFO] PluginManage:359 - Loaded plugin updater (category:base,tabindex:12)
2025-10-26 12:52:08,815 [INFO] PluginManage:310 - Check plugin userauth
2025-10-26 12:52:08,818 [INFO] UserAuth:118 - Init User Auth plugin
2025-10-26 12:52:08,819 [INFO] PluginManage:359 - Loaded plugin userauth (category:base,tabindex:14)
2025-10-26 12:52:08,819 [INFO] PluginManage:283 - PluginManage : Loaded plugins [18]
2025-10-26 12:52:08,937 [INFO] PinOutPanel:1589 - setPackage(No Configuration,No Configuration)
2025-10-26 12:52:08,983 [INFO] CADModel:165 - CPN selected for project level
2025-10-26 12:52:08,983 [INFO] CADModel:114 - Register for checkConnection events
2025-10-26 12:52:08,992 [INFO] IPUIPlugin:80 - create IPUIPlugin
2025-10-26 12:52:08,992 [INFO] PluginManager:220 - loadIPPluginJar : add ddr_ctrl_phy
2025-10-26 12:52:08,993 [INFO] IPUIPlugin:80 - create IPUIPlugin
2025-10-26 12:52:08,993 [INFO] PluginManager:220 - loadIPPluginJar : add aes
2025-10-26 12:52:08,996 [INFO] IPUIPlugin:80 - create IPUIPlugin
2025-10-26 12:52:08,997 [INFO] PluginManager:220 - loadIPPluginJar : add gic
2025-10-26 12:52:09,000 [INFO] IPUIPlugin:80 - create IPUIPlugin
2025-10-26 12:52:09,000 [INFO] PluginManager:220 - loadIPPluginJar : add resmgrutility
2025-10-26 12:52:09,001 [INFO] IPUIPlugin:80 - create IPUIPlugin
2025-10-26 12:52:09,001 [INFO] PluginManager:220 - loadIPPluginJar : add dma3
2025-10-26 12:52:09,002 [INFO] IPUIPlugin:80 - create IPUIPlugin
2025-10-26 12:52:09,002 [INFO] PluginManager:220 - loadIPPluginJar : add spi
2025-10-26 12:52:09,005 [INFO] IPUIPlugin:80 - create IPUIPlugin
2025-10-26 12:52:09,007 [INFO] PluginManager:220 - loadIPPluginJar : add plateformsettings
2025-10-26 12:52:09,008 [INFO] IPUIPlugin:80 - create IPUIPlugin
2025-10-26 12:52:09,008 [INFO] PluginManager:220 - loadIPPluginJar : add gtzc
2025-10-26 12:52:09,012 [INFO] IPUIPlugin:80 - create IPUIPlugin
2025-10-26 12:52:09,012 [INFO] PluginManager:220 - loadIPPluginJar : add freertos
2025-10-26 12:52:09,017 [INFO] IPUIPlugin:80 - create IPUIPlugin
2025-10-26 12:52:09,017 [INFO] PluginManager:220 - loadIPPluginJar : add fmc
2025-10-26 12:52:09,018 [INFO] IPUIPlugin:80 - create IPUIPlugin
2025-10-26 12:52:09,018 [INFO] PluginManager:220 - loadIPPluginJar : add quadspi
2025-10-26 12:52:09,020 [INFO] IPUIPlugin:80 - create IPUIPlugin
2025-10-26 12:52:09,021 [INFO] PluginManager:220 - loadIPPluginJar : add radio
2025-10-26 12:52:09,022 [INFO] IPUIPlugin:80 - create IPUIPlugin
2025-10-26 12:52:09,022 [INFO] PluginManager:220 - loadIPPluginJar : add fatfs
2025-10-26 12:52:09,026 [INFO] IPUIPlugin:80 - create IPUIPlugin
2025-10-26 12:52:09,026 [INFO] PluginManager:220 - loadIPPluginJar : add mdma
2025-10-26 12:52:09,027 [INFO] IPUIPlugin:80 - create IPUIPlugin
2025-10-26 12:52:09,027 [INFO] PluginManager:220 - loadIPPluginJar : add ltdc
2025-10-26 12:52:09,029 [INFO] IPUIPlugin:80 - create IPUIPlugin
2025-10-26 12:52:09,029 [INFO] PluginManager:220 - loadIPPluginJar : add gpio
2025-10-26 12:52:09,031 [INFO] IPUIPlugin:80 - create IPUIPlugin
2025-10-26 12:52:09,031 [INFO] PluginManager:220 - loadIPPluginJar : add opamp
2025-10-26 12:52:09,032 [INFO] IPUIPlugin:80 - create IPUIPlugin
2025-10-26 12:52:09,032 [INFO] PluginManager:220 - loadIPPluginJar : add usart
2025-10-26 12:52:09,034 [INFO] IPUIPlugin:80 - create IPUIPlugin
2025-10-26 12:52:09,034 [INFO] PluginManager:220 - loadIPPluginJar : add usbx
2025-10-26 12:52:09,034 [INFO] IPUIPlugin:80 - create IPUIPlugin
2025-10-26 12:52:09,034 [INFO] PluginManager:220 - loadIPPluginJar : add tim
2025-10-26 12:52:09,036 [INFO] IPUIPlugin:80 - create IPUIPlugin
2025-10-26 12:52:09,036 [INFO] PluginManager:220 - loadIPPluginJar : add lorawan
2025-10-26 12:52:09,037 [INFO] IPUIPlugin:80 - create IPUIPlugin
2025-10-26 12:52:09,037 [INFO] PluginManager:220 - loadIPPluginJar : add i2s
2025-10-26 12:52:09,040 [INFO] IPUIPlugin:80 - create IPUIPlugin
2025-10-26 12:52:09,041 [INFO] PluginManager:220 - loadIPPluginJar : add adc
2025-10-26 12:52:09,042 [INFO] IPUIPlugin:80 - create IPUIPlugin
2025-10-26 12:52:09,042 [INFO] PluginManager:220 - loadIPPluginJar : add extmemmanager
2025-10-26 12:52:09,043 [INFO] IPUIPlugin:80 - create IPUIPlugin
2025-10-26 12:52:09,044 [INFO] PluginManager:220 - loadIPPluginJar : add comp
2025-10-26 12:52:09,044 [INFO] IPUIPlugin:80 - create IPUIPlugin
2025-10-26 12:52:09,044 [INFO] PluginManager:220 - loadIPPluginJar : add genericplugin
2025-10-26 12:52:09,045 [INFO] IPUIPlugin:80 - create IPUIPlugin
2025-10-26 12:52:09,046 [INFO] PluginManager:220 - loadIPPluginJar : add ts
2025-10-26 12:52:09,047 [INFO] IPUIPlugin:80 - create IPUIPlugin
2025-10-26 12:52:09,047 [INFO] PluginManager:220 - loadIPPluginJar : add ucpd
2025-10-26 12:52:09,049 [INFO] IPUIPlugin:80 - create IPUIPlugin
2025-10-26 12:52:09,049 [INFO] PluginManager:220 - loadIPPluginJar : add can
2025-10-26 12:52:09,052 [INFO] IPUIPlugin:80 - create IPUIPlugin
2025-10-26 12:52:09,052 [INFO] PluginManager:220 - loadIPPluginJar : add touchsensing
2025-10-26 12:52:09,053 [INFO] IPUIPlugin:80 - create IPUIPlugin
2025-10-26 12:52:09,054 [INFO] PluginManager:220 - loadIPPluginJar : add tracer_emb
2025-10-26 12:52:09,058 [INFO] IPUIPlugin:80 - create IPUIPlugin
2025-10-26 12:52:09,058 [INFO] PluginManager:220 - loadIPPluginJar : add stm32_wpan
2025-10-26 12:52:09,059 [INFO] IPUIPlugin:80 - create IPUIPlugin
2025-10-26 12:52:09,059 [INFO] PluginManager:220 - loadIPPluginJar : add tsc
2025-10-26 12:52:09,060 [INFO] IPUIPlugin:80 - create IPUIPlugin
2025-10-26 12:52:09,060 [INFO] PluginManager:220 - loadIPPluginJar : add gfxmmu
2025-10-26 12:52:09,062 [INFO] IPUIPlugin:80 - create IPUIPlugin
2025-10-26 12:52:09,063 [INFO] PluginManager:220 - loadIPPluginJar : add ipddr
2025-10-26 12:52:09,064 [INFO] IPUIPlugin:80 - create IPUIPlugin
2025-10-26 12:52:09,064 [INFO] PluginManager:220 - loadIPPluginJar : add i2c
2025-10-26 12:52:09,066 [INFO] IPUIPlugin:80 - create IPUIPlugin
2025-10-26 12:52:09,066 [INFO] PluginManager:220 - loadIPPluginJar : add nvic
2025-10-26 12:52:09,068 [INFO] IPUIPlugin:80 - create IPUIPlugin
2025-10-26 12:52:09,068 [INFO] PluginManager:220 - loadIPPluginJar : add i3c
2025-10-26 12:52:09,069 [INFO] IPUIPlugin:80 - create IPUIPlugin
2025-10-26 12:52:09,069 [INFO] PluginManager:220 - loadIPPluginJar : add dfsdm
2025-10-26 12:52:09,070 [INFO] IPUIPlugin:80 - create IPUIPlugin
2025-10-26 12:52:09,070 [INFO] PluginManager:220 - loadIPPluginJar : add pdm2pcm
2025-10-26 12:52:09,072 [INFO] IPUIPlugin:80 - create IPUIPlugin
2025-10-26 12:52:09,072 [INFO] PluginManager:220 - loadIPPluginJar : add openamp
2025-10-26 12:52:09,076 [INFO] IPUIPlugin:80 - create IPUIPlugin
2025-10-26 12:52:09,076 [INFO] PluginManager:220 - loadIPPluginJar : add dma
2025-10-26 12:52:09,078 [INFO] IPUIPlugin:80 - create IPUIPlugin
2025-10-26 12:52:09,078 [INFO] PluginManager:220 - loadIPPluginJar : add sai
2025-10-26 12:52:09,079 [INFO] IPUIPlugin:80 - create IPUIPlugin
2025-10-26 12:52:09,080 [INFO] PluginManager:220 - loadIPPluginJar : add hash
2025-10-26 12:52:09,087 [INFO] IPUIPlugin:80 - create IPUIPlugin
2025-10-26 12:52:09,087 [INFO] PluginManager:220 - loadIPPluginJar : add linkedlist
2025-10-26 12:52:09,089 [INFO] IPUIPlugin:80 - create IPUIPlugin
2025-10-26 12:52:09,089 [INFO] PluginManager:220 - loadIPPluginJar : add cryp
2025-10-26 12:52:09,183 [FATAL] Updater:351 - Updater called before beeing initialized
2025-10-26 12:52:09,198 [INFO] RulesReader:64 - Compatibility file has been processed (317 Rules)
2025-10-26 12:52:09,206 [INFO] RulesReader:64 - Compatibility file has been processed (317 Rules)
2025-10-26 12:52:09,211 [INFO] CADModel:165 - CPN selected for project level
2025-10-26 12:52:09,211 [INFO] CADModel:114 - Register for checkConnection events
2025-10-26 12:52:09,211 [FATAL] Updater:351 - Updater called before beeing initialized
2025-10-26 12:52:09,211 [ERROR] CADModel:125 - Updater not yet initialized, retry later 
2025-10-26 12:52:09,297 [FATAL] Updater:351 - Updater called before beeing initialized
2025-10-26 12:52:09,298 [INFO] CADModel:165 - CPN selected for project level
2025-10-26 12:52:09,298 [INFO] CADModel:114 - Register for checkConnection events
2025-10-26 12:52:09,299 [FATAL] Updater:351 - Updater called before beeing initialized
2025-10-26 12:52:09,299 [ERROR] CADModel:125 - Updater not yet initialized, retry later 
2025-10-26 12:52:09,301 [FATAL] Updater:351 - Updater called before beeing initialized
2025-10-26 12:52:09,367 [FATAL] Updater:351 - Updater called before beeing initialized
2025-10-26 12:52:09,370 [INFO] DbMcusAds:53 - JSON generation date=Thu Oct 02 16:36:05 ICT 2025 (1759397765645)
2025-10-26 12:52:09,370 [FATAL] Updater:351 - Updater called before beeing initialized
2025-10-26 12:52:09,391 [WARN] DetailPanel:346 - Failed to get advertising image, set to default
2025-10-26 12:52:09,451 [FATAL] Updater:351 - Updater called before beeing initialized
2025-10-26 12:52:09,453 [FATAL] Updater:351 - Updater called before beeing initialized
2025-10-26 12:52:09,453 [FATAL] Updater:351 - Updater called before beeing initialized
2025-10-26 12:52:09,453 [WARN] DetailPanel:346 - Failed to get advertising image, set to default
2025-10-26 12:52:09,454 [FATAL] Updater:351 - Updater called before beeing initialized
2025-10-26 12:52:09,475 [ERROR] Updater:1198 - MainUpdater not yet initialized. External WinMGr cannot be set.
2025-10-26 12:52:09,476 [INFO] Updater:1134 - Updater Version found : 6.15.0
2025-10-26 12:52:09,489 [INFO] ApplicationProperties:184 - Using Application install path: /home/tuna/st/stm32cubeide_1.18.1/plugins/com.st.stm32cube.common.mx_6.15.0.202507011659
2025-10-26 12:52:10,236 [INFO] MainUpdater:2872 - connection check result : 10
2025-10-26 12:52:10,237 [INFO] MainUpdater:289 - Updater Check For Update Now.
2025-10-26 12:52:10,237 [INFO] MicroXplorer:498 - Change Database Version : DB.6.0.150
2025-10-26 12:52:10,240 [INFO] McuFinderGlobals:63 - Set McuFinder mode to 2 (CubeIDE integrated)
2025-10-26 12:52:10,240 [INFO] UserAuth:487 - Internet connection configuration mode: 1
2025-10-26 12:52:10,248 [INFO] JxBrowserEngine:152 - Initiate JxBrowser Engine with user profile folder
2025-10-26 12:52:10,385 [INFO] CheckServerUpdateThread:120 - End of CheckServer Thread
2025-10-26 12:52:10,671 [INFO] WebApp:169 - Instantiating new browser for Auth
2025-10-26 12:52:11,103 [INFO] WebApp:463 - Apply proxy settings
2025-10-26 12:52:11,104 [INFO] WebApp:548 - Chromium requires no authentication
2025-10-26 12:52:11,109 [INFO] WebApp:491 - Direct internet connection detected
2025-10-26 12:52:11,120 [INFO] WebApp:900 - Register for checkConnection events
2025-10-26 12:52:11,121 [INFO] WebApp:463 - Apply proxy settings
2025-10-26 12:52:11,121 [INFO] WebApp:548 - Chromium requires no authentication
2025-10-26 12:52:11,122 [INFO] WebApp:491 - Direct internet connection detected
2025-10-26 12:52:11,206 [INFO] WebApp:225 - Starting web application
2025-10-26 12:52:11,206 [INFO] WebApp:593 - Web application path used /home/tuna/st/stm32cubeide_1.18.1/plugins/com.st.stm32cube.common.mx_6.15.0.202507011659/db/plugins/mcufinder/reactClient1/index.html
2025-10-26 12:52:11,273 [INFO] UserAuth:487 - Internet connection configuration mode: 1
2025-10-26 12:52:11,346 [INFO] WebApp:191 - Connection restablished
2025-10-26 12:52:11,758 [WARN] PackLoader:240 - Cannot read IP mode file for STMicroelectronics.FP-SNS-MOTENVWB1.1.4.0
2025-10-26 12:52:11,765 [WARN] PackLoader:240 - Cannot read IP mode file for STMicroelectronics.FP-ATR-ASTRA1.2.0.2
2025-10-26 12:52:11,771 [WARN] PackLoader:240 - Cannot read IP mode file for STMicroelectronics.X-CUBE-SMBUS.2.1.0
2025-10-26 12:52:11,774 [WARN] PackLoader:240 - Cannot read IP mode file for STMicroelectronics.X-CUBE-ST60.1.0.0
2025-10-26 12:52:11,797 [WARN] PackLoader:240 - Cannot read IP mode file for STMicroelectronics.X-CUBE-AZRTOS-F7.1.1.0
2025-10-26 12:52:11,819 [WARN] PackLoader:240 - Cannot read IP mode file for Infineon.AIROC-Wi-Fi-Bluetooth-STM32.1.7.1
2025-10-26 12:52:11,850 [WARN] PackLoader:240 - Cannot read IP mode file for STMicroelectronics.X-CUBE-AZRTOS-H7.3.4.0
2025-10-26 12:52:11,860 [WARN] PackLoader:240 - Cannot read IP mode file for STMicroelectronics.X-CUBE-DISPLAY.3.0.0
2025-10-26 12:52:11,871 [WARN] PackLoader:240 - Cannot read IP mode file for STMicroelectronics.X-CUBE-NFC10.1.0.0
2025-10-26 12:52:11,875 [WARN] PackLoader:240 - Cannot read IP mode file for STMicroelectronics.X-CUBE-ST60.1.1.0
2025-10-26 12:52:11,879 [WARN] PackLoader:240 - Cannot read IP mode file for emotas.I-CUBE-CANOPEN.1.3.0
2025-10-26 12:52:11,884 [WARN] PackLoader:240 - Cannot read IP mode file for STMicroelectronics.FP-SNS-STBOX1.2.1.0
2025-10-26 12:52:11,889 [WARN] PackLoader:240 - Cannot read IP mode file for STMicroelectronics.FP-SNS-SMARTAG2.1.2.0
2025-10-26 12:52:11,891 [WARN] PackLoader:240 - Cannot read IP mode file for STMicroelectronics.FP-SNS-FLIGHT1.5.1.0
2025-10-26 12:52:11,899 [INFO] LogOutputStream:77 - [STDOUT_REDIRECT] 1 : Invalid condition id : UX_CORESTACK_Condition cause : null
2025-10-26 12:52:11,899 [INFO] LogOutputStream:77 - [STDOUT_REDIRECT] 1 : Invalid condition id : UX_CORESTACK_Condition cause : null
2025-10-26 12:52:11,900 [INFO] LogOutputStream:77 - [STDOUT_REDIRECT] 1 : Invalid condition id : UX_CORESTACK_Condition cause : null
2025-10-26 12:52:11,900 [INFO] LogOutputStream:77 - [STDOUT_REDIRECT] 1 : Invalid condition id : UX_CORESTACK_Condition cause : null
2025-10-26 12:52:11,901 [INFO] LogOutputStream:77 - [STDOUT_REDIRECT] 1 : Invalid condition id : UX_CORESTACK_Condition cause : null
2025-10-26 12:52:11,904 [WARN] PackLoader:240 - Cannot read IP mode file for STMicroelectronics.X-CUBE-AZRTOS-WL.2.0.0
2025-10-26 12:52:11,908 [WARN] PackLoader:240 - Cannot read IP mode file for STMicroelectronics.FP-SNS-MOTENV1.5.0.0
2025-10-26 12:52:11,912 [WARN] PackLoader:240 - Cannot read IP mode file for WES.I-CUBE-Cesium.1.3.0
2025-10-26 12:52:11,915 [WARN] PackLoader:240 - Cannot read IP mode file for STMicroelectronics.X-CUBE-BLE2.3.3.0
2025-10-26 12:52:11,920 [WARN] PackLoader:240 - Cannot read IP mode file for STMicroelectronics.X-CUBE-NFC9.1.0.0
2025-10-26 12:52:11,924 [WARN] PackLoader:240 - Cannot read IP mode file for wolfSSL.I-CUBE-wolfSSL.5.8.2
2025-10-26 12:52:11,928 [WARN] PackLoader:240 - Cannot read IP mode file for STMicroelectronics.X-CUBE-BLE1.7.1.0
2025-10-26 12:52:11,930 [WARN] PackLoader:240 - Cannot read IP mode file for wolfSSL.I-CUBE-wolfMQTT.1.19.2
2025-10-26 12:52:11,934 [WARN] PackLoader:240 - Cannot read IP mode file for STMicroelectronics.X-CUBE-EEPRMA1.5.2.0
2025-10-26 12:52:11,939 [WARN] PackLoader:240 - Cannot read IP mode file for STMicroelectronics.X-CUBE-ST67W61.1.1.0
2025-10-26 12:52:11,941 [WARN] PackLoader:240 - Cannot read IP mode file for STMicroelectronics.X-CUBE-AI.10.1.0
2025-10-26 12:52:11,950 [WARN] PackLoader:240 - Cannot read IP mode file for STMicroelectronics.X-CUBE-AZRTOS-G0.1.1.0
2025-10-26 12:52:11,955 [WARN] PackLoader:240 - Cannot read IP mode file for STMicroelectronics.X-CUBE-SAFEA1.1.2.2
2025-10-26 12:52:11,960 [WARN] PackLoader:240 - Cannot read IP mode file for STMicroelectronics.X-CUBE-NFC4.3.0.0
2025-10-26 12:52:11,965 [WARN] PackLoader:240 - Cannot read IP mode file for EmbeddedOffice.I-CUBE-FS-RTOS.1.0.1
2025-10-26 12:52:11,968 [WARN] PackLoader:240 - Cannot read IP mode file for STMicroelectronics.X-CUBE-WB05N.2.0.0
2025-10-26 12:52:11,971 [WARN] PackLoader:240 - Cannot read IP mode file for wolfSSL.I-CUBE-wolfTPM.3.8.0
2025-10-26 12:52:11,974 [WARN] PackLoader:240 - Cannot read IP mode file for STMicroelectronics.X-CUBE-TCPP.4.2.0
2025-10-26 12:52:11,977 [WARN] PackLoader:240 - Cannot read IP mode file for RealThread.X-CUBE-RT-Thread_Nano.4.1.1
2025-10-26 12:52:11,980 [WARN] PackLoader:240 - Cannot read IP mode file for STMicroelectronics.FP-ATR-SIGFOX1.3.2.0
2025-10-26 12:52:11,983 [WARN] PackLoader:240 - Cannot read IP mode file for ITTIA_DB.I-CUBE-ITTIADB.8.9.0
2025-10-26 12:52:11,987 [WARN] PackLoader:240 - Cannot read IP mode file for STMicroelectronics.X-CUBE-ST67W61.1.0.0
2025-10-26 12:52:11,989 [WARN] PackLoader:240 - Cannot read IP mode file for STMicroelectronics.X-CUBE-AI.10.2.0
2025-10-26 12:52:12,018 [WARN] PackLoader:240 - Cannot read IP mode file for SEGGER.I-CUBE-embOS.1.3.1
2025-10-26 12:52:12,074 [WARN] PackLoader:240 - Cannot read IP mode file for STMicroelectronics.X-CUBE-ALGOBUILD.1.4.0
2025-10-26 12:52:12,104 [WARN] PackLoader:240 - Cannot read IP mode file for STMicroelectronics.X-CUBE-MEMS1.11.3.0
2025-10-26 12:52:12,198 [WARN] PackLoader:240 - Cannot read IP mode file for STMicroelectronics.X-CUBE-PM33A1.1.0.0
2025-10-26 12:52:12,207 [WARN] PackLoader:240 - Cannot read IP mode file for STMicroelectronics.X-CUBE-AZRTOS-F4.1.1.0
2025-10-26 12:52:12,211 [WARN] PackLoader:240 - Cannot read IP mode file for Avnet-IotConnect.X-CUBE-IoTC-DA16k-PMOD.1.0.0
2025-10-26 12:52:12,213 [WARN] PackLoader:240 - Cannot read IP mode file for STMicroelectronics.X-CUBE-ISPU.2.1.0
2025-10-26 12:52:12,220 [WARN] PackLoader:240 - Cannot read IP mode file for STMicroelectronics.X-CUBE-IPS.3.2.0
2025-10-26 12:52:12,227 [WARN] PackLoader:240 - Cannot read IP mode file for STMicroelectronics.X-CUBE-NFC12.1.0.0
2025-10-26 12:52:12,238 [WARN] PackLoader:240 - Cannot read IP mode file for STMicroelectronics.X-CUBE-AZRTOS-L5.2.0.0
2025-10-26 12:52:12,243 [WARN] PackLoader:240 - Cannot read IP mode file for STMicroelectronics.X-CUBE-NFC6.3.1.0
2025-10-26 12:52:12,247 [WARN] PackLoader:240 - Cannot read IP mode file for STMicroelectronics.X-CUBE-FREERTOS.1.3.1
2025-10-26 12:52:12,250 [WARN] PackLoader:240 - Cannot read IP mode file for STMicroelectronics.X-CUBE-TOUCHGFX.4.26.0
2025-10-26 12:52:12,253 [WARN] PackLoader:240 - Cannot read IP mode file for STMicroelectronics.FP-SNS-STAIOTCFT.1.0.0
2025-10-26 12:52:12,257 [WARN] PackLoader:240 - Cannot read IP mode file for STMicroelectronics.X-CUBE-DPower.1.3.0
2025-10-26 12:52:12,278 [WARN] ConditionMgr:438 - getConditionDescription Invalid condition id : LAN8742 Phy interface Condition cause : null
2025-10-26 12:52:12,279 [WARN] PackLoader:240 - Cannot read IP mode file for STMicroelectronics.X-CUBE-AZRTOS-L4.2.0.0
2025-10-26 12:52:12,280 [WARN] ConditionMgr:1044 - genDependencies : Invalid condition id : LAN8742 Phy interface Condition cause : null
2025-10-26 12:52:12,280 [WARN] ConditionMgr:1044 - genDependencies : Invalid condition id : LAN8742 Phy interface Condition cause : null
2025-10-26 12:52:12,281 [WARN] ConditionMgr:1044 - genDependencies : Invalid condition id : LAN8742 Phy interface Condition cause : null
2025-10-26 12:52:12,286 [WARN] PackLoader:240 - Cannot read IP mode file for STMicroelectronics.X-CUBE-SFXS2LP1.4.0.0
2025-10-26 12:52:12,293 [WARN] PackLoader:240 - Cannot read IP mode file for STMicroelectronics.X-CUBE-BLEMGR.4.1.0
2025-10-26 12:52:12,302 [WARN] ConditionMgr:438 - getConditionDescription Invalid condition id : UX DEVICE CLASS RTOS Condition cause : null
2025-10-26 12:52:12,303 [WARN] ConditionMgr:438 - getConditionDescription Invalid condition id : UX DEVICE CLASS RTOS Condition cause : null
2025-10-26 12:52:12,304 [WARN] PackLoader:240 - Cannot read IP mode file for STMicroelectronics.X-CUBE-AZRTOS-WB.2.0.0
2025-10-26 12:52:12,304 [WARN] ConditionMgr:1044 - genDependencies : Invalid condition id : UX DEVICE CLASS RTOS Condition cause : null
2025-10-26 12:52:12,304 [WARN] ConditionMgr:1044 - genDependencies : Invalid condition id : UX DEVICE CLASS RTOS Condition cause : null
2025-10-26 12:52:12,305 [WARN] ConditionMgr:1044 - genDependencies : Invalid condition id : UX DEVICE CLASS RTOS Condition cause : null
2025-10-26 12:52:12,305 [WARN] ConditionMgr:1044 - genDependencies : Invalid condition id : UX DEVICE CLASS RTOS Condition cause : null
2025-10-26 12:52:12,305 [WARN] ConditionMgr:1044 - genDependencies : Invalid condition id : UX DEVICE CLASS RTOS Condition cause : null
2025-10-26 12:52:12,308 [WARN] PackLoader:240 - Cannot read IP mode file for STMicroelectronics.X-CUBE-GNSS1.7.0.1
2025-10-26 12:52:12,311 [WARN] PackLoader:240 - Cannot read IP mode file for STMicroelectronics.X-CUBE-TOUCHGFX.4.25.0
2025-10-26 12:52:12,316 [WARN] PackLoader:240 - Cannot read IP mode file for STMicroelectronics.FP-SNS-STBOX1.2.0.0
2025-10-26 12:52:12,321 [WARN] ConditionMgr:438 - getConditionDescription Invalid condition id : Cortex-A Device cause : null
2025-10-26 12:52:12,335 [WARN] ConditionMgr:1044 - genDependencies : Invalid condition id : Cortex-A Device cause : null
2025-10-26 12:52:12,335 [WARN] ConditionMgr:1044 - genDependencies : Invalid condition id : Cortex-A Device cause : null
2025-10-26 12:52:12,335 [WARN] ConditionMgr:1044 - genDependencies : Invalid condition id : Cortex-A Device cause : null
2025-10-26 12:52:12,340 [WARN] PackLoader:240 - Cannot read IP mode file for STMicroelectronics.X-CUBE-SUBG2.5.0.0
2025-10-26 12:52:12,353 [WARN] PackLoader:240 - Cannot read IP mode file for STMicroelectronics.X-CUBE-AZRTOS-H7RS.1.1.0
2025-10-26 12:52:12,358 [WARN] PackLoader:240 - Cannot read IP mode file for Cesanta.I-CUBE-Mongoose.7.13.0
2025-10-26 12:52:12,367 [WARN] PackLoader:240 - Cannot read IP mode file for STMicroelectronics.X-CUBE-AZRTOS-G4.2.0.0
2025-10-26 12:52:12,370 [WARN] PackLoader:240 - Cannot read IP mode file for wolfSSL.I-CUBE-wolfSSH.1.4.20
2025-10-26 12:52:12,373 [WARN] PackLoader:240 - Cannot read IP mode file for STMicroelectronics.X-CUBE-NFC7.2.0.0
2025-10-26 12:52:12,380 [WARN] PackLoader:240 - Cannot read IP mode file for STMicroelectronics.X-CUBE-IPS.3.1.0
2025-10-26 12:52:12,386 [WARN] PackLoader:240 - Cannot read IP mode file for STMicroelectronics.X-CUBE-ALS.1.0.2
2025-10-26 12:52:12,389 [WARN] PackLoader:240 - Cannot read IP mode file for STMicroelectronics.X-CUBE-STSE01.1.0.0
2025-10-26 12:52:12,394 [WARN] PackLoader:240 - Cannot read IP mode file for portGmbH.I-Cube-SoM-uGOAL.1.1.0
2025-10-26 12:52:12,400 [WARN] PackLoader:240 - Cannot read IP mode file for STMicroelectronics.X-CUBE-TOF1.3.4.3
2025-10-26 12:52:12,407 [INFO] ThirdParty:978 - Integrity check success = true
2025-10-26 12:52:12,407 [INFO] IntegrityCheckThread:100 - exiting critical section [integrity check]
2025-10-26 12:52:12,407 [INFO] IntegrityCheckThread:103 - End integrity checks thread
2025-10-26 13:08:46,598 [ERROR] LogOutputStream:75 - [STDERR_REDIRECT] 
2025-10-26 13:25:44,600 [INFO] Activator:176 - 


2025-10-26 13:25:44,602 [INFO] Activator:177 - !SESSION log4j initialized
2025-10-26 13:25:46,331 [INFO] LogOutputStream:77 - [STDOUT_REDIRECT] 
2025-10-26 13:25:48,027 [INFO] ApplicationProperties:184 - Using Application install path: /home/tuna/st/stm32cubeide_1.18.1/plugins/com.st.stm32cube.common.mx_6.15.0.202507011659
2025-10-26 13:25:48,041 [INFO] DbMcusXml:78 - Set database path to: /home/tuna/st/stm32cubeide_1.18.1/plugins/com.st.stm32cube.common.mx_6.15.0.202507011659//db//mcu/
2025-10-26 13:25:48,042 [INFO] ApiDb:274 - Set plugin database path to: /home/tuna/st/stm32cubeide_1.18.1/plugins/com.st.stm32cube.common.mx_6.15.0.202507011659//db//plugins/boardmanager/
2025-10-26 13:25:48,042 [WARN] ApiDb:259 - Overriding images path with different value:  => /home/tuna/st/stm32cubeide_1.18.1/plugins/com.st.stm32cube.common.mx_6.15.0.202507011659//db//plugins/mcufinder/images/
2025-10-26 13:25:48,050 [INFO] ApiDb:250 - Set database path to: /home/tuna/.stmcufinder/plugins/mcufinder//mcu/
2025-10-26 13:25:48,051 [INFO] DbMcusAds:125 - Set database path to: /home/tuna/.stmcufinder/plugins/mcufinder//mcu/
2025-10-26 13:25:49,055 [INFO] CrossReferenceDbSqlite:203 - Set database path to: /home/tuna/.stmcufinder/plugins/mcufinder//mcu/cs/
2025-10-26 13:25:49,129 [INFO] RulesReader:64 - Compatibility file has been processed (317 Rules)
2025-10-26 13:25:49,178 [INFO] DbMcusXml:78 - Set database path to: /home/tuna/st/stm32cubeide_1.18.1/plugins/com.st.stm32cube.common.mx_6.15.0.202507011659//db//mcu/
2025-10-26 13:25:49,178 [INFO] ApiDb:274 - Set plugin database path to: /home/tuna/st/stm32cubeide_1.18.1/plugins/com.st.stm32cube.common.mx_6.15.0.202507011659//db//plugins/boardmanager/
2025-10-26 13:25:49,178 [INFO] ApiDb:261 - Set plugin images path to: /home/tuna/st/stm32cubeide_1.18.1/plugins/com.st.stm32cube.common.mx_6.15.0.202507011659//db//plugins/mcufinder/images/
2025-10-26 13:25:49,179 [WARN] DbFile:41 - Overriding database path with different value: /home/tuna/.stmcufinder/plugins/mcufinder/ => /home/tuna/.stmcufinder/plugins/mcufinder
2025-10-26 13:25:49,179 [INFO] ApiDb:250 - Set database path to: /home/tuna/.stmcufinder/plugins/mcufinder//mcu/
2025-10-26 13:25:49,179 [WARN] DbFile:41 - Overriding database path with different value: /home/tuna/.stmcufinder/plugins/mcufinder/ => /home/tuna/.stmcufinder/plugins/mcufinder
2025-10-26 13:25:49,179 [INFO] DbMcusAds:125 - Set database path to: /home/tuna/.stmcufinder/plugins/mcufinder//mcu/
2025-10-26 13:25:49,179 [WARN] DbFile:41 - Overriding database path with different value: /home/tuna/.stmcufinder/plugins/mcufinder/ => /home/tuna/.stmcufinder/plugins/mcufinder
2025-10-26 13:25:49,179 [WARN] DbFile:41 - Overriding database path with different value: /home/tuna/.stmcufinder/plugins/mcufinder/ => /home/tuna/.stmcufinder/plugins/mcufinder
2025-10-26 13:25:50,180 [INFO] CrossReferenceDbSqlite:203 - Set database path to: /home/tuna/.stmcufinder/plugins/mcufinder//mcu/cs/
2025-10-26 13:25:50,266 [INFO] MainPanel:274 - HeapMemory: 268435456
2025-10-26 13:25:50,397 [INFO] DbMcusXml:78 - Set database path to: /home/tuna/st/stm32cubeide_1.18.1/plugins/com.st.stm32cube.common.mx_6.15.0.202507011659//db//mcu/
2025-10-26 13:25:50,397 [INFO] ApiDb:274 - Set plugin database path to: /home/tuna/st/stm32cubeide_1.18.1/plugins/com.st.stm32cube.common.mx_6.15.0.202507011659//db//plugins/boardmanager/
2025-10-26 13:25:50,397 [INFO] ApiDb:261 - Set plugin images path to: /home/tuna/st/stm32cubeide_1.18.1/plugins/com.st.stm32cube.common.mx_6.15.0.202507011659//db//plugins/mcufinder/images/
2025-10-26 13:25:50,397 [WARN] DbFile:41 - Overriding database path with different value: /home/tuna/.stmcufinder/plugins/mcufinder/ => /home/tuna/.stmcufinder/plugins/mcufinder
2025-10-26 13:25:50,398 [INFO] ApiDb:250 - Set database path to: /home/tuna/.stmcufinder/plugins/mcufinder//mcu/
2025-10-26 13:25:50,398 [WARN] DbFile:41 - Overriding database path with different value: /home/tuna/.stmcufinder/plugins/mcufinder/ => /home/tuna/.stmcufinder/plugins/mcufinder
2025-10-26 13:25:50,398 [INFO] DbMcusAds:125 - Set database path to: /home/tuna/.stmcufinder/plugins/mcufinder//mcu/
2025-10-26 13:25:50,398 [WARN] DbFile:41 - Overriding database path with different value: /home/tuna/.stmcufinder/plugins/mcufinder/ => /home/tuna/.stmcufinder/plugins/mcufinder
2025-10-26 13:25:50,398 [WARN] DbFile:41 - Overriding database path with different value: /home/tuna/.stmcufinder/plugins/mcufinder/ => /home/tuna/.stmcufinder/plugins/mcufinder
2025-10-26 13:25:51,399 [INFO] CrossReferenceDbSqlite:203 - Set database path to: /home/tuna/.stmcufinder/plugins/mcufinder//mcu/cs/
2025-10-26 13:25:51,415 [INFO] ApplicationProperties:184 - Using Application install path: /home/tuna/st/stm32cubeide_1.18.1/plugins/com.st.stm32cube.common.mx_6.15.0.202507011659
2025-10-26 13:25:51,417 [INFO] PluginManage:196 - Search for loadable plugins [exclusion list=, ]
2025-10-26 13:25:51,418 [INFO] PluginManage:310 - Check plugin analytics
2025-10-26 13:25:52,544 [INFO] AnalyticsPlugin:253 - Accepted Software Licenses: STM32CubeMX.6.15.0
2025-10-26 13:25:52,544 [INFO] AnalyticsPlugin:255 - Accepted CMSIS Pack Licenses: 
2025-10-26 13:25:52,545 [INFO] AnalyticsPlugin:257 - Accepted Firmware Licenses: FW.G4.1.6.0,FW.F4.1.28.0
2025-10-26 13:25:52,546 [INFO] PluginManage:359 - Loaded plugin analytics (category:tool,tabindex:-1)
2025-10-26 13:25:52,546 [INFO] PluginManage:310 - Check plugin cadmodel
2025-10-26 13:25:52,552 [INFO] CADModel:105 - Init CAD model plugin
2025-10-26 13:25:52,553 [INFO] PluginManage:359 - Loaded plugin cadmodel (category:power,tabindex:5)
2025-10-26 13:25:52,553 [INFO] PluginManage:310 - Check plugin clock
2025-10-26 13:25:52,563 [INFO] PluginManage:359 - Loaded plugin clock (category:base,tabindex:2)
2025-10-26 13:25:52,563 [INFO] PluginManage:310 - Check plugin ddr
2025-10-26 13:25:52,565 [INFO] PluginManage:359 - Loaded plugin ddr (category:tool,tabindex:6)
2025-10-26 13:25:52,565 [INFO] PluginManage:310 - Check plugin filemanager
2025-10-26 13:25:52,692 [INFO] PluginManage:359 - Loaded plugin filemanager (category:base,tabindex:10)
2025-10-26 13:25:52,692 [INFO] PluginManage:310 - Check plugin ipmanager
2025-10-26 13:25:52,696 [INFO] PluginManage:359 - Loaded plugin ipmanager (category:base,tabindex:5)
2025-10-26 13:25:52,696 [INFO] PluginManage:310 - Check plugin lpbam
2025-10-26 13:25:52,705 [INFO] PluginManage:359 - Loaded plugin lpbam (category:base,tabindex:0)
2025-10-26 13:25:52,705 [INFO] PluginManage:310 - Check plugin memorymap
2025-10-26 13:25:52,716 [INFO] PluginManage:359 - Loaded plugin memorymap (category:base,tabindex:4)
2025-10-26 13:25:52,717 [INFO] PluginManage:310 - Check plugin pinoutandconfiguration
2025-10-26 13:25:52,725 [INFO] PluginManage:359 - Loaded plugin pinoutandconfiguration (category:base,tabindex:1)
2025-10-26 13:25:52,726 [INFO] PluginManage:310 - Check plugin pinoutconfig
2025-10-26 13:25:52,797 [WARN] SupportedApi:132 - Cannot load RTOS API schema: s4s-elt-must-match.1: The content of 'definitions' must match (annotation?, (simpleType | complexType)?, (unique | key | keyref)*)). A problem was found starting at: attribute.
2025-10-26 13:25:52,893 [INFO] PluginManage:359 - Loaded plugin pinoutconfig (category:base,tabindex:0)
2025-10-26 13:25:52,893 [INFO] PluginManage:310 - Check plugin power
2025-10-26 13:25:52,904 [INFO] PluginManage:359 - Loaded plugin power (category:power,tabindex:4)
2025-10-26 13:25:52,904 [INFO] PluginManage:310 - Check plugin projectmanager
2025-10-26 13:25:52,918 [INFO] PluginManage:359 - Loaded plugin projectmanager (category:projectmanager,tabindex:4)
2025-10-26 13:25:52,918 [INFO] PluginManage:310 - Check plugin rif
2025-10-26 13:25:52,927 [INFO] PluginManage:359 - Loaded plugin rif (category:base,tabindex:3)
2025-10-26 13:25:52,927 [INFO] PluginManage:310 - Check plugin thirdparty
2025-10-26 13:25:53,036 [INFO] PluginManage:359 - Loaded plugin thirdparty (category:base,tabindex:-1)
2025-10-26 13:25:53,036 [INFO] PluginManage:310 - Check plugin tools
2025-10-26 13:25:53,036 [WARN] IntegrityCheckThread:84 - waiting for thirdparty lock release [integrity check]
2025-10-26 13:25:53,036 [INFO] IntegrityCheckThread:86 - entering critical section [integrity check]
2025-10-26 13:25:53,037 [INFO] ThirdPartyUpdaterWithRetryManager:70 - Updater plugin not ready yet. [1/15]
2025-10-26 13:25:53,038 [INFO] PluginManage:359 - Loaded plugin tools (category:base,tabindex:7)
2025-10-26 13:25:53,039 [INFO] PluginManage:310 - Check plugin tutovideos
2025-10-26 13:25:53,223 [INFO] PluginManage:359 - Loaded plugin tutovideos (category:base,tabindex:-1)
2025-10-26 13:25:53,223 [INFO] PluginManage:310 - Check plugin updater
2025-10-26 13:25:53,245 [INFO] PluginManage:359 - Loaded plugin updater (category:base,tabindex:12)
2025-10-26 13:25:53,245 [INFO] PluginManage:310 - Check plugin userauth
2025-10-26 13:25:53,249 [INFO] UserAuth:118 - Init User Auth plugin
2025-10-26 13:25:53,250 [INFO] PluginManage:359 - Loaded plugin userauth (category:base,tabindex:14)
2025-10-26 13:25:53,250 [INFO] PluginManage:283 - PluginManage : Loaded plugins [18]
2025-10-26 13:25:53,401 [INFO] PinOutPanel:1589 - setPackage(No Configuration,No Configuration)
2025-10-26 13:25:53,450 [INFO] CADModel:165 - CPN selected for project level
2025-10-26 13:25:53,451 [INFO] CADModel:114 - Register for checkConnection events
2025-10-26 13:25:53,462 [INFO] IPUIPlugin:80 - create IPUIPlugin
2025-10-26 13:25:53,462 [INFO] PluginManager:220 - loadIPPluginJar : add ddr_ctrl_phy
2025-10-26 13:25:53,464 [INFO] IPUIPlugin:80 - create IPUIPlugin
2025-10-26 13:25:53,464 [INFO] PluginManager:220 - loadIPPluginJar : add aes
2025-10-26 13:25:53,469 [INFO] IPUIPlugin:80 - create IPUIPlugin
2025-10-26 13:25:53,469 [INFO] PluginManager:220 - loadIPPluginJar : add gic
2025-10-26 13:25:53,479 [INFO] IPUIPlugin:80 - create IPUIPlugin
2025-10-26 13:25:53,479 [INFO] PluginManager:220 - loadIPPluginJar : add resmgrutility
2025-10-26 13:25:53,481 [INFO] IPUIPlugin:80 - create IPUIPlugin
2025-10-26 13:25:53,481 [INFO] PluginManager:220 - loadIPPluginJar : add dma3
2025-10-26 13:25:53,483 [INFO] IPUIPlugin:80 - create IPUIPlugin
2025-10-26 13:25:53,483 [INFO] PluginManager:220 - loadIPPluginJar : add spi
2025-10-26 13:25:53,489 [INFO] IPUIPlugin:80 - create IPUIPlugin
2025-10-26 13:25:53,490 [INFO] PluginManager:220 - loadIPPluginJar : add plateformsettings
2025-10-26 13:25:53,492 [INFO] IPUIPlugin:80 - create IPUIPlugin
2025-10-26 13:25:53,493 [INFO] PluginManager:220 - loadIPPluginJar : add gtzc
2025-10-26 13:25:53,497 [INFO] IPUIPlugin:80 - create IPUIPlugin
2025-10-26 13:25:53,497 [INFO] PluginManager:220 - loadIPPluginJar : add freertos
2025-10-26 13:25:53,500 [INFO] IPUIPlugin:80 - create IPUIPlugin
2025-10-26 13:25:53,500 [INFO] PluginManager:220 - loadIPPluginJar : add fmc
2025-10-26 13:25:53,501 [INFO] IPUIPlugin:80 - create IPUIPlugin
2025-10-26 13:25:53,501 [INFO] PluginManager:220 - loadIPPluginJar : add quadspi
2025-10-26 13:25:53,502 [INFO] IPUIPlugin:80 - create IPUIPlugin
2025-10-26 13:25:53,502 [INFO] PluginManager:220 - loadIPPluginJar : add radio
2025-10-26 13:25:53,503 [INFO] IPUIPlugin:80 - create IPUIPlugin
2025-10-26 13:25:53,503 [INFO] PluginManager:220 - loadIPPluginJar : add fatfs
2025-10-26 13:25:53,508 [INFO] IPUIPlugin:80 - create IPUIPlugin
2025-10-26 13:25:53,508 [INFO] PluginManager:220 - loadIPPluginJar : add mdma
2025-10-26 13:25:53,509 [INFO] IPUIPlugin:80 - create IPUIPlugin
2025-10-26 13:25:53,509 [INFO] PluginManager:220 - loadIPPluginJar : add ltdc
2025-10-26 13:25:53,513 [INFO] IPUIPlugin:80 - create IPUIPlugin
2025-10-26 13:25:53,513 [INFO] PluginManager:220 - loadIPPluginJar : add gpio
2025-10-26 13:25:53,515 [INFO] IPUIPlugin:80 - create IPUIPlugin
2025-10-26 13:25:53,515 [INFO] PluginManager:220 - loadIPPluginJar : add opamp
2025-10-26 13:25:53,516 [INFO] IPUIPlugin:80 - create IPUIPlugin
2025-10-26 13:25:53,517 [INFO] PluginManager:220 - loadIPPluginJar : add usart
2025-10-26 13:25:53,519 [INFO] IPUIPlugin:80 - create IPUIPlugin
2025-10-26 13:25:53,519 [INFO] PluginManager:220 - loadIPPluginJar : add usbx
2025-10-26 13:25:53,520 [INFO] IPUIPlugin:80 - create IPUIPlugin
2025-10-26 13:25:53,521 [INFO] PluginManager:220 - loadIPPluginJar : add tim
2025-10-26 13:25:53,522 [INFO] IPUIPlugin:80 - create IPUIPlugin
2025-10-26 13:25:53,522 [INFO] PluginManager:220 - loadIPPluginJar : add lorawan
2025-10-26 13:25:53,524 [INFO] IPUIPlugin:80 - create IPUIPlugin
2025-10-26 13:25:53,524 [INFO] PluginManager:220 - loadIPPluginJar : add i2s
2025-10-26 13:25:53,530 [INFO] IPUIPlugin:80 - create IPUIPlugin
2025-10-26 13:25:53,530 [INFO] PluginManager:220 - loadIPPluginJar : add adc
2025-10-26 13:25:53,532 [INFO] IPUIPlugin:80 - create IPUIPlugin
2025-10-26 13:25:53,532 [INFO] PluginManager:220 - loadIPPluginJar : add extmemmanager
2025-10-26 13:25:53,533 [INFO] IPUIPlugin:80 - create IPUIPlugin
2025-10-26 13:25:53,534 [INFO] PluginManager:220 - loadIPPluginJar : add comp
2025-10-26 13:25:53,534 [INFO] IPUIPlugin:80 - create IPUIPlugin
2025-10-26 13:25:53,534 [INFO] PluginManager:220 - loadIPPluginJar : add genericplugin
2025-10-26 13:25:53,536 [INFO] IPUIPlugin:80 - create IPUIPlugin
2025-10-26 13:25:53,536 [INFO] PluginManager:220 - loadIPPluginJar : add ts
2025-10-26 13:25:53,537 [INFO] IPUIPlugin:80 - create IPUIPlugin
2025-10-26 13:25:53,537 [INFO] PluginManager:220 - loadIPPluginJar : add ucpd
2025-10-26 13:25:53,538 [INFO] IPUIPlugin:80 - create IPUIPlugin
2025-10-26 13:25:53,538 [INFO] PluginManager:220 - loadIPPluginJar : add can
2025-10-26 13:25:53,540 [INFO] IPUIPlugin:80 - create IPUIPlugin
2025-10-26 13:25:53,540 [INFO] PluginManager:220 - loadIPPluginJar : add touchsensing
2025-10-26 13:25:53,542 [INFO] IPUIPlugin:80 - create IPUIPlugin
2025-10-26 13:25:53,542 [INFO] PluginManager:220 - loadIPPluginJar : add tracer_emb
2025-10-26 13:25:53,546 [INFO] IPUIPlugin:80 - create IPUIPlugin
2025-10-26 13:25:53,546 [INFO] PluginManager:220 - loadIPPluginJar : add stm32_wpan
2025-10-26 13:25:53,547 [INFO] IPUIPlugin:80 - create IPUIPlugin
2025-10-26 13:25:53,547 [INFO] PluginManager:220 - loadIPPluginJar : add tsc
2025-10-26 13:25:53,549 [INFO] IPUIPlugin:80 - create IPUIPlugin
2025-10-26 13:25:53,549 [INFO] PluginManager:220 - loadIPPluginJar : add gfxmmu
2025-10-26 13:25:53,551 [INFO] IPUIPlugin:80 - create IPUIPlugin
2025-10-26 13:25:53,551 [INFO] PluginManager:220 - loadIPPluginJar : add ipddr
2025-10-26 13:25:53,553 [INFO] IPUIPlugin:80 - create IPUIPlugin
2025-10-26 13:25:53,553 [INFO] PluginManager:220 - loadIPPluginJar : add i2c
2025-10-26 13:25:53,556 [INFO] IPUIPlugin:80 - create IPUIPlugin
2025-10-26 13:25:53,556 [INFO] PluginManager:220 - loadIPPluginJar : add nvic
2025-10-26 13:25:53,558 [INFO] IPUIPlugin:80 - create IPUIPlugin
2025-10-26 13:25:53,558 [INFO] PluginManager:220 - loadIPPluginJar : add i3c
2025-10-26 13:25:53,560 [INFO] IPUIPlugin:80 - create IPUIPlugin
2025-10-26 13:25:53,560 [INFO] PluginManager:220 - loadIPPluginJar : add dfsdm
2025-10-26 13:25:53,562 [INFO] IPUIPlugin:80 - create IPUIPlugin
2025-10-26 13:25:53,562 [INFO] PluginManager:220 - loadIPPluginJar : add pdm2pcm
2025-10-26 13:25:53,564 [INFO] IPUIPlugin:80 - create IPUIPlugin
2025-10-26 13:25:53,564 [INFO] PluginManager:220 - loadIPPluginJar : add openamp
2025-10-26 13:25:53,568 [INFO] IPUIPlugin:80 - create IPUIPlugin
2025-10-26 13:25:53,568 [INFO] PluginManager:220 - loadIPPluginJar : add dma
2025-10-26 13:25:53,570 [INFO] IPUIPlugin:80 - create IPUIPlugin
2025-10-26 13:25:53,570 [INFO] PluginManager:220 - loadIPPluginJar : add sai
2025-10-26 13:25:53,571 [INFO] IPUIPlugin:80 - create IPUIPlugin
2025-10-26 13:25:53,571 [INFO] PluginManager:220 - loadIPPluginJar : add hash
2025-10-26 13:25:53,576 [INFO] IPUIPlugin:80 - create IPUIPlugin
2025-10-26 13:25:53,576 [INFO] PluginManager:220 - loadIPPluginJar : add linkedlist
2025-10-26 13:25:53,578 [INFO] IPUIPlugin:80 - create IPUIPlugin
2025-10-26 13:25:53,578 [INFO] PluginManager:220 - loadIPPluginJar : add cryp
2025-10-26 13:25:53,673 [FATAL] Updater:351 - Updater called before beeing initialized
2025-10-26 13:25:53,691 [INFO] RulesReader:64 - Compatibility file has been processed (317 Rules)
2025-10-26 13:25:53,698 [INFO] RulesReader:64 - Compatibility file has been processed (317 Rules)
2025-10-26 13:25:53,703 [INFO] CADModel:165 - CPN selected for project level
2025-10-26 13:25:53,704 [INFO] CADModel:114 - Register for checkConnection events
2025-10-26 13:25:53,704 [FATAL] Updater:351 - Updater called before beeing initialized
2025-10-26 13:25:53,704 [ERROR] CADModel:125 - Updater not yet initialized, retry later 
2025-10-26 13:25:53,799 [FATAL] Updater:351 - Updater called before beeing initialized
2025-10-26 13:25:53,801 [INFO] CADModel:165 - CPN selected for project level
2025-10-26 13:25:53,801 [INFO] CADModel:114 - Register for checkConnection events
2025-10-26 13:25:53,801 [FATAL] Updater:351 - Updater called before beeing initialized
2025-10-26 13:25:53,801 [ERROR] CADModel:125 - Updater not yet initialized, retry later 
2025-10-26 13:25:53,803 [FATAL] Updater:351 - Updater called before beeing initialized
2025-10-26 13:25:53,864 [FATAL] Updater:351 - Updater called before beeing initialized
2025-10-26 13:25:53,867 [INFO] DbMcusAds:53 - JSON generation date=Thu Oct 02 16:36:05 ICT 2025 (1759397765645)
2025-10-26 13:25:53,867 [FATAL] Updater:351 - Updater called before beeing initialized
2025-10-26 13:25:53,891 [WARN] DetailPanel:346 - Failed to get advertising image, set to default
2025-10-26 13:25:53,950 [FATAL] Updater:351 - Updater called before beeing initialized
2025-10-26 13:25:53,951 [FATAL] Updater:351 - Updater called before beeing initialized
2025-10-26 13:25:53,951 [FATAL] Updater:351 - Updater called before beeing initialized
2025-10-26 13:25:53,951 [WARN] DetailPanel:346 - Failed to get advertising image, set to default
2025-10-26 13:25:53,952 [FATAL] Updater:351 - Updater called before beeing initialized
2025-10-26 13:25:53,973 [ERROR] Updater:1198 - MainUpdater not yet initialized. External WinMGr cannot be set.
2025-10-26 13:25:53,974 [INFO] Updater:1134 - Updater Version found : 6.15.0
2025-10-26 13:25:53,986 [INFO] ApplicationProperties:184 - Using Application install path: /home/tuna/st/stm32cubeide_1.18.1/plugins/com.st.stm32cube.common.mx_6.15.0.202507011659
2025-10-26 13:25:55,053 [INFO] MainUpdater:2872 - connection check result : 10
2025-10-26 13:25:55,054 [INFO] MainUpdater:289 - Updater Check For Update Now.
2025-10-26 13:25:55,054 [INFO] MicroXplorer:498 - Change Database Version : DB.6.0.150
2025-10-26 13:25:55,057 [INFO] McuFinderGlobals:63 - Set McuFinder mode to 2 (CubeIDE integrated)
2025-10-26 13:25:55,058 [INFO] UserAuth:487 - Internet connection configuration mode: 1
2025-10-26 13:25:55,074 [INFO] JxBrowserEngine:152 - Initiate JxBrowser Engine with user profile folder
2025-10-26 13:25:55,199 [INFO] CheckServerUpdateThread:120 - End of CheckServer Thread
2025-10-26 13:25:56,079 [INFO] WebApp:169 - Instantiating new browser for Auth
2025-10-26 13:25:56,215 [WARN] PackLoader:240 - Cannot read IP mode file for STMicroelectronics.FP-SNS-MOTENVWB1.1.4.0
2025-10-26 13:25:56,219 [WARN] PackLoader:240 - Cannot read IP mode file for STMicroelectronics.FP-ATR-ASTRA1.2.0.2
2025-10-26 13:25:56,223 [WARN] PackLoader:240 - Cannot read IP mode file for STMicroelectronics.X-CUBE-SMBUS.2.1.0
2025-10-26 13:25:56,227 [WARN] PackLoader:240 - Cannot read IP mode file for STMicroelectronics.X-CUBE-ST60.1.0.0
2025-10-26 13:25:56,245 [WARN] PackLoader:240 - Cannot read IP mode file for STMicroelectronics.X-CUBE-AZRTOS-F7.1.1.0
2025-10-26 13:25:56,268 [WARN] PackLoader:240 - Cannot read IP mode file for Infineon.AIROC-Wi-Fi-Bluetooth-STM32.1.7.1
2025-10-26 13:25:56,291 [WARN] PackLoader:240 - Cannot read IP mode file for STMicroelectronics.X-CUBE-AZRTOS-H7.3.4.0
2025-10-26 13:25:56,301 [WARN] PackLoader:240 - Cannot read IP mode file for STMicroelectronics.X-CUBE-DISPLAY.3.0.0
2025-10-26 13:25:56,309 [WARN] PackLoader:240 - Cannot read IP mode file for STMicroelectronics.X-CUBE-NFC10.1.0.0
2025-10-26 13:25:56,313 [WARN] PackLoader:240 - Cannot read IP mode file for STMicroelectronics.X-CUBE-ST60.1.1.0
2025-10-26 13:25:56,317 [WARN] PackLoader:240 - Cannot read IP mode file for emotas.I-CUBE-CANOPEN.1.3.0
2025-10-26 13:25:56,323 [WARN] PackLoader:240 - Cannot read IP mode file for STMicroelectronics.FP-SNS-STBOX1.2.1.0
2025-10-26 13:25:56,328 [WARN] PackLoader:240 - Cannot read IP mode file for STMicroelectronics.FP-SNS-SMARTAG2.1.2.0
2025-10-26 13:25:56,331 [WARN] PackLoader:240 - Cannot read IP mode file for STMicroelectronics.FP-SNS-FLIGHT1.5.1.0
2025-10-26 13:25:56,337 [INFO] LogOutputStream:77 - [STDOUT_REDIRECT] 1 : Invalid condition id : UX_CORESTACK_Condition cause : null
2025-10-26 13:25:56,338 [INFO] LogOutputStream:77 - [STDOUT_REDIRECT] 1 : Invalid condition id : UX_CORESTACK_Condition cause : null
2025-10-26 13:25:56,338 [INFO] LogOutputStream:77 - [STDOUT_REDIRECT] 1 : Invalid condition id : UX_CORESTACK_Condition cause : null
2025-10-26 13:25:56,339 [INFO] LogOutputStream:77 - [STDOUT_REDIRECT] 1 : Invalid condition id : UX_CORESTACK_Condition cause : null
2025-10-26 13:25:56,339 [INFO] LogOutputStream:77 - [STDOUT_REDIRECT] 1 : Invalid condition id : UX_CORESTACK_Condition cause : null
2025-10-26 13:25:56,341 [WARN] PackLoader:240 - Cannot read IP mode file for STMicroelectronics.X-CUBE-AZRTOS-WL.2.0.0
2025-10-26 13:25:56,344 [WARN] PackLoader:240 - Cannot read IP mode file for STMicroelectronics.FP-SNS-MOTENV1.5.0.0
2025-10-26 13:25:56,349 [WARN] PackLoader:240 - Cannot read IP mode file for WES.I-CUBE-Cesium.1.3.0
2025-10-26 13:25:56,353 [WARN] PackLoader:240 - Cannot read IP mode file for STMicroelectronics.X-CUBE-BLE2.3.3.0
2025-10-26 13:25:56,357 [WARN] PackLoader:240 - Cannot read IP mode file for STMicroelectronics.X-CUBE-NFC9.1.0.0
2025-10-26 13:25:56,361 [WARN] PackLoader:240 - Cannot read IP mode file for wolfSSL.I-CUBE-wolfSSL.5.8.2
2025-10-26 13:25:56,364 [WARN] PackLoader:240 - Cannot read IP mode file for STMicroelectronics.X-CUBE-BLE1.7.1.0
2025-10-26 13:25:56,367 [WARN] PackLoader:240 - Cannot read IP mode file for wolfSSL.I-CUBE-wolfMQTT.1.19.2
2025-10-26 13:25:56,371 [WARN] PackLoader:240 - Cannot read IP mode file for STMicroelectronics.X-CUBE-EEPRMA1.5.2.0
2025-10-26 13:25:56,376 [WARN] PackLoader:240 - Cannot read IP mode file for STMicroelectronics.X-CUBE-ST67W61.1.1.0
2025-10-26 13:25:56,379 [WARN] PackLoader:240 - Cannot read IP mode file for STMicroelectronics.X-CUBE-AI.10.1.0
2025-10-26 13:25:56,386 [WARN] PackLoader:240 - Cannot read IP mode file for STMicroelectronics.X-CUBE-AZRTOS-G0.1.1.0
2025-10-26 13:25:56,393 [WARN] PackLoader:240 - Cannot read IP mode file for STMicroelectronics.X-CUBE-SAFEA1.1.2.2
2025-10-26 13:25:56,398 [WARN] PackLoader:240 - Cannot read IP mode file for STMicroelectronics.X-CUBE-NFC4.3.0.0
2025-10-26 13:25:56,406 [WARN] PackLoader:240 - Cannot read IP mode file for EmbeddedOffice.I-CUBE-FS-RTOS.1.0.1
2025-10-26 13:25:56,410 [WARN] PackLoader:240 - Cannot read IP mode file for STMicroelectronics.X-CUBE-WB05N.2.0.0
2025-10-26 13:25:56,414 [WARN] PackLoader:240 - Cannot read IP mode file for wolfSSL.I-CUBE-wolfTPM.3.8.0
2025-10-26 13:25:56,424 [WARN] PackLoader:240 - Cannot read IP mode file for STMicroelectronics.X-CUBE-TCPP.4.2.0
2025-10-26 13:25:56,430 [WARN] PackLoader:240 - Cannot read IP mode file for RealThread.X-CUBE-RT-Thread_Nano.4.1.1
2025-10-26 13:25:56,433 [WARN] PackLoader:240 - Cannot read IP mode file for STMicroelectronics.FP-ATR-SIGFOX1.3.2.0
2025-10-26 13:25:56,439 [WARN] PackLoader:240 - Cannot read IP mode file for ITTIA_DB.I-CUBE-ITTIADB.8.9.0
2025-10-26 13:25:56,444 [WARN] PackLoader:240 - Cannot read IP mode file for STMicroelectronics.X-CUBE-ST67W61.1.0.0
2025-10-26 13:25:56,448 [WARN] PackLoader:240 - Cannot read IP mode file for STMicroelectronics.X-CUBE-AI.10.2.0
2025-10-26 13:25:56,486 [WARN] PackLoader:240 - Cannot read IP mode file for SEGGER.I-CUBE-embOS.1.3.1
2025-10-26 13:25:56,521 [WARN] PackLoader:240 - Cannot read IP mode file for STMicroelectronics.X-CUBE-ALGOBUILD.1.4.0
2025-10-26 13:25:56,561 [WARN] PackLoader:240 - Cannot read IP mode file for STMicroelectronics.X-CUBE-MEMS1.11.3.0
2025-10-26 13:25:56,671 [WARN] PackLoader:240 - Cannot read IP mode file for STMicroelectronics.X-CUBE-PM33A1.1.0.0
2025-10-26 13:25:56,681 [WARN] PackLoader:240 - Cannot read IP mode file for STMicroelectronics.X-CUBE-AZRTOS-F4.1.1.0
2025-10-26 13:25:56,685 [WARN] PackLoader:240 - Cannot read IP mode file for Avnet-IotConnect.X-CUBE-IoTC-DA16k-PMOD.1.0.0
2025-10-26 13:25:56,687 [WARN] PackLoader:240 - Cannot read IP mode file for STMicroelectronics.X-CUBE-ISPU.2.1.0
2025-10-26 13:25:56,696 [WARN] PackLoader:240 - Cannot read IP mode file for STMicroelectronics.X-CUBE-IPS.3.2.0
2025-10-26 13:25:56,705 [WARN] PackLoader:240 - Cannot read IP mode file for STMicroelectronics.X-CUBE-NFC12.1.0.0
2025-10-26 13:25:56,719 [WARN] PackLoader:240 - Cannot read IP mode file for STMicroelectronics.X-CUBE-AZRTOS-L5.2.0.0
2025-10-26 13:25:56,726 [WARN] PackLoader:240 - Cannot read IP mode file for STMicroelectronics.X-CUBE-NFC6.3.1.0
2025-10-26 13:25:56,730 [WARN] PackLoader:240 - Cannot read IP mode file for STMicroelectronics.X-CUBE-FREERTOS.1.3.1
2025-10-26 13:25:56,734 [WARN] PackLoader:240 - Cannot read IP mode file for STMicroelectronics.X-CUBE-TOUCHGFX.4.26.0
2025-10-26 13:25:56,738 [WARN] PackLoader:240 - Cannot read IP mode file for STMicroelectronics.FP-SNS-STAIOTCFT.1.0.0
2025-10-26 13:25:56,743 [WARN] PackLoader:240 - Cannot read IP mode file for STMicroelectronics.X-CUBE-DPower.1.3.0
2025-10-26 13:25:56,763 [WARN] ConditionMgr:438 - getConditionDescription Invalid condition id : LAN8742 Phy interface Condition cause : null
2025-10-26 13:25:56,764 [WARN] PackLoader:240 - Cannot read IP mode file for STMicroelectronics.X-CUBE-AZRTOS-L4.2.0.0
2025-10-26 13:25:56,766 [WARN] ConditionMgr:1044 - genDependencies : Invalid condition id : LAN8742 Phy interface Condition cause : null
2025-10-26 13:25:56,766 [WARN] ConditionMgr:1044 - genDependencies : Invalid condition id : LAN8742 Phy interface Condition cause : null
2025-10-26 13:25:56,766 [WARN] ConditionMgr:1044 - genDependencies : Invalid condition id : LAN8742 Phy interface Condition cause : null
2025-10-26 13:25:56,773 [WARN] PackLoader:240 - Cannot read IP mode file for STMicroelectronics.X-CUBE-SFXS2LP1.4.0.0
2025-10-26 13:25:56,782 [WARN] PackLoader:240 - Cannot read IP mode file for STMicroelectronics.X-CUBE-BLEMGR.4.1.0
2025-10-26 13:25:56,793 [WARN] ConditionMgr:438 - getConditionDescription Invalid condition id : UX DEVICE CLASS RTOS Condition cause : null
2025-10-26 13:25:56,793 [WARN] ConditionMgr:438 - getConditionDescription Invalid condition id : UX DEVICE CLASS RTOS Condition cause : null
2025-10-26 13:25:56,795 [WARN] PackLoader:240 - Cannot read IP mode file for STMicroelectronics.X-CUBE-AZRTOS-WB.2.0.0
2025-10-26 13:25:56,795 [WARN] ConditionMgr:1044 - genDependencies : Invalid condition id : UX DEVICE CLASS RTOS Condition cause : null
2025-10-26 13:25:56,795 [WARN] ConditionMgr:1044 - genDependencies : Invalid condition id : UX DEVICE CLASS RTOS Condition cause : null
2025-10-26 13:25:56,796 [WARN] ConditionMgr:1044 - genDependencies : Invalid condition id : UX DEVICE CLASS RTOS Condition cause : null
2025-10-26 13:25:56,796 [WARN] ConditionMgr:1044 - genDependencies : Invalid condition id : UX DEVICE CLASS RTOS Condition cause : null
2025-10-26 13:25:56,796 [WARN] ConditionMgr:1044 - genDependencies : Invalid condition id : UX DEVICE CLASS RTOS Condition cause : null
2025-10-26 13:25:56,801 [WARN] PackLoader:240 - Cannot read IP mode file for STMicroelectronics.X-CUBE-GNSS1.7.0.1
2025-10-26 13:25:56,804 [WARN] PackLoader:240 - Cannot read IP mode file for STMicroelectronics.X-CUBE-TOUCHGFX.4.25.0
2025-10-26 13:25:56,809 [WARN] PackLoader:240 - Cannot read IP mode file for STMicroelectronics.FP-SNS-STBOX1.2.0.0
2025-10-26 13:25:56,814 [WARN] ConditionMgr:438 - getConditionDescription Invalid condition id : Cortex-A Device cause : null
2025-10-26 13:25:56,826 [WARN] ConditionMgr:1044 - genDependencies : Invalid condition id : Cortex-A Device cause : null
2025-10-26 13:25:56,826 [WARN] ConditionMgr:1044 - genDependencies : Invalid condition id : Cortex-A Device cause : null
2025-10-26 13:25:56,826 [WARN] ConditionMgr:1044 - genDependencies : Invalid condition id : Cortex-A Device cause : null
2025-10-26 13:25:56,833 [WARN] PackLoader:240 - Cannot read IP mode file for STMicroelectronics.X-CUBE-SUBG2.5.0.0
2025-10-26 13:25:56,849 [WARN] PackLoader:240 - Cannot read IP mode file for STMicroelectronics.X-CUBE-AZRTOS-H7RS.1.1.0
2025-10-26 13:25:56,857 [WARN] PackLoader:240 - Cannot read IP mode file for Cesanta.I-CUBE-Mongoose.7.13.0
2025-10-26 13:25:56,866 [WARN] PackLoader:240 - Cannot read IP mode file for STMicroelectronics.X-CUBE-AZRTOS-G4.2.0.0
2025-10-26 13:25:56,871 [WARN] PackLoader:240 - Cannot read IP mode file for wolfSSL.I-CUBE-wolfSSH.1.4.20
2025-10-26 13:25:56,873 [WARN] PackLoader:240 - Cannot read IP mode file for STMicroelectronics.X-CUBE-NFC7.2.0.0
2025-10-26 13:25:56,881 [WARN] PackLoader:240 - Cannot read IP mode file for STMicroelectronics.X-CUBE-IPS.3.1.0
2025-10-26 13:25:56,888 [WARN] PackLoader:240 - Cannot read IP mode file for STMicroelectronics.X-CUBE-ALS.1.0.2
2025-10-26 13:25:56,894 [WARN] PackLoader:240 - Cannot read IP mode file for STMicroelectronics.X-CUBE-STSE01.1.0.0
2025-10-26 13:25:56,899 [WARN] PackLoader:240 - Cannot read IP mode file for portGmbH.I-Cube-SoM-uGOAL.1.1.0
2025-10-26 13:25:56,906 [WARN] PackLoader:240 - Cannot read IP mode file for STMicroelectronics.X-CUBE-TOF1.3.4.3
2025-10-26 13:25:56,911 [INFO] ThirdParty:978 - Integrity check success = true
2025-10-26 13:25:56,911 [INFO] IntegrityCheckThread:100 - exiting critical section [integrity check]
2025-10-26 13:25:56,911 [INFO] IntegrityCheckThread:103 - End integrity checks thread
2025-10-26 13:25:56,954 [INFO] WebApp:463 - Apply proxy settings
2025-10-26 13:25:56,954 [INFO] WebApp:548 - Chromium requires no authentication
2025-10-26 13:25:56,963 [INFO] WebApp:491 - Direct internet connection detected
2025-10-26 13:25:56,980 [INFO] WebApp:900 - Register for checkConnection events
2025-10-26 13:25:56,980 [INFO] WebApp:463 - Apply proxy settings
2025-10-26 13:25:56,980 [INFO] WebApp:548 - Chromium requires no authentication
2025-10-26 13:25:56,981 [INFO] WebApp:491 - Direct internet connection detected
2025-10-26 13:25:57,087 [INFO] WebApp:225 - Starting web application
2025-10-26 13:25:57,087 [INFO] WebApp:593 - Web application path used /home/tuna/st/stm32cubeide_1.18.1/plugins/com.st.stm32cube.common.mx_6.15.0.202507011659/db/plugins/mcufinder/reactClient1/index.html
2025-10-26 13:25:57,173 [INFO] UserAuth:487 - Internet connection configuration mode: 1
2025-10-26 13:25:57,291 [INFO] WebApp:191 - Connection restablished
2025-10-26 13:45:13,597 [ERROR] LogOutputStream:75 - [STDERR_REDIRECT] 
2025-10-26 13:45:21,334 [INFO] Activator:176 - 


2025-10-26 13:45:21,335 [INFO] Activator:177 - !SESSION log4j initialized
2025-10-26 13:45:24,401 [INFO] LogOutputStream:77 - [STDOUT_REDIRECT] 
2025-10-26 13:45:26,154 [INFO] ApplicationProperties:184 - Using Application install path: /home/tuna/st/stm32cubeide_1.18.1/plugins/com.st.stm32cube.common.mx_6.15.0.202507011659
2025-10-26 13:45:26,165 [INFO] DbMcusXml:78 - Set database path to: /home/tuna/st/stm32cubeide_1.18.1/plugins/com.st.stm32cube.common.mx_6.15.0.202507011659//db//mcu/
2025-10-26 13:45:26,165 [INFO] ApiDb:274 - Set plugin database path to: /home/tuna/st/stm32cubeide_1.18.1/plugins/com.st.stm32cube.common.mx_6.15.0.202507011659//db//plugins/boardmanager/
2025-10-26 13:45:26,165 [WARN] ApiDb:259 - Overriding images path with different value:  => /home/tuna/st/stm32cubeide_1.18.1/plugins/com.st.stm32cube.common.mx_6.15.0.202507011659//db//plugins/mcufinder/images/
2025-10-26 13:45:26,167 [INFO] ApiDb:250 - Set database path to: /home/tuna/.stmcufinder/plugins/mcufinder//mcu/
2025-10-26 13:45:26,167 [INFO] DbMcusAds:125 - Set database path to: /home/tuna/.stmcufinder/plugins/mcufinder//mcu/
2025-10-26 13:45:27,170 [INFO] CrossReferenceDbSqlite:203 - Set database path to: /home/tuna/.stmcufinder/plugins/mcufinder//mcu/cs/
2025-10-26 13:45:27,235 [INFO] RulesReader:64 - Compatibility file has been processed (317 Rules)
2025-10-26 13:45:27,275 [INFO] DbMcusXml:78 - Set database path to: /home/tuna/st/stm32cubeide_1.18.1/plugins/com.st.stm32cube.common.mx_6.15.0.202507011659//db//mcu/
2025-10-26 13:45:27,276 [INFO] ApiDb:274 - Set plugin database path to: /home/tuna/st/stm32cubeide_1.18.1/plugins/com.st.stm32cube.common.mx_6.15.0.202507011659//db//plugins/boardmanager/
2025-10-26 13:45:27,276 [INFO] ApiDb:261 - Set plugin images path to: /home/tuna/st/stm32cubeide_1.18.1/plugins/com.st.stm32cube.common.mx_6.15.0.202507011659//db//plugins/mcufinder/images/
2025-10-26 13:45:27,276 [WARN] DbFile:41 - Overriding database path with different value: /home/tuna/.stmcufinder/plugins/mcufinder/ => /home/tuna/.stmcufinder/plugins/mcufinder
2025-10-26 13:45:27,276 [INFO] ApiDb:250 - Set database path to: /home/tuna/.stmcufinder/plugins/mcufinder//mcu/
2025-10-26 13:45:27,276 [WARN] DbFile:41 - Overriding database path with different value: /home/tuna/.stmcufinder/plugins/mcufinder/ => /home/tuna/.stmcufinder/plugins/mcufinder
2025-10-26 13:45:27,276 [INFO] DbMcusAds:125 - Set database path to: /home/tuna/.stmcufinder/plugins/mcufinder//mcu/
2025-10-26 13:45:27,276 [WARN] DbFile:41 - Overriding database path with different value: /home/tuna/.stmcufinder/plugins/mcufinder/ => /home/tuna/.stmcufinder/plugins/mcufinder
2025-10-26 13:45:27,276 [WARN] DbFile:41 - Overriding database path with different value: /home/tuna/.stmcufinder/plugins/mcufinder/ => /home/tuna/.stmcufinder/plugins/mcufinder
2025-10-26 13:45:28,277 [INFO] CrossReferenceDbSqlite:203 - Set database path to: /home/tuna/.stmcufinder/plugins/mcufinder//mcu/cs/
2025-10-26 13:45:28,329 [INFO] MainPanel:274 - HeapMemory: 268435456
2025-10-26 13:45:28,417 [INFO] DbMcusXml:78 - Set database path to: /home/tuna/st/stm32cubeide_1.18.1/plugins/com.st.stm32cube.common.mx_6.15.0.202507011659//db//mcu/
2025-10-26 13:45:28,417 [INFO] ApiDb:274 - Set plugin database path to: /home/tuna/st/stm32cubeide_1.18.1/plugins/com.st.stm32cube.common.mx_6.15.0.202507011659//db//plugins/boardmanager/
2025-10-26 13:45:28,417 [INFO] ApiDb:261 - Set plugin images path to: /home/tuna/st/stm32cubeide_1.18.1/plugins/com.st.stm32cube.common.mx_6.15.0.202507011659//db//plugins/mcufinder/images/
2025-10-26 13:45:28,417 [WARN] DbFile:41 - Overriding database path with different value: /home/tuna/.stmcufinder/plugins/mcufinder/ => /home/tuna/.stmcufinder/plugins/mcufinder
2025-10-26 13:45:28,417 [INFO] ApiDb:250 - Set database path to: /home/tuna/.stmcufinder/plugins/mcufinder//mcu/
2025-10-26 13:45:28,417 [WARN] DbFile:41 - Overriding database path with different value: /home/tuna/.stmcufinder/plugins/mcufinder/ => /home/tuna/.stmcufinder/plugins/mcufinder
2025-10-26 13:45:28,417 [INFO] DbMcusAds:125 - Set database path to: /home/tuna/.stmcufinder/plugins/mcufinder//mcu/
2025-10-26 13:45:28,417 [WARN] DbFile:41 - Overriding database path with different value: /home/tuna/.stmcufinder/plugins/mcufinder/ => /home/tuna/.stmcufinder/plugins/mcufinder
2025-10-26 13:45:28,417 [WARN] DbFile:41 - Overriding database path with different value: /home/tuna/.stmcufinder/plugins/mcufinder/ => /home/tuna/.stmcufinder/plugins/mcufinder
2025-10-26 13:45:29,419 [INFO] CrossReferenceDbSqlite:203 - Set database path to: /home/tuna/.stmcufinder/plugins/mcufinder//mcu/cs/
2025-10-26 13:45:29,430 [INFO] ApplicationProperties:184 - Using Application install path: /home/tuna/st/stm32cubeide_1.18.1/plugins/com.st.stm32cube.common.mx_6.15.0.202507011659
2025-10-26 13:45:29,431 [INFO] PluginManage:196 - Search for loadable plugins [exclusion list=, ]
2025-10-26 13:45:29,432 [INFO] PluginManage:310 - Check plugin analytics
2025-10-26 13:45:30,525 [INFO] AnalyticsPlugin:253 - Accepted Software Licenses: STM32CubeMX.6.15.0
2025-10-26 13:45:30,525 [INFO] AnalyticsPlugin:255 - Accepted CMSIS Pack Licenses: 
2025-10-26 13:45:30,525 [INFO] AnalyticsPlugin:257 - Accepted Firmware Licenses: FW.G4.1.6.0,FW.F4.1.28.0
2025-10-26 13:45:30,527 [INFO] PluginManage:359 - Loaded plugin analytics (category:tool,tabindex:-1)
2025-10-26 13:45:30,527 [INFO] PluginManage:310 - Check plugin cadmodel
2025-10-26 13:45:30,530 [INFO] CADModel:105 - Init CAD model plugin
2025-10-26 13:45:30,530 [INFO] PluginManage:359 - Loaded plugin cadmodel (category:power,tabindex:5)
2025-10-26 13:45:30,530 [INFO] PluginManage:310 - Check plugin clock
2025-10-26 13:45:30,535 [INFO] PluginManage:359 - Loaded plugin clock (category:base,tabindex:2)
2025-10-26 13:45:30,535 [INFO] PluginManage:310 - Check plugin ddr
2025-10-26 13:45:30,537 [INFO] PluginManage:359 - Loaded plugin ddr (category:tool,tabindex:6)
2025-10-26 13:45:30,537 [INFO] PluginManage:310 - Check plugin filemanager
2025-10-26 13:45:30,657 [INFO] PluginManage:359 - Loaded plugin filemanager (category:base,tabindex:10)
2025-10-26 13:45:30,657 [INFO] PluginManage:310 - Check plugin ipmanager
2025-10-26 13:45:30,661 [INFO] PluginManage:359 - Loaded plugin ipmanager (category:base,tabindex:5)
2025-10-26 13:45:30,662 [INFO] PluginManage:310 - Check plugin lpbam
2025-10-26 13:45:30,668 [INFO] PluginManage:359 - Loaded plugin lpbam (category:base,tabindex:0)
2025-10-26 13:45:30,668 [INFO] PluginManage:310 - Check plugin memorymap
2025-10-26 13:45:30,677 [INFO] PluginManage:359 - Loaded plugin memorymap (category:base,tabindex:4)
2025-10-26 13:45:30,677 [INFO] PluginManage:310 - Check plugin pinoutandconfiguration
2025-10-26 13:45:30,683 [INFO] PluginManage:359 - Loaded plugin pinoutandconfiguration (category:base,tabindex:1)
2025-10-26 13:45:30,683 [INFO] PluginManage:310 - Check plugin pinoutconfig
2025-10-26 13:45:30,747 [WARN] SupportedApi:132 - Cannot load RTOS API schema: s4s-elt-must-match.1: The content of 'definitions' must match (annotation?, (simpleType | complexType)?, (unique | key | keyref)*)). A problem was found starting at: attribute.
2025-10-26 13:45:30,822 [INFO] PluginManage:359 - Loaded plugin pinoutconfig (category:base,tabindex:0)
2025-10-26 13:45:30,822 [INFO] PluginManage:310 - Check plugin power
2025-10-26 13:45:30,826 [INFO] PluginManage:359 - Loaded plugin power (category:power,tabindex:4)
2025-10-26 13:45:30,826 [INFO] PluginManage:310 - Check plugin projectmanager
2025-10-26 13:45:30,836 [INFO] PluginManage:359 - Loaded plugin projectmanager (category:projectmanager,tabindex:4)
2025-10-26 13:45:30,837 [INFO] PluginManage:310 - Check plugin rif
2025-10-26 13:45:30,842 [INFO] PluginManage:359 - Loaded plugin rif (category:base,tabindex:3)
2025-10-26 13:45:30,842 [INFO] PluginManage:310 - Check plugin thirdparty
2025-10-26 13:45:30,912 [INFO] PluginManage:359 - Loaded plugin thirdparty (category:base,tabindex:-1)
2025-10-26 13:45:30,912 [WARN] IntegrityCheckThread:84 - waiting for thirdparty lock release [integrity check]
2025-10-26 13:45:30,912 [INFO] PluginManage:310 - Check plugin tools
2025-10-26 13:45:30,912 [INFO] IntegrityCheckThread:86 - entering critical section [integrity check]
2025-10-26 13:45:30,912 [INFO] ThirdPartyUpdaterWithRetryManager:70 - Updater plugin not ready yet. [1/15]
2025-10-26 13:45:30,913 [INFO] PluginManage:359 - Loaded plugin tools (category:base,tabindex:7)
2025-10-26 13:45:30,913 [INFO] PluginManage:310 - Check plugin tutovideos
2025-10-26 13:45:31,026 [INFO] PluginManage:359 - Loaded plugin tutovideos (category:base,tabindex:-1)
2025-10-26 13:45:31,026 [INFO] PluginManage:310 - Check plugin updater
2025-10-26 13:45:31,041 [INFO] PluginManage:359 - Loaded plugin updater (category:base,tabindex:12)
2025-10-26 13:45:31,041 [INFO] PluginManage:310 - Check plugin userauth
2025-10-26 13:45:31,043 [INFO] UserAuth:118 - Init User Auth plugin
2025-10-26 13:45:31,044 [INFO] PluginManage:359 - Loaded plugin userauth (category:base,tabindex:14)
2025-10-26 13:45:31,044 [INFO] PluginManage:283 - PluginManage : Loaded plugins [18]
2025-10-26 13:45:31,148 [INFO] PinOutPanel:1589 - setPackage(No Configuration,No Configuration)
2025-10-26 13:45:31,190 [INFO] CADModel:165 - CPN selected for project level
2025-10-26 13:45:31,190 [INFO] CADModel:114 - Register for checkConnection events
2025-10-26 13:45:31,197 [INFO] IPUIPlugin:80 - create IPUIPlugin
2025-10-26 13:45:31,197 [INFO] PluginManager:220 - loadIPPluginJar : add ddr_ctrl_phy
2025-10-26 13:45:31,199 [INFO] IPUIPlugin:80 - create IPUIPlugin
2025-10-26 13:45:31,199 [INFO] PluginManager:220 - loadIPPluginJar : add aes
2025-10-26 13:45:31,202 [INFO] IPUIPlugin:80 - create IPUIPlugin
2025-10-26 13:45:31,202 [INFO] PluginManager:220 - loadIPPluginJar : add gic
2025-10-26 13:45:31,205 [INFO] IPUIPlugin:80 - create IPUIPlugin
2025-10-26 13:45:31,205 [INFO] PluginManager:220 - loadIPPluginJar : add resmgrutility
2025-10-26 13:45:31,206 [INFO] IPUIPlugin:80 - create IPUIPlugin
2025-10-26 13:45:31,206 [INFO] PluginManager:220 - loadIPPluginJar : add dma3
2025-10-26 13:45:31,207 [INFO] IPUIPlugin:80 - create IPUIPlugin
2025-10-26 13:45:31,208 [INFO] PluginManager:220 - loadIPPluginJar : add spi
2025-10-26 13:45:31,211 [INFO] IPUIPlugin:80 - create IPUIPlugin
2025-10-26 13:45:31,212 [INFO] PluginManager:220 - loadIPPluginJar : add plateformsettings
2025-10-26 13:45:31,214 [INFO] IPUIPlugin:80 - create IPUIPlugin
2025-10-26 13:45:31,214 [INFO] PluginManager:220 - loadIPPluginJar : add gtzc
2025-10-26 13:45:31,217 [INFO] IPUIPlugin:80 - create IPUIPlugin
2025-10-26 13:45:31,217 [INFO] PluginManager:220 - loadIPPluginJar : add freertos
2025-10-26 13:45:31,220 [INFO] IPUIPlugin:80 - create IPUIPlugin
2025-10-26 13:45:31,220 [INFO] PluginManager:220 - loadIPPluginJar : add fmc
2025-10-26 13:45:31,221 [INFO] IPUIPlugin:80 - create IPUIPlugin
2025-10-26 13:45:31,221 [INFO] PluginManager:220 - loadIPPluginJar : add quadspi
2025-10-26 13:45:31,222 [INFO] IPUIPlugin:80 - create IPUIPlugin
2025-10-26 13:45:31,222 [INFO] PluginManager:220 - loadIPPluginJar : add radio
2025-10-26 13:45:31,223 [INFO] IPUIPlugin:80 - create IPUIPlugin
2025-10-26 13:45:31,223 [INFO] PluginManager:220 - loadIPPluginJar : add fatfs
2025-10-26 13:45:31,226 [INFO] IPUIPlugin:80 - create IPUIPlugin
2025-10-26 13:45:31,226 [INFO] PluginManager:220 - loadIPPluginJar : add mdma
2025-10-26 13:45:31,227 [INFO] IPUIPlugin:80 - create IPUIPlugin
2025-10-26 13:45:31,227 [INFO] PluginManager:220 - loadIPPluginJar : add ltdc
2025-10-26 13:45:31,229 [INFO] IPUIPlugin:80 - create IPUIPlugin
2025-10-26 13:45:31,229 [INFO] PluginManager:220 - loadIPPluginJar : add gpio
2025-10-26 13:45:31,230 [INFO] IPUIPlugin:80 - create IPUIPlugin
2025-10-26 13:45:31,230 [INFO] PluginManager:220 - loadIPPluginJar : add opamp
2025-10-26 13:45:31,231 [INFO] IPUIPlugin:80 - create IPUIPlugin
2025-10-26 13:45:31,231 [INFO] PluginManager:220 - loadIPPluginJar : add usart
2025-10-26 13:45:31,232 [INFO] IPUIPlugin:80 - create IPUIPlugin
2025-10-26 13:45:31,232 [INFO] PluginManager:220 - loadIPPluginJar : add usbx
2025-10-26 13:45:31,233 [INFO] IPUIPlugin:80 - create IPUIPlugin
2025-10-26 13:45:31,233 [INFO] PluginManager:220 - loadIPPluginJar : add tim
2025-10-26 13:45:31,234 [INFO] IPUIPlugin:80 - create IPUIPlugin
2025-10-26 13:45:31,235 [INFO] PluginManager:220 - loadIPPluginJar : add lorawan
2025-10-26 13:45:31,236 [INFO] IPUIPlugin:80 - create IPUIPlugin
2025-10-26 13:45:31,236 [INFO] PluginManager:220 - loadIPPluginJar : add i2s
2025-10-26 13:45:31,240 [INFO] IPUIPlugin:80 - create IPUIPlugin
2025-10-26 13:45:31,240 [INFO] PluginManager:220 - loadIPPluginJar : add adc
2025-10-26 13:45:31,241 [INFO] IPUIPlugin:80 - create IPUIPlugin
2025-10-26 13:45:31,241 [INFO] PluginManager:220 - loadIPPluginJar : add extmemmanager
2025-10-26 13:45:31,243 [INFO] IPUIPlugin:80 - create IPUIPlugin
2025-10-26 13:45:31,243 [INFO] PluginManager:220 - loadIPPluginJar : add comp
2025-10-26 13:45:31,243 [INFO] IPUIPlugin:80 - create IPUIPlugin
2025-10-26 13:45:31,243 [INFO] PluginManager:220 - loadIPPluginJar : add genericplugin
2025-10-26 13:45:31,244 [INFO] IPUIPlugin:80 - create IPUIPlugin
2025-10-26 13:45:31,244 [INFO] PluginManager:220 - loadIPPluginJar : add ts
2025-10-26 13:45:31,245 [INFO] IPUIPlugin:80 - create IPUIPlugin
2025-10-26 13:45:31,245 [INFO] PluginManager:220 - loadIPPluginJar : add ucpd
2025-10-26 13:45:31,247 [INFO] IPUIPlugin:80 - create IPUIPlugin
2025-10-26 13:45:31,247 [INFO] PluginManager:220 - loadIPPluginJar : add can
2025-10-26 13:45:31,249 [INFO] IPUIPlugin:80 - create IPUIPlugin
2025-10-26 13:45:31,249 [INFO] PluginManager:220 - loadIPPluginJar : add touchsensing
2025-10-26 13:45:31,250 [INFO] IPUIPlugin:80 - create IPUIPlugin
2025-10-26 13:45:31,250 [INFO] PluginManager:220 - loadIPPluginJar : add tracer_emb
2025-10-26 13:45:31,254 [INFO] IPUIPlugin:80 - create IPUIPlugin
2025-10-26 13:45:31,254 [INFO] PluginManager:220 - loadIPPluginJar : add stm32_wpan
2025-10-26 13:45:31,255 [INFO] IPUIPlugin:80 - create IPUIPlugin
2025-10-26 13:45:31,255 [INFO] PluginManager:220 - loadIPPluginJar : add tsc
2025-10-26 13:45:31,255 [INFO] IPUIPlugin:80 - create IPUIPlugin
2025-10-26 13:45:31,255 [INFO] PluginManager:220 - loadIPPluginJar : add gfxmmu
2025-10-26 13:45:31,257 [INFO] IPUIPlugin:80 - create IPUIPlugin
2025-10-26 13:45:31,257 [INFO] PluginManager:220 - loadIPPluginJar : add ipddr
2025-10-26 13:45:31,259 [INFO] IPUIPlugin:80 - create IPUIPlugin
2025-10-26 13:45:31,259 [INFO] PluginManager:220 - loadIPPluginJar : add i2c
2025-10-26 13:45:31,260 [INFO] IPUIPlugin:80 - create IPUIPlugin
2025-10-26 13:45:31,260 [INFO] PluginManager:220 - loadIPPluginJar : add nvic
2025-10-26 13:45:31,262 [INFO] IPUIPlugin:80 - create IPUIPlugin
2025-10-26 13:45:31,262 [INFO] PluginManager:220 - loadIPPluginJar : add i3c
2025-10-26 13:45:31,263 [INFO] IPUIPlugin:80 - create IPUIPlugin
2025-10-26 13:45:31,263 [INFO] PluginManager:220 - loadIPPluginJar : add dfsdm
2025-10-26 13:45:31,264 [INFO] IPUIPlugin:80 - create IPUIPlugin
2025-10-26 13:45:31,264 [INFO] PluginManager:220 - loadIPPluginJar : add pdm2pcm
2025-10-26 13:45:31,266 [INFO] IPUIPlugin:80 - create IPUIPlugin
2025-10-26 13:45:31,266 [INFO] PluginManager:220 - loadIPPluginJar : add openamp
2025-10-26 13:45:31,269 [INFO] IPUIPlugin:80 - create IPUIPlugin
2025-10-26 13:45:31,269 [INFO] PluginManager:220 - loadIPPluginJar : add dma
2025-10-26 13:45:31,271 [INFO] IPUIPlugin:80 - create IPUIPlugin
2025-10-26 13:45:31,271 [INFO] PluginManager:220 - loadIPPluginJar : add sai
2025-10-26 13:45:31,272 [INFO] IPUIPlugin:80 - create IPUIPlugin
2025-10-26 13:45:31,272 [INFO] PluginManager:220 - loadIPPluginJar : add hash
2025-10-26 13:45:31,276 [INFO] IPUIPlugin:80 - create IPUIPlugin
2025-10-26 13:45:31,276 [INFO] PluginManager:220 - loadIPPluginJar : add linkedlist
2025-10-26 13:45:31,278 [INFO] IPUIPlugin:80 - create IPUIPlugin
2025-10-26 13:45:31,278 [INFO] PluginManager:220 - loadIPPluginJar : add cryp
2025-10-26 13:45:31,371 [FATAL] Updater:351 - Updater called before beeing initialized
2025-10-26 13:45:31,386 [INFO] RulesReader:64 - Compatibility file has been processed (317 Rules)
2025-10-26 13:45:31,392 [INFO] RulesReader:64 - Compatibility file has been processed (317 Rules)
2025-10-26 13:45:31,397 [INFO] CADModel:165 - CPN selected for project level
2025-10-26 13:45:31,397 [INFO] CADModel:114 - Register for checkConnection events
2025-10-26 13:45:31,397 [FATAL] Updater:351 - Updater called before beeing initialized
2025-10-26 13:45:31,397 [ERROR] CADModel:125 - Updater not yet initialized, retry later 
2025-10-26 13:45:31,471 [FATAL] Updater:351 - Updater called before beeing initialized
2025-10-26 13:45:31,472 [INFO] CADModel:165 - CPN selected for project level
2025-10-26 13:45:31,472 [INFO] CADModel:114 - Register for checkConnection events
2025-10-26 13:45:31,472 [FATAL] Updater:351 - Updater called before beeing initialized
2025-10-26 13:45:31,472 [ERROR] CADModel:125 - Updater not yet initialized, retry later 
2025-10-26 13:45:31,474 [FATAL] Updater:351 - Updater called before beeing initialized
2025-10-26 13:45:31,530 [FATAL] Updater:351 - Updater called before beeing initialized
2025-10-26 13:45:31,532 [INFO] DbMcusAds:53 - JSON generation date=Thu Oct 02 16:36:05 ICT 2025 (1759397765645)
2025-10-26 13:45:31,532 [FATAL] Updater:351 - Updater called before beeing initialized
2025-10-26 13:45:31,553 [WARN] DetailPanel:346 - Failed to get advertising image, set to default
2025-10-26 13:45:31,622 [FATAL] Updater:351 - Updater called before beeing initialized
2025-10-26 13:45:31,623 [FATAL] Updater:351 - Updater called before beeing initialized
2025-10-26 13:45:31,623 [FATAL] Updater:351 - Updater called before beeing initialized
2025-10-26 13:45:31,623 [WARN] DetailPanel:346 - Failed to get advertising image, set to default
2025-10-26 13:45:31,624 [FATAL] Updater:351 - Updater called before beeing initialized
2025-10-26 13:45:31,656 [ERROR] Updater:1198 - MainUpdater not yet initialized. External WinMGr cannot be set.
2025-10-26 13:45:31,657 [INFO] Updater:1134 - Updater Version found : 6.15.0
2025-10-26 13:45:31,669 [INFO] ApplicationProperties:184 - Using Application install path: /home/tuna/st/stm32cubeide_1.18.1/plugins/com.st.stm32cube.common.mx_6.15.0.202507011659
2025-10-26 13:45:32,376 [INFO] MainUpdater:2872 - connection check result : 10
2025-10-26 13:45:32,377 [INFO] MainUpdater:289 - Updater Check For Update Now.
2025-10-26 13:45:32,377 [INFO] MicroXplorer:498 - Change Database Version : DB.6.0.150
2025-10-26 13:45:32,379 [INFO] McuFinderGlobals:63 - Set McuFinder mode to 2 (CubeIDE integrated)
2025-10-26 13:45:32,380 [INFO] UserAuth:487 - Internet connection configuration mode: 1
2025-10-26 13:45:32,387 [INFO] JxBrowserEngine:152 - Initiate JxBrowser Engine with user profile folder
2025-10-26 13:45:32,521 [INFO] CheckServerUpdateThread:120 - End of CheckServer Thread
2025-10-26 13:45:32,815 [INFO] WebApp:169 - Instantiating new browser for Auth
2025-10-26 13:45:33,223 [INFO] WebApp:463 - Apply proxy settings
2025-10-26 13:45:33,223 [INFO] WebApp:548 - Chromium requires no authentication
2025-10-26 13:45:33,228 [INFO] WebApp:491 - Direct internet connection detected
2025-10-26 13:45:33,239 [INFO] WebApp:900 - Register for checkConnection events
2025-10-26 13:45:33,239 [INFO] WebApp:463 - Apply proxy settings
2025-10-26 13:45:33,239 [INFO] WebApp:548 - Chromium requires no authentication
2025-10-26 13:45:33,239 [INFO] WebApp:491 - Direct internet connection detected
2025-10-26 13:45:33,317 [INFO] WebApp:225 - Starting web application
2025-10-26 13:45:33,317 [INFO] WebApp:593 - Web application path used /home/tuna/st/stm32cubeide_1.18.1/plugins/com.st.stm32cube.common.mx_6.15.0.202507011659/db/plugins/mcufinder/reactClient1/index.html
2025-10-26 13:45:33,379 [INFO] UserAuth:487 - Internet connection configuration mode: 1
2025-10-26 13:45:33,468 [INFO] WebApp:191 - Connection restablished
2025-10-26 13:45:33,985 [WARN] PackLoader:240 - Cannot read IP mode file for STMicroelectronics.FP-SNS-MOTENVWB1.1.4.0
2025-10-26 13:45:33,991 [WARN] PackLoader:240 - Cannot read IP mode file for STMicroelectronics.FP-ATR-ASTRA1.2.0.2
2025-10-26 13:45:33,995 [WARN] PackLoader:240 - Cannot read IP mode file for STMicroelectronics.X-CUBE-SMBUS.2.1.0
2025-10-26 13:45:33,998 [WARN] PackLoader:240 - Cannot read IP mode file for STMicroelectronics.X-CUBE-ST60.1.0.0
2025-10-26 13:45:34,019 [WARN] PackLoader:240 - Cannot read IP mode file for STMicroelectronics.X-CUBE-AZRTOS-F7.1.1.0
2025-10-26 13:45:34,036 [WARN] PackLoader:240 - Cannot read IP mode file for Infineon.AIROC-Wi-Fi-Bluetooth-STM32.1.7.1
2025-10-26 13:45:34,054 [WARN] PackLoader:240 - Cannot read IP mode file for STMicroelectronics.X-CUBE-AZRTOS-H7.3.4.0
2025-10-26 13:45:34,062 [WARN] PackLoader:240 - Cannot read IP mode file for STMicroelectronics.X-CUBE-DISPLAY.3.0.0
2025-10-26 13:45:34,070 [WARN] PackLoader:240 - Cannot read IP mode file for STMicroelectronics.X-CUBE-NFC10.1.0.0
2025-10-26 13:45:34,074 [WARN] PackLoader:240 - Cannot read IP mode file for STMicroelectronics.X-CUBE-ST60.1.1.0
2025-10-26 13:45:34,078 [WARN] PackLoader:240 - Cannot read IP mode file for emotas.I-CUBE-CANOPEN.1.3.0
2025-10-26 13:45:34,082 [WARN] PackLoader:240 - Cannot read IP mode file for STMicroelectronics.FP-SNS-STBOX1.2.1.0
2025-10-26 13:45:34,086 [WARN] PackLoader:240 - Cannot read IP mode file for STMicroelectronics.FP-SNS-SMARTAG2.1.2.0
2025-10-26 13:45:34,088 [WARN] PackLoader:240 - Cannot read IP mode file for STMicroelectronics.FP-SNS-FLIGHT1.5.1.0
2025-10-26 13:45:34,093 [INFO] LogOutputStream:77 - [STDOUT_REDIRECT] 1 : Invalid condition id : UX_CORESTACK_Condition cause : null
2025-10-26 13:45:34,094 [INFO] LogOutputStream:77 - [STDOUT_REDIRECT] 1 : Invalid condition id : UX_CORESTACK_Condition cause : null
2025-10-26 13:45:34,094 [INFO] LogOutputStream:77 - [STDOUT_REDIRECT] 1 : Invalid condition id : UX_CORESTACK_Condition cause : null
2025-10-26 13:45:34,094 [INFO] LogOutputStream:77 - [STDOUT_REDIRECT] 1 : Invalid condition id : UX_CORESTACK_Condition cause : null
2025-10-26 13:45:34,094 [INFO] LogOutputStream:77 - [STDOUT_REDIRECT] 1 : Invalid condition id : UX_CORESTACK_Condition cause : null
2025-10-26 13:45:34,096 [WARN] PackLoader:240 - Cannot read IP mode file for STMicroelectronics.X-CUBE-AZRTOS-WL.2.0.0
2025-10-26 13:45:34,099 [WARN] PackLoader:240 - Cannot read IP mode file for STMicroelectronics.FP-SNS-MOTENV1.5.0.0
2025-10-26 13:45:34,103 [WARN] PackLoader:240 - Cannot read IP mode file for WES.I-CUBE-Cesium.1.3.0
2025-10-26 13:45:34,106 [WARN] PackLoader:240 - Cannot read IP mode file for STMicroelectronics.X-CUBE-BLE2.3.3.0
2025-10-26 13:45:34,110 [WARN] PackLoader:240 - Cannot read IP mode file for STMicroelectronics.X-CUBE-NFC9.1.0.0
2025-10-26 13:45:34,113 [WARN] PackLoader:240 - Cannot read IP mode file for wolfSSL.I-CUBE-wolfSSL.5.8.2
2025-10-26 13:45:34,116 [WARN] PackLoader:240 - Cannot read IP mode file for STMicroelectronics.X-CUBE-BLE1.7.1.0
2025-10-26 13:45:34,118 [WARN] PackLoader:240 - Cannot read IP mode file for wolfSSL.I-CUBE-wolfMQTT.1.19.2
2025-10-26 13:45:34,121 [WARN] PackLoader:240 - Cannot read IP mode file for STMicroelectronics.X-CUBE-EEPRMA1.5.2.0
2025-10-26 13:45:34,126 [WARN] PackLoader:240 - Cannot read IP mode file for STMicroelectronics.X-CUBE-ST67W61.1.1.0
2025-10-26 13:45:34,128 [WARN] PackLoader:240 - Cannot read IP mode file for STMicroelectronics.X-CUBE-AI.10.1.0
2025-10-26 13:45:34,145 [WARN] PackLoader:240 - Cannot read IP mode file for STMicroelectronics.X-CUBE-AZRTOS-G0.1.1.0
2025-10-26 13:45:34,151 [WARN] PackLoader:240 - Cannot read IP mode file for STMicroelectronics.X-CUBE-SAFEA1.1.2.2
2025-10-26 13:45:34,155 [WARN] PackLoader:240 - Cannot read IP mode file for STMicroelectronics.X-CUBE-NFC4.3.0.0
2025-10-26 13:45:34,161 [WARN] PackLoader:240 - Cannot read IP mode file for EmbeddedOffice.I-CUBE-FS-RTOS.1.0.1
2025-10-26 13:45:34,164 [WARN] PackLoader:240 - Cannot read IP mode file for STMicroelectronics.X-CUBE-WB05N.2.0.0
2025-10-26 13:45:34,167 [WARN] PackLoader:240 - Cannot read IP mode file for wolfSSL.I-CUBE-wolfTPM.3.8.0
2025-10-26 13:45:34,170 [WARN] PackLoader:240 - Cannot read IP mode file for STMicroelectronics.X-CUBE-TCPP.4.2.0
2025-10-26 13:45:34,173 [WARN] PackLoader:240 - Cannot read IP mode file for RealThread.X-CUBE-RT-Thread_Nano.4.1.1
2025-10-26 13:45:34,175 [WARN] PackLoader:240 - Cannot read IP mode file for STMicroelectronics.FP-ATR-SIGFOX1.3.2.0
2025-10-26 13:45:34,178 [WARN] PackLoader:240 - Cannot read IP mode file for ITTIA_DB.I-CUBE-ITTIADB.8.9.0
2025-10-26 13:45:34,181 [WARN] PackLoader:240 - Cannot read IP mode file for STMicroelectronics.X-CUBE-ST67W61.1.0.0
2025-10-26 13:45:34,184 [WARN] PackLoader:240 - Cannot read IP mode file for STMicroelectronics.X-CUBE-AI.10.2.0
2025-10-26 13:45:34,198 [WARN] PackLoader:240 - Cannot read IP mode file for SEGGER.I-CUBE-embOS.1.3.1
2025-10-26 13:45:34,220 [WARN] PackLoader:240 - Cannot read IP mode file for STMicroelectronics.X-CUBE-ALGOBUILD.1.4.0
2025-10-26 13:45:34,254 [WARN] PackLoader:240 - Cannot read IP mode file for STMicroelectronics.X-CUBE-MEMS1.11.3.0
2025-10-26 13:45:34,393 [WARN] PackLoader:240 - Cannot read IP mode file for STMicroelectronics.X-CUBE-PM33A1.1.0.0
2025-10-26 13:45:34,404 [WARN] PackLoader:240 - Cannot read IP mode file for STMicroelectronics.X-CUBE-AZRTOS-F4.1.1.0
2025-10-26 13:45:34,407 [WARN] PackLoader:240 - Cannot read IP mode file for Avnet-IotConnect.X-CUBE-IoTC-DA16k-PMOD.1.0.0
2025-10-26 13:45:34,409 [WARN] PackLoader:240 - Cannot read IP mode file for STMicroelectronics.X-CUBE-ISPU.2.1.0
2025-10-26 13:45:34,420 [WARN] PackLoader:240 - Cannot read IP mode file for STMicroelectronics.X-CUBE-IPS.3.2.0
2025-10-26 13:45:34,430 [WARN] PackLoader:240 - Cannot read IP mode file for STMicroelectronics.X-CUBE-NFC12.1.0.0
2025-10-26 13:45:34,440 [WARN] PackLoader:240 - Cannot read IP mode file for STMicroelectronics.X-CUBE-AZRTOS-L5.2.0.0
2025-10-26 13:45:34,445 [WARN] PackLoader:240 - Cannot read IP mode file for STMicroelectronics.X-CUBE-NFC6.3.1.0
2025-10-26 13:45:34,449 [WARN] PackLoader:240 - Cannot read IP mode file for STMicroelectronics.X-CUBE-FREERTOS.1.3.1
2025-10-26 13:45:34,452 [WARN] PackLoader:240 - Cannot read IP mode file for STMicroelectronics.X-CUBE-TOUCHGFX.4.26.0
2025-10-26 13:45:34,455 [WARN] PackLoader:240 - Cannot read IP mode file for STMicroelectronics.FP-SNS-STAIOTCFT.1.0.0
2025-10-26 13:45:34,458 [WARN] PackLoader:240 - Cannot read IP mode file for STMicroelectronics.X-CUBE-DPower.1.3.0
2025-10-26 13:45:34,467 [WARN] ConditionMgr:438 - getConditionDescription Invalid condition id : LAN8742 Phy interface Condition cause : null
2025-10-26 13:45:34,467 [WARN] PackLoader:240 - Cannot read IP mode file for STMicroelectronics.X-CUBE-AZRTOS-L4.2.0.0
2025-10-26 13:45:34,468 [WARN] ConditionMgr:1044 - genDependencies : Invalid condition id : LAN8742 Phy interface Condition cause : null
2025-10-26 13:45:34,468 [WARN] ConditionMgr:1044 - genDependencies : Invalid condition id : LAN8742 Phy interface Condition cause : null
2025-10-26 13:45:34,469 [WARN] ConditionMgr:1044 - genDependencies : Invalid condition id : LAN8742 Phy interface Condition cause : null
2025-10-26 13:45:34,473 [WARN] PackLoader:240 - Cannot read IP mode file for STMicroelectronics.X-CUBE-SFXS2LP1.4.0.0
2025-10-26 13:45:34,479 [WARN] PackLoader:240 - Cannot read IP mode file for STMicroelectronics.X-CUBE-BLEMGR.4.1.0
2025-10-26 13:45:34,486 [WARN] ConditionMgr:438 - getConditionDescription Invalid condition id : UX DEVICE CLASS RTOS Condition cause : null
2025-10-26 13:45:34,486 [WARN] ConditionMgr:438 - getConditionDescription Invalid condition id : UX DEVICE CLASS RTOS Condition cause : null
2025-10-26 13:45:34,487 [WARN] PackLoader:240 - Cannot read IP mode file for STMicroelectronics.X-CUBE-AZRTOS-WB.2.0.0
2025-10-26 13:45:34,488 [WARN] ConditionMgr:1044 - genDependencies : Invalid condition id : UX DEVICE CLASS RTOS Condition cause : null
2025-10-26 13:45:34,488 [WARN] ConditionMgr:1044 - genDependencies : Invalid condition id : UX DEVICE CLASS RTOS Condition cause : null
2025-10-26 13:45:34,488 [WARN] ConditionMgr:1044 - genDependencies : Invalid condition id : UX DEVICE CLASS RTOS Condition cause : null
2025-10-26 13:45:34,488 [WARN] ConditionMgr:1044 - genDependencies : Invalid condition id : UX DEVICE CLASS RTOS Condition cause : null
2025-10-26 13:45:34,488 [WARN] ConditionMgr:1044 - genDependencies : Invalid condition id : UX DEVICE CLASS RTOS Condition cause : null
2025-10-26 13:45:34,491 [WARN] PackLoader:240 - Cannot read IP mode file for STMicroelectronics.X-CUBE-GNSS1.7.0.1
2025-10-26 13:45:34,494 [WARN] PackLoader:240 - Cannot read IP mode file for STMicroelectronics.X-CUBE-TOUCHGFX.4.25.0
2025-10-26 13:45:34,497 [WARN] PackLoader:240 - Cannot read IP mode file for STMicroelectronics.FP-SNS-STBOX1.2.0.0
2025-10-26 13:45:34,501 [WARN] ConditionMgr:438 - getConditionDescription Invalid condition id : Cortex-A Device cause : null
2025-10-26 13:45:34,509 [WARN] ConditionMgr:1044 - genDependencies : Invalid condition id : Cortex-A Device cause : null
2025-10-26 13:45:34,509 [WARN] ConditionMgr:1044 - genDependencies : Invalid condition id : Cortex-A Device cause : null
2025-10-26 13:45:34,509 [WARN] ConditionMgr:1044 - genDependencies : Invalid condition id : Cortex-A Device cause : null
2025-10-26 13:45:34,514 [WARN] PackLoader:240 - Cannot read IP mode file for STMicroelectronics.X-CUBE-SUBG2.5.0.0
2025-10-26 13:45:34,524 [WARN] PackLoader:240 - Cannot read IP mode file for STMicroelectronics.X-CUBE-AZRTOS-H7RS.1.1.0
2025-10-26 13:45:34,527 [WARN] PackLoader:240 - Cannot read IP mode file for Cesanta.I-CUBE-Mongoose.7.13.0
2025-10-26 13:45:34,532 [WARN] PackLoader:240 - Cannot read IP mode file for STMicroelectronics.X-CUBE-AZRTOS-G4.2.0.0
2025-10-26 13:45:34,535 [WARN] PackLoader:240 - Cannot read IP mode file for wolfSSL.I-CUBE-wolfSSH.1.4.20
2025-10-26 13:45:34,537 [WARN] PackLoader:240 - Cannot read IP mode file for STMicroelectronics.X-CUBE-NFC7.2.0.0
2025-10-26 13:45:34,542 [WARN] PackLoader:240 - Cannot read IP mode file for STMicroelectronics.X-CUBE-IPS.3.1.0
2025-10-26 13:45:34,547 [WARN] PackLoader:240 - Cannot read IP mode file for STMicroelectronics.X-CUBE-ALS.1.0.2
2025-10-26 13:45:34,551 [WARN] PackLoader:240 - Cannot read IP mode file for STMicroelectronics.X-CUBE-STSE01.1.0.0
2025-10-26 13:45:34,554 [WARN] PackLoader:240 - Cannot read IP mode file for portGmbH.I-Cube-SoM-uGOAL.1.1.0
2025-10-26 13:45:34,558 [WARN] PackLoader:240 - Cannot read IP mode file for STMicroelectronics.X-CUBE-TOF1.3.4.3
2025-10-26 13:45:34,564 [INFO] ThirdParty:978 - Integrity check success = true
2025-10-26 13:45:34,564 [INFO] IntegrityCheckThread:100 - exiting critical section [integrity check]
2025-10-26 13:45:34,564 [INFO] IntegrityCheckThread:103 - End integrity checks thread
2025-10-26 13:52:29,547 [ERROR] LogOutputStream:75 - [STDERR_REDIRECT] 
2025-10-26 13:52:55,925 [INFO] Activator:176 - 


2025-10-26 13:52:55,926 [INFO] Activator:177 - !SESSION log4j initialized
2025-10-26 13:52:57,814 [INFO] LogOutputStream:77 - [STDOUT_REDIRECT] 
2025-10-26 13:53:01,071 [INFO] ApplicationProperties:184 - Using Application install path: /home/tuna/st/stm32cubeide_1.18.1/plugins/com.st.stm32cube.common.mx_6.15.0.202507011659
2025-10-26 13:53:01,087 [INFO] DbMcusXml:78 - Set database path to: /home/tuna/st/stm32cubeide_1.18.1/plugins/com.st.stm32cube.common.mx_6.15.0.202507011659//db//mcu/
2025-10-26 13:53:01,087 [INFO] ApiDb:274 - Set plugin database path to: /home/tuna/st/stm32cubeide_1.18.1/plugins/com.st.stm32cube.common.mx_6.15.0.202507011659//db//plugins/boardmanager/
2025-10-26 13:53:01,088 [WARN] ApiDb:259 - Overriding images path with different value:  => /home/tuna/st/stm32cubeide_1.18.1/plugins/com.st.stm32cube.common.mx_6.15.0.202507011659//db//plugins/mcufinder/images/
2025-10-26 13:53:01,091 [INFO] ApiDb:250 - Set database path to: /home/tuna/.stmcufinder/plugins/mcufinder//mcu/
2025-10-26 13:53:01,092 [INFO] DbMcusAds:125 - Set database path to: /home/tuna/.stmcufinder/plugins/mcufinder//mcu/
2025-10-26 13:53:02,094 [INFO] CrossReferenceDbSqlite:203 - Set database path to: /home/tuna/.stmcufinder/plugins/mcufinder//mcu/cs/
2025-10-26 13:53:02,158 [INFO] RulesReader:64 - Compatibility file has been processed (317 Rules)
2025-10-26 13:53:02,193 [INFO] DbMcusXml:78 - Set database path to: /home/tuna/st/stm32cubeide_1.18.1/plugins/com.st.stm32cube.common.mx_6.15.0.202507011659//db//mcu/
2025-10-26 13:53:02,193 [INFO] ApiDb:274 - Set plugin database path to: /home/tuna/st/stm32cubeide_1.18.1/plugins/com.st.stm32cube.common.mx_6.15.0.202507011659//db//plugins/boardmanager/
2025-10-26 13:53:02,193 [INFO] ApiDb:261 - Set plugin images path to: /home/tuna/st/stm32cubeide_1.18.1/plugins/com.st.stm32cube.common.mx_6.15.0.202507011659//db//plugins/mcufinder/images/
2025-10-26 13:53:02,194 [WARN] DbFile:41 - Overriding database path with different value: /home/tuna/.stmcufinder/plugins/mcufinder/ => /home/tuna/.stmcufinder/plugins/mcufinder
2025-10-26 13:53:02,194 [INFO] ApiDb:250 - Set database path to: /home/tuna/.stmcufinder/plugins/mcufinder//mcu/
2025-10-26 13:53:02,194 [WARN] DbFile:41 - Overriding database path with different value: /home/tuna/.stmcufinder/plugins/mcufinder/ => /home/tuna/.stmcufinder/plugins/mcufinder
2025-10-26 13:53:02,194 [INFO] DbMcusAds:125 - Set database path to: /home/tuna/.stmcufinder/plugins/mcufinder//mcu/
2025-10-26 13:53:02,194 [WARN] DbFile:41 - Overriding database path with different value: /home/tuna/.stmcufinder/plugins/mcufinder/ => /home/tuna/.stmcufinder/plugins/mcufinder
2025-10-26 13:53:02,194 [WARN] DbFile:41 - Overriding database path with different value: /home/tuna/.stmcufinder/plugins/mcufinder/ => /home/tuna/.stmcufinder/plugins/mcufinder
2025-10-26 13:53:03,196 [INFO] CrossReferenceDbSqlite:203 - Set database path to: /home/tuna/.stmcufinder/plugins/mcufinder//mcu/cs/
2025-10-26 13:53:03,230 [INFO] MainPanel:274 - HeapMemory: 268435456
2025-10-26 13:53:03,294 [INFO] DbMcusXml:78 - Set database path to: /home/tuna/st/stm32cubeide_1.18.1/plugins/com.st.stm32cube.common.mx_6.15.0.202507011659//db//mcu/
2025-10-26 13:53:03,295 [INFO] ApiDb:274 - Set plugin database path to: /home/tuna/st/stm32cubeide_1.18.1/plugins/com.st.stm32cube.common.mx_6.15.0.202507011659//db//plugins/boardmanager/
2025-10-26 13:53:03,295 [INFO] ApiDb:261 - Set plugin images path to: /home/tuna/st/stm32cubeide_1.18.1/plugins/com.st.stm32cube.common.mx_6.15.0.202507011659//db//plugins/mcufinder/images/
2025-10-26 13:53:03,295 [WARN] DbFile:41 - Overriding database path with different value: /home/tuna/.stmcufinder/plugins/mcufinder/ => /home/tuna/.stmcufinder/plugins/mcufinder
2025-10-26 13:53:03,295 [INFO] ApiDb:250 - Set database path to: /home/tuna/.stmcufinder/plugins/mcufinder//mcu/
2025-10-26 13:53:03,295 [WARN] DbFile:41 - Overriding database path with different value: /home/tuna/.stmcufinder/plugins/mcufinder/ => /home/tuna/.stmcufinder/plugins/mcufinder
2025-10-26 13:53:03,295 [INFO] DbMcusAds:125 - Set database path to: /home/tuna/.stmcufinder/plugins/mcufinder//mcu/
2025-10-26 13:53:03,295 [WARN] DbFile:41 - Overriding database path with different value: /home/tuna/.stmcufinder/plugins/mcufinder/ => /home/tuna/.stmcufinder/plugins/mcufinder
2025-10-26 13:53:03,295 [WARN] DbFile:41 - Overriding database path with different value: /home/tuna/.stmcufinder/plugins/mcufinder/ => /home/tuna/.stmcufinder/plugins/mcufinder
2025-10-26 13:53:04,296 [INFO] CrossReferenceDbSqlite:203 - Set database path to: /home/tuna/.stmcufinder/plugins/mcufinder//mcu/cs/
2025-10-26 13:53:04,311 [INFO] ApplicationProperties:184 - Using Application install path: /home/tuna/st/stm32cubeide_1.18.1/plugins/com.st.stm32cube.common.mx_6.15.0.202507011659
2025-10-26 13:53:04,312 [INFO] PluginManage:196 - Search for loadable plugins [exclusion list=, ]
2025-10-26 13:53:04,313 [INFO] PluginManage:310 - Check plugin analytics
2025-10-26 13:53:05,421 [INFO] AnalyticsPlugin:253 - Accepted Software Licenses: STM32CubeMX.6.15.0
2025-10-26 13:53:05,422 [INFO] AnalyticsPlugin:255 - Accepted CMSIS Pack Licenses: 
2025-10-26 13:53:05,422 [INFO] AnalyticsPlugin:257 - Accepted Firmware Licenses: FW.G4.1.6.0,FW.F4.1.28.0
2025-10-26 13:53:05,422 [INFO] PluginManage:359 - Loaded plugin analytics (category:tool,tabindex:-1)
2025-10-26 13:53:05,422 [INFO] PluginManage:310 - Check plugin cadmodel
2025-10-26 13:53:05,424 [INFO] CADModel:105 - Init CAD model plugin
2025-10-26 13:53:05,425 [INFO] PluginManage:359 - Loaded plugin cadmodel (category:power,tabindex:5)
2025-10-26 13:53:05,425 [INFO] PluginManage:310 - Check plugin clock
2025-10-26 13:53:05,430 [INFO] PluginManage:359 - Loaded plugin clock (category:base,tabindex:2)
2025-10-26 13:53:05,430 [INFO] PluginManage:310 - Check plugin ddr
2025-10-26 13:53:05,431 [INFO] PluginManage:359 - Loaded plugin ddr (category:tool,tabindex:6)
2025-10-26 13:53:05,431 [INFO] PluginManage:310 - Check plugin filemanager
2025-10-26 13:53:05,553 [INFO] PluginManage:359 - Loaded plugin filemanager (category:base,tabindex:10)
2025-10-26 13:53:05,553 [INFO] PluginManage:310 - Check plugin ipmanager
2025-10-26 13:53:05,558 [INFO] PluginManage:359 - Loaded plugin ipmanager (category:base,tabindex:5)
2025-10-26 13:53:05,558 [INFO] PluginManage:310 - Check plugin lpbam
2025-10-26 13:53:05,565 [INFO] PluginManage:359 - Loaded plugin lpbam (category:base,tabindex:0)
2025-10-26 13:53:05,565 [INFO] PluginManage:310 - Check plugin memorymap
2025-10-26 13:53:05,573 [INFO] PluginManage:359 - Loaded plugin memorymap (category:base,tabindex:4)
2025-10-26 13:53:05,573 [INFO] PluginManage:310 - Check plugin pinoutandconfiguration
2025-10-26 13:53:05,579 [INFO] PluginManage:359 - Loaded plugin pinoutandconfiguration (category:base,tabindex:1)
2025-10-26 13:53:05,579 [INFO] PluginManage:310 - Check plugin pinoutconfig
2025-10-26 13:53:05,644 [WARN] SupportedApi:132 - Cannot load RTOS API schema: s4s-elt-must-match.1: The content of 'definitions' must match (annotation?, (simpleType | complexType)?, (unique | key | keyref)*)). A problem was found starting at: attribute.
2025-10-26 13:53:05,740 [INFO] PluginManage:359 - Loaded plugin pinoutconfig (category:base,tabindex:0)
2025-10-26 13:53:05,741 [INFO] PluginManage:310 - Check plugin power
2025-10-26 13:53:05,746 [INFO] PluginManage:359 - Loaded plugin power (category:power,tabindex:4)
2025-10-26 13:53:05,746 [INFO] PluginManage:310 - Check plugin projectmanager
2025-10-26 13:53:05,759 [INFO] PluginManage:359 - Loaded plugin projectmanager (category:projectmanager,tabindex:4)
2025-10-26 13:53:05,759 [INFO] PluginManage:310 - Check plugin rif
2025-10-26 13:53:05,765 [INFO] PluginManage:359 - Loaded plugin rif (category:base,tabindex:3)
2025-10-26 13:53:05,766 [INFO] PluginManage:310 - Check plugin thirdparty
2025-10-26 13:53:05,841 [INFO] PluginManage:359 - Loaded plugin thirdparty (category:base,tabindex:-1)
2025-10-26 13:53:05,841 [WARN] IntegrityCheckThread:84 - waiting for thirdparty lock release [integrity check]
2025-10-26 13:53:05,841 [INFO] PluginManage:310 - Check plugin tools
2025-10-26 13:53:05,841 [INFO] IntegrityCheckThread:86 - entering critical section [integrity check]
2025-10-26 13:53:05,842 [INFO] ThirdPartyUpdaterWithRetryManager:70 - Updater plugin not ready yet. [1/15]
2025-10-26 13:53:05,843 [INFO] PluginManage:359 - Loaded plugin tools (category:base,tabindex:7)
2025-10-26 13:53:05,843 [INFO] PluginManage:310 - Check plugin tutovideos
2025-10-26 13:53:05,970 [INFO] PluginManage:359 - Loaded plugin tutovideos (category:base,tabindex:-1)
2025-10-26 13:53:05,970 [INFO] PluginManage:310 - Check plugin updater
2025-10-26 13:53:05,985 [INFO] PluginManage:359 - Loaded plugin updater (category:base,tabindex:12)
2025-10-26 13:53:05,985 [INFO] PluginManage:310 - Check plugin userauth
2025-10-26 13:53:05,988 [INFO] UserAuth:118 - Init User Auth plugin
2025-10-26 13:53:05,989 [INFO] PluginManage:359 - Loaded plugin userauth (category:base,tabindex:14)
2025-10-26 13:53:05,989 [INFO] PluginManage:283 - PluginManage : Loaded plugins [18]
2025-10-26 13:53:06,109 [INFO] PinOutPanel:1589 - setPackage(No Configuration,No Configuration)
2025-10-26 13:53:06,152 [INFO] CADModel:165 - CPN selected for project level
2025-10-26 13:53:06,152 [INFO] CADModel:114 - Register for checkConnection events
2025-10-26 13:53:06,161 [INFO] IPUIPlugin:80 - create IPUIPlugin
2025-10-26 13:53:06,161 [INFO] PluginManager:220 - loadIPPluginJar : add ddr_ctrl_phy
2025-10-26 13:53:06,163 [INFO] IPUIPlugin:80 - create IPUIPlugin
2025-10-26 13:53:06,163 [INFO] PluginManager:220 - loadIPPluginJar : add aes
2025-10-26 13:53:06,166 [INFO] IPUIPlugin:80 - create IPUIPlugin
2025-10-26 13:53:06,167 [INFO] PluginManager:220 - loadIPPluginJar : add gic
2025-10-26 13:53:06,169 [INFO] IPUIPlugin:80 - create IPUIPlugin
2025-10-26 13:53:06,170 [INFO] PluginManager:220 - loadIPPluginJar : add resmgrutility
2025-10-26 13:53:06,171 [INFO] IPUIPlugin:80 - create IPUIPlugin
2025-10-26 13:53:06,171 [INFO] PluginManager:220 - loadIPPluginJar : add dma3
2025-10-26 13:53:06,172 [INFO] IPUIPlugin:80 - create IPUIPlugin
2025-10-26 13:53:06,172 [INFO] PluginManager:220 - loadIPPluginJar : add spi
2025-10-26 13:53:06,175 [INFO] IPUIPlugin:80 - create IPUIPlugin
2025-10-26 13:53:06,177 [INFO] PluginManager:220 - loadIPPluginJar : add plateformsettings
2025-10-26 13:53:06,179 [INFO] IPUIPlugin:80 - create IPUIPlugin
2025-10-26 13:53:06,179 [INFO] PluginManager:220 - loadIPPluginJar : add gtzc
2025-10-26 13:53:06,182 [INFO] IPUIPlugin:80 - create IPUIPlugin
2025-10-26 13:53:06,183 [INFO] PluginManager:220 - loadIPPluginJar : add freertos
2025-10-26 13:53:06,185 [INFO] IPUIPlugin:80 - create IPUIPlugin
2025-10-26 13:53:06,185 [INFO] PluginManager:220 - loadIPPluginJar : add fmc
2025-10-26 13:53:06,186 [INFO] IPUIPlugin:80 - create IPUIPlugin
2025-10-26 13:53:06,186 [INFO] PluginManager:220 - loadIPPluginJar : add quadspi
2025-10-26 13:53:06,187 [INFO] IPUIPlugin:80 - create IPUIPlugin
2025-10-26 13:53:06,187 [INFO] PluginManager:220 - loadIPPluginJar : add radio
2025-10-26 13:53:06,188 [INFO] IPUIPlugin:80 - create IPUIPlugin
2025-10-26 13:53:06,188 [INFO] PluginManager:220 - loadIPPluginJar : add fatfs
2025-10-26 13:53:06,191 [INFO] IPUIPlugin:80 - create IPUIPlugin
2025-10-26 13:53:06,192 [INFO] PluginManager:220 - loadIPPluginJar : add mdma
2025-10-26 13:53:06,192 [INFO] IPUIPlugin:80 - create IPUIPlugin
2025-10-26 13:53:06,192 [INFO] PluginManager:220 - loadIPPluginJar : add ltdc
2025-10-26 13:53:06,195 [INFO] IPUIPlugin:80 - create IPUIPlugin
2025-10-26 13:53:06,195 [INFO] PluginManager:220 - loadIPPluginJar : add gpio
2025-10-26 13:53:06,196 [INFO] IPUIPlugin:80 - create IPUIPlugin
2025-10-26 13:53:06,196 [INFO] PluginManager:220 - loadIPPluginJar : add opamp
2025-10-26 13:53:06,198 [INFO] IPUIPlugin:80 - create IPUIPlugin
2025-10-26 13:53:06,198 [INFO] PluginManager:220 - loadIPPluginJar : add usart
2025-10-26 13:53:06,199 [INFO] IPUIPlugin:80 - create IPUIPlugin
2025-10-26 13:53:06,199 [INFO] PluginManager:220 - loadIPPluginJar : add usbx
2025-10-26 13:53:06,200 [INFO] IPUIPlugin:80 - create IPUIPlugin
2025-10-26 13:53:06,200 [INFO] PluginManager:220 - loadIPPluginJar : add tim
2025-10-26 13:53:06,202 [INFO] IPUIPlugin:80 - create IPUIPlugin
2025-10-26 13:53:06,202 [INFO] PluginManager:220 - loadIPPluginJar : add lorawan
2025-10-26 13:53:06,203 [INFO] IPUIPlugin:80 - create IPUIPlugin
2025-10-26 13:53:06,203 [INFO] PluginManager:220 - loadIPPluginJar : add i2s
2025-10-26 13:53:06,207 [INFO] IPUIPlugin:80 - create IPUIPlugin
2025-10-26 13:53:06,207 [INFO] PluginManager:220 - loadIPPluginJar : add adc
2025-10-26 13:53:06,209 [INFO] IPUIPlugin:80 - create IPUIPlugin
2025-10-26 13:53:06,209 [INFO] PluginManager:220 - loadIPPluginJar : add extmemmanager
2025-10-26 13:53:06,210 [INFO] IPUIPlugin:80 - create IPUIPlugin
2025-10-26 13:53:06,210 [INFO] PluginManager:220 - loadIPPluginJar : add comp
2025-10-26 13:53:06,211 [INFO] IPUIPlugin:80 - create IPUIPlugin
2025-10-26 13:53:06,211 [INFO] PluginManager:220 - loadIPPluginJar : add genericplugin
2025-10-26 13:53:06,212 [INFO] IPUIPlugin:80 - create IPUIPlugin
2025-10-26 13:53:06,212 [INFO] PluginManager:220 - loadIPPluginJar : add ts
2025-10-26 13:53:06,213 [INFO] IPUIPlugin:80 - create IPUIPlugin
2025-10-26 13:53:06,213 [INFO] PluginManager:220 - loadIPPluginJar : add ucpd
2025-10-26 13:53:06,214 [INFO] IPUIPlugin:80 - create IPUIPlugin
2025-10-26 13:53:06,214 [INFO] PluginManager:220 - loadIPPluginJar : add can
2025-10-26 13:53:06,216 [INFO] IPUIPlugin:80 - create IPUIPlugin
2025-10-26 13:53:06,216 [INFO] PluginManager:220 - loadIPPluginJar : add touchsensing
2025-10-26 13:53:06,217 [INFO] IPUIPlugin:80 - create IPUIPlugin
2025-10-26 13:53:06,218 [INFO] PluginManager:220 - loadIPPluginJar : add tracer_emb
2025-10-26 13:53:06,221 [INFO] IPUIPlugin:80 - create IPUIPlugin
2025-10-26 13:53:06,222 [INFO] PluginManager:220 - loadIPPluginJar : add stm32_wpan
2025-10-26 13:53:06,222 [INFO] IPUIPlugin:80 - create IPUIPlugin
2025-10-26 13:53:06,223 [INFO] PluginManager:220 - loadIPPluginJar : add tsc
2025-10-26 13:53:06,223 [INFO] IPUIPlugin:80 - create IPUIPlugin
2025-10-26 13:53:06,223 [INFO] PluginManager:220 - loadIPPluginJar : add gfxmmu
2025-10-26 13:53:06,225 [INFO] IPUIPlugin:80 - create IPUIPlugin
2025-10-26 13:53:06,225 [INFO] PluginManager:220 - loadIPPluginJar : add ipddr
2025-10-26 13:53:06,226 [INFO] IPUIPlugin:80 - create IPUIPlugin
2025-10-26 13:53:06,226 [INFO] PluginManager:220 - loadIPPluginJar : add i2c
2025-10-26 13:53:06,228 [INFO] IPUIPlugin:80 - create IPUIPlugin
2025-10-26 13:53:06,228 [INFO] PluginManager:220 - loadIPPluginJar : add nvic
2025-10-26 13:53:06,230 [INFO] IPUIPlugin:80 - create IPUIPlugin
2025-10-26 13:53:06,230 [INFO] PluginManager:220 - loadIPPluginJar : add i3c
2025-10-26 13:53:06,231 [INFO] IPUIPlugin:80 - create IPUIPlugin
2025-10-26 13:53:06,231 [INFO] PluginManager:220 - loadIPPluginJar : add dfsdm
2025-10-26 13:53:06,232 [INFO] IPUIPlugin:80 - create IPUIPlugin
2025-10-26 13:53:06,232 [INFO] PluginManager:220 - loadIPPluginJar : add pdm2pcm
2025-10-26 13:53:06,234 [INFO] IPUIPlugin:80 - create IPUIPlugin
2025-10-26 13:53:06,234 [INFO] PluginManager:220 - loadIPPluginJar : add openamp
2025-10-26 13:53:06,237 [INFO] IPUIPlugin:80 - create IPUIPlugin
2025-10-26 13:53:06,237 [INFO] PluginManager:220 - loadIPPluginJar : add dma
2025-10-26 13:53:06,239 [INFO] IPUIPlugin:80 - create IPUIPlugin
2025-10-26 13:53:06,239 [INFO] PluginManager:220 - loadIPPluginJar : add sai
2025-10-26 13:53:06,240 [INFO] IPUIPlugin:80 - create IPUIPlugin
2025-10-26 13:53:06,240 [INFO] PluginManager:220 - loadIPPluginJar : add hash
2025-10-26 13:53:06,244 [INFO] IPUIPlugin:80 - create IPUIPlugin
2025-10-26 13:53:06,244 [INFO] PluginManager:220 - loadIPPluginJar : add linkedlist
2025-10-26 13:53:06,245 [INFO] IPUIPlugin:80 - create IPUIPlugin
2025-10-26 13:53:06,245 [INFO] PluginManager:220 - loadIPPluginJar : add cryp
2025-10-26 13:53:06,334 [FATAL] Updater:351 - Updater called before beeing initialized
2025-10-26 13:53:06,349 [INFO] RulesReader:64 - Compatibility file has been processed (317 Rules)
2025-10-26 13:53:06,356 [INFO] RulesReader:64 - Compatibility file has been processed (317 Rules)
2025-10-26 13:53:06,361 [INFO] CADModel:165 - CPN selected for project level
2025-10-26 13:53:06,361 [INFO] CADModel:114 - Register for checkConnection events
2025-10-26 13:53:06,361 [FATAL] Updater:351 - Updater called before beeing initialized
2025-10-26 13:53:06,362 [ERROR] CADModel:125 - Updater not yet initialized, retry later 
2025-10-26 13:53:06,436 [FATAL] Updater:351 - Updater called before beeing initialized
2025-10-26 13:53:06,437 [INFO] CADModel:165 - CPN selected for project level
2025-10-26 13:53:06,437 [INFO] CADModel:114 - Register for checkConnection events
2025-10-26 13:53:06,437 [FATAL] Updater:351 - Updater called before beeing initialized
2025-10-26 13:53:06,437 [ERROR] CADModel:125 - Updater not yet initialized, retry later 
2025-10-26 13:53:06,439 [FATAL] Updater:351 - Updater called before beeing initialized
2025-10-26 13:53:06,495 [FATAL] Updater:351 - Updater called before beeing initialized
2025-10-26 13:53:06,497 [INFO] DbMcusAds:53 - JSON generation date=Thu Oct 02 16:36:05 ICT 2025 (1759397765645)
2025-10-26 13:53:06,497 [FATAL] Updater:351 - Updater called before beeing initialized
2025-10-26 13:53:06,519 [WARN] DetailPanel:346 - Failed to get advertising image, set to default
2025-10-26 13:53:06,579 [FATAL] Updater:351 - Updater called before beeing initialized
2025-10-26 13:53:06,580 [FATAL] Updater:351 - Updater called before beeing initialized
2025-10-26 13:53:06,581 [FATAL] Updater:351 - Updater called before beeing initialized
2025-10-26 13:53:06,581 [WARN] DetailPanel:346 - Failed to get advertising image, set to default
2025-10-26 13:53:06,582 [FATAL] Updater:351 - Updater called before beeing initialized
2025-10-26 13:53:06,607 [ERROR] Updater:1198 - MainUpdater not yet initialized. External WinMGr cannot be set.
2025-10-26 13:53:06,608 [INFO] Updater:1134 - Updater Version found : 6.15.0
2025-10-26 13:53:06,619 [INFO] ApplicationProperties:184 - Using Application install path: /home/tuna/st/stm32cubeide_1.18.1/plugins/com.st.stm32cube.common.mx_6.15.0.202507011659
2025-10-26 13:53:06,947 [INFO] MainUpdater:2872 - connection check result : 10
2025-10-26 13:53:06,947 [INFO] MainUpdater:289 - Updater Check For Update Now.
2025-10-26 13:53:06,947 [INFO] MicroXplorer:498 - Change Database Version : DB.6.0.150
2025-10-26 13:53:06,951 [INFO] McuFinderGlobals:63 - Set McuFinder mode to 2 (CubeIDE integrated)
2025-10-26 13:53:06,951 [INFO] UserAuth:487 - Internet connection configuration mode: 1
2025-10-26 13:53:06,962 [INFO] JxBrowserEngine:152 - Initiate JxBrowser Engine with user profile folder
2025-10-26 13:53:07,113 [INFO] CheckServerUpdateThread:120 - End of CheckServer Thread
2025-10-26 13:53:07,422 [INFO] WebApp:169 - Instantiating new browser for Auth
2025-10-26 13:53:07,836 [INFO] WebApp:463 - Apply proxy settings
2025-10-26 13:53:07,836 [INFO] WebApp:548 - Chromium requires no authentication
2025-10-26 13:53:07,841 [INFO] WebApp:491 - Direct internet connection detected
2025-10-26 13:53:07,854 [INFO] WebApp:900 - Register for checkConnection events
2025-10-26 13:53:07,854 [INFO] WebApp:463 - Apply proxy settings
2025-10-26 13:53:07,854 [INFO] WebApp:548 - Chromium requires no authentication
2025-10-26 13:53:07,854 [INFO] WebApp:491 - Direct internet connection detected
2025-10-26 13:53:07,932 [INFO] WebApp:225 - Starting web application
2025-10-26 13:53:07,932 [INFO] WebApp:593 - Web application path used /home/tuna/st/stm32cubeide_1.18.1/plugins/com.st.stm32cube.common.mx_6.15.0.202507011659/db/plugins/mcufinder/reactClient1/index.html
2025-10-26 13:53:07,999 [INFO] UserAuth:487 - Internet connection configuration mode: 1
2025-10-26 13:53:08,092 [INFO] WebApp:191 - Connection restablished
2025-10-26 13:53:08,913 [WARN] PackLoader:240 - Cannot read IP mode file for STMicroelectronics.FP-SNS-MOTENVWB1.1.4.0
2025-10-26 13:53:08,918 [WARN] PackLoader:240 - Cannot read IP mode file for STMicroelectronics.FP-ATR-ASTRA1.2.0.2
2025-10-26 13:53:08,923 [WARN] PackLoader:240 - Cannot read IP mode file for STMicroelectronics.X-CUBE-SMBUS.2.1.0
2025-10-26 13:53:08,926 [WARN] PackLoader:240 - Cannot read IP mode file for STMicroelectronics.X-CUBE-ST60.1.0.0
2025-10-26 13:53:08,945 [WARN] PackLoader:240 - Cannot read IP mode file for STMicroelectronics.X-CUBE-AZRTOS-F7.1.1.0
2025-10-26 13:53:08,972 [WARN] PackLoader:240 - Cannot read IP mode file for Infineon.AIROC-Wi-Fi-Bluetooth-STM32.1.7.1
2025-10-26 13:53:08,993 [WARN] PackLoader:240 - Cannot read IP mode file for STMicroelectronics.X-CUBE-AZRTOS-H7.3.4.0
2025-10-26 13:53:09,000 [WARN] PackLoader:240 - Cannot read IP mode file for STMicroelectronics.X-CUBE-DISPLAY.3.0.0
2025-10-26 13:53:09,008 [WARN] PackLoader:240 - Cannot read IP mode file for STMicroelectronics.X-CUBE-NFC10.1.0.0
2025-10-26 13:53:09,012 [WARN] PackLoader:240 - Cannot read IP mode file for STMicroelectronics.X-CUBE-ST60.1.1.0
2025-10-26 13:53:09,015 [WARN] PackLoader:240 - Cannot read IP mode file for emotas.I-CUBE-CANOPEN.1.3.0
2025-10-26 13:53:09,019 [WARN] PackLoader:240 - Cannot read IP mode file for STMicroelectronics.FP-SNS-STBOX1.2.1.0
2025-10-26 13:53:09,022 [WARN] PackLoader:240 - Cannot read IP mode file for STMicroelectronics.FP-SNS-SMARTAG2.1.2.0
2025-10-26 13:53:09,024 [WARN] PackLoader:240 - Cannot read IP mode file for STMicroelectronics.FP-SNS-FLIGHT1.5.1.0
2025-10-26 13:53:09,029 [INFO] LogOutputStream:77 - [STDOUT_REDIRECT] 1 : Invalid condition id : UX_CORESTACK_Condition cause : null
2025-10-26 13:53:09,030 [INFO] LogOutputStream:77 - [STDOUT_REDIRECT] 1 : Invalid condition id : UX_CORESTACK_Condition cause : null
2025-10-26 13:53:09,030 [INFO] LogOutputStream:77 - [STDOUT_REDIRECT] 1 : Invalid condition id : UX_CORESTACK_Condition cause : null
2025-10-26 13:53:09,030 [INFO] LogOutputStream:77 - [STDOUT_REDIRECT] 1 : Invalid condition id : UX_CORESTACK_Condition cause : null
2025-10-26 13:53:09,030 [INFO] LogOutputStream:77 - [STDOUT_REDIRECT] 1 : Invalid condition id : UX_CORESTACK_Condition cause : null
2025-10-26 13:53:09,032 [WARN] PackLoader:240 - Cannot read IP mode file for STMicroelectronics.X-CUBE-AZRTOS-WL.2.0.0
2025-10-26 13:53:09,035 [WARN] PackLoader:240 - Cannot read IP mode file for STMicroelectronics.FP-SNS-MOTENV1.5.0.0
2025-10-26 13:53:09,039 [WARN] PackLoader:240 - Cannot read IP mode file for WES.I-CUBE-Cesium.1.3.0
2025-10-26 13:53:09,042 [WARN] PackLoader:240 - Cannot read IP mode file for STMicroelectronics.X-CUBE-BLE2.3.3.0
2025-10-26 13:53:09,045 [WARN] PackLoader:240 - Cannot read IP mode file for STMicroelectronics.X-CUBE-NFC9.1.0.0
2025-10-26 13:53:09,049 [WARN] PackLoader:240 - Cannot read IP mode file for wolfSSL.I-CUBE-wolfSSL.5.8.2
2025-10-26 13:53:09,051 [WARN] PackLoader:240 - Cannot read IP mode file for STMicroelectronics.X-CUBE-BLE1.7.1.0
2025-10-26 13:53:09,054 [WARN] PackLoader:240 - Cannot read IP mode file for wolfSSL.I-CUBE-wolfMQTT.1.19.2
2025-10-26 13:53:09,057 [WARN] PackLoader:240 - Cannot read IP mode file for STMicroelectronics.X-CUBE-EEPRMA1.5.2.0
2025-10-26 13:53:09,062 [WARN] PackLoader:240 - Cannot read IP mode file for STMicroelectronics.X-CUBE-ST67W61.1.1.0
2025-10-26 13:53:09,064 [WARN] PackLoader:240 - Cannot read IP mode file for STMicroelectronics.X-CUBE-AI.10.1.0
2025-10-26 13:53:09,072 [WARN] PackLoader:240 - Cannot read IP mode file for STMicroelectronics.X-CUBE-AZRTOS-G0.1.1.0
2025-10-26 13:53:09,077 [WARN] PackLoader:240 - Cannot read IP mode file for STMicroelectronics.X-CUBE-SAFEA1.1.2.2
2025-10-26 13:53:09,081 [WARN] PackLoader:240 - Cannot read IP mode file for STMicroelectronics.X-CUBE-NFC4.3.0.0
2025-10-26 13:53:09,086 [WARN] PackLoader:240 - Cannot read IP mode file for EmbeddedOffice.I-CUBE-FS-RTOS.1.0.1
2025-10-26 13:53:09,089 [WARN] PackLoader:240 - Cannot read IP mode file for STMicroelectronics.X-CUBE-WB05N.2.0.0
2025-10-26 13:53:09,091 [WARN] PackLoader:240 - Cannot read IP mode file for wolfSSL.I-CUBE-wolfTPM.3.8.0
2025-10-26 13:53:09,094 [WARN] PackLoader:240 - Cannot read IP mode file for STMicroelectronics.X-CUBE-TCPP.4.2.0
2025-10-26 13:53:09,098 [WARN] PackLoader:240 - Cannot read IP mode file for RealThread.X-CUBE-RT-Thread_Nano.4.1.1
2025-10-26 13:53:09,099 [WARN] PackLoader:240 - Cannot read IP mode file for STMicroelectronics.FP-ATR-SIGFOX1.3.2.0
2025-10-26 13:53:09,103 [WARN] PackLoader:240 - Cannot read IP mode file for ITTIA_DB.I-CUBE-ITTIADB.8.9.0
2025-10-26 13:53:09,106 [WARN] PackLoader:240 - Cannot read IP mode file for STMicroelectronics.X-CUBE-ST67W61.1.0.0
2025-10-26 13:53:09,108 [WARN] PackLoader:240 - Cannot read IP mode file for STMicroelectronics.X-CUBE-AI.10.2.0
2025-10-26 13:53:09,121 [WARN] PackLoader:240 - Cannot read IP mode file for SEGGER.I-CUBE-embOS.1.3.1
2025-10-26 13:53:09,152 [WARN] PackLoader:240 - Cannot read IP mode file for STMicroelectronics.X-CUBE-ALGOBUILD.1.4.0
2025-10-26 13:53:09,201 [WARN] PackLoader:240 - Cannot read IP mode file for STMicroelectronics.X-CUBE-MEMS1.11.3.0
2025-10-26 13:53:09,284 [WARN] PackLoader:240 - Cannot read IP mode file for STMicroelectronics.X-CUBE-PM33A1.1.0.0
2025-10-26 13:53:09,297 [WARN] PackLoader:240 - Cannot read IP mode file for STMicroelectronics.X-CUBE-AZRTOS-F4.1.1.0
2025-10-26 13:53:09,301 [WARN] PackLoader:240 - Cannot read IP mode file for Avnet-IotConnect.X-CUBE-IoTC-DA16k-PMOD.1.0.0
2025-10-26 13:53:09,304 [WARN] PackLoader:240 - Cannot read IP mode file for STMicroelectronics.X-CUBE-ISPU.2.1.0
2025-10-26 13:53:09,315 [WARN] PackLoader:240 - Cannot read IP mode file for STMicroelectronics.X-CUBE-IPS.3.2.0
2025-10-26 13:53:09,324 [WARN] PackLoader:240 - Cannot read IP mode file for STMicroelectronics.X-CUBE-NFC12.1.0.0
2025-10-26 13:53:09,336 [WARN] PackLoader:240 - Cannot read IP mode file for STMicroelectronics.X-CUBE-AZRTOS-L5.2.0.0
2025-10-26 13:53:09,343 [WARN] PackLoader:240 - Cannot read IP mode file for STMicroelectronics.X-CUBE-NFC6.3.1.0
2025-10-26 13:53:09,348 [WARN] PackLoader:240 - Cannot read IP mode file for STMicroelectronics.X-CUBE-FREERTOS.1.3.1
2025-10-26 13:53:09,351 [WARN] PackLoader:240 - Cannot read IP mode file for STMicroelectronics.X-CUBE-TOUCHGFX.4.26.0
2025-10-26 13:53:09,354 [WARN] PackLoader:240 - Cannot read IP mode file for STMicroelectronics.FP-SNS-STAIOTCFT.1.0.0
2025-10-26 13:53:09,358 [WARN] PackLoader:240 - Cannot read IP mode file for STMicroelectronics.X-CUBE-DPower.1.3.0
2025-10-26 13:53:09,371 [WARN] ConditionMgr:438 - getConditionDescription Invalid condition id : LAN8742 Phy interface Condition cause : null
2025-10-26 13:53:09,372 [WARN] PackLoader:240 - Cannot read IP mode file for STMicroelectronics.X-CUBE-AZRTOS-L4.2.0.0
2025-10-26 13:53:09,373 [WARN] ConditionMgr:1044 - genDependencies : Invalid condition id : LAN8742 Phy interface Condition cause : null
2025-10-26 13:53:09,373 [WARN] ConditionMgr:1044 - genDependencies : Invalid condition id : LAN8742 Phy interface Condition cause : null
2025-10-26 13:53:09,374 [WARN] ConditionMgr:1044 - genDependencies : Invalid condition id : LAN8742 Phy interface Condition cause : null
2025-10-26 13:53:09,379 [WARN] PackLoader:240 - Cannot read IP mode file for STMicroelectronics.X-CUBE-SFXS2LP1.4.0.0
2025-10-26 13:53:09,388 [WARN] PackLoader:240 - Cannot read IP mode file for STMicroelectronics.X-CUBE-BLEMGR.4.1.0
2025-10-26 13:53:09,399 [WARN] ConditionMgr:438 - getConditionDescription Invalid condition id : UX DEVICE CLASS RTOS Condition cause : null
2025-10-26 13:53:09,400 [WARN] ConditionMgr:438 - getConditionDescription Invalid condition id : UX DEVICE CLASS RTOS Condition cause : null
2025-10-26 13:53:09,401 [WARN] PackLoader:240 - Cannot read IP mode file for STMicroelectronics.X-CUBE-AZRTOS-WB.2.0.0
2025-10-26 13:53:09,402 [WARN] ConditionMgr:1044 - genDependencies : Invalid condition id : UX DEVICE CLASS RTOS Condition cause : null
2025-10-26 13:53:09,402 [WARN] ConditionMgr:1044 - genDependencies : Invalid condition id : UX DEVICE CLASS RTOS Condition cause : null
2025-10-26 13:53:09,403 [WARN] ConditionMgr:1044 - genDependencies : Invalid condition id : UX DEVICE CLASS RTOS Condition cause : null
2025-10-26 13:53:09,403 [WARN] ConditionMgr:1044 - genDependencies : Invalid condition id : UX DEVICE CLASS RTOS Condition cause : null
2025-10-26 13:53:09,403 [WARN] ConditionMgr:1044 - genDependencies : Invalid condition id : UX DEVICE CLASS RTOS Condition cause : null
2025-10-26 13:53:09,407 [WARN] PackLoader:240 - Cannot read IP mode file for STMicroelectronics.X-CUBE-GNSS1.7.0.1
2025-10-26 13:53:09,410 [WARN] PackLoader:240 - Cannot read IP mode file for STMicroelectronics.X-CUBE-TOUCHGFX.4.25.0
2025-10-26 13:53:09,415 [WARN] PackLoader:240 - Cannot read IP mode file for STMicroelectronics.FP-SNS-STBOX1.2.0.0
2025-10-26 13:53:09,418 [WARN] ConditionMgr:438 - getConditionDescription Invalid condition id : Cortex-A Device cause : null
2025-10-26 13:53:09,429 [WARN] ConditionMgr:1044 - genDependencies : Invalid condition id : Cortex-A Device cause : null
2025-10-26 13:53:09,429 [WARN] ConditionMgr:1044 - genDependencies : Invalid condition id : Cortex-A Device cause : null
2025-10-26 13:53:09,429 [WARN] ConditionMgr:1044 - genDependencies : Invalid condition id : Cortex-A Device cause : null
2025-10-26 13:53:09,436 [WARN] PackLoader:240 - Cannot read IP mode file for STMicroelectronics.X-CUBE-SUBG2.5.0.0
2025-10-26 13:53:09,450 [WARN] PackLoader:240 - Cannot read IP mode file for STMicroelectronics.X-CUBE-AZRTOS-H7RS.1.1.0
2025-10-26 13:53:09,454 [WARN] PackLoader:240 - Cannot read IP mode file for Cesanta.I-CUBE-Mongoose.7.13.0
2025-10-26 13:53:09,462 [WARN] PackLoader:240 - Cannot read IP mode file for STMicroelectronics.X-CUBE-AZRTOS-G4.2.0.0
2025-10-26 13:53:09,466 [WARN] PackLoader:240 - Cannot read IP mode file for wolfSSL.I-CUBE-wolfSSH.1.4.20
2025-10-26 13:53:09,468 [WARN] PackLoader:240 - Cannot read IP mode file for STMicroelectronics.X-CUBE-NFC7.2.0.0
2025-10-26 13:53:09,477 [WARN] PackLoader:240 - Cannot read IP mode file for STMicroelectronics.X-CUBE-IPS.3.1.0
2025-10-26 13:53:09,482 [WARN] PackLoader:240 - Cannot read IP mode file for STMicroelectronics.X-CUBE-ALS.1.0.2
2025-10-26 13:53:09,486 [WARN] PackLoader:240 - Cannot read IP mode file for STMicroelectronics.X-CUBE-STSE01.1.0.0
2025-10-26 13:53:09,490 [WARN] PackLoader:240 - Cannot read IP mode file for portGmbH.I-Cube-SoM-uGOAL.1.1.0
2025-10-26 13:53:09,495 [WARN] PackLoader:240 - Cannot read IP mode file for STMicroelectronics.X-CUBE-TOF1.3.4.3
2025-10-26 13:53:09,502 [INFO] ThirdParty:978 - Integrity check success = true
2025-10-26 13:53:09,502 [INFO] IntegrityCheckThread:100 - exiting critical section [integrity check]
2025-10-26 13:53:09,502 [INFO] IntegrityCheckThread:103 - End integrity checks thread
