2025-10-09 09:19:40,408 [INFO] Activator:176 - 


2025-10-09 09:19:40,412 [INFO] Activator:177 - !SESSION log4j initialized
2025-10-09 09:19:45,264 [INFO] LogOutputStream:77 - [STDOUT_REDIRECT] 
2025-10-09 09:19:46,650 [INFO] ApplicationProperties:184 - Using Application install path: /home/tuna/st/stm32cubeide_1.18.1/plugins/com.st.stm32cube.common.mx_6.15.0.202507011659
2025-10-09 09:19:46,669 [INFO] DbMcusXml:78 - Set database path to: /home/tuna/st/stm32cubeide_1.18.1/plugins/com.st.stm32cube.common.mx_6.15.0.202507011659//db//mcu/
2025-10-09 09:19:46,669 [INFO] ApiDb:274 - Set plugin database path to: /home/tuna/st/stm32cubeide_1.18.1/plugins/com.st.stm32cube.common.mx_6.15.0.202507011659//db//plugins/boardmanager/
2025-10-09 09:19:46,669 [WARN] ApiDb:259 - Overriding images path with different value:  => /home/tuna/st/stm32cubeide_1.18.1/plugins/com.st.stm32cube.common.mx_6.15.0.202507011659//db//plugins/mcufinder/images/
2025-10-09 09:19:46,679 [INFO] ApiDb:250 - Set database path to: /home/tuna/.stmcufinder/plugins/mcufinder//mcu/
2025-10-09 09:19:46,682 [INFO] DbMcusAds:125 - Set database path to: /home/tuna/.stmcufinder/plugins/mcufinder//mcu/
2025-10-09 09:19:46,685 [INFO] CrossReferenceDbSqlite:203 - Set database path to: /home/tuna/.stmcufinder/plugins/mcufinder//mcu/cs/
2025-10-09 09:19:46,780 [INFO] RulesReader:64 - Compatibility file has been processed (317 Rules)
2025-10-09 09:19:46,846 [INFO] DbMcusXml:78 - Set database path to: /home/tuna/st/stm32cubeide_1.18.1/plugins/com.st.stm32cube.common.mx_6.15.0.202507011659//db//mcu/
2025-10-09 09:19:46,846 [INFO] ApiDb:274 - Set plugin database path to: /home/tuna/st/stm32cubeide_1.18.1/plugins/com.st.stm32cube.common.mx_6.15.0.202507011659//db//plugins/boardmanager/
2025-10-09 09:19:46,846 [INFO] ApiDb:261 - Set plugin images path to: /home/tuna/st/stm32cubeide_1.18.1/plugins/com.st.stm32cube.common.mx_6.15.0.202507011659//db//plugins/mcufinder/images/
2025-10-09 09:19:46,846 [WARN] DbFile:41 - Overriding database path with different value: /home/tuna/.stmcufinder/plugins/mcufinder/ => /home/tuna/.stmcufinder/plugins/mcufinder
2025-10-09 09:19:46,846 [INFO] ApiDb:250 - Set database path to: /home/tuna/.stmcufinder/plugins/mcufinder//mcu/
2025-10-09 09:19:46,847 [WARN] DbFile:41 - Overriding database path with different value: /home/tuna/.stmcufinder/plugins/mcufinder/ => /home/tuna/.stmcufinder/plugins/mcufinder
2025-10-09 09:19:46,847 [INFO] DbMcusAds:125 - Set database path to: /home/tuna/.stmcufinder/plugins/mcufinder//mcu/
2025-10-09 09:19:46,847 [WARN] DbFile:41 - Overriding database path with different value: /home/tuna/.stmcufinder/plugins/mcufinder/ => /home/tuna/.stmcufinder/plugins/mcufinder
2025-10-09 09:19:46,847 [WARN] DbFile:41 - Overriding database path with different value: /home/tuna/.stmcufinder/plugins/mcufinder/ => /home/tuna/.stmcufinder/plugins/mcufinder
2025-10-09 09:19:46,847 [INFO] CrossReferenceDbSqlite:203 - Set database path to: /home/tuna/.stmcufinder/plugins/mcufinder//mcu/cs/
2025-10-09 09:19:46,917 [INFO] MainPanel:274 - HeapMemory: 268435456
2025-10-09 09:19:47,117 [INFO] DbMcusXml:78 - Set database path to: /home/tuna/st/stm32cubeide_1.18.1/plugins/com.st.stm32cube.common.mx_6.15.0.202507011659//db//mcu/
2025-10-09 09:19:47,117 [INFO] ApiDb:274 - Set plugin database path to: /home/tuna/st/stm32cubeide_1.18.1/plugins/com.st.stm32cube.common.mx_6.15.0.202507011659//db//plugins/boardmanager/
2025-10-09 09:19:47,117 [INFO] ApiDb:261 - Set plugin images path to: /home/tuna/st/stm32cubeide_1.18.1/plugins/com.st.stm32cube.common.mx_6.15.0.202507011659//db//plugins/mcufinder/images/
2025-10-09 09:19:47,117 [WARN] DbFile:41 - Overriding database path with different value: /home/tuna/.stmcufinder/plugins/mcufinder/ => /home/tuna/.stmcufinder/plugins/mcufinder
2025-10-09 09:19:47,117 [INFO] ApiDb:250 - Set database path to: /home/tuna/.stmcufinder/plugins/mcufinder//mcu/
2025-10-09 09:19:47,117 [WARN] DbFile:41 - Overriding database path with different value: /home/tuna/.stmcufinder/plugins/mcufinder/ => /home/tuna/.stmcufinder/plugins/mcufinder
2025-10-09 09:19:47,117 [INFO] DbMcusAds:125 - Set database path to: /home/tuna/.stmcufinder/plugins/mcufinder//mcu/
2025-10-09 09:19:47,118 [WARN] DbFile:41 - Overriding database path with different value: /home/tuna/.stmcufinder/plugins/mcufinder/ => /home/tuna/.stmcufinder/plugins/mcufinder
2025-10-09 09:19:47,118 [WARN] DbFile:41 - Overriding database path with different value: /home/tuna/.stmcufinder/plugins/mcufinder/ => /home/tuna/.stmcufinder/plugins/mcufinder
2025-10-09 09:19:47,118 [INFO] CrossReferenceDbSqlite:203 - Set database path to: /home/tuna/.stmcufinder/plugins/mcufinder//mcu/cs/
2025-10-09 09:19:47,132 [INFO] ApplicationProperties:184 - Using Application install path: /home/tuna/st/stm32cubeide_1.18.1/plugins/com.st.stm32cube.common.mx_6.15.0.202507011659
2025-10-09 09:19:47,133 [INFO] PluginManage:196 - Search for loadable plugins [exclusion list=, ]
2025-10-09 09:19:47,135 [INFO] PluginManage:310 - Check plugin analytics
2025-10-09 09:19:47,257 [INFO] AnalyticsPlugin:253 - Accepted Software Licenses: STM32CubeMX.6.15.0
2025-10-09 09:19:47,257 [INFO] AnalyticsPlugin:255 - Accepted CMSIS Pack Licenses: 
2025-10-09 09:19:47,257 [INFO] AnalyticsPlugin:257 - Accepted Firmware Licenses: FW.G4.1.6.0,FW.F4.1.28.0
2025-10-09 09:19:47,259 [INFO] PluginManage:359 - Loaded plugin analytics (category:tool,tabindex:-1)
2025-10-09 09:19:47,259 [INFO] PluginManage:310 - Check plugin cadmodel
2025-10-09 09:19:47,263 [INFO] CADModel:105 - Init CAD model plugin
2025-10-09 09:19:47,264 [INFO] PluginManage:359 - Loaded plugin cadmodel (category:power,tabindex:5)
2025-10-09 09:19:47,264 [INFO] PluginManage:310 - Check plugin clock
2025-10-09 09:19:47,272 [INFO] PluginManage:359 - Loaded plugin clock (category:base,tabindex:2)
2025-10-09 09:19:47,272 [INFO] PluginManage:310 - Check plugin ddr
2025-10-09 09:19:47,274 [INFO] PluginManage:359 - Loaded plugin ddr (category:tool,tabindex:6)
2025-10-09 09:19:47,274 [INFO] PluginManage:310 - Check plugin filemanager
2025-10-09 09:19:47,390 [INFO] PluginManage:359 - Loaded plugin filemanager (category:base,tabindex:10)
2025-10-09 09:19:47,390 [INFO] PluginManage:310 - Check plugin ipmanager
2025-10-09 09:19:47,394 [INFO] PluginManage:359 - Loaded plugin ipmanager (category:base,tabindex:5)
2025-10-09 09:19:47,394 [INFO] PluginManage:310 - Check plugin lpbam
2025-10-09 09:19:47,402 [INFO] PluginManage:359 - Loaded plugin lpbam (category:base,tabindex:0)
2025-10-09 09:19:47,402 [INFO] PluginManage:310 - Check plugin memorymap
2025-10-09 09:19:47,413 [INFO] PluginManage:359 - Loaded plugin memorymap (category:base,tabindex:4)
2025-10-09 09:19:47,413 [INFO] PluginManage:310 - Check plugin pinoutandconfiguration
2025-10-09 09:19:47,420 [INFO] PluginManage:359 - Loaded plugin pinoutandconfiguration (category:base,tabindex:1)
2025-10-09 09:19:47,420 [INFO] PluginManage:310 - Check plugin pinoutconfig
2025-10-09 09:19:47,484 [WARN] SupportedApi:132 - Cannot load RTOS API schema: s4s-elt-must-match.1: The content of 'definitions' must match (annotation?, (simpleType | complexType)?, (unique | key | keyref)*)). A problem was found starting at: attribute.
2025-10-09 09:19:47,580 [INFO] PluginManage:359 - Loaded plugin pinoutconfig (category:base,tabindex:0)
2025-10-09 09:19:47,581 [INFO] PluginManage:310 - Check plugin power
2025-10-09 09:19:47,587 [INFO] PluginManage:359 - Loaded plugin power (category:power,tabindex:4)
2025-10-09 09:19:47,588 [INFO] PluginManage:310 - Check plugin projectmanager
2025-10-09 09:19:47,598 [INFO] PluginManage:359 - Loaded plugin projectmanager (category:projectmanager,tabindex:4)
2025-10-09 09:19:47,598 [INFO] PluginManage:310 - Check plugin rif
2025-10-09 09:19:47,605 [INFO] PluginManage:359 - Loaded plugin rif (category:base,tabindex:3)
2025-10-09 09:19:47,606 [INFO] PluginManage:310 - Check plugin thirdparty
2025-10-09 09:19:47,698 [INFO] PluginManage:359 - Loaded plugin thirdparty (category:base,tabindex:-1)
2025-10-09 09:19:47,698 [WARN] IntegrityCheckThread:84 - waiting for thirdparty lock release [integrity check]
2025-10-09 09:19:47,698 [INFO] PluginManage:310 - Check plugin tools
2025-10-09 09:19:47,698 [INFO] IntegrityCheckThread:86 - entering critical section [integrity check]
2025-10-09 09:19:47,699 [INFO] ThirdPartyUpdaterWithRetryManager:70 - Updater plugin not ready yet. [1/15]
2025-10-09 09:19:47,700 [INFO] PluginManage:359 - Loaded plugin tools (category:base,tabindex:7)
2025-10-09 09:19:47,700 [INFO] PluginManage:310 - Check plugin tutovideos
2025-10-09 09:19:47,843 [INFO] PluginManage:359 - Loaded plugin tutovideos (category:base,tabindex:-1)
2025-10-09 09:19:47,843 [INFO] PluginManage:310 - Check plugin updater
2025-10-09 09:19:47,861 [INFO] PluginManage:359 - Loaded plugin updater (category:base,tabindex:12)
2025-10-09 09:19:47,861 [INFO] PluginManage:310 - Check plugin userauth
2025-10-09 09:19:47,864 [INFO] UserAuth:118 - Init User Auth plugin
2025-10-09 09:19:47,864 [INFO] PluginManage:359 - Loaded plugin userauth (category:base,tabindex:14)
2025-10-09 09:19:47,864 [INFO] PluginManage:283 - PluginManage : Loaded plugins [18]
2025-10-09 09:19:47,996 [INFO] PinOutPanel:1589 - setPackage(No Configuration,No Configuration)
2025-10-09 09:19:48,049 [INFO] CADModel:165 - CPN selected for project level
2025-10-09 09:19:48,049 [INFO] CADModel:114 - Register for checkConnection events
2025-10-09 09:19:48,063 [INFO] IPUIPlugin:80 - create IPUIPlugin
2025-10-09 09:19:48,063 [INFO] PluginManager:220 - loadIPPluginJar : add ddr_ctrl_phy
2025-10-09 09:19:48,066 [INFO] IPUIPlugin:80 - create IPUIPlugin
2025-10-09 09:19:48,066 [INFO] PluginManager:220 - loadIPPluginJar : add aes
2025-10-09 09:19:48,071 [INFO] IPUIPlugin:80 - create IPUIPlugin
2025-10-09 09:19:48,072 [INFO] PluginManager:220 - loadIPPluginJar : add gic
2025-10-09 09:19:48,077 [INFO] IPUIPlugin:80 - create IPUIPlugin
2025-10-09 09:19:48,077 [INFO] PluginManager:220 - loadIPPluginJar : add resmgrutility
2025-10-09 09:19:48,080 [INFO] IPUIPlugin:80 - create IPUIPlugin
2025-10-09 09:19:48,080 [INFO] PluginManager:220 - loadIPPluginJar : add dma3
2025-10-09 09:19:48,082 [INFO] IPUIPlugin:80 - create IPUIPlugin
2025-10-09 09:19:48,082 [INFO] PluginManager:220 - loadIPPluginJar : add spi
2025-10-09 09:19:48,088 [INFO] IPUIPlugin:80 - create IPUIPlugin
2025-10-09 09:19:48,090 [INFO] PluginManager:220 - loadIPPluginJar : add plateformsettings
2025-10-09 09:19:48,093 [INFO] IPUIPlugin:80 - create IPUIPlugin
2025-10-09 09:19:48,093 [INFO] PluginManager:220 - loadIPPluginJar : add gtzc
2025-10-09 09:19:48,099 [INFO] IPUIPlugin:80 - create IPUIPlugin
2025-10-09 09:19:48,099 [INFO] PluginManager:220 - loadIPPluginJar : add freertos
2025-10-09 09:19:48,102 [INFO] IPUIPlugin:80 - create IPUIPlugin
2025-10-09 09:19:48,103 [INFO] PluginManager:220 - loadIPPluginJar : add fmc
2025-10-09 09:19:48,104 [INFO] IPUIPlugin:80 - create IPUIPlugin
2025-10-09 09:19:48,104 [INFO] PluginManager:220 - loadIPPluginJar : add quadspi
2025-10-09 09:19:48,106 [INFO] IPUIPlugin:80 - create IPUIPlugin
2025-10-09 09:19:48,106 [INFO] PluginManager:220 - loadIPPluginJar : add radio
2025-10-09 09:19:48,108 [INFO] IPUIPlugin:80 - create IPUIPlugin
2025-10-09 09:19:48,108 [INFO] PluginManager:220 - loadIPPluginJar : add fatfs
2025-10-09 09:19:48,113 [INFO] IPUIPlugin:80 - create IPUIPlugin
2025-10-09 09:19:48,114 [INFO] PluginManager:220 - loadIPPluginJar : add mdma
2025-10-09 09:19:48,115 [INFO] IPUIPlugin:80 - create IPUIPlugin
2025-10-09 09:19:48,115 [INFO] PluginManager:220 - loadIPPluginJar : add ltdc
2025-10-09 09:19:48,119 [INFO] IPUIPlugin:80 - create IPUIPlugin
2025-10-09 09:19:48,119 [INFO] PluginManager:220 - loadIPPluginJar : add gpio
2025-10-09 09:19:48,121 [INFO] IPUIPlugin:80 - create IPUIPlugin
2025-10-09 09:19:48,121 [INFO] PluginManager:220 - loadIPPluginJar : add opamp
2025-10-09 09:19:48,123 [INFO] IPUIPlugin:80 - create IPUIPlugin
2025-10-09 09:19:48,123 [INFO] PluginManager:220 - loadIPPluginJar : add usart
2025-10-09 09:19:48,126 [INFO] IPUIPlugin:80 - create IPUIPlugin
2025-10-09 09:19:48,126 [INFO] PluginManager:220 - loadIPPluginJar : add usbx
2025-10-09 09:19:48,127 [INFO] IPUIPlugin:80 - create IPUIPlugin
2025-10-09 09:19:48,127 [INFO] PluginManager:220 - loadIPPluginJar : add tim
2025-10-09 09:19:48,129 [INFO] IPUIPlugin:80 - create IPUIPlugin
2025-10-09 09:19:48,130 [INFO] PluginManager:220 - loadIPPluginJar : add lorawan
2025-10-09 09:19:48,132 [INFO] IPUIPlugin:80 - create IPUIPlugin
2025-10-09 09:19:48,132 [INFO] PluginManager:220 - loadIPPluginJar : add i2s
2025-10-09 09:19:48,138 [INFO] IPUIPlugin:80 - create IPUIPlugin
2025-10-09 09:19:48,138 [INFO] PluginManager:220 - loadIPPluginJar : add adc
2025-10-09 09:19:48,140 [INFO] IPUIPlugin:80 - create IPUIPlugin
2025-10-09 09:19:48,141 [INFO] PluginManager:220 - loadIPPluginJar : add extmemmanager
2025-10-09 09:19:48,142 [INFO] IPUIPlugin:80 - create IPUIPlugin
2025-10-09 09:19:48,143 [INFO] PluginManager:220 - loadIPPluginJar : add comp
2025-10-09 09:19:48,144 [INFO] IPUIPlugin:80 - create IPUIPlugin
2025-10-09 09:19:48,144 [INFO] PluginManager:220 - loadIPPluginJar : add genericplugin
2025-10-09 09:19:48,145 [INFO] IPUIPlugin:80 - create IPUIPlugin
2025-10-09 09:19:48,145 [INFO] PluginManager:220 - loadIPPluginJar : add ts
2025-10-09 09:19:48,147 [INFO] IPUIPlugin:80 - create IPUIPlugin
2025-10-09 09:19:48,147 [INFO] PluginManager:220 - loadIPPluginJar : add ucpd
2025-10-09 09:19:48,149 [INFO] IPUIPlugin:80 - create IPUIPlugin
2025-10-09 09:19:48,149 [INFO] PluginManager:220 - loadIPPluginJar : add can
2025-10-09 09:19:48,152 [INFO] IPUIPlugin:80 - create IPUIPlugin
2025-10-09 09:19:48,153 [INFO] PluginManager:220 - loadIPPluginJar : add touchsensing
2025-10-09 09:19:48,154 [INFO] IPUIPlugin:80 - create IPUIPlugin
2025-10-09 09:19:48,155 [INFO] PluginManager:220 - loadIPPluginJar : add tracer_emb
2025-10-09 09:19:48,162 [INFO] IPUIPlugin:80 - create IPUIPlugin
2025-10-09 09:19:48,162 [INFO] PluginManager:220 - loadIPPluginJar : add stm32_wpan
2025-10-09 09:19:48,164 [INFO] IPUIPlugin:80 - create IPUIPlugin
2025-10-09 09:19:48,164 [INFO] PluginManager:220 - loadIPPluginJar : add tsc
2025-10-09 09:19:48,166 [INFO] IPUIPlugin:80 - create IPUIPlugin
2025-10-09 09:19:48,166 [INFO] PluginManager:220 - loadIPPluginJar : add gfxmmu
2025-10-09 09:19:48,170 [INFO] IPUIPlugin:80 - create IPUIPlugin
2025-10-09 09:19:48,170 [INFO] PluginManager:220 - loadIPPluginJar : add ipddr
2025-10-09 09:19:48,173 [INFO] IPUIPlugin:80 - create IPUIPlugin
2025-10-09 09:19:48,173 [INFO] PluginManager:220 - loadIPPluginJar : add i2c
2025-10-09 09:19:48,176 [INFO] IPUIPlugin:80 - create IPUIPlugin
2025-10-09 09:19:48,177 [INFO] PluginManager:220 - loadIPPluginJar : add nvic
2025-10-09 09:19:48,179 [INFO] IPUIPlugin:80 - create IPUIPlugin
2025-10-09 09:19:48,179 [INFO] PluginManager:220 - loadIPPluginJar : add i3c
2025-10-09 09:19:48,182 [INFO] IPUIPlugin:80 - create IPUIPlugin
2025-10-09 09:19:48,182 [INFO] PluginManager:220 - loadIPPluginJar : add dfsdm
2025-10-09 09:19:48,184 [INFO] IPUIPlugin:80 - create IPUIPlugin
2025-10-09 09:19:48,184 [INFO] PluginManager:220 - loadIPPluginJar : add pdm2pcm
2025-10-09 09:19:48,187 [INFO] IPUIPlugin:80 - create IPUIPlugin
2025-10-09 09:19:48,187 [INFO] PluginManager:220 - loadIPPluginJar : add openamp
2025-10-09 09:19:48,193 [INFO] IPUIPlugin:80 - create IPUIPlugin
2025-10-09 09:19:48,193 [INFO] PluginManager:220 - loadIPPluginJar : add dma
2025-10-09 09:19:48,196 [INFO] IPUIPlugin:80 - create IPUIPlugin
2025-10-09 09:19:48,196 [INFO] PluginManager:220 - loadIPPluginJar : add sai
2025-10-09 09:19:48,198 [INFO] IPUIPlugin:80 - create IPUIPlugin
2025-10-09 09:19:48,198 [INFO] PluginManager:220 - loadIPPluginJar : add hash
2025-10-09 09:19:48,204 [INFO] IPUIPlugin:80 - create IPUIPlugin
2025-10-09 09:19:48,204 [INFO] PluginManager:220 - loadIPPluginJar : add linkedlist
2025-10-09 09:19:48,206 [INFO] IPUIPlugin:80 - create IPUIPlugin
2025-10-09 09:19:48,206 [INFO] PluginManager:220 - loadIPPluginJar : add cryp
2025-10-09 09:19:48,304 [FATAL] Updater:351 - Updater called before beeing initialized
2025-10-09 09:19:48,331 [INFO] RulesReader:64 - Compatibility file has been processed (317 Rules)
2025-10-09 09:19:48,344 [INFO] RulesReader:64 - Compatibility file has been processed (317 Rules)
2025-10-09 09:19:48,351 [INFO] CADModel:165 - CPN selected for project level
2025-10-09 09:19:48,351 [INFO] CADModel:114 - Register for checkConnection events
2025-10-09 09:19:48,352 [FATAL] Updater:351 - Updater called before beeing initialized
2025-10-09 09:19:48,352 [ERROR] CADModel:125 - Updater not yet initialized, retry later 
2025-10-09 09:19:48,460 [FATAL] Updater:351 - Updater called before beeing initialized
2025-10-09 09:19:48,462 [INFO] CADModel:165 - CPN selected for project level
2025-10-09 09:19:48,462 [INFO] CADModel:114 - Register for checkConnection events
2025-10-09 09:19:48,462 [FATAL] Updater:351 - Updater called before beeing initialized
2025-10-09 09:19:48,462 [ERROR] CADModel:125 - Updater not yet initialized, retry later 
2025-10-09 09:19:48,465 [FATAL] Updater:351 - Updater called before beeing initialized
2025-10-09 09:19:48,536 [FATAL] Updater:351 - Updater called before beeing initialized
2025-10-09 09:19:48,539 [INFO] DbMcusAds:53 - JSON generation date=Tue Jul 08 15:14:23 ICT 2025 (1751962463582)
2025-10-09 09:19:48,539 [FATAL] Updater:351 - Updater called before beeing initialized
2025-10-09 09:19:48,569 [WARN] DetailPanel:346 - Failed to get advertising image, set to default
2025-10-09 09:19:48,625 [FATAL] Updater:351 - Updater called before beeing initialized
2025-10-09 09:19:48,626 [FATAL] Updater:351 - Updater called before beeing initialized
2025-10-09 09:19:48,626 [FATAL] Updater:351 - Updater called before beeing initialized
2025-10-09 09:19:48,626 [WARN] DetailPanel:346 - Failed to get advertising image, set to default
2025-10-09 09:19:48,627 [FATAL] Updater:351 - Updater called before beeing initialized
2025-10-09 09:19:48,650 [ERROR] Updater:1198 - MainUpdater not yet initialized. External WinMGr cannot be set.
2025-10-09 09:19:48,651 [INFO] Updater:1134 - Updater Version found : 6.15.0
2025-10-09 09:19:48,665 [INFO] ApplicationProperties:184 - Using Application install path: /home/tuna/st/stm32cubeide_1.18.1/plugins/com.st.stm32cube.common.mx_6.15.0.202507011659
2025-10-09 09:19:49,623 [INFO] MainUpdater:2872 - connection check result : 10
2025-10-09 09:19:49,623 [INFO] MainUpdater:3604 - Updater definition file requires update
2025-10-09 09:19:49,623 [INFO] MainUpdater:289 - Updater Check For Update Now.
2025-10-09 09:19:49,623 [INFO] MicroXplorer:498 - Change Database Version : DB.6.0.150
2025-10-09 09:19:49,628 [INFO] McuFinderGlobals:63 - Set McuFinder mode to 2 (CubeIDE integrated)
2025-10-09 09:19:49,629 [INFO] UserAuth:487 - Internet connection configuration mode: 1
2025-10-09 09:19:49,648 [INFO] JxBrowserEngine:152 - Initiate JxBrowser Engine with user profile folder
2025-10-09 09:19:50,470 [INFO] ServerAccessManage:452 - Complete download http(s) 200
2025-10-09 09:19:50,471 [INFO] ServerAccessManage:509 - Download File updaters.zip
2025-10-09 09:19:50,685 [INFO] WebApp:169 - Instantiating new browser for Auth
2025-10-09 09:19:50,699 [WARN] MainUpdater:1193 - Updater busy. Cannot search thirdparties
2025-10-09 09:19:50,699 [INFO] ThirdPartyUpdaterWithRetryManager:96 - Updater plugin is busy. [1/15]
2025-10-09 09:19:51,284 [INFO] FileExtend:248 - Unzip File : updaters.zip
2025-10-09 09:19:51,285 [INFO] FileExtend:263 - Standard Zip Deflate
2025-10-09 09:19:51,373 [INFO] WebApp:463 - Apply proxy settings
2025-10-09 09:19:51,373 [INFO] WebApp:548 - Chromium requires no authentication
2025-10-09 09:19:51,385 [INFO] WebApp:491 - Direct internet connection detected
2025-10-09 09:19:51,403 [INFO] WebApp:900 - Register for checkConnection events
2025-10-09 09:19:51,403 [INFO] WebApp:463 - Apply proxy settings
2025-10-09 09:19:51,403 [INFO] WebApp:548 - Chromium requires no authentication
2025-10-09 09:19:51,404 [INFO] WebApp:491 - Direct internet connection detected
2025-10-09 09:19:51,555 [INFO] WebApp:225 - Starting web application
2025-10-09 09:19:51,555 [INFO] WebApp:593 - Web application path used /home/tuna/st/stm32cubeide_1.18.1/plugins/com.st.stm32cube.common.mx_6.15.0.202507011659/db/plugins/mcufinder/reactClient1/index.html
2025-10-09 09:19:51,694 [INFO] ServerAccessManage:452 - Complete download http(s) 200
2025-10-09 09:19:51,695 [INFO] ServerAccessManage:509 - Download File PacksControlFlags.xml
2025-10-09 09:19:52,057 [INFO] ServerAccessManage:452 - Complete download http(s) 200
2025-10-09 09:19:52,057 [INFO] ServerAccessManage:509 - Download File cubemx.pidx
2025-10-09 09:19:52,545 [INFO] WebApp:191 - Connection restablished
2025-10-09 09:19:52,580 [INFO] UserAuth:487 - Internet connection configuration mode: 1
2025-10-09 09:19:53,592 [INFO] ServerAccessManage:452 - Complete download http(s) 200
2025-10-09 09:19:53,593 [INFO] ServerAccessManage:509 - Download File STMicroelectronics.X-CUBE-TOUCHGFX.pdsc
2025-10-09 09:19:53,700 [WARN] MainUpdater:1193 - Updater busy. Cannot search thirdparties
2025-10-09 09:19:53,700 [INFO] ThirdPartyUpdaterWithRetryManager:96 - Updater plugin is busy. [2/15]
2025-10-09 09:19:56,700 [WARN] MainUpdater:1193 - Updater busy. Cannot search thirdparties
2025-10-09 09:19:56,700 [INFO] ThirdPartyUpdaterWithRetryManager:96 - Updater plugin is busy. [3/15]
2025-10-09 09:19:59,701 [WARN] MainUpdater:1193 - Updater busy. Cannot search thirdparties
2025-10-09 09:19:59,701 [INFO] ThirdPartyUpdaterWithRetryManager:96 - Updater plugin is busy. [4/15]
2025-10-09 09:20:02,701 [WARN] MainUpdater:1193 - Updater busy. Cannot search thirdparties
2025-10-09 09:20:02,701 [INFO] ThirdPartyUpdaterWithRetryManager:96 - Updater plugin is busy. [5/15]
2025-10-09 09:20:05,701 [WARN] MainUpdater:1193 - Updater busy. Cannot search thirdparties
2025-10-09 09:20:05,701 [INFO] ThirdPartyUpdaterWithRetryManager:96 - Updater plugin is busy. [6/15]
2025-10-09 09:20:08,702 [WARN] MainUpdater:1193 - Updater busy. Cannot search thirdparties
2025-10-09 09:20:08,702 [INFO] ThirdPartyUpdaterWithRetryManager:96 - Updater plugin is busy. [7/15]
2025-10-09 09:20:11,656 [WARN] PackLoader:240 - Cannot read IP mode file for STMicroelectronics.X-CUBE-TOUCHGFX.4.26.0
2025-10-09 09:20:11,657 [INFO] PopulateThirdPartyThread:66 - Ending populate Thread
2025-10-09 09:20:11,658 [INFO] ThirdParty:1030 - CMSIS Pack Vendor :STMicroelectronics X-CUBE-TOUCHGFX 4.26.0
2025-10-09 09:20:11,658 [INFO] LoadServerUpdatesThread:375 - End of LoadServerUpdate Thread
2025-10-09 09:20:11,702 [WARN] MainUpdater:1193 - Updater busy. Cannot search thirdparties
2025-10-09 09:20:11,702 [INFO] ThirdPartyUpdaterWithRetryManager:96 - Updater plugin is busy. [8/15]
2025-10-09 09:20:11,791 [INFO] CheckServerUpdateThread:120 - End of CheckServer Thread
2025-10-09 09:20:14,816 [WARN] PackLoader:240 - Cannot read IP mode file for STMicroelectronics.FP-SNS-MOTENVWB1.1.4.0
2025-10-09 09:20:14,821 [WARN] PackLoader:240 - Cannot read IP mode file for STMicroelectronics.FP-ATR-ASTRA1.2.0.2
2025-10-09 09:20:14,825 [WARN] PackLoader:240 - Cannot read IP mode file for STMicroelectronics.X-CUBE-SMBUS.2.1.0
2025-10-09 09:20:14,828 [WARN] PackLoader:240 - Cannot read IP mode file for STMicroelectronics.X-CUBE-ST60.1.0.0
2025-10-09 09:20:14,846 [WARN] PackLoader:240 - Cannot read IP mode file for STMicroelectronics.X-CUBE-AZRTOS-F7.1.1.0
2025-10-09 09:20:14,869 [WARN] PackLoader:240 - Cannot read IP mode file for Infineon.AIROC-Wi-Fi-Bluetooth-STM32.1.7.1
2025-10-09 09:20:14,899 [WARN] PackLoader:240 - Cannot read IP mode file for STMicroelectronics.X-CUBE-AZRTOS-H7.3.4.0
2025-10-09 09:20:14,906 [WARN] PackLoader:240 - Cannot read IP mode file for STMicroelectronics.X-CUBE-DISPLAY.3.0.0
2025-10-09 09:20:14,914 [WARN] PackLoader:240 - Cannot read IP mode file for STMicroelectronics.X-CUBE-NFC10.1.0.0
2025-10-09 09:20:14,919 [WARN] PackLoader:240 - Cannot read IP mode file for emotas.I-CUBE-CANOPEN.1.3.0
2025-10-09 09:20:14,924 [WARN] PackLoader:240 - Cannot read IP mode file for STMicroelectronics.FP-SNS-STBOX1.2.1.0
2025-10-09 09:20:14,928 [WARN] PackLoader:240 - Cannot read IP mode file for STMicroelectronics.FP-SNS-SMARTAG2.1.2.0
2025-10-09 09:20:14,931 [WARN] PackLoader:240 - Cannot read IP mode file for STMicroelectronics.FP-SNS-FLIGHT1.5.1.0
2025-10-09 09:20:14,937 [INFO] LogOutputStream:77 - [STDOUT_REDIRECT] 1 : Invalid condition id : UX_CORESTACK_Condition cause : null
2025-10-09 09:20:14,937 [INFO] LogOutputStream:77 - [STDOUT_REDIRECT] 1 : Invalid condition id : UX_CORESTACK_Condition cause : null
2025-10-09 09:20:14,937 [INFO] LogOutputStream:77 - [STDOUT_REDIRECT] 1 : Invalid condition id : UX_CORESTACK_Condition cause : null
2025-10-09 09:20:14,938 [INFO] LogOutputStream:77 - [STDOUT_REDIRECT] 1 : Invalid condition id : UX_CORESTACK_Condition cause : null
2025-10-09 09:20:14,938 [INFO] LogOutputStream:77 - [STDOUT_REDIRECT] 1 : Invalid condition id : UX_CORESTACK_Condition cause : null
2025-10-09 09:20:14,940 [WARN] PackLoader:240 - Cannot read IP mode file for STMicroelectronics.X-CUBE-AZRTOS-WL.2.0.0
2025-10-09 09:20:14,943 [WARN] PackLoader:240 - Cannot read IP mode file for STMicroelectronics.FP-SNS-MOTENV1.5.0.0
2025-10-09 09:20:14,948 [WARN] PackLoader:240 - Cannot read IP mode file for WES.I-CUBE-Cesium.1.3.0
2025-10-09 09:20:14,951 [WARN] PackLoader:240 - Cannot read IP mode file for STMicroelectronics.X-CUBE-BLE2.3.3.0
2025-10-09 09:20:14,955 [WARN] PackLoader:240 - Cannot read IP mode file for STMicroelectronics.X-CUBE-NFC9.1.0.0
2025-10-09 09:20:14,959 [WARN] PackLoader:240 - Cannot read IP mode file for wolfSSL.I-CUBE-wolfSSL.5.8.2
2025-10-09 09:20:14,962 [WARN] PackLoader:240 - Cannot read IP mode file for STMicroelectronics.X-CUBE-BLE1.7.1.0
2025-10-09 09:20:14,965 [WARN] PackLoader:240 - Cannot read IP mode file for wolfSSL.I-CUBE-wolfMQTT.1.19.2
2025-10-09 09:20:14,968 [WARN] PackLoader:240 - Cannot read IP mode file for STMicroelectronics.X-CUBE-EEPRMA1.5.2.0
2025-10-09 09:20:14,972 [WARN] PackLoader:240 - Cannot read IP mode file for STMicroelectronics.X-CUBE-AI.10.1.0
2025-10-09 09:20:14,980 [WARN] PackLoader:240 - Cannot read IP mode file for STMicroelectronics.X-CUBE-AZRTOS-G0.1.1.0
2025-10-09 09:20:14,985 [WARN] PackLoader:240 - Cannot read IP mode file for STMicroelectronics.X-CUBE-SAFEA1.1.2.2
2025-10-09 09:20:14,989 [WARN] PackLoader:240 - Cannot read IP mode file for STMicroelectronics.X-CUBE-NFC4.3.0.0
2025-10-09 09:20:15,004 [WARN] PackLoader:240 - Cannot read IP mode file for EmbeddedOffice.I-CUBE-FS-RTOS.1.0.1
2025-10-09 09:20:15,009 [WARN] PackLoader:240 - Cannot read IP mode file for STMicroelectronics.X-CUBE-WB05N.2.0.0
2025-10-09 09:20:15,012 [WARN] PackLoader:240 - Cannot read IP mode file for wolfSSL.I-CUBE-wolfTPM.3.8.0
2025-10-09 09:20:15,016 [WARN] PackLoader:240 - Cannot read IP mode file for STMicroelectronics.X-CUBE-TCPP.4.2.0
2025-10-09 09:20:15,019 [WARN] PackLoader:240 - Cannot read IP mode file for RealThread.X-CUBE-RT-Thread_Nano.4.1.1
2025-10-09 09:20:15,022 [WARN] PackLoader:240 - Cannot read IP mode file for STMicroelectronics.FP-ATR-SIGFOX1.3.2.0
2025-10-09 09:20:15,026 [WARN] PackLoader:240 - Cannot read IP mode file for ITTIA_DB.I-CUBE-ITTIADB.8.9.0
2025-10-09 09:20:15,030 [WARN] PackLoader:240 - Cannot read IP mode file for STMicroelectronics.X-CUBE-ST67W61.1.0.0
2025-10-09 09:20:15,033 [WARN] PackLoader:240 - Cannot read IP mode file for STMicroelectronics.X-CUBE-AI.10.2.0
2025-10-09 09:20:15,054 [WARN] PackLoader:240 - Cannot read IP mode file for SEGGER.I-CUBE-embOS.1.3.1
2025-10-09 09:20:15,081 [WARN] PackLoader:240 - Cannot read IP mode file for STMicroelectronics.X-CUBE-ALGOBUILD.1.4.0
2025-10-09 09:20:15,126 [WARN] PackLoader:240 - Cannot read IP mode file for STMicroelectronics.X-CUBE-MEMS1.11.3.0
2025-10-09 09:20:15,261 [WARN] PackLoader:240 - Cannot read IP mode file for STMicroelectronics.X-CUBE-PM33A1.1.0.0
2025-10-09 09:20:15,277 [WARN] PackLoader:240 - Cannot read IP mode file for STMicroelectronics.X-CUBE-AZRTOS-F4.1.1.0
2025-10-09 09:20:15,282 [WARN] PackLoader:240 - Cannot read IP mode file for Avnet-IotConnect.X-CUBE-IoTC-DA16k-PMOD.1.0.0
2025-10-09 09:20:15,286 [WARN] PackLoader:240 - Cannot read IP mode file for STMicroelectronics.X-CUBE-ISPU.2.1.0
2025-10-09 09:20:15,292 [WARN] PackLoader:240 - Cannot read IP mode file for STMicroelectronics.X-CUBE-NFC12.1.0.0
2025-10-09 09:20:15,308 [WARN] PackLoader:240 - Cannot read IP mode file for STMicroelectronics.X-CUBE-AZRTOS-L5.2.0.0
2025-10-09 09:20:15,318 [WARN] PackLoader:240 - Cannot read IP mode file for STMicroelectronics.X-CUBE-NFC6.3.1.0
2025-10-09 09:20:15,325 [WARN] PackLoader:240 - Cannot read IP mode file for STMicroelectronics.X-CUBE-FREERTOS.1.3.1
2025-10-09 09:20:15,328 [WARN] PackLoader:240 - Cannot read IP mode file for STMicroelectronics.X-CUBE-TOUCHGFX.4.26.0
2025-10-09 09:20:15,332 [WARN] PackLoader:240 - Cannot read IP mode file for STMicroelectronics.FP-SNS-STAIOTCFT.1.0.0
2025-10-09 09:20:15,337 [WARN] PackLoader:240 - Cannot read IP mode file for STMicroelectronics.X-CUBE-DPower.1.3.0
2025-10-09 09:20:15,353 [WARN] ConditionMgr:438 - getConditionDescription Invalid condition id : LAN8742 Phy interface Condition cause : null
2025-10-09 09:20:15,353 [WARN] PackLoader:240 - Cannot read IP mode file for STMicroelectronics.X-CUBE-AZRTOS-L4.2.0.0
2025-10-09 09:20:15,355 [WARN] ConditionMgr:1044 - genDependencies : Invalid condition id : LAN8742 Phy interface Condition cause : null
2025-10-09 09:20:15,355 [WARN] ConditionMgr:1044 - genDependencies : Invalid condition id : LAN8742 Phy interface Condition cause : null
2025-10-09 09:20:15,356 [WARN] ConditionMgr:1044 - genDependencies : Invalid condition id : LAN8742 Phy interface Condition cause : null
2025-10-09 09:20:15,363 [WARN] PackLoader:240 - Cannot read IP mode file for STMicroelectronics.X-CUBE-SFXS2LP1.4.0.0
2025-10-09 09:20:15,373 [WARN] PackLoader:240 - Cannot read IP mode file for STMicroelectronics.X-CUBE-BLEMGR.4.1.0
2025-10-09 09:20:15,387 [WARN] ConditionMgr:438 - getConditionDescription Invalid condition id : UX DEVICE CLASS RTOS Condition cause : null
2025-10-09 09:20:15,387 [WARN] ConditionMgr:438 - getConditionDescription Invalid condition id : UX DEVICE CLASS RTOS Condition cause : null
2025-10-09 09:20:15,389 [WARN] PackLoader:240 - Cannot read IP mode file for STMicroelectronics.X-CUBE-AZRTOS-WB.2.0.0
2025-10-09 09:20:15,390 [WARN] ConditionMgr:1044 - genDependencies : Invalid condition id : UX DEVICE CLASS RTOS Condition cause : null
2025-10-09 09:20:15,390 [WARN] ConditionMgr:1044 - genDependencies : Invalid condition id : UX DEVICE CLASS RTOS Condition cause : null
2025-10-09 09:20:15,391 [WARN] ConditionMgr:1044 - genDependencies : Invalid condition id : UX DEVICE CLASS RTOS Condition cause : null
2025-10-09 09:20:15,391 [WARN] ConditionMgr:1044 - genDependencies : Invalid condition id : UX DEVICE CLASS RTOS Condition cause : null
2025-10-09 09:20:15,391 [WARN] ConditionMgr:1044 - genDependencies : Invalid condition id : UX DEVICE CLASS RTOS Condition cause : null
2025-10-09 09:20:15,396 [WARN] PackLoader:240 - Cannot read IP mode file for STMicroelectronics.X-CUBE-GNSS1.7.0.1
2025-10-09 09:20:15,400 [WARN] PackLoader:240 - Cannot read IP mode file for STMicroelectronics.X-CUBE-TOUCHGFX.4.25.0
2025-10-09 09:20:15,405 [WARN] PackLoader:240 - Cannot read IP mode file for STMicroelectronics.FP-SNS-STBOX1.2.0.0
2025-10-09 09:20:15,410 [WARN] ConditionMgr:438 - getConditionDescription Invalid condition id : Cortex-A Device cause : null
2025-10-09 09:20:15,419 [WARN] ConditionMgr:1044 - genDependencies : Invalid condition id : Cortex-A Device cause : null
2025-10-09 09:20:15,419 [WARN] ConditionMgr:1044 - genDependencies : Invalid condition id : Cortex-A Device cause : null
2025-10-09 09:20:15,419 [WARN] ConditionMgr:1044 - genDependencies : Invalid condition id : Cortex-A Device cause : null
2025-10-09 09:20:15,426 [WARN] PackLoader:240 - Cannot read IP mode file for STMicroelectronics.X-CUBE-SUBG2.5.0.0
2025-10-09 09:20:15,440 [WARN] PackLoader:240 - Cannot read IP mode file for STMicroelectronics.X-CUBE-AZRTOS-H7RS.1.1.0
2025-10-09 09:20:15,444 [WARN] PackLoader:240 - Cannot read IP mode file for Cesanta.I-CUBE-Mongoose.7.13.0
2025-10-09 09:20:15,452 [WARN] PackLoader:240 - Cannot read IP mode file for STMicroelectronics.X-CUBE-AZRTOS-G4.2.0.0
2025-10-09 09:20:15,456 [WARN] PackLoader:240 - Cannot read IP mode file for wolfSSL.I-CUBE-wolfSSH.1.4.20
2025-10-09 09:20:15,459 [WARN] PackLoader:240 - Cannot read IP mode file for STMicroelectronics.X-CUBE-NFC7.2.0.0
2025-10-09 09:20:15,479 [WARN] PackLoader:240 - Cannot read IP mode file for STMicroelectronics.X-CUBE-IPS.3.1.0
2025-10-09 09:20:15,487 [WARN] PackLoader:240 - Cannot read IP mode file for STMicroelectronics.X-CUBE-ALS.1.0.2
2025-10-09 09:20:15,494 [WARN] PackLoader:240 - Cannot read IP mode file for STMicroelectronics.X-CUBE-STSE01.1.0.0
2025-10-09 09:20:15,500 [WARN] PackLoader:240 - Cannot read IP mode file for portGmbH.I-Cube-SoM-uGOAL.1.1.0
2025-10-09 09:20:15,510 [WARN] PackLoader:240 - Cannot read IP mode file for STMicroelectronics.X-CUBE-TOF1.3.4.3
2025-10-09 09:20:15,521 [INFO] ThirdParty:978 - Integrity check success = true
2025-10-09 09:20:15,521 [INFO] IntegrityCheckThread:100 - exiting critical section [integrity check]
2025-10-09 09:20:15,521 [INFO] IntegrityCheckThread:103 - End integrity checks thread
2025-10-09 09:20:47,181 [INFO] McuFinderGlobals:63 - Set McuFinder mode to 2 (CubeIDE integrated)
2025-10-09 09:20:47,184 [INFO] MainUpdater:2872 - connection check result : 10
2025-10-09 09:20:47,186 [INFO] McuFinderGlobals:76 - Set McuFinderConnectedMode to true
2025-10-09 09:20:48,756 [INFO] ServerAccessManage:452 - Complete download http(s) 200
2025-10-09 09:20:48,757 [INFO] ServerAccessManage:509 - Download File mcusAds.json._tmp_
2025-10-09 09:20:48,860 [INFO] LoadUrlFilesThread:156 - End of LoadUrlFiles Thread
2025-10-09 09:20:49,946 [INFO] ServerAccessManage:452 - Complete download http(s) 200
2025-10-09 09:20:49,947 [INFO] ServerAccessManage:509 - Download File cube-finder-db.zip
2025-10-09 09:21:34,781 [INFO] FileExtend:248 - Unzip File : cube-finder-db.zip
2025-10-09 09:21:34,781 [INFO] FileExtend:263 - Standard Zip Deflate
2025-10-09 09:21:35,273 [INFO] LoadUrlFilesThread:156 - End of LoadUrlFiles Thread
2025-10-09 09:21:36,696 [INFO] ServerAccessManage:452 - Complete download http(s) 200
2025-10-09 09:21:36,697 [INFO] ServerAccessManage:509 - Download File crdb.zip
2025-10-09 09:21:38,386 [INFO] FileExtend:248 - Unzip File : crdb.zip
2025-10-09 09:21:38,386 [INFO] FileExtend:263 - Standard Zip Deflate
2025-10-09 09:21:38,502 [INFO] LoadUrlFilesThread:156 - End of LoadUrlFiles Thread
2025-10-09 09:21:38,887 [INFO] ServerAccessManage:452 - Complete download http(s) 200
2025-10-09 09:21:38,887 [INFO] ServerAccessManage:509 - Download File tutoVideoDB.zip
2025-10-09 09:21:39,067 [INFO] FileExtend:248 - Unzip File : tutoVideoDB.zip
2025-10-09 09:21:39,067 [INFO] FileExtend:263 - Standard Zip Deflate
2025-10-09 09:21:39,170 [INFO] LoadUrlFilesThread:156 - End of LoadUrlFiles Thread
2025-10-09 09:21:39,172 [WARN] DbFile:41 - Overriding database path with different value: /home/tuna/.stmcufinder/plugins/mcufinder/ => /home/tuna/.stmcufinder/plugins/mcufinder
2025-10-09 09:21:39,558 [INFO] ServerAccessManage:452 - Complete download http(s) 200
2025-10-09 09:21:39,559 [INFO] ServerAccessManage:509 - Download File api_config.json
2025-10-09 09:21:39,663 [INFO] LoadUrlFilesThread:156 - End of LoadUrlFiles Thread
2025-10-09 09:21:39,664 [INFO] DbMcusAds:53 - JSON generation date=Thu Oct 02 16:36:05 ICT 2025 (1759397765645)
2025-10-09 09:21:40,912 [INFO] ServerAccessManage:452 - Complete download http(s) 200
2025-10-09 09:21:40,912 [INFO] ServerAccessManage:509 - Download File 
2025-10-09 09:21:41,502 [INFO] LoadUrlFilesThread:185 - End of LoadServerUrlFiles without Thread
2025-10-09 09:21:41,503 [INFO] TargetSelectorAdapter:259 - Refresh data is successful
2025-10-09 09:21:41,613 [INFO] ApiDb:581 - Connected to CubeFinder SQLite database (/home/tuna/.stmcufinder/plugins/mcufinder/mcu/cube-finder-db.db)
2025-10-09 09:21:41,656 [INFO] ApiDb:668 - CubeFinder database Data Model version=2.1
2025-10-09 09:21:41,656 [INFO] ApiDb:669 - CubeFinder database Configuration version=3.0.39
2025-10-09 09:21:41,657 [INFO] ApiDb:670 - CubeFinder database generation date=2025-08-25 (1756130511)
2025-10-09 09:21:41,657 [INFO] ApiDb:671 - CubeFinder database FW Pack versions=[FP-ATR-ASTRA1_V2.0.0, FP-SNS-FLIGHT1_V5.1.0, FP-SNS-MOTENV1_V5.0.0, FP-SNS-MOTENVWB1_V1.4.0, FP-SNS-SMARTAG2_V1.2.0, FP-SNS-STBOX1_V2.1.0, STM32Cube_FW_C0_V1.4.0, STM32Cube_FW_F4_V1.28.3, STM32Cube_FW_F7_V1.17.4, STM32Cube_FW_G0_V1.6.2, STM32Cube_FW_G4_V1.6.1, STM32Cube_FW_H5_V1.5.0, STM32Cube_FW_H7RS_V1.2.0, STM32Cube_FW_H7_V1.12.1, STM32Cube_FW_L0_V1.12.2, STM32Cube_FW_L4_V1.18.1, STM32Cube_FW_L5_V1.5.1, STM32Cube_FW_N6_V1.2.0, STM32Cube_FW_U0_V1.3.0, STM32Cube_FW_U3_V1.2.0, STM32Cube_FW_U5_V1.8.0, STM32Cube_FW_WB0_V1.3.0, STM32Cube_FW_WBA_V1.7.0, STM32Cube_FW_WB_V1.23.0, STM32Cube_FW_WL3_V1.2.0, STM32Cube_FW_WL_V1.3.1, X-CUBE-ALGOBUILD_V1.4.0, X-CUBE-ALS_V1.0.2, X-CUBE-AZRTOS-F4_V1.1.0, X-CUBE-AZRTOS-F7_V1.1.0, X-CUBE-AZRTOS-G0_V1.1.0, X-CUBE-AZRTOS-G4_V2.0.0, X-CUBE-AZRTOS-H7RS_V1.1.0, X-CUBE-AZRTOS-H7_V3.4.0, X-CUBE-AZRTOS-L4_V2.0.0, X-CUBE-AZRTOS-L5_V2.0.0, X-CUBE-AZRTOS-WB_V2.0.0, X-CUBE-AZRTOS-WL_V2.0.0, X-CUBE-BLE1_V7.1.0, X-CUBE-BLE2_V3.3.0, X-CUBE-BLEMGR_V4.1.0, X-CUBE-EEPRMA1_V5.2.0, X-CUBE-FREERTOS_V1.3.1, X-CUBE-GNSS1_V6.0.0, X-CUBE-MEMS1_V11.3.0, X-CUBE-NFC4_V3.0.0, X-CUBE-NFC7_V2.0.0, X-CUBE-SFXS2LP1_V4.0.0, X-CUBE-ST67W61_V1.0.0, X-CUBE-SUBG2_V5.0.0, X-CUBE-TOF1_V3.4.3]
2025-10-09 09:21:43,442 [INFO] ApiDb:240 - Found 880 in-development CPN: [B-G473E-ZEST1S, B-WB1M-WPAN1, B-WBA5M-WPAN, B-WL5M-SUBG1, NUCLEO-C031C6, NUCLEO-C051C8, NUCLEO-C071RB, NUCLEO-C092RC, NUCLEO-H503RB, NUCLEO-H533RE, NUCLEO-H563ZI, NUCLEO-H7S3L8, NUCLEO-N657X0-Q, NUCLEO-U031R8, NUCLEO-U083RC, NUCLEO-U385RG-Q, NUCLEO-U545RE-Q, NUCLEO-U5A5ZJ-Q, NUCLEO-WB05KZ, NUCLEO-WB07CC, NUCLEO-WB09KE, NUCLEO-WBA52CG, NUCLEO-WBA55CG, NUCLEO-WL33CC1, NUCLEO-WL33CC2, STEVAL-PROTEUS1, STEVAL-SMARTAG2, STEVAL-STWINBX1, STM320518-EVAL, STM32C0116-DK, STM32C011D6Y3TR, STM32C011D6Y6TR, STM32C011F4P3, STM32C011F4P6, STM32C011F4U3, STM32C011F4U6TR, STM32C011F6P3, STM32C011F6P6, STM32C011F6U3, STM32C011F6U6TR, STM32C011J4M3, STM32C011J4M6, STM32C011J6M3, STM32C011J6M6, STM32C0316-DK, STM32C031C4T3, STM32C031C4T6, STM32C031C4U3, STM32C031C4U6, STM32C031C6T3, STM32C031C6T6, STM32C031C6U3, STM32C031C6U6, STM32C031F4P3, STM32C031F4P6, STM32C031F6P3, STM32C031F6P6, STM32C031G4U3, STM32C031G4U6, STM32C031G6U3, STM32C031G6U6, STM32C031K4T3, STM32C031K4T6, STM32C031K4U3, STM32C031K4U6, STM32C031K6T3, STM32C031K6T6, STM32C031K6U3, STM32C031K6U6, STM32C051C6T6, STM32C051C6U6, STM32C051C8T6, STM32C051C8U6, STM32C051D8Y6TR, STM32C051F6P6, STM32C051F8P6, STM32C051G6U6, STM32C051G8U6, STM32C051K6T6, STM32C051K6U6, STM32C051K8T6, STM32C071C8T6, STM32C071C8T6N, STM32C071C8U6, STM32C071C8U6N, STM32C071CBT6, STM32C071CBT6N, STM32C071CBU6, STM32C071CBU6N, STM32C071F8P6, STM32C071F8P6N, STM32C071FBP6, STM32C071FBP6N, STM32C071FBY6TR, STM32C071G8U6, STM32C071G8U6N, STM32C071GBU6, STM32C071GBU6N, STM32C071K8T6, STM32C071K8T6N, STM32C071K8U6, STM32C071K8U6N, STM32C071KBT6, STM32C071KBT6N, STM32C071KBU6, STM32C071KBU6N, STM32C071R8T6, STM32C071R8T6N, STM32C071RBI6N, STM32C071RBT6, STM32C071RBT6N, STM32C091CBT6, STM32C091CBU6, STM32C091CCT6, STM32C091CCU6, STM32C091ECY6TR, STM32C091FBP6, STM32C091FCP6, STM32C091GBU6, STM32C091GCU6, STM32C091KBT6, STM32C091KBU6, STM32C091KCT6, STM32C091KCU6, STM32C091RBT6, STM32C091RCI6, STM32C091RCT6, STM32C092CBT6, STM32C092CBU6, STM32C092CCT6, STM32C092CCU6, STM32C092ECY6TR, STM32C092FBP6, STM32C092FCP6, STM32C092GBU6, STM32C092GCU6, STM32C092KBT6, STM32C092KBU6, STM32C092KCT6, STM32C092KCU6, STM32C092RBT6, STM32C092RCI6, STM32C092RCT6, STM32G071K8TXN, STM32G071K8UXN, STM32G081GBU6N, STM32G081KBT6N, STM32G081KBUXN, STM32G0B1CCT6N, STM32G0B1KCT6, STM32G0B1NEY6TR, STM32G0B1RCT6N, STM32G0C1CCT6, STM32G0C1CCT6N, STM32G0C1CCU6N, STM32G0C1CET6N, STM32G0C1CEU6N, STM32G0C1KCT6, STM32G0C1NEY6TR, STM32G0C1RCI6N, STM32G0C1RCT6N, STM32G0C1REI6N, STM32G0C1RET6N, STM32G0C1VCI6, STM32G0C1VEI6, STM32G411C6T3, STM32G411C6T6, STM32G411C6U3, STM32G411C6U6, STM32G411C8T3, STM32G411C8T6, STM32G411C8U3, STM32G411C8U6, STM32G411CBT3, STM32G411CBT6, STM32G411CBU3, STM32G411CBU6, STM32G411K6T3, STM32G411K6T6, STM32G411K6U3, STM32G411K6U6, STM32G411K8T3, STM32G411K8T6, STM32G411K8U3, STM32G411K8U6, STM32G411KBT3, STM32G411KBT6, STM32G411KBU3, STM32G411KBU6, STM32G411M6T3, STM32G411M6T6, STM32G411M8T3, STM32G411M8T6, STM32G411MBT3, STM32G411MBT6, STM32G411R6T3, STM32G411R6T6, STM32G411R8T3, STM32G411R8T6, STM32G411RBT3, STM32G411RBT6, STM32G414CBT3, STM32G414CBT6, STM32G414CBU3, STM32G414CBU6, STM32G414CCT3, STM32G414CCT6, STM32G414CCU3, STM32G414CCU6, STM32G414MBT3, STM32G414MBT6, STM32G414MCT3, STM32G414MCT6, STM32G414RBT3, STM32G414RBT6, STM32G414RCT3, STM32G414RCT6, STM32G414VBT3, STM32G414VBT6, STM32G414VCT3, STM32G414VCT6, STM32G431CBT3Z, STM32G431RBT3Z, STM32G471CCT6, STM32G471CCU6, STM32G471CET3, STM32G471CET6, STM32G471CEU3, STM32G471CEU6, STM32G471MCT6, STM32G471MET3, STM32G471MET6, STM32G471MEY6TR, STM32G471QCT6, STM32G471QET3, STM32G471RCT6, STM32G471RET3, STM32G471RET6, STM32G471VCH6, STM32G471VCI6, STM32G471VCT6, STM32G471VEH3, STM32G471VEH6, STM32G471VEI3, STM32G471VEI6, STM32G471VET3, STM32G471VET6, STM32G473QET3Z, STM32G473RET3Z, STM32G474CCT6, STM32G491RET3Z, STM32H503CBT6, STM32H503CBU6, STM32H503EBY6TR, STM32H503KBU6, STM32H503RBT6, STM32H523CCT6, STM32H523CCU6, STM32H523CET6, STM32H523CEU6, STM32H523HEY6TR, STM32H523RCT6, STM32H523RET6, STM32H523VCI6, STM32H523VCT6, STM32H523VEI6, STM32H523VET6, STM32H523ZCJ6, STM32H523ZCT6, STM32H523ZEJ6, STM32H523ZET6, STM32H533CET6, STM32H533CEU6, STM32H533HEY6TR, STM32H533RET6, STM32H533VEI6, STM32H533VET6, STM32H533ZEJ6, STM32H533ZET6, STM32H562AGI6, STM32H562AII6, STM32H562IGK6, STM32H562IGT6, STM32H562IIK6, STM32H562IIT6, STM32H562RGT6, STM32H562RGV6, STM32H562RIT6, STM32H562RIV6, STM32H562VGT6, STM32H562VIT6, STM32H562ZGT6, STM32H562ZIT6, STM32H563AGI6, STM32H563AII3Q, STM32H563AII6, STM32H563IGK6, STM32H563IGT6, STM32H563IIK3Q, STM32H563IIK6, STM32H563IIT3Q, STM32H563IIT6, STM32H563MIY3QTR, STM32H563RGT6, STM32H563RGV6, STM32H563RIT6, STM32H563RIV6, STM32H563VGT6, STM32H563VIT3Q, STM32H563VIT6, STM32H563ZGT6, STM32H563ZIT3Q, STM32H563ZIT6, STM32H573AII3Q, STM32H573AII6, STM32H573I-DK, STM32H573IIK3Q, STM32H573IIK6, STM32H573IIT3Q, STM32H573IIT6, STM32H573MIY3QTR, STM32H573RIT6, STM32H573RIV6, STM32H573VIT3Q, STM32H573VIT6, STM32H573ZIT3Q, STM32H573ZIT6, STM32H7R3A8I6, STM32H7R3I8K6, STM32H7R3I8T6, STM32H7R3L8H6, STM32H7R3L8H6H, STM32H7R3R8V6, STM32H7R3V8H6, STM32H7R3V8T6, STM32H7R3V8Y6TR, STM32H7R3Z8J6, STM32H7R3Z8T6, STM32H7R7A8I6, STM32H7R7I8K6, STM32H7R7I8T6, STM32H7R7L8H6, STM32H7R7L8H6H, STM32H7R7Z8J6, STM32H7S3A8I6, STM32H7S3I8K6, STM32H7S3I8T6, STM32H7S3L8H6, STM32H7S3L8H6H, STM32H7S3R8V6, STM32H7S3V8H6, STM32H7S3V8T6, STM32H7S3V8Y6TR, STM32H7S3Z8J6, STM32H7S3Z8T6, STM32H7S78-DK, STM32H7S7A8I6, STM32H7S7I8K6, STM32H7S7I8T6, STM32H7S7L8H6, STM32H7S7L8H6H, STM32H7S7Z8J6, STM32L4R5QGI6STR, STM32MP131AAE3, STM32MP131AAF3, STM32MP131AAG3, STM32MP131CAE3, STM32MP131CAF3, STM32MP131CAG3, STM32MP131DAE7, STM32MP131DAF7, STM32MP131DAG7, STM32MP131FAE7, STM32MP131FAF7, STM32MP131FAG7, STM32MP133AAE3, STM32MP133AAF3, STM32MP133AAG3, STM32MP133CAE3, STM32MP133CAF3, STM32MP133CAG3, STM32MP133DAE7, STM32MP133DAF7, STM32MP133DAG7, STM32MP133FAE7, STM32MP133FAF7, STM32MP133FAG7, STM32MP135AAE3, STM32MP135AAF3, STM32MP135AAG3, STM32MP135CAE3, STM32MP135CAF3, STM32MP135CAG3, STM32MP135DAE7, STM32MP135DAF7, STM32MP135DAG7, STM32MP135F-DK, STM32MP135FAE7, STM32MP135FAF7, STM32MP135FAF7T, STM32MP135FAF7U, STM32MP135FAG7, STM32MP211AAL3, STM32MP211AAM3, STM32MP211AAN3, STM32MP211AAO3, STM32MP211CAL3, STM32MP211CAM3, STM32MP211CAN3, STM32MP211CAO3, STM32MP211DAL3, STM32MP211DAM3, STM32MP211DAN3, STM32MP211DAO3, STM32MP211FAL3, STM32MP211FAM3, STM32MP211FAN3, STM32MP211FAO3, STM32MP213AAL3, STM32MP213AAM3, STM32MP213AAN3, STM32MP213AAO3, STM32MP213CAL3, STM32MP213CAM3, STM32MP213CAN3, STM32MP213CAO3, STM32MP213DAL3, STM32MP213DAM3, STM32MP213DAN3, STM32MP213DAO3, STM32MP213FAL3, STM32MP213FAM3, STM32MP213FAN3, STM32MP213FAO3, STM32MP215AAL3, STM32MP215AAM3, STM32MP215AAN3, STM32MP215AAO3, STM32MP215CAL3, STM32MP215CAM3, STM32MP215CAN3, STM32MP215CAO3, STM32MP215DAL3, STM32MP215DAM3, STM32MP215DAN3, STM32MP215DAO3, STM32MP215F-DK, STM32MP215FAL3, STM32MP215FAM3, STM32MP215FAN3, STM32MP215FAO3, STM32MP231AAJ3, STM32MP231AAK3, STM32MP231AAL3, STM32MP231CAJ3, STM32MP231CAK3, STM32MP231CAL3, STM32MP231DAJ3, STM32MP231DAK3, STM32MP231DAL3, STM32MP231FAJ3, STM32MP231FAK3, STM32MP231FAL3, STM32MP233AAJ3, STM32MP233AAK3, STM32MP233AAL3, STM32MP233CAJ3, STM32MP233CAK3, STM32MP233CAL3, STM32MP233DAJ3, STM32MP233DAK3, STM32MP233DAL3, STM32MP233FAJ3, STM32MP233FAK3, STM32MP233FAL3, STM32MP235AAJ3, STM32MP235AAK3, STM32MP235AAL3, STM32MP235CAJ3, STM32MP235CAK3, STM32MP235CAL3, STM32MP235DAJ3, STM32MP235DAK3, STM32MP235DAL3, STM32MP235FAJ3, STM32MP235FAK3, STM32MP235FAL3, STM32MP251AAI3, STM32MP251AAK3, STM32MP251AAL3, STM32MP251CAI3, STM32MP251CAK3, STM32MP251CAL3, STM32MP251DAI3, STM32MP251DAK3, STM32MP251DAL3, STM32MP251FAI3, STM32MP251FAK3, STM32MP251FAL3, STM32MP253AAI3, STM32MP253AAK3, STM32MP253AAL3, STM32MP253CAI3, STM32MP253CAK3, STM32MP253CAL3, STM32MP253DAI3, STM32MP253DAK3, STM32MP253DAL3, STM32MP253FAI3, STM32MP253FAK3, STM32MP253FAL3, STM32MP255AAI3, STM32MP255AAK3, STM32MP255AAL3, STM32MP255CAI3, STM32MP255CAK3, STM32MP255CAL3, STM32MP255DAI3, STM32MP255DAK3, STM32MP255DAL3, STM32MP255FAI3, STM32MP255FAK3, STM32MP255FAL3, STM32MP257AAI3, STM32MP257AAK3, STM32MP257AAL3, STM32MP257CAI3, STM32MP257CAK3, STM32MP257CAL3, STM32MP257DAI3, STM32MP257DAK3, STM32MP257DAL3, STM32MP257F-DK, STM32MP257F-EV1, STM32MP257FAI3, STM32MP257FAK3, STM32MP257FAL3, STM32N645A0H3Q, STM32N645B0H3Q, STM32N645I0H3Q, STM32N645L0H3Q, STM32N645X0H3Q, STM32N645Z0H3Q, STM32N647A0H3Q, STM32N647B0H3Q, STM32N647I0H3Q, STM32N647L0H3Q, STM32N647X0H3Q, STM32N647Z0H3Q, STM32N655A0H3Q, STM32N655B0H3Q, STM32N655I0H3Q, STM32N655L0H3Q, STM32N655X0H3Q, STM32N655Z0H3Q, STM32N6570-DK, STM32N657A0H3Q, STM32N657B0H3Q, STM32N657I0H3Q, STM32N657L0H3Q, STM32N657X0H3Q, STM32N657Z0H3Q, STM32U031C6T6, STM32U031C6U6, STM32U031C8T6, STM32U031C8U6, STM32U031F4P6, STM32U031F6P6, STM32U031F8P6, STM32U031G6Y6TR, STM32U031G8Y6TR, STM32U031K4U6, STM32U031K6U6, STM32U031K8U6, STM32U031R6I6, STM32U031R6T6, STM32U031R8I6, STM32U031R8T6, STM32U073C8T6, STM32U073C8U6, STM32U073CBT6, STM32U073CBU6, STM32U073CCT6, STM32U073CCU6, STM32U073H8Y6TR, STM32U073HBY6TR, STM32U073HCY6TR, STM32U073K8U6, STM32U073KBU6, STM32U073KCU6, STM32U073M8I6, STM32U073M8T6, STM32U073MBI6, STM32U073MBT6, STM32U073MCI6, STM32U073MCT6, STM32U073R8I6, STM32U073R8T6, STM32U073RBI6, STM32U073RBT6, STM32U073RCI6, STM32U073RCT6, STM32U083C-DK, STM32U083CCT6, STM32U083CCU6, STM32U083HCY6TR, STM32U083KCU6, STM32U083MCI6, STM32U083MCT6, STM32U083RCI6, STM32U083RCT6, STM32U375CET6, STM32U375CET6Q, STM32U375CEU6, STM32U375CEU6Q, STM32U375CEY6QTR, STM32U375CGT6, STM32U375CGT6Q, STM32U375CGU6, STM32U375CGU6Q, STM32U375CGY6QTR, STM32U375KEU6, STM32U375KGU6, STM32U375REI6, STM32U375REI6Q, STM32U375RET6, STM32U375RET6Q, STM32U375REY6GTR, STM32U375REY6QTR, STM32U375RGI6, STM32U375RGI6Q, STM32U375RGT6, STM32U375RGT6Q, STM32U375RGY6GTR, STM32U375RGY6QTR, STM32U375VEI6, STM32U375VEI6Q, STM32U375VET6, STM32U375VET6Q, STM32U375VGI6, STM32U375VGI6Q, STM32U375VGT6, STM32U375VGT6Q, STM32U385CGT6, STM32U385CGT6Q, STM32U385CGU6, STM32U385CGU6Q, STM32U385CGY6QTR, STM32U385KGU6, STM32U385RGI6, STM32U385RGI6Q, STM32U385RGT6, STM32U385RGT6Q, STM32U385RGY6GTR, STM32U385RGY6QTR, STM32U385VGI6, STM32U385VGI6Q, STM32U385VGT6, STM32U385VGT6Q, STM32U535CBT6, STM32U535CBT6Q, STM32U535CBU6, STM32U535CBU6Q, STM32U535CCT6, STM32U535CCT6Q, STM32U535CCU6, STM32U535CCU6Q, STM32U535CET6, STM32U535CET6Q, STM32U535CEU6, STM32U535CEU6Q, STM32U535JEY6QTR, STM32U535NCY6QTR, STM32U535NEY6QTR, STM32U535RBI6, STM32U535RBI6Q, STM32U535RBT6, STM32U535RBT6Q, STM32U535RCI6, STM32U535RCI6Q, STM32U535RCT6, STM32U535RCT6Q, STM32U535REI6, STM32U535REI6Q, STM32U535RET6, STM32U535RET6Q, STM32U535VCI6, STM32U535VCI6Q, STM32U535VCT6, STM32U535VCT6Q, STM32U535VEI6, STM32U535VEI6Q, STM32U535VET6, STM32U535VET6Q, STM32U545CET6, STM32U545CET6Q, STM32U545CEU6, STM32U545CEU6Q, STM32U545JEY6QTR, STM32U545NEY6QTR, STM32U545REI6, STM32U545REI6Q, STM32U545RET6, STM32U545RET6Q, STM32U545VEI6, STM32U545VEI6Q, STM32U545VET6, STM32U545VET6Q, STM32U595AIH6, STM32U595AIH6Q, STM32U595AJH6, STM32U595AJH6Q, STM32U595QII6, STM32U595QII6Q, STM32U595QJI6, STM32U595QJI6Q, STM32U595RIT6, STM32U595RIT6Q, STM32U595RJT6, STM32U595RJT6Q, STM32U595VIT6, STM32U595VIT6Q, STM32U595VJT6, STM32U595VJT6Q, STM32U595ZIT6, STM32U595ZIT6Q, STM32U595ZIY6QTR, STM32U595ZJT6, STM32U595ZJT6Q, STM32U595ZJY6QTR, STM32U599BJY6QTR, STM32U599NIH6Q, STM32U599NJH6Q, STM32U599VIT6Q, STM32U599VJT6, STM32U599VJT6Q, STM32U599ZIT6Q, STM32U599ZIY6QTR, STM32U599ZJT6Q, STM32U599ZJY6QTR, STM32U5A5AJH6, STM32U5A5AJH6Q, STM32U5A5QII3Q , STM32U5A5QJI6, STM32U5A5QJI6Q, STM32U5A5RJT6, STM32U5A5RJT6Q, STM32U5A5VJT6, STM32U5A5VJT6Q, STM32U5A5ZJT6, STM32U5A5ZJT6Q, STM32U5A5ZJY6QTR, STM32U5A9BJY6QTR, STM32U5A9J-DK, STM32U5A9NJH6Q, STM32U5A9VJT6Q, STM32U5A9ZJT6Q, STM32U5A9ZJY6QTR, STM32U5F7VIT6, STM32U5F7VIT6Q, STM32U5F7VJT6, STM32U5F7VJT6Q, STM32U5F9BJY6QTR, STM32U5F9NJH6Q, STM32U5F9VIT6Q, STM32U5F9VJT6Q, STM32U5F9ZIJ6QTR, STM32U5F9ZIT6Q, STM32U5F9ZJJ6QTR, STM32U5F9ZJT6Q, STM32U5G7VJT6, STM32U5G7VJT6Q, STM32U5G9BJY6QTR, STM32U5G9J-DK1, STM32U5G9J-DK2, STM32U5G9NJH6Q, STM32U5G9VJT6Q, STM32U5G9ZJJ6QTR, STM32U5G9ZJT6Q, STM32WB05KZV6TR, STM32WB05KZV7TR, STM32WB05TZF6TR, STM32WB05TZF7TR, STM32WB06CCF6TR, STM32WB06CCF7TR, STM32WB06CCV6TR, STM32WB06CCV7TR, STM32WB06KCV6TR, STM32WB06KCV7TR, STM32WB07CCF6TR, STM32WB07CCF7TR, STM32WB07CCV6TR, STM32WB07CCV7TR, STM32WB07KCV6TR, STM32WB07KCV7TR, STM32WB09KEV6TR, STM32WB09KEV7TR, STM32WB09TEF6TR, STM32WB09TEF7TR, STM32WB1MMCH6, STM32WBA50KGU6, STM32WBA50KGU6TR, STM32WBA52CEU6, STM32WBA52CEU6TR, STM32WBA52CEU7, STM32WBA52CEU7TR, STM32WBA52CGU6, STM32WBA52CGU6TR, STM32WBA52CGU6U, STM32WBA52CGU7, STM32WBA52CGU7TR, STM32WBA52KEU6, STM32WBA52KEU6TR, STM32WBA52KGU6, STM32WBA52KGU6TR, STM32WBA54CEU6, STM32WBA54CEU6TR, STM32WBA54CEU7, STM32WBA54CEU7TR, STM32WBA54CGU6, STM32WBA54CGU6TR, STM32WBA54CGU7, STM32WBA54CGU7TR, STM32WBA54KEU6, STM32WBA54KEU6TR, STM32WBA54KEU7, STM32WBA54KEU7TR, STM32WBA54KGU6, STM32WBA54KGU6TR, STM32WBA54KGU7, STM32WBA54KGU7TR, STM32WBA55CEU6, STM32WBA55CEU6TR, STM32WBA55CEU7, STM32WBA55CEU7TR, STM32WBA55CGU6, STM32WBA55CGU6TR, STM32WBA55CGU6U, STM32WBA55CGU7, STM32WBA55CGU7TR, STM32WBA55G-DK1, STM32WBA55HEF6, STM32WBA55HEF7, STM32WBA55HGF6, STM32WBA55HGF7, STM32WBA55UEI6, STM32WBA55UEI6TR, STM32WBA55UEI7, STM32WBA55UEI7TR, STM32WBA55UGI6, STM32WBA55UGI6TR, STM32WBA55UGI7, STM32WBA55UGI7TR, STM32WBA5MMGH6TR, STM32WBA62MGF6, STM32WBA62MIF6, STM32WBA65MGF7, STM32WBA65MIF6, STM32WBA65MIF7, STM32WL30K8V6, STM32WL30KBV6, STM32WL31C8V6, STM32WL31CBV6, STM32WL31K8V6, STM32WL31KBV6, STM32WL33C8V6, STM32WL33C8V6X, STM32WL33CBV6, STM32WL33CBV6X, STM32WL33CCV6, STM32WL33CCV6A, STM32WL33CCV6X, STM32WL33K8V7, STM32WL33K8V7X, STM32WL33KBV7 , STM32WL33KBV7X, STM32WL33KCV7, STM32WL33KCV7X, STM32WL5MOCH6, STM32WL5MOCH6TR]
2025-10-09 09:21:43,448 [INFO] DbMcus:218 - Found 4801 MCUs, 4801 are supported
2025-10-09 09:21:43,448 [INFO] ApiDb:423 - Load user favorites file /home/tuna/.stm32cubeide/favorites.mcus.txt: 0 item(s)
2025-10-09 09:21:43,448 [INFO] ApiDb:427 - User favorites MCUs=[]
2025-10-09 09:21:43,449 [INFO] DbMcus:224 - Set 0 / 0 favorites MCUs
2025-10-09 09:21:43,900 [INFO] ApiDb:668 - CubeFinder database Data Model version=2.1
2025-10-09 09:21:43,900 [INFO] ApiDb:669 - CubeFinder database Configuration version=3.0.39
2025-10-09 09:21:43,900 [INFO] ApiDb:670 - CubeFinder database generation date=2025-08-25 (1756130511)
2025-10-09 09:21:43,900 [INFO] ApiDb:671 - CubeFinder database FW Pack versions=[FP-ATR-ASTRA1_V2.0.0, FP-SNS-FLIGHT1_V5.1.0, FP-SNS-MOTENV1_V5.0.0, FP-SNS-MOTENVWB1_V1.4.0, FP-SNS-SMARTAG2_V1.2.0, FP-SNS-STBOX1_V2.1.0, STM32Cube_FW_C0_V1.4.0, STM32Cube_FW_F4_V1.28.3, STM32Cube_FW_F7_V1.17.4, STM32Cube_FW_G0_V1.6.2, STM32Cube_FW_G4_V1.6.1, STM32Cube_FW_H5_V1.5.0, STM32Cube_FW_H7RS_V1.2.0, STM32Cube_FW_H7_V1.12.1, STM32Cube_FW_L0_V1.12.2, STM32Cube_FW_L4_V1.18.1, STM32Cube_FW_L5_V1.5.1, STM32Cube_FW_N6_V1.2.0, STM32Cube_FW_U0_V1.3.0, STM32Cube_FW_U3_V1.2.0, STM32Cube_FW_U5_V1.8.0, STM32Cube_FW_WB0_V1.3.0, STM32Cube_FW_WBA_V1.7.0, STM32Cube_FW_WB_V1.23.0, STM32Cube_FW_WL3_V1.2.0, STM32Cube_FW_WL_V1.3.1, X-CUBE-ALGOBUILD_V1.4.0, X-CUBE-ALS_V1.0.2, X-CUBE-AZRTOS-F4_V1.1.0, X-CUBE-AZRTOS-F7_V1.1.0, X-CUBE-AZRTOS-G0_V1.1.0, X-CUBE-AZRTOS-G4_V2.0.0, X-CUBE-AZRTOS-H7RS_V1.1.0, X-CUBE-AZRTOS-H7_V3.4.0, X-CUBE-AZRTOS-L4_V2.0.0, X-CUBE-AZRTOS-L5_V2.0.0, X-CUBE-AZRTOS-WB_V2.0.0, X-CUBE-AZRTOS-WL_V2.0.0, X-CUBE-BLE1_V7.1.0, X-CUBE-BLE2_V3.3.0, X-CUBE-BLEMGR_V4.1.0, X-CUBE-EEPRMA1_V5.2.0, X-CUBE-FREERTOS_V1.3.1, X-CUBE-GNSS1_V6.0.0, X-CUBE-MEMS1_V11.3.0, X-CUBE-NFC4_V3.0.0, X-CUBE-NFC7_V2.0.0, X-CUBE-SFXS2LP1_V4.0.0, X-CUBE-ST67W61_V1.0.0, X-CUBE-SUBG2_V5.0.0, X-CUBE-TOF1_V3.4.3]
2025-10-09 09:21:43,936 [INFO] DbBoardsSqlite:226 - include board P-NUCLEO-WB55-NUCLEO as a kit item of type 'Nucleo-64'
2025-10-09 09:21:43,937 [INFO] DbBoardsSqlite:226 - include board P-NUCLEO-WB55-USBDONGLE as a kit item of type 'Nucleo USB Dongle'
2025-10-09 09:21:43,937 [INFO] DbBoardsSqlite:226 - include board STEVAL-IDP005V1 as a kit item of type 'Evaluation Board'
2025-10-09 09:21:43,937 [INFO] DbBoardsSqlite:226 - include board STEVAL-IDP005V2 as a kit item of type 'Evaluation Board'
2025-10-09 09:21:43,970 [INFO] ApiDb:240 - Found 880 in-development CPN: [B-G473E-ZEST1S, B-WB1M-WPAN1, B-WBA5M-WPAN, B-WL5M-SUBG1, NUCLEO-C031C6, NUCLEO-C051C8, NUCLEO-C071RB, NUCLEO-C092RC, NUCLEO-H503RB, NUCLEO-H533RE, NUCLEO-H563ZI, NUCLEO-H7S3L8, NUCLEO-N657X0-Q, NUCLEO-U031R8, NUCLEO-U083RC, NUCLEO-U385RG-Q, NUCLEO-U545RE-Q, NUCLEO-U5A5ZJ-Q, NUCLEO-WB05KZ, NUCLEO-WB07CC, NUCLEO-WB09KE, NUCLEO-WBA52CG, NUCLEO-WBA55CG, NUCLEO-WL33CC1, NUCLEO-WL33CC2, STEVAL-PROTEUS1, STEVAL-SMARTAG2, STEVAL-STWINBX1, STM320518-EVAL, STM32C0116-DK, STM32C011D6Y3TR, STM32C011D6Y6TR, STM32C011F4P3, STM32C011F4P6, STM32C011F4U3, STM32C011F4U6TR, STM32C011F6P3, STM32C011F6P6, STM32C011F6U3, STM32C011F6U6TR, STM32C011J4M3, STM32C011J4M6, STM32C011J6M3, STM32C011J6M6, STM32C0316-DK, STM32C031C4T3, STM32C031C4T6, STM32C031C4U3, STM32C031C4U6, STM32C031C6T3, STM32C031C6T6, STM32C031C6U3, STM32C031C6U6, STM32C031F4P3, STM32C031F4P6, STM32C031F6P3, STM32C031F6P6, STM32C031G4U3, STM32C031G4U6, STM32C031G6U3, STM32C031G6U6, STM32C031K4T3, STM32C031K4T6, STM32C031K4U3, STM32C031K4U6, STM32C031K6T3, STM32C031K6T6, STM32C031K6U3, STM32C031K6U6, STM32C051C6T6, STM32C051C6U6, STM32C051C8T6, STM32C051C8U6, STM32C051D8Y6TR, STM32C051F6P6, STM32C051F8P6, STM32C051G6U6, STM32C051G8U6, STM32C051K6T6, STM32C051K6U6, STM32C051K8T6, STM32C071C8T6, STM32C071C8T6N, STM32C071C8U6, STM32C071C8U6N, STM32C071CBT6, STM32C071CBT6N, STM32C071CBU6, STM32C071CBU6N, STM32C071F8P6, STM32C071F8P6N, STM32C071FBP6, STM32C071FBP6N, STM32C071FBY6TR, STM32C071G8U6, STM32C071G8U6N, STM32C071GBU6, STM32C071GBU6N, STM32C071K8T6, STM32C071K8T6N, STM32C071K8U6, STM32C071K8U6N, STM32C071KBT6, STM32C071KBT6N, STM32C071KBU6, STM32C071KBU6N, STM32C071R8T6, STM32C071R8T6N, STM32C071RBI6N, STM32C071RBT6, STM32C071RBT6N, STM32C091CBT6, STM32C091CBU6, STM32C091CCT6, STM32C091CCU6, STM32C091ECY6TR, STM32C091FBP6, STM32C091FCP6, STM32C091GBU6, STM32C091GCU6, STM32C091KBT6, STM32C091KBU6, STM32C091KCT6, STM32C091KCU6, STM32C091RBT6, STM32C091RCI6, STM32C091RCT6, STM32C092CBT6, STM32C092CBU6, STM32C092CCT6, STM32C092CCU6, STM32C092ECY6TR, STM32C092FBP6, STM32C092FCP6, STM32C092GBU6, STM32C092GCU6, STM32C092KBT6, STM32C092KBU6, STM32C092KCT6, STM32C092KCU6, STM32C092RBT6, STM32C092RCI6, STM32C092RCT6, STM32G071K8TXN, STM32G071K8UXN, STM32G081GBU6N, STM32G081KBT6N, STM32G081KBUXN, STM32G0B1CCT6N, STM32G0B1KCT6, STM32G0B1NEY6TR, STM32G0B1RCT6N, STM32G0C1CCT6, STM32G0C1CCT6N, STM32G0C1CCU6N, STM32G0C1CET6N, STM32G0C1CEU6N, STM32G0C1KCT6, STM32G0C1NEY6TR, STM32G0C1RCI6N, STM32G0C1RCT6N, STM32G0C1REI6N, STM32G0C1RET6N, STM32G0C1VCI6, STM32G0C1VEI6, STM32G411C6T3, STM32G411C6T6, STM32G411C6U3, STM32G411C6U6, STM32G411C8T3, STM32G411C8T6, STM32G411C8U3, STM32G411C8U6, STM32G411CBT3, STM32G411CBT6, STM32G411CBU3, STM32G411CBU6, STM32G411K6T3, STM32G411K6T6, STM32G411K6U3, STM32G411K6U6, STM32G411K8T3, STM32G411K8T6, STM32G411K8U3, STM32G411K8U6, STM32G411KBT3, STM32G411KBT6, STM32G411KBU3, STM32G411KBU6, STM32G411M6T3, STM32G411M6T6, STM32G411M8T3, STM32G411M8T6, STM32G411MBT3, STM32G411MBT6, STM32G411R6T3, STM32G411R6T6, STM32G411R8T3, STM32G411R8T6, STM32G411RBT3, STM32G411RBT6, STM32G414CBT3, STM32G414CBT6, STM32G414CBU3, STM32G414CBU6, STM32G414CCT3, STM32G414CCT6, STM32G414CCU3, STM32G414CCU6, STM32G414MBT3, STM32G414MBT6, STM32G414MCT3, STM32G414MCT6, STM32G414RBT3, STM32G414RBT6, STM32G414RCT3, STM32G414RCT6, STM32G414VBT3, STM32G414VBT6, STM32G414VCT3, STM32G414VCT6, STM32G431CBT3Z, STM32G431RBT3Z, STM32G471CCT6, STM32G471CCU6, STM32G471CET3, STM32G471CET6, STM32G471CEU3, STM32G471CEU6, STM32G471MCT6, STM32G471MET3, STM32G471MET6, STM32G471MEY6TR, STM32G471QCT6, STM32G471QET3, STM32G471RCT6, STM32G471RET3, STM32G471RET6, STM32G471VCH6, STM32G471VCI6, STM32G471VCT6, STM32G471VEH3, STM32G471VEH6, STM32G471VEI3, STM32G471VEI6, STM32G471VET3, STM32G471VET6, STM32G473QET3Z, STM32G473RET3Z, STM32G474CCT6, STM32G491RET3Z, STM32H503CBT6, STM32H503CBU6, STM32H503EBY6TR, STM32H503KBU6, STM32H503RBT6, STM32H523CCT6, STM32H523CCU6, STM32H523CET6, STM32H523CEU6, STM32H523HEY6TR, STM32H523RCT6, STM32H523RET6, STM32H523VCI6, STM32H523VCT6, STM32H523VEI6, STM32H523VET6, STM32H523ZCJ6, STM32H523ZCT6, STM32H523ZEJ6, STM32H523ZET6, STM32H533CET6, STM32H533CEU6, STM32H533HEY6TR, STM32H533RET6, STM32H533VEI6, STM32H533VET6, STM32H533ZEJ6, STM32H533ZET6, STM32H562AGI6, STM32H562AII6, STM32H562IGK6, STM32H562IGT6, STM32H562IIK6, STM32H562IIT6, STM32H562RGT6, STM32H562RGV6, STM32H562RIT6, STM32H562RIV6, STM32H562VGT6, STM32H562VIT6, STM32H562ZGT6, STM32H562ZIT6, STM32H563AGI6, STM32H563AII3Q, STM32H563AII6, STM32H563IGK6, STM32H563IGT6, STM32H563IIK3Q, STM32H563IIK6, STM32H563IIT3Q, STM32H563IIT6, STM32H563MIY3QTR, STM32H563RGT6, STM32H563RGV6, STM32H563RIT6, STM32H563RIV6, STM32H563VGT6, STM32H563VIT3Q, STM32H563VIT6, STM32H563ZGT6, STM32H563ZIT3Q, STM32H563ZIT6, STM32H573AII3Q, STM32H573AII6, STM32H573I-DK, STM32H573IIK3Q, STM32H573IIK6, STM32H573IIT3Q, STM32H573IIT6, STM32H573MIY3QTR, STM32H573RIT6, STM32H573RIV6, STM32H573VIT3Q, STM32H573VIT6, STM32H573ZIT3Q, STM32H573ZIT6, STM32H7R3A8I6, STM32H7R3I8K6, STM32H7R3I8T6, STM32H7R3L8H6, STM32H7R3L8H6H, STM32H7R3R8V6, STM32H7R3V8H6, STM32H7R3V8T6, STM32H7R3V8Y6TR, STM32H7R3Z8J6, STM32H7R3Z8T6, STM32H7R7A8I6, STM32H7R7I8K6, STM32H7R7I8T6, STM32H7R7L8H6, STM32H7R7L8H6H, STM32H7R7Z8J6, STM32H7S3A8I6, STM32H7S3I8K6, STM32H7S3I8T6, STM32H7S3L8H6, STM32H7S3L8H6H, STM32H7S3R8V6, STM32H7S3V8H6, STM32H7S3V8T6, STM32H7S3V8Y6TR, STM32H7S3Z8J6, STM32H7S3Z8T6, STM32H7S78-DK, STM32H7S7A8I6, STM32H7S7I8K6, STM32H7S7I8T6, STM32H7S7L8H6, STM32H7S7L8H6H, STM32H7S7Z8J6, STM32L4R5QGI6STR, STM32MP131AAE3, STM32MP131AAF3, STM32MP131AAG3, STM32MP131CAE3, STM32MP131CAF3, STM32MP131CAG3, STM32MP131DAE7, STM32MP131DAF7, STM32MP131DAG7, STM32MP131FAE7, STM32MP131FAF7, STM32MP131FAG7, STM32MP133AAE3, STM32MP133AAF3, STM32MP133AAG3, STM32MP133CAE3, STM32MP133CAF3, STM32MP133CAG3, STM32MP133DAE7, STM32MP133DAF7, STM32MP133DAG7, STM32MP133FAE7, STM32MP133FAF7, STM32MP133FAG7, STM32MP135AAE3, STM32MP135AAF3, STM32MP135AAG3, STM32MP135CAE3, STM32MP135CAF3, STM32MP135CAG3, STM32MP135DAE7, STM32MP135DAF7, STM32MP135DAG7, STM32MP135F-DK, STM32MP135FAE7, STM32MP135FAF7, STM32MP135FAF7T, STM32MP135FAF7U, STM32MP135FAG7, STM32MP211AAL3, STM32MP211AAM3, STM32MP211AAN3, STM32MP211AAO3, STM32MP211CAL3, STM32MP211CAM3, STM32MP211CAN3, STM32MP211CAO3, STM32MP211DAL3, STM32MP211DAM3, STM32MP211DAN3, STM32MP211DAO3, STM32MP211FAL3, STM32MP211FAM3, STM32MP211FAN3, STM32MP211FAO3, STM32MP213AAL3, STM32MP213AAM3, STM32MP213AAN3, STM32MP213AAO3, STM32MP213CAL3, STM32MP213CAM3, STM32MP213CAN3, STM32MP213CAO3, STM32MP213DAL3, STM32MP213DAM3, STM32MP213DAN3, STM32MP213DAO3, STM32MP213FAL3, STM32MP213FAM3, STM32MP213FAN3, STM32MP213FAO3, STM32MP215AAL3, STM32MP215AAM3, STM32MP215AAN3, STM32MP215AAO3, STM32MP215CAL3, STM32MP215CAM3, STM32MP215CAN3, STM32MP215CAO3, STM32MP215DAL3, STM32MP215DAM3, STM32MP215DAN3, STM32MP215DAO3, STM32MP215F-DK, STM32MP215FAL3, STM32MP215FAM3, STM32MP215FAN3, STM32MP215FAO3, STM32MP231AAJ3, STM32MP231AAK3, STM32MP231AAL3, STM32MP231CAJ3, STM32MP231CAK3, STM32MP231CAL3, STM32MP231DAJ3, STM32MP231DAK3, STM32MP231DAL3, STM32MP231FAJ3, STM32MP231FAK3, STM32MP231FAL3, STM32MP233AAJ3, STM32MP233AAK3, STM32MP233AAL3, STM32MP233CAJ3, STM32MP233CAK3, STM32MP233CAL3, STM32MP233DAJ3, STM32MP233DAK3, STM32MP233DAL3, STM32MP233FAJ3, STM32MP233FAK3, STM32MP233FAL3, STM32MP235AAJ3, STM32MP235AAK3, STM32MP235AAL3, STM32MP235CAJ3, STM32MP235CAK3, STM32MP235CAL3, STM32MP235DAJ3, STM32MP235DAK3, STM32MP235DAL3, STM32MP235FAJ3, STM32MP235FAK3, STM32MP235FAL3, STM32MP251AAI3, STM32MP251AAK3, STM32MP251AAL3, STM32MP251CAI3, STM32MP251CAK3, STM32MP251CAL3, STM32MP251DAI3, STM32MP251DAK3, STM32MP251DAL3, STM32MP251FAI3, STM32MP251FAK3, STM32MP251FAL3, STM32MP253AAI3, STM32MP253AAK3, STM32MP253AAL3, STM32MP253CAI3, STM32MP253CAK3, STM32MP253CAL3, STM32MP253DAI3, STM32MP253DAK3, STM32MP253DAL3, STM32MP253FAI3, STM32MP253FAK3, STM32MP253FAL3, STM32MP255AAI3, STM32MP255AAK3, STM32MP255AAL3, STM32MP255CAI3, STM32MP255CAK3, STM32MP255CAL3, STM32MP255DAI3, STM32MP255DAK3, STM32MP255DAL3, STM32MP255FAI3, STM32MP255FAK3, STM32MP255FAL3, STM32MP257AAI3, STM32MP257AAK3, STM32MP257AAL3, STM32MP257CAI3, STM32MP257CAK3, STM32MP257CAL3, STM32MP257DAI3, STM32MP257DAK3, STM32MP257DAL3, STM32MP257F-DK, STM32MP257F-EV1, STM32MP257FAI3, STM32MP257FAK3, STM32MP257FAL3, STM32N645A0H3Q, STM32N645B0H3Q, STM32N645I0H3Q, STM32N645L0H3Q, STM32N645X0H3Q, STM32N645Z0H3Q, STM32N647A0H3Q, STM32N647B0H3Q, STM32N647I0H3Q, STM32N647L0H3Q, STM32N647X0H3Q, STM32N647Z0H3Q, STM32N655A0H3Q, STM32N655B0H3Q, STM32N655I0H3Q, STM32N655L0H3Q, STM32N655X0H3Q, STM32N655Z0H3Q, STM32N6570-DK, STM32N657A0H3Q, STM32N657B0H3Q, STM32N657I0H3Q, STM32N657L0H3Q, STM32N657X0H3Q, STM32N657Z0H3Q, STM32U031C6T6, STM32U031C6U6, STM32U031C8T6, STM32U031C8U6, STM32U031F4P6, STM32U031F6P6, STM32U031F8P6, STM32U031G6Y6TR, STM32U031G8Y6TR, STM32U031K4U6, STM32U031K6U6, STM32U031K8U6, STM32U031R6I6, STM32U031R6T6, STM32U031R8I6, STM32U031R8T6, STM32U073C8T6, STM32U073C8U6, STM32U073CBT6, STM32U073CBU6, STM32U073CCT6, STM32U073CCU6, STM32U073H8Y6TR, STM32U073HBY6TR, STM32U073HCY6TR, STM32U073K8U6, STM32U073KBU6, STM32U073KCU6, STM32U073M8I6, STM32U073M8T6, STM32U073MBI6, STM32U073MBT6, STM32U073MCI6, STM32U073MCT6, STM32U073R8I6, STM32U073R8T6, STM32U073RBI6, STM32U073RBT6, STM32U073RCI6, STM32U073RCT6, STM32U083C-DK, STM32U083CCT6, STM32U083CCU6, STM32U083HCY6TR, STM32U083KCU6, STM32U083MCI6, STM32U083MCT6, STM32U083RCI6, STM32U083RCT6, STM32U375CET6, STM32U375CET6Q, STM32U375CEU6, STM32U375CEU6Q, STM32U375CEY6QTR, STM32U375CGT6, STM32U375CGT6Q, STM32U375CGU6, STM32U375CGU6Q, STM32U375CGY6QTR, STM32U375KEU6, STM32U375KGU6, STM32U375REI6, STM32U375REI6Q, STM32U375RET6, STM32U375RET6Q, STM32U375REY6GTR, STM32U375REY6QTR, STM32U375RGI6, STM32U375RGI6Q, STM32U375RGT6, STM32U375RGT6Q, STM32U375RGY6GTR, STM32U375RGY6QTR, STM32U375VEI6, STM32U375VEI6Q, STM32U375VET6, STM32U375VET6Q, STM32U375VGI6, STM32U375VGI6Q, STM32U375VGT6, STM32U375VGT6Q, STM32U385CGT6, STM32U385CGT6Q, STM32U385CGU6, STM32U385CGU6Q, STM32U385CGY6QTR, STM32U385KGU6, STM32U385RGI6, STM32U385RGI6Q, STM32U385RGT6, STM32U385RGT6Q, STM32U385RGY6GTR, STM32U385RGY6QTR, STM32U385VGI6, STM32U385VGI6Q, STM32U385VGT6, STM32U385VGT6Q, STM32U535CBT6, STM32U535CBT6Q, STM32U535CBU6, STM32U535CBU6Q, STM32U535CCT6, STM32U535CCT6Q, STM32U535CCU6, STM32U535CCU6Q, STM32U535CET6, STM32U535CET6Q, STM32U535CEU6, STM32U535CEU6Q, STM32U535JEY6QTR, STM32U535NCY6QTR, STM32U535NEY6QTR, STM32U535RBI6, STM32U535RBI6Q, STM32U535RBT6, STM32U535RBT6Q, STM32U535RCI6, STM32U535RCI6Q, STM32U535RCT6, STM32U535RCT6Q, STM32U535REI6, STM32U535REI6Q, STM32U535RET6, STM32U535RET6Q, STM32U535VCI6, STM32U535VCI6Q, STM32U535VCT6, STM32U535VCT6Q, STM32U535VEI6, STM32U535VEI6Q, STM32U535VET6, STM32U535VET6Q, STM32U545CET6, STM32U545CET6Q, STM32U545CEU6, STM32U545CEU6Q, STM32U545JEY6QTR, STM32U545NEY6QTR, STM32U545REI6, STM32U545REI6Q, STM32U545RET6, STM32U545RET6Q, STM32U545VEI6, STM32U545VEI6Q, STM32U545VET6, STM32U545VET6Q, STM32U595AIH6, STM32U595AIH6Q, STM32U595AJH6, STM32U595AJH6Q, STM32U595QII6, STM32U595QII6Q, STM32U595QJI6, STM32U595QJI6Q, STM32U595RIT6, STM32U595RIT6Q, STM32U595RJT6, STM32U595RJT6Q, STM32U595VIT6, STM32U595VIT6Q, STM32U595VJT6, STM32U595VJT6Q, STM32U595ZIT6, STM32U595ZIT6Q, STM32U595ZIY6QTR, STM32U595ZJT6, STM32U595ZJT6Q, STM32U595ZJY6QTR, STM32U599BJY6QTR, STM32U599NIH6Q, STM32U599NJH6Q, STM32U599VIT6Q, STM32U599VJT6, STM32U599VJT6Q, STM32U599ZIT6Q, STM32U599ZIY6QTR, STM32U599ZJT6Q, STM32U599ZJY6QTR, STM32U5A5AJH6, STM32U5A5AJH6Q, STM32U5A5QII3Q , STM32U5A5QJI6, STM32U5A5QJI6Q, STM32U5A5RJT6, STM32U5A5RJT6Q, STM32U5A5VJT6, STM32U5A5VJT6Q, STM32U5A5ZJT6, STM32U5A5ZJT6Q, STM32U5A5ZJY6QTR, STM32U5A9BJY6QTR, STM32U5A9J-DK, STM32U5A9NJH6Q, STM32U5A9VJT6Q, STM32U5A9ZJT6Q, STM32U5A9ZJY6QTR, STM32U5F7VIT6, STM32U5F7VIT6Q, STM32U5F7VJT6, STM32U5F7VJT6Q, STM32U5F9BJY6QTR, STM32U5F9NJH6Q, STM32U5F9VIT6Q, STM32U5F9VJT6Q, STM32U5F9ZIJ6QTR, STM32U5F9ZIT6Q, STM32U5F9ZJJ6QTR, STM32U5F9ZJT6Q, STM32U5G7VJT6, STM32U5G7VJT6Q, STM32U5G9BJY6QTR, STM32U5G9J-DK1, STM32U5G9J-DK2, STM32U5G9NJH6Q, STM32U5G9VJT6Q, STM32U5G9ZJJ6QTR, STM32U5G9ZJT6Q, STM32WB05KZV6TR, STM32WB05KZV7TR, STM32WB05TZF6TR, STM32WB05TZF7TR, STM32WB06CCF6TR, STM32WB06CCF7TR, STM32WB06CCV6TR, STM32WB06CCV7TR, STM32WB06KCV6TR, STM32WB06KCV7TR, STM32WB07CCF6TR, STM32WB07CCF7TR, STM32WB07CCV6TR, STM32WB07CCV7TR, STM32WB07KCV6TR, STM32WB07KCV7TR, STM32WB09KEV6TR, STM32WB09KEV7TR, STM32WB09TEF6TR, STM32WB09TEF7TR, STM32WB1MMCH6, STM32WBA50KGU6, STM32WBA50KGU6TR, STM32WBA52CEU6, STM32WBA52CEU6TR, STM32WBA52CEU7, STM32WBA52CEU7TR, STM32WBA52CGU6, STM32WBA52CGU6TR, STM32WBA52CGU6U, STM32WBA52CGU7, STM32WBA52CGU7TR, STM32WBA52KEU6, STM32WBA52KEU6TR, STM32WBA52KGU6, STM32WBA52KGU6TR, STM32WBA54CEU6, STM32WBA54CEU6TR, STM32WBA54CEU7, STM32WBA54CEU7TR, STM32WBA54CGU6, STM32WBA54CGU6TR, STM32WBA54CGU7, STM32WBA54CGU7TR, STM32WBA54KEU6, STM32WBA54KEU6TR, STM32WBA54KEU7, STM32WBA54KEU7TR, STM32WBA54KGU6, STM32WBA54KGU6TR, STM32WBA54KGU7, STM32WBA54KGU7TR, STM32WBA55CEU6, STM32WBA55CEU6TR, STM32WBA55CEU7, STM32WBA55CEU7TR, STM32WBA55CGU6, STM32WBA55CGU6TR, STM32WBA55CGU6U, STM32WBA55CGU7, STM32WBA55CGU7TR, STM32WBA55G-DK1, STM32WBA55HEF6, STM32WBA55HEF7, STM32WBA55HGF6, STM32WBA55HGF7, STM32WBA55UEI6, STM32WBA55UEI6TR, STM32WBA55UEI7, STM32WBA55UEI7TR, STM32WBA55UGI6, STM32WBA55UGI6TR, STM32WBA55UGI7, STM32WBA55UGI7TR, STM32WBA5MMGH6TR, STM32WBA62MGF6, STM32WBA62MIF6, STM32WBA65MGF7, STM32WBA65MIF6, STM32WBA65MIF7, STM32WL30K8V6, STM32WL30KBV6, STM32WL31C8V6, STM32WL31CBV6, STM32WL31K8V6, STM32WL31KBV6, STM32WL33C8V6, STM32WL33C8V6X, STM32WL33CBV6, STM32WL33CBV6X, STM32WL33CCV6, STM32WL33CCV6A, STM32WL33CCV6X, STM32WL33K8V7, STM32WL33K8V7X, STM32WL33KBV7 , STM32WL33KBV7X, STM32WL33KCV7, STM32WL33KCV7X, STM32WL5MOCH6, STM32WL5MOCH6TR]
2025-10-09 09:21:44,064 [INFO] BoardInfo:889 - No configuration file found for board P-NUCLEO-WB55
2025-10-09 09:21:44,065 [INFO] DbBoards:161 - Kit is not supported: P-NUCLEO-WB55
2025-10-09 09:21:44,068 [INFO] BoardInfo:889 - No configuration file found for board STEVAL-BFA001V1B
2025-10-09 09:21:44,068 [INFO] DbBoards:161 - Kit is not supported: STEVAL-BFA001V1B
2025-10-09 09:21:44,069 [INFO] BoardInfo:889 - No configuration file found for board STEVAL-BFA001V2B
2025-10-09 09:21:44,069 [INFO] DbBoards:161 - Kit is not supported: STEVAL-BFA001V2B
2025-10-09 09:21:44,146 [INFO] DbBoards:168 - Found 212 boards, 209 are supported
2025-10-09 09:21:44,146 [INFO] DbBoards:169 - Found 212 boards, 43 of them is supported for  Bsp
2025-10-09 09:21:44,148 [INFO] ApiDb:423 - Load user favorites file /home/tuna/.stm32cubeide/favorites.boards.txt: 0 item(s)
2025-10-09 09:21:44,149 [INFO] ApiDb:427 - User favorites Boards=[]
2025-10-09 09:21:44,149 [INFO] DbBoards:198 - Set 0 / 0 favorites Boards
2025-10-09 09:21:44,151 [INFO] ApiDb:668 - CubeFinder database Data Model version=2.1
2025-10-09 09:21:44,151 [INFO] ApiDb:669 - CubeFinder database Configuration version=3.0.39
2025-10-09 09:21:44,151 [INFO] ApiDb:670 - CubeFinder database generation date=2025-08-25 (1756130511)
2025-10-09 09:21:44,151 [INFO] ApiDb:671 - CubeFinder database FW Pack versions=[FP-ATR-ASTRA1_V2.0.0, FP-SNS-FLIGHT1_V5.1.0, FP-SNS-MOTENV1_V5.0.0, FP-SNS-MOTENVWB1_V1.4.0, FP-SNS-SMARTAG2_V1.2.0, FP-SNS-STBOX1_V2.1.0, STM32Cube_FW_C0_V1.4.0, STM32Cube_FW_F4_V1.28.3, STM32Cube_FW_F7_V1.17.4, STM32Cube_FW_G0_V1.6.2, STM32Cube_FW_G4_V1.6.1, STM32Cube_FW_H5_V1.5.0, STM32Cube_FW_H7RS_V1.2.0, STM32Cube_FW_H7_V1.12.1, STM32Cube_FW_L0_V1.12.2, STM32Cube_FW_L4_V1.18.1, STM32Cube_FW_L5_V1.5.1, STM32Cube_FW_N6_V1.2.0, STM32Cube_FW_U0_V1.3.0, STM32Cube_FW_U3_V1.2.0, STM32Cube_FW_U5_V1.8.0, STM32Cube_FW_WB0_V1.3.0, STM32Cube_FW_WBA_V1.7.0, STM32Cube_FW_WB_V1.23.0, STM32Cube_FW_WL3_V1.2.0, STM32Cube_FW_WL_V1.3.1, X-CUBE-ALGOBUILD_V1.4.0, X-CUBE-ALS_V1.0.2, X-CUBE-AZRTOS-F4_V1.1.0, X-CUBE-AZRTOS-F7_V1.1.0, X-CUBE-AZRTOS-G0_V1.1.0, X-CUBE-AZRTOS-G4_V2.0.0, X-CUBE-AZRTOS-H7RS_V1.1.0, X-CUBE-AZRTOS-H7_V3.4.0, X-CUBE-AZRTOS-L4_V2.0.0, X-CUBE-AZRTOS-L5_V2.0.0, X-CUBE-AZRTOS-WB_V2.0.0, X-CUBE-AZRTOS-WL_V2.0.0, X-CUBE-BLE1_V7.1.0, X-CUBE-BLE2_V3.3.0, X-CUBE-BLEMGR_V4.1.0, X-CUBE-EEPRMA1_V5.2.0, X-CUBE-FREERTOS_V1.3.1, X-CUBE-GNSS1_V6.0.0, X-CUBE-MEMS1_V11.3.0, X-CUBE-NFC4_V3.0.0, X-CUBE-NFC7_V2.0.0, X-CUBE-SFXS2LP1_V4.0.0, X-CUBE-ST67W61_V1.0.0, X-CUBE-SUBG2_V5.0.0, X-CUBE-TOF1_V3.4.3]
2025-10-09 09:21:44,691 [ERROR] DbExamplesSqlite:437 - Missing JSON key: board_cpn
2025-10-09 09:21:44,692 [ERROR] DbExamplesSqlite:437 - Missing JSON key: board_cpn
2025-10-09 09:21:44,692 [ERROR] DbExamplesSqlite:437 - Missing JSON key: board_cpn
2025-10-09 09:21:44,692 [ERROR] DbExamplesSqlite:437 - Missing JSON key: board_cpn
2025-10-09 09:21:44,962 [ERROR] DbExamplesSqlite:437 - Missing JSON key: board_cpn
2025-10-09 09:21:44,962 [ERROR] DbExamplesSqlite:437 - Missing JSON key: board_cpn
2025-10-09 09:21:44,966 [INFO] DbExamplesSqlite:395 - Ignored 33 examples not supported by CubeIDE
2025-10-09 09:21:44,966 [INFO] DbExamplesSqlite:396 - Found 10871 examples active
2025-10-09 09:21:44,966 [INFO] DbExamplesSqlite:397 - Found 0 examples obsolete
2025-10-09 09:21:44,966 [INFO] DbExamplesSqlite:398 - Found 0 examples under development
2025-10-09 09:21:44,966 [INFO] DbExamplesSqlite:399 - Found 65 examples not building
2025-10-09 09:21:44,970 [INFO] DbExamples:125 - Found 10903 examples
2025-10-09 09:21:44,992 [INFO] DbExamples:222 - Found 134 boards with related examples
2025-10-09 09:21:44,994 [INFO] DbExamples:235 - Found 111 MCUs with related examples
2025-10-09 09:21:45,019 [INFO] ApiDb:414 - User favorites file not found: /home/tuna/.stm32cubeide/favorites.examples.txt
2025-10-09 09:21:45,019 [INFO] DbExamples:250 - Set 0 / 0 favorites Examples
2025-10-09 09:21:45,185 [INFO] McuFinderGlobals:76 - Set McuFinderConnectedMode to true
2025-10-09 09:21:45,196 [INFO] MultiScanPanel:200 - Auto-refresh data requested => check proxy status ongoing
2025-10-09 09:21:45,201 [INFO] FinderPluginLoader:96 - Searching for filters in installed packs
2025-10-09 09:21:46,450 [INFO] LoadUrlFilesThread:185 - End of LoadServerUrlFiles without Thread
2025-10-09 09:21:46,460 [INFO] DetailPanel:341 - Set advertising image to /home/tuna/STM32Cube/Repository//en.mcu-finder-stm32n6dk.jpg
2025-10-09 09:23:04,141 [INFO] MainUpdater:2872 - connection check result : 10
2025-10-09 09:23:04,141 [INFO] MainUpdater:2872 - connection check result : 10
2025-10-09 09:23:04,158 [INFO] MicroXplorer:468 - Change Database Path : 
2025-10-09 09:23:04,158 [INFO] MicroXplorer:498 - Change Database Version : DB.6.0.150
2025-10-09 09:23:04,166 [WARN] ThirdParty:871 - waiting for thirdparty lock release [close project]
2025-10-09 09:23:04,166 [INFO] ThirdParty:873 - entering critical section [close project]
2025-10-09 09:23:04,167 [INFO] ThirdParty:883 - exiting critical section [close project]
2025-10-09 09:23:04,173 [INFO] PinOutPanel:1589 - setPackage(No Configuration,No Configuration)
2025-10-09 09:23:04,176 [INFO] UtilMem:75 - Begin LoadConfig() Used Memory: 800956304 Bytes (1073741824)
2025-10-09 09:23:04,177 [INFO] MicroXplorer:468 - Change Database Path : 
2025-10-09 09:23:04,178 [INFO] MicroXplorer:498 - Change Database Version : DB.6.0.150
2025-10-09 09:23:04,178 [INFO] OpenFileManager:355 - Change cursor
2025-10-09 09:23:04,257 [INFO] Mcu:2029 - Initializing MCU STM32F103RCTx STM32F103RCTx STM32F103RCT6
2025-10-09 09:23:05,238 [INFO] Context:786 - Trying to add GPIOservice into a context  which must be forbidden
2025-10-09 09:23:05,829 [INFO] ImportTextPane:234 - (OptionalMessage_ERROR) Unable to find key (Mcu.ThirdPartyNb) in loaded IOC file
2025-10-09 09:23:05,829 [INFO] ImportTextPane:234 - (OptionalMessage_ERROR) Unable to find key (Mcu.PinsNb) in loaded IOC file
2025-10-09 09:23:05,831 [INFO] ImportTextPane:234 - (OptionalMessage_ERROR) Pin0 (VP_RIF_VS_RIF1) cannot be retrieved for this MCU
2025-10-09 09:23:05,831 [INFO] ImportTextPane:234 - (OptionalMessage_ERROR) Unable to find key (Mcu.IPNb) in loaded IOC file
2025-10-09 09:23:05,970 [INFO] RtosManager:558 - Registered RTOS mode: class=CMSIS, group=RTOS, mode=CMSIS_V1, owner=FREERTOS
2025-10-09 09:23:05,970 [INFO] RtosManager:558 - Registered RTOS mode: class=CMSIS, group=RTOS2, mode=CMSIS_V2, owner=FREERTOS
2025-10-09 09:23:05,970 [INFO] RtosManager:558 - Registered RTOS mode: class=RTOS, group=Core, mode=CMSIS_V1, owner=FREERTOS
2025-10-09 09:23:05,970 [INFO] RtosManager:558 - Registered RTOS mode: class=RTOS, group=Core, mode=CMSIS_V2, owner=FREERTOS
2025-10-09 09:23:05,971 [WARN] ModelIntegratedComponent:184 - Missing modes for component STMicroelectronics:FreeRTOS:0.0.1:STMicroelectronics:RTOS:FreeRTOS:Core:::10.2.0:
2025-10-09 09:23:05,992 [WARN] ModelIntegratedComponent:63 - No mode defined for component null
2025-10-09 09:23:05,992 [WARN] ModelIntegratedComponent:63 - No mode defined for component null
2025-10-09 09:23:05,993 [WARN] ModelIntegratedComponent:63 - No mode defined for component null
2025-10-09 09:23:05,993 [WARN] ModelIntegratedComponent:63 - No mode defined for component null
2025-10-09 09:23:05,993 [WARN] ModelIntegratedComponent:63 - No mode defined for component null
2025-10-09 09:23:05,993 [WARN] ModelIntegratedComponent:63 - No mode defined for component null
2025-10-09 09:23:05,993 [WARN] ModelIntegratedComponent:63 - No mode defined for component null
2025-10-09 09:23:05,993 [WARN] ModelIntegratedComponent:63 - No mode defined for component null
2025-10-09 09:23:05,993 [WARN] ModelIntegratedComponent:63 - No mode defined for component null
2025-10-09 09:23:05,993 [WARN] ModelIntegratedComponent:63 - No mode defined for component null
2025-10-09 09:23:05,993 [WARN] ModelIntegratedComponent:63 - No mode defined for component null
2025-10-09 09:23:05,993 [WARN] ModelIntegratedComponent:63 - No mode defined for component null
2025-10-09 09:23:05,993 [WARN] ModelIntegratedComponent:63 - No mode defined for component null
2025-10-09 09:23:05,993 [WARN] ModelIntegratedComponent:63 - No mode defined for component null
2025-10-09 09:23:05,993 [WARN] ModelIntegratedComponent:63 - No mode defined for component null
2025-10-09 09:23:05,993 [WARN] ModelIntegratedComponent:63 - No mode defined for component null
2025-10-09 09:23:05,993 [WARN] ModelIntegratedComponent:63 - No mode defined for component null
2025-10-09 09:23:05,993 [WARN] ModelIntegratedComponent:63 - No mode defined for component null
2025-10-09 09:23:05,993 [WARN] ModelIntegratedComponent:63 - No mode defined for component null
2025-10-09 09:23:05,994 [WARN] ModelIntegratedComponent:63 - No mode defined for component null
2025-10-09 09:23:05,994 [WARN] ModelIntegratedComponent:63 - No mode defined for component null
2025-10-09 09:23:05,994 [WARN] ModelIntegratedComponent:63 - No mode defined for component null
2025-10-09 09:23:05,994 [WARN] ModelIntegratedComponent:63 - No mode defined for component null
2025-10-09 09:23:05,994 [WARN] ModelIntegratedComponent:63 - No mode defined for component null
2025-10-09 09:23:05,994 [WARN] ModelIntegratedComponent:63 - No mode defined for component null
2025-10-09 09:23:05,994 [WARN] ModelIntegratedComponent:63 - No mode defined for component null
2025-10-09 09:23:05,994 [WARN] ModelIntegratedComponent:63 - No mode defined for component null
2025-10-09 09:23:05,994 [WARN] ModelIntegratedComponent:63 - No mode defined for component null
2025-10-09 09:23:05,994 [WARN] ModelIntegratedComponent:63 - No mode defined for component null
2025-10-09 09:23:05,994 [WARN] ModelIntegratedComponent:63 - No mode defined for component null
2025-10-09 09:23:05,994 [WARN] ModelIntegratedComponent:63 - No mode defined for component null
2025-10-09 09:23:05,994 [WARN] ModelIntegratedComponent:63 - No mode defined for component null
2025-10-09 09:23:05,994 [WARN] ModelIntegratedComponent:63 - No mode defined for component null
2025-10-09 09:23:05,994 [WARN] ModelIntegratedComponent:63 - No mode defined for component null
2025-10-09 09:23:05,994 [WARN] ModelIntegratedComponent:63 - No mode defined for component null
2025-10-09 09:23:05,994 [WARN] ModelPack:524 - Component already loaded: STMicroelectronics:HAL Drivers:0.0.0:STMicroelectronics:Device:STMicro_Driver:XSPI:HAL::0.0.1:HAL_XSPI
2025-10-09 09:23:06,095 [INFO] ThirdPartyModel:298 - Start build external matchings
2025-10-09 09:23:06,547 [INFO] ThirdPartyModel:316 - End build external matchings
2025-10-09 09:23:06,692 [INFO] UtilMem:75 - End LoadConfig() Used Memory: 869247272 Bytes (1073741824)
2025-10-09 09:23:06,701 [WARN] ThirdParty:833 - waiting for thirdparty lock release [change project]
2025-10-09 09:23:06,702 [INFO] ThirdParty:835 - entering critical section [change project]
2025-10-09 09:23:06,702 [INFO] ThirdParty:1030 - CMSIS Pack Vendor :STMicroelectronics X-CUBE-PM33A1 1.0.0
2025-10-09 09:23:06,702 [INFO] ThirdParty:1030 - CMSIS Pack Vendor :STMicroelectronics USBPD 4.1
2025-10-09 09:23:06,702 [INFO] ThirdParty:1030 - CMSIS Pack Vendor :STMicroelectronics X-CUBE-NFC9 1.0.0
2025-10-09 09:23:06,702 [INFO] ThirdParty:1030 - CMSIS Pack Vendor :STMicroelectronics USB_HOST 2.0.0
2025-10-09 09:23:06,702 [INFO] ThirdParty:1030 - CMSIS Pack Vendor :STMicroelectronics FP-SNS-MOTENVWB1 1.4.0
2025-10-09 09:23:06,702 [INFO] ThirdParty:1030 - CMSIS Pack Vendor :STMicroelectronics X-CUBE-AZRTOS-F4 1.1.0
2025-10-09 09:23:06,702 [INFO] ThirdParty:1030 - CMSIS Pack Vendor :STMicroelectronics LIBJPEG 8.0.0
2025-10-09 09:23:06,702 [INFO] ThirdParty:1030 - CMSIS Pack Vendor :STMicroelectronics FP-ATR-ASTRA1 2.0.2
2025-10-09 09:23:06,702 [INFO] ThirdParty:1030 - CMSIS Pack Vendor :wolfSSL I-CUBE-wolfSSL 5.8.2
2025-10-09 09:23:06,702 [INFO] ThirdParty:1030 - CMSIS Pack Vendor :STMicroelectronics X-CUBE-BLE1 7.1.0
2025-10-09 09:23:06,702 [INFO] ThirdParty:1030 - CMSIS Pack Vendor :Avnet-IotConnect X-CUBE-IoTC-DA16k-PMOD 1.0.0
2025-10-09 09:23:06,702 [INFO] ThirdParty:1030 - CMSIS Pack Vendor :STMicroelectronics X-CUBE-SMBUS 2.1.0
2025-10-09 09:23:06,702 [INFO] ThirdParty:1030 - CMSIS Pack Vendor :wolfSSL I-CUBE-wolfMQTT 1.19.2
2025-10-09 09:23:06,702 [INFO] ThirdParty:1030 - CMSIS Pack Vendor :STMicroelectronics USB_DEVICE 3.0.0
2025-10-09 09:23:06,702 [INFO] ThirdParty:1030 - CMSIS Pack Vendor :STMicroelectronics X-CUBE-ISPU 2.1.0
2025-10-09 09:23:06,702 [INFO] ThirdParty:1030 - CMSIS Pack Vendor :STMicroelectronics X-CUBE-EEPRMA1 5.2.0
2025-10-09 09:23:06,702 [INFO] ThirdParty:1030 - CMSIS Pack Vendor :STMicroelectronics X-CUBE-BLEMGR 4.1.0
2025-10-09 09:23:06,703 [INFO] ThirdParty:1030 - CMSIS Pack Vendor :STMicroelectronics X-CUBE-AZRTOS-WB 2.0.0
2025-10-09 09:23:06,703 [INFO] ThirdParty:1030 - CMSIS Pack Vendor :STMicroelectronics X-CUBE-ST60 1.0.0
2025-10-09 09:23:06,703 [INFO] ThirdParty:1030 - CMSIS Pack Vendor :STMicroelectronics X-CUBE-GNSS1 7.0.1
2025-10-09 09:23:06,703 [INFO] ThirdParty:1030 - CMSIS Pack Vendor :STMicroelectronics X-CUBE-NFC12 1.0.0
2025-10-09 09:23:06,703 [INFO] ThirdParty:1030 - CMSIS Pack Vendor :STMicroelectronics X-CUBE-AZRTOS-F7 1.1.0
2025-10-09 09:23:06,703 [INFO] ThirdParty:1030 - CMSIS Pack Vendor :STMicroelectronics X-CUBE-AZRTOS-L5 2.0.0
2025-10-09 09:23:06,703 [INFO] ThirdParty:1030 - CMSIS Pack Vendor :STMicroelectronics X-CUBE-TOUCHGFX 4.25.0
2025-10-09 09:23:06,703 [INFO] ThirdParty:1030 - CMSIS Pack Vendor :STMicroelectronics USB_DEVICE 2.0.0
2025-10-09 09:23:06,703 [INFO] ThirdParty:1030 - CMSIS Pack Vendor :STMicroelectronics X-CUBE-NFC6 3.1.0
2025-10-09 09:23:06,703 [INFO] ThirdParty:1030 - CMSIS Pack Vendor :STMicroelectronics X-CUBE-AI 10.1.0
2025-10-09 09:23:06,703 [INFO] ThirdParty:1030 - CMSIS Pack Vendor :STMicroelectronics FP-SNS-STBOX1 2.0.0
2025-10-09 09:23:06,703 [INFO] ThirdParty:1030 - CMSIS Pack Vendor :quantropi X-CUBE-qispace-sdk-base 2.1.0
2025-10-09 09:23:06,703 [INFO] ThirdParty:1030 - CMSIS Pack Vendor :STMicroelectronics FreeRTOS 0.0.1
2025-10-09 09:23:06,703 [INFO] ThirdParty:1030 - CMSIS Pack Vendor :STMicroelectronics X-CUBE-AZRTOS-G0 1.1.0
2025-10-09 09:23:06,704 [INFO] ThirdParty:1030 - CMSIS Pack Vendor :STMicroelectronics X-CUBE-SAFEA1 1.2.2
2025-10-09 09:23:06,704 [INFO] ThirdParty:1030 - CMSIS Pack Vendor :STMicroelectronics X-CUBE-NFC4 3.0.0
2025-10-09 09:23:06,704 [INFO] ThirdParty:1030 - CMSIS Pack Vendor :STMicroelectronics X-CUBE-SUBG2 5.0.0
2025-10-09 09:23:06,704 [INFO] ThirdParty:1030 - CMSIS Pack Vendor :STMicroelectronics X-CUBE-AZRTOS-H7RS 1.1.0
2025-10-09 09:23:06,704 [INFO] ThirdParty:1030 - CMSIS Pack Vendor :STMicroelectronics STM32_WPAN 1.0.0
2025-10-09 09:23:06,704 [INFO] ThirdParty:1030 - CMSIS Pack Vendor :EmbeddedOffice I-CUBE-FS-RTOS 1.0.1
2025-10-09 09:23:06,704 [INFO] ThirdParty:1030 - CMSIS Pack Vendor :STMicroelectronics lwIP 2.0.3
2025-10-09 09:23:06,704 [INFO] ThirdParty:1030 - CMSIS Pack Vendor :Cesanta I-CUBE-Mongoose 7.13.0
2025-10-09 09:23:06,704 [INFO] ThirdParty:1030 - CMSIS Pack Vendor :STMicroelectronics USB_HOST 1.0.0
2025-10-09 09:23:06,704 [INFO] ThirdParty:1030 - CMSIS Pack Vendor :Infineon AIROC-Wi-Fi-Bluetooth-STM32 1.7.1
2025-10-09 09:23:06,704 [INFO] ThirdParty:1030 - CMSIS Pack Vendor :STMicroelectronics X-CUBE-AZRTOS-G4 2.0.0
2025-10-09 09:23:06,705 [INFO] ThirdParty:1030 - CMSIS Pack Vendor :STMicroelectronics X-CUBE-WB05N 2.0.0
2025-10-09 09:23:06,705 [INFO] ThirdParty:1030 - CMSIS Pack Vendor :STMicroelectronics PDM2PCM 3.1.0
2025-10-09 09:23:06,705 [INFO] ThirdParty:1030 - CMSIS Pack Vendor :STMicroelectronics PDM2PCM 3.3.0
2025-10-09 09:23:06,705 [INFO] ThirdParty:1030 - CMSIS Pack Vendor :wolfSSL I-CUBE-wolfTPM 3.8.0
2025-10-09 09:23:06,705 [INFO] ThirdParty:1030 - CMSIS Pack Vendor :STMicroelectronics X-CUBE-AZRTOS-H7 3.4.0
2025-10-09 09:23:06,705 [INFO] ThirdParty:1030 - CMSIS Pack Vendor :STMicroelectronics X-CUBE-DISPLAY 3.0.0
2025-10-09 09:23:06,705 [INFO] ThirdParty:1030 - CMSIS Pack Vendor :wolfSSL I-CUBE-wolfSSH 1.4.20
2025-10-09 09:23:06,705 [INFO] ThirdParty:1030 - CMSIS Pack Vendor :STMicroelectronics X-CUBE-NFC7 2.0.0
2025-10-09 09:23:06,705 [INFO] ThirdParty:1030 - CMSIS Pack Vendor :STMicroelectronics X-CUBE-TCPP 4.2.0
2025-10-09 09:23:06,705 [INFO] ThirdParty:1030 - CMSIS Pack Vendor :RealThread X-CUBE-RT-Thread_Nano 4.1.1
2025-10-09 09:23:06,705 [INFO] ThirdParty:1030 - CMSIS Pack Vendor :STMicroelectronics FP-ATR-SIGFOX1 3.2.0
2025-10-09 09:23:06,705 [INFO] ThirdParty:1030 - CMSIS Pack Vendor :STMicroelectronics X-CUBE-NFC10 1.0.0
2025-10-09 09:23:06,705 [INFO] ThirdParty:1030 - CMSIS Pack Vendor :STMicroelectronics X-CUBE-FREERTOS 1.3.1
2025-10-09 09:23:06,705 [INFO] ThirdParty:1030 - CMSIS Pack Vendor :STMicroelectronics HAL Drivers 0.0.0
2025-10-09 09:23:06,705 [INFO] ThirdParty:1030 - CMSIS Pack Vendor :STMicroelectronics MBEDTLS 2.16.2
2025-10-09 09:23:06,705 [INFO] ThirdParty:1030 - CMSIS Pack Vendor :STMicroelectronics X-CUBE-IPS 3.1.0
2025-10-09 09:23:06,705 [INFO] ThirdParty:1030 - CMSIS Pack Vendor :STMicroelectronics X-CUBE-ALS 1.0.2
2025-10-09 09:23:06,705 [INFO] ThirdParty:1030 - CMSIS Pack Vendor :emotas I-CUBE-CANOPEN 1.3.0
2025-10-09 09:23:06,705 [INFO] ThirdParty:1030 - CMSIS Pack Vendor :STMicroelectronics MBEDTLS 2.14.1
2025-10-09 09:23:06,705 [INFO] ThirdParty:1030 - CMSIS Pack Vendor :ITTIA_DB I-CUBE-ITTIADB 8.9.0
2025-10-09 09:23:06,705 [INFO] ThirdParty:1030 - CMSIS Pack Vendor :STMicroelectronics X-CUBE-TOUCHGFX 4.26.0
2025-10-09 09:23:06,705 [INFO] ThirdParty:1030 - CMSIS Pack Vendor :STMicroelectronics X-CUBE-STSE01 1.0.0
2025-10-09 09:23:06,705 [INFO] ThirdParty:1030 - CMSIS Pack Vendor :portGmbH I-Cube-SoM-uGOAL 1.1.0
2025-10-09 09:23:06,705 [INFO] ThirdParty:1030 - CMSIS Pack Vendor :STMicroelectronics X-CUBE-ST67W61 1.0.0
2025-10-09 09:23:06,705 [INFO] ThirdParty:1030 - CMSIS Pack Vendor :STMicroelectronics FP-SNS-STBOX1 2.1.0
2025-10-09 09:23:06,705 [INFO] ThirdParty:1030 - CMSIS Pack Vendor :STMicroelectronics X-CUBE-AI 10.2.0
2025-10-09 09:23:06,706 [INFO] ThirdParty:1030 - CMSIS Pack Vendor :STMicroelectronics FP-SNS-STAIOTCFT 1.0.0
2025-10-09 09:23:06,706 [INFO] ThirdParty:1030 - CMSIS Pack Vendor :STMicroelectronics ThreadX 1.0.0
2025-10-09 09:23:06,706 [INFO] ThirdParty:1030 - CMSIS Pack Vendor :STMicroelectronics FP-SNS-SMARTAG2 1.2.0
2025-10-09 09:23:06,706 [INFO] ThirdParty:1030 - CMSIS Pack Vendor :STMicroelectronics FP-SNS-FLIGHT1 5.1.0
2025-10-09 09:23:06,706 [INFO] ThirdParty:1030 - CMSIS Pack Vendor :STMicroelectronics X-CUBE-AZRTOS-WL 2.0.0
2025-10-09 09:23:06,706 [INFO] ThirdParty:1030 - CMSIS Pack Vendor :SEGGER I-CUBE-embOS 1.3.1
2025-10-09 09:23:06,706 [INFO] ThirdParty:1030 - CMSIS Pack Vendor :STMicroelectronics X-CUBE-ALGOBUILD 1.4.0
2025-10-09 09:23:06,706 [INFO] ThirdParty:1030 - CMSIS Pack Vendor :STMicroelectronics X-CUBE-DPower 1.3.0
2025-10-09 09:23:06,706 [INFO] ThirdParty:1030 - CMSIS Pack Vendor :STMicroelectronics X-CUBE-MEMS1 11.3.0
2025-10-09 09:23:06,706 [INFO] ThirdParty:1030 - CMSIS Pack Vendor :STMicroelectronics FP-SNS-MOTENV1 5.0.0
2025-10-09 09:23:06,706 [INFO] ThirdParty:1030 - CMSIS Pack Vendor :STMicroelectronics USB_DEVICE 1.0.0
2025-10-09 09:23:06,706 [INFO] ThirdParty:1030 - CMSIS Pack Vendor :STMicroelectronics X-CUBE-AZRTOS-L4 2.0.0
2025-10-09 09:23:06,706 [INFO] ThirdParty:1030 - CMSIS Pack Vendor :STMicroelectronics ThreadX 0.0.2
2025-10-09 09:23:06,706 [INFO] ThirdParty:1030 - CMSIS Pack Vendor :WES I-CUBE-Cesium 1.3.0
2025-10-09 09:23:06,706 [INFO] ThirdParty:1030 - CMSIS Pack Vendor :STMicroelectronics lwIP 2.1.2
2025-10-09 09:23:06,706 [INFO] ThirdParty:1030 - CMSIS Pack Vendor :STMicroelectronics X-CUBE-SFXS2LP1 4.0.0
2025-10-09 09:23:06,706 [INFO] ThirdParty:1030 - CMSIS Pack Vendor :STMicroelectronics X-CUBE-BLE2 3.3.0
2025-10-09 09:23:06,706 [INFO] ThirdParty:1030 - CMSIS Pack Vendor :STMicroelectronics X-CUBE-TOF1 3.4.3
2025-10-09 09:23:06,706 [INFO] ThirdParty:1030 - CMSIS Pack Vendor :STMicroelectronics PDM2PCM 3.2.0
2025-10-09 09:23:06,706 [INFO] ThirdParty:841 - exiting critical section [change project]
2025-10-09 09:23:07,027 [INFO] PinOutPanel:1589 - setPackage(No Configuration,No Configuration)
2025-10-09 09:23:07,028 [INFO] PinOutPanel:1589 - setPackage(STM32F103RCTx,LQFP64)
2025-10-09 09:23:07,452 [INFO] UtilMem:75 - Before build in PCC Used Memory: 681740888 Bytes (1073741824)
2025-10-09 09:23:08,045 [INFO] UtilMem:75 - After build in PCC Used Memory: 814383704 Bytes (1073741824)
2025-10-09 09:23:08,074 [INFO] IPUIPlugin:80 - create IPUIPlugin
2025-10-09 09:23:08,074 [INFO] IPUIPlugin:80 - create IPUIPlugin
2025-10-09 09:23:08,074 [INFO] IPUIPlugin:80 - create IPUIPlugin
2025-10-09 09:23:08,075 [INFO] IPUIPlugin:80 - create IPUIPlugin
2025-10-09 09:23:08,075 [INFO] IPUIPlugin:80 - create IPUIPlugin
2025-10-09 09:23:08,075 [INFO] IPUIPlugin:80 - create IPUIPlugin
2025-10-09 09:23:08,075 [INFO] IPUIPlugin:80 - create IPUIPlugin
2025-10-09 09:23:08,075 [INFO] IPUIPlugin:80 - create IPUIPlugin
2025-10-09 09:23:08,075 [INFO] IPUIPlugin:80 - create IPUIPlugin
2025-10-09 09:23:08,075 [INFO] IPUIPlugin:80 - create IPUIPlugin
2025-10-09 09:23:08,075 [INFO] IPUIPlugin:80 - create IPUIPlugin
2025-10-09 09:23:08,075 [INFO] IPUIPlugin:80 - create IPUIPlugin
2025-10-09 09:23:08,075 [INFO] IPUIPlugin:80 - create IPUIPlugin
2025-10-09 09:23:08,075 [INFO] IPUIPlugin:80 - create IPUIPlugin
2025-10-09 09:23:08,075 [INFO] IPUIPlugin:80 - create IPUIPlugin
2025-10-09 09:23:08,076 [INFO] IPUIPlugin:80 - create IPUIPlugin
2025-10-09 09:23:08,076 [INFO] IPUIPlugin:80 - create IPUIPlugin
2025-10-09 09:23:08,076 [INFO] IPUIPlugin:80 - create IPUIPlugin
2025-10-09 09:23:08,076 [INFO] IPUIPlugin:80 - create IPUIPlugin
2025-10-09 09:23:08,076 [INFO] IPUIPlugin:80 - create IPUIPlugin
2025-10-09 09:23:08,076 [INFO] IPUIPlugin:80 - create IPUIPlugin
2025-10-09 09:23:08,076 [INFO] IPUIPlugin:80 - create IPUIPlugin
2025-10-09 09:23:08,076 [INFO] IPUIPlugin:80 - create IPUIPlugin
2025-10-09 09:23:08,077 [INFO] IPUIPlugin:80 - create IPUIPlugin
2025-10-09 09:23:08,077 [INFO] IPUIPlugin:80 - create IPUIPlugin
2025-10-09 09:23:08,077 [INFO] IPUIPlugin:80 - create IPUIPlugin
2025-10-09 09:23:08,077 [INFO] IPUIPlugin:80 - create IPUIPlugin
2025-10-09 09:23:08,077 [INFO] IPUIPlugin:80 - create IPUIPlugin
2025-10-09 09:23:08,077 [INFO] IPUIPlugin:80 - create IPUIPlugin
2025-10-09 09:23:08,077 [INFO] IPUIPlugin:80 - create IPUIPlugin
2025-10-09 09:23:08,077 [INFO] IPUIPlugin:80 - create IPUIPlugin
2025-10-09 09:23:08,078 [INFO] IPUIPlugin:80 - create IPUIPlugin
2025-10-09 09:23:08,078 [INFO] IPUIPlugin:80 - create IPUIPlugin
2025-10-09 09:23:08,078 [INFO] IPUIPlugin:80 - create IPUIPlugin
2025-10-09 09:23:08,078 [INFO] IPUIPlugin:80 - create IPUIPlugin
2025-10-09 09:23:08,078 [INFO] IPUIPlugin:80 - create IPUIPlugin
2025-10-09 09:23:08,078 [INFO] IPUIPlugin:80 - create IPUIPlugin
2025-10-09 09:23:08,078 [INFO] IPUIPlugin:80 - create IPUIPlugin
2025-10-09 09:23:08,079 [INFO] IPUIPlugin:80 - create IPUIPlugin
2025-10-09 09:23:08,194 [INFO] CADModel:165 - CPN selected for project levelSTM32F103RCT6
2025-10-09 09:23:08,194 [INFO] CADModel:114 - Register for checkConnection events
2025-10-09 09:23:08,232 [INFO] OpenFileManager:386 - Restore cursor
2025-10-09 09:23:08,594 [INFO] UtilMem:75 - End SaveConfig() Used Memory: 925375712 Bytes (1073741824)
2025-10-09 09:23:10,265 [INFO] ServerAccessManage:452 - Complete download http(s) 200
2025-10-09 09:23:10,265 [INFO] ServerAccessManage:509 - Download File stm32cube_fw_f1_v180.zip
2025-10-09 09:23:17,327 [ERROR] AdobePublisher:162 - Exception while opening the connection: java.net.ConnectException: Connection refused
2025-10-09 09:23:17,327 [ERROR] AdobePublisher:162 - Exception while opening the connection: java.net.ConnectException: Connection refused
2025-10-09 09:23:17,327 [ERROR] AdobePublisher:162 - Exception while opening the connection: java.net.ConnectException: Connection refused
2025-10-09 09:23:17,327 [ERROR] AdobePublisher:162 - Exception while opening the connection: java.net.ConnectException: Connection refused
2025-10-09 09:23:17,328 [ERROR] AdobePublisher:162 - Exception while opening the connection: java.net.ConnectException: Connection refused
2025-10-09 09:25:05,535 [WARN] FileExtend:469 - File entry not found
2025-10-09 09:25:05,536 [INFO] FileExtend:248 - Unzip File : stm32cube_fw_f1_v180.zip
2025-10-09 09:25:05,537 [INFO] FileExtend:263 - Standard Zip Deflate
2025-10-09 09:25:10,295 [INFO] ServerAccessManage:452 - Complete download http(s) 200
2025-10-09 09:25:10,296 [INFO] ServerAccessManage:509 - Download File stm32cube_fw_f1_v186.zip
2025-10-09 09:25:58,838 [INFO] FileExtend:248 - Unzip File : stm32cube_fw_f1_v186.zip
2025-10-09 09:25:58,838 [INFO] FileExtend:263 - Standard Zip Deflate
2025-10-09 09:26:00,117 [INFO] LoadServerPackagesThread:196 - End of LoadServerPackages Thread
2025-10-09 09:26:00,365 [INFO] ThirdPartyModel:298 - Start build external matchings
2025-10-09 09:26:00,388 [INFO] UtilMem:75 - End SaveConfig() Used Memory: 838956008 Bytes (1073741824)
2025-10-09 09:26:00,851 [INFO] BlockDiagram:2775 - set Specific Code input for plugin: NVIC
2025-10-09 09:26:00,852 [INFO] BlockDiagram:2775 - set Specific Code input for plugin: RCC
2025-10-09 09:26:00,853 [INFO] CodeGenerator:892 - code generatio: config db path: /home/tuna/st/stm32cubeide_1.18.1/plugins/com.st.stm32cube.common.mx_6.15.0.202507011659//db/
2025-10-09 09:26:01,003 [INFO] CodeEngine:265 - oldGeneratedFile, /home/tuna/STM32CubeIDE/workspace_1.18.1/stm32f4_dev_board/dy_tem_oled_i2c/stm32-f103rct/MXTmpFiles/license.tmp_save
2025-10-09 09:26:01,021 [INFO] ThirdPartyModel:316 - End build external matchings
2025-10-09 09:26:01,030 [INFO] CheckServerUpdateThread:120 - End of CheckServer Thread
2025-10-09 09:26:01,406 [INFO] CodeEngine:289 - Generated code: /home/tuna/STM32CubeIDE/workspace_1.18.1/stm32f4_dev_board/dy_tem_oled_i2c/stm32-f103rct/MXTmpFiles/license.tmp
2025-10-09 09:26:01,418 [INFO] CodeEngine:265 - oldGeneratedFile, /home/tuna/STM32CubeIDE/workspace_1.18.1/stm32f4_dev_board/dy_tem_oled_i2c/stm32-f103rct/Core/Src/stm32f1xx_it.c_save
2025-10-09 09:26:01,602 [INFO] CodeEngine:289 - Generated code: /home/tuna/STM32CubeIDE/workspace_1.18.1/stm32f4_dev_board/dy_tem_oled_i2c/stm32-f103rct/Core/Src/stm32f1xx_it.c
2025-10-09 09:26:01,605 [INFO] CodeEngine:265 - oldGeneratedFile, /home/tuna/STM32CubeIDE/workspace_1.18.1/stm32f4_dev_board/dy_tem_oled_i2c/stm32-f103rct/Core/Inc/stm32f1xx_it.h_save
2025-10-09 09:26:01,681 [INFO] CodeEngine:289 - Generated code: /home/tuna/STM32CubeIDE/workspace_1.18.1/stm32f4_dev_board/dy_tem_oled_i2c/stm32-f103rct/Core/Inc/stm32f1xx_it.h
2025-10-09 09:26:01,746 [INFO] CodeEngine:265 - oldGeneratedFile, /home/tuna/STM32CubeIDE/workspace_1.18.1/stm32f4_dev_board/dy_tem_oled_i2c/stm32-f103rct/Core/Src/stm32f1xx_hal_msp.c_save
2025-10-09 09:26:01,850 [INFO] CodeEngine:289 - Generated code: /home/tuna/STM32CubeIDE/workspace_1.18.1/stm32f4_dev_board/dy_tem_oled_i2c/stm32-f103rct/Core/Src/stm32f1xx_hal_msp.c
2025-10-09 09:26:01,853 [INFO] CodeEngine:265 - oldGeneratedFile, /home/tuna/STM32CubeIDE/workspace_1.18.1/stm32f4_dev_board/dy_tem_oled_i2c/stm32-f103rct/MXTmpFiles/system.tmp_save
2025-10-09 09:26:01,903 [INFO] CodeEngine:289 - Generated code: /home/tuna/STM32CubeIDE/workspace_1.18.1/stm32f4_dev_board/dy_tem_oled_i2c/stm32-f103rct/MXTmpFiles/system.tmp
2025-10-09 09:26:01,907 [INFO] CodeEngine:321 - oldGeneratedFile, /home/tuna/STM32CubeIDE/workspace_1.18.1/stm32f4_dev_board/dy_tem_oled_i2c/stm32-f103rct/Core/Inc/stm32f1xx_hal_conf.h_save
2025-10-09 09:26:01,963 [INFO] CodeEngine:345 - Generated code: /home/tuna/STM32CubeIDE/workspace_1.18.1/stm32f4_dev_board/dy_tem_oled_i2c/stm32-f103rct/Core/Inc/stm32f1xx_hal_conf.h
2025-10-09 09:26:01,987 [INFO] ApiDbMcu:532 - Load IP Config File for RCC
2025-10-09 09:26:01,991 [INFO] CodeEngine:265 - oldGeneratedFile, /home/tuna/STM32CubeIDE/workspace_1.18.1/stm32f4_dev_board/dy_tem_oled_i2c/stm32-f103rct/Core/Inc/main.h_save
2025-10-09 09:26:02,070 [INFO] CodeEngine:289 - Generated code: /home/tuna/STM32CubeIDE/workspace_1.18.1/stm32f4_dev_board/dy_tem_oled_i2c/stm32-f103rct/Core/Inc/main.h
2025-10-09 09:26:02,072 [INFO] CodeEngine:265 - oldGeneratedFile, /home/tuna/STM32CubeIDE/workspace_1.18.1/stm32f4_dev_board/dy_tem_oled_i2c/stm32-f103rct/Core/Src/main.c_save
2025-10-09 09:26:02,185 [INFO] CodeEngine:289 - Generated code: /home/tuna/STM32CubeIDE/workspace_1.18.1/stm32f4_dev_board/dy_tem_oled_i2c/stm32-f103rct/Core/Src/main.c
2025-10-09 09:26:02,407 [INFO] ProjectBuilder:3606 - Time for Copy HAL[1] : 22mS.
2025-10-09 09:26:02,411 [INFO] ProjectBuilder:5216 - Project Generator version: 4.7.0-B52
2025-10-09 09:26:02,495 [INFO] ConfigFileManager:1595 - The Die is : DIE414
2025-10-09 09:26:02,503 [INFO] ApiDbMcu:532 - Load IP Config File for FATFS
2025-10-09 09:26:02,509 [INFO] ApiDbMcu:532 - Load IP Config File for FREERTOS
2025-10-09 09:26:02,518 [INFO] ApiDbMcu:532 - Load IP Config File for USB_DEVICE
2025-10-09 09:26:02,865 [INFO] LogOutputStream:77 - [STDOUT_REDIRECT] 
2025-10-09 09:26:04,927 [INFO] ProjectBuilder:5496 - Time for Generating toolchain IDE Files: 2515mS.
2025-10-09 09:26:04,927 [INFO] ProjectBuilder:3463 - Time for Copy CMSIS : 0mS.
2025-10-09 09:26:04,928 [INFO] ProjectBuilder:3463 - Time for Copy CMSIS : 0mS.
2025-10-09 09:26:05,315 [INFO] McuFinderGlobals:76 - Set McuFinderConnectedMode to true
2025-10-09 09:26:05,320 [INFO] ApiDb:448 - Save user favorites file /home/tuna/.stm32cubeide/favorites.mcus.txt: 0 item(s)
2025-10-09 09:26:05,320 [INFO] ApiDb:452 - User favorites MCUs=[]
2025-10-09 09:30:38,093 [INFO] UtilMem:75 - End SaveConfig() Used Memory: 854791408 Bytes (1073741824)
2025-10-09 09:30:40,614 [INFO] UtilMem:75 - End SaveConfig() Used Memory: 945756392 Bytes (1073741824)
2025-10-09 09:30:40,883 [INFO] BlockDiagram:2775 - set Specific Code input for plugin: NVIC
2025-10-09 09:30:40,884 [INFO] BlockDiagram:2775 - set Specific Code input for plugin: GPIO
2025-10-09 09:30:40,884 [INFO] BlockDiagram:2775 - set Specific Code input for plugin: RCC
2025-10-09 09:30:40,885 [INFO] CodeGenerator:892 - code generatio: config db path: /home/tuna/st/stm32cubeide_1.18.1/plugins/com.st.stm32cube.common.mx_6.15.0.202507011659//db/
2025-10-09 09:30:41,032 [INFO] CodeEngine:265 - oldGeneratedFile, /home/tuna/STM32CubeIDE/workspace_1.18.1/stm32f4_dev_board/dy_tem_oled_i2c/stm32-f103rct/MXTmpFiles/license.tmp_save
2025-10-09 09:30:41,120 [INFO] CodeEngine:289 - Generated code: /home/tuna/STM32CubeIDE/workspace_1.18.1/stm32f4_dev_board/dy_tem_oled_i2c/stm32-f103rct/MXTmpFiles/license.tmp
2025-10-09 09:30:41,180 [INFO] CodeEngine:265 - oldGeneratedFile, /home/tuna/STM32CubeIDE/workspace_1.18.1/stm32f4_dev_board/dy_tem_oled_i2c/stm32-f103rct/MXTmpFiles/gpio.tmp_save
2025-10-09 09:30:41,358 [INFO] CodeEngine:289 - Generated code: /home/tuna/STM32CubeIDE/workspace_1.18.1/stm32f4_dev_board/dy_tem_oled_i2c/stm32-f103rct/MXTmpFiles/gpio.tmp
2025-10-09 09:30:41,369 [INFO] CodeEngine:265 - oldGeneratedFile, /home/tuna/STM32CubeIDE/workspace_1.18.1/stm32f4_dev_board/dy_tem_oled_i2c/stm32-f103rct/Core/Src/stm32f1xx_it.c_save
2025-10-09 09:30:41,521 [INFO] CodeEngine:289 - Generated code: /home/tuna/STM32CubeIDE/workspace_1.18.1/stm32f4_dev_board/dy_tem_oled_i2c/stm32-f103rct/Core/Src/stm32f1xx_it.c
2025-10-09 09:30:41,523 [INFO] CodeEngine:265 - oldGeneratedFile, /home/tuna/STM32CubeIDE/workspace_1.18.1/stm32f4_dev_board/dy_tem_oled_i2c/stm32-f103rct/Core/Inc/stm32f1xx_it.h_save
2025-10-09 09:30:41,653 [INFO] CodeEngine:289 - Generated code: /home/tuna/STM32CubeIDE/workspace_1.18.1/stm32f4_dev_board/dy_tem_oled_i2c/stm32-f103rct/Core/Inc/stm32f1xx_it.h
2025-10-09 09:30:41,670 [INFO] CodeEngine:265 - oldGeneratedFile, /home/tuna/STM32CubeIDE/workspace_1.18.1/stm32f4_dev_board/dy_tem_oled_i2c/stm32-f103rct/Core/Src/stm32f1xx_hal_msp.c_save
2025-10-09 09:30:41,866 [INFO] CodeEngine:289 - Generated code: /home/tuna/STM32CubeIDE/workspace_1.18.1/stm32f4_dev_board/dy_tem_oled_i2c/stm32-f103rct/Core/Src/stm32f1xx_hal_msp.c
2025-10-09 09:30:41,868 [INFO] CodeEngine:265 - oldGeneratedFile, /home/tuna/STM32CubeIDE/workspace_1.18.1/stm32f4_dev_board/dy_tem_oled_i2c/stm32-f103rct/MXTmpFiles/system.tmp_save
2025-10-09 09:30:41,989 [INFO] CodeEngine:289 - Generated code: /home/tuna/STM32CubeIDE/workspace_1.18.1/stm32f4_dev_board/dy_tem_oled_i2c/stm32-f103rct/MXTmpFiles/system.tmp
2025-10-09 09:30:41,996 [INFO] CodeEngine:321 - oldGeneratedFile, /home/tuna/STM32CubeIDE/workspace_1.18.1/stm32f4_dev_board/dy_tem_oled_i2c/stm32-f103rct/Core/Inc/stm32f1xx_hal_conf.h_save
2025-10-09 09:30:42,127 [INFO] CodeEngine:345 - Generated code: /home/tuna/STM32CubeIDE/workspace_1.18.1/stm32f4_dev_board/dy_tem_oled_i2c/stm32-f103rct/Core/Inc/stm32f1xx_hal_conf.h
2025-10-09 09:30:42,152 [INFO] CodeEngine:265 - oldGeneratedFile, /home/tuna/STM32CubeIDE/workspace_1.18.1/stm32f4_dev_board/dy_tem_oled_i2c/stm32-f103rct/Core/Inc/main.h_save
2025-10-09 09:30:42,292 [INFO] CodeEngine:289 - Generated code: /home/tuna/STM32CubeIDE/workspace_1.18.1/stm32f4_dev_board/dy_tem_oled_i2c/stm32-f103rct/Core/Inc/main.h
2025-10-09 09:30:42,295 [INFO] CodeEngine:265 - oldGeneratedFile, /home/tuna/STM32CubeIDE/workspace_1.18.1/stm32f4_dev_board/dy_tem_oled_i2c/stm32-f103rct/Core/Src/main.c_save
2025-10-09 09:30:42,501 [INFO] CodeEngine:289 - Generated code: /home/tuna/STM32CubeIDE/workspace_1.18.1/stm32f4_dev_board/dy_tem_oled_i2c/stm32-f103rct/Core/Src/main.c
2025-10-09 09:30:42,880 [INFO] ProjectBuilder:3606 - Time for Copy HAL[1] : 42mS.
2025-10-09 09:30:42,884 [INFO] ProjectBuilder:5216 - Project Generator version: 4.7.0-B52
2025-10-09 09:30:43,057 [INFO] ConfigFileManager:1595 - The Die is : DIE414
2025-10-09 09:30:44,069 [INFO] ProjectBuilder:5496 - Time for Generating toolchain IDE Files: 1185mS.
2025-10-09 09:30:44,069 [INFO] ProjectBuilder:3463 - Time for Copy CMSIS : 0mS.
2025-10-09 09:30:44,070 [INFO] ProjectBuilder:3463 - Time for Copy CMSIS : 0mS.
2025-10-09 09:31:01,593 [INFO] CADModel:198 - CPN selected (Project mode): STM32F103RCT6
2025-10-09 09:31:01,594 [INFO] CADModel:200 - Internet connection configuration mode: 1
2025-10-09 09:31:01,594 [INFO] CADModel:203 - rpn retrievedSTM32F103RC
2025-10-09 09:31:01,602 [INFO] WebAppUi:336 - Instantiating new browser for Project
2025-10-09 09:31:01,950 [INFO] WebAppUi:1235 - Register for checkConnection events
2025-10-09 09:31:01,950 [INFO] WebAppUi:1270 - Apply proxy settings
2025-10-09 09:31:01,950 [INFO] WebAppUi:1308 - Chromium requires no authentication
2025-10-09 09:31:01,951 [INFO] WebAppUi:1294 - Direct internet connection detected
2025-10-09 09:31:01,958 [INFO] WebAppUi:1166 - Web application path used /home/tuna/st/stm32cubeide_1.18.1/plugins/com.st.stm32cube.common.mx_6.15.0.202507011659/db/plugins/mcufinder/reactClient/index.html
2025-10-09 09:31:01,976 [INFO] WebAppUi:938 - Path where api_config.json is located /home/tuna/.stmcufinder/plugins/mcufinder//mcu/api_config.json
2025-10-09 09:31:01,976 [INFO] WebAppUi:939 - Setting api config in window object
2025-10-09 09:31:02,021 [INFO] WebAppUi:947 - Path where cad_preferences.json is located /home/tuna/.stm32cubeide/
2025-10-09 09:31:02,021 [INFO] WebAppUi:948 - Setting consent info in window object
2025-10-09 09:31:03,511 [INFO] WebAppUi:843 - Allow Downloads
2025-10-09 09:31:03,512 [INFO] WebAppUi:336 - Instantiating new browser for Finder
2025-10-09 09:31:03,796 [INFO] WebAppUi:1235 - Register for checkConnection events
2025-10-09 09:31:03,796 [INFO] WebAppUi:1270 - Apply proxy settings
2025-10-09 09:31:03,796 [INFO] WebAppUi:1308 - Chromium requires no authentication
2025-10-09 09:31:03,796 [INFO] WebAppUi:1294 - Direct internet connection detected
2025-10-09 09:31:03,802 [INFO] WebAppUi:1166 - Web application path used /home/tuna/st/stm32cubeide_1.18.1/plugins/com.st.stm32cube.common.mx_6.15.0.202507011659/db/plugins/mcufinder/reactClient/index.html
2025-10-09 09:31:03,818 [INFO] WebAppUi:938 - Path where api_config.json is located /home/tuna/.stmcufinder/plugins/mcufinder//mcu/api_config.json
2025-10-09 09:31:03,819 [INFO] WebAppUi:939 - Setting api config in window object
2025-10-09 09:31:03,837 [INFO] WebAppUi:947 - Path where cad_preferences.json is located /home/tuna/.stm32cubeide/
2025-10-09 09:31:03,837 [INFO] WebAppUi:948 - Setting consent info in window object
2025-10-09 09:31:04,292 [INFO] WebAppUi:1100 - Web application message: [UlApiManager component] Connected to Ultra Librarian SSO
2025-10-09 09:31:04,293 [INFO] WebAppUi:1100 - Web application message: [UlApiManager component] Connected to Ultra Librarian API
2025-10-09 09:31:04,428 [INFO] WebAppUi:843 - Allow Downloads
2025-10-09 09:31:04,428 [INFO] WebAppUi:664 - RPN selected STM32F103RC
2025-10-09 09:31:04,428 [INFO] WebAppUi:665 - RefName selected STM32F103RCTx
2025-10-09 09:31:04,428 [INFO] WebAppUi:666 - CPN selected STM32F103RCT6
2025-10-09 09:31:04,431 [INFO] WebAppUi:829 - Which Bigleton in use 2 and which CPN is about STM32F103RCT6
2025-10-09 09:31:04,438 [INFO] WebAppUi:703 - Have injected Javascript into web application
2025-10-09 09:31:04,438 [INFO] WebAppUiContainer:153 - Web application run mode: Project CPN: STM32F103RCT6
2025-10-09 09:31:04,509 [INFO] WebAppUi:1100 - Web application message: [UlApiManager component] Connecting to SSO
2025-10-09 09:31:05,540 [INFO] WebAppUi:1100 - Web application message: [UlApiManager component] Connected to Ultra Librarian SSO
2025-10-09 09:31:05,542 [INFO] WebAppUi:1100 - Web application message: [UlApiManager component] Connected to Ultra Librarian API
2025-10-09 09:31:09,078 [INFO] WebAppUi:938 - Path where api_config.json is located /home/tuna/.stmcufinder/plugins/mcufinder//mcu/api_config.json
2025-10-09 09:31:09,078 [INFO] WebAppUi:939 - Setting api config in window object
2025-10-09 09:31:09,110 [INFO] WebAppUi:947 - Path where cad_preferences.json is located /home/tuna/.stm32cubeide/
2025-10-09 09:31:09,110 [INFO] WebAppUi:948 - Setting consent info in window object
2025-10-09 09:31:13,276 [INFO] WebAppUi:1100 - Web application message: THREE.WebGLRenderer 101
2025-10-09 10:03:15,164 [ERROR] AdobePublisher:162 - Exception while opening the connection: java.net.ConnectException: Connection refused
2025-10-09 10:03:15,166 [ERROR] AdobePublisher:162 - Exception while opening the connection: java.net.ConnectException: Connection refused
2025-10-09 10:03:15,167 [ERROR] AdobePublisher:162 - Exception while opening the connection: java.net.ConnectException: Connection refused
2025-10-09 10:03:15,167 [ERROR] AdobePublisher:162 - Exception while opening the connection: java.net.ConnectException: Connection refused
2025-10-09 10:03:15,168 [ERROR] AdobePublisher:162 - Exception while opening the connection: java.net.ConnectException: Connection refused
2025-10-09 10:03:15,754 [INFO] WebAppUi:305 - Path where cad_preferences.json is located /home/tuna/.stm32cubeide/
2025-10-09 10:03:15,754 [INFO] WebAppUi:306 - Updating consent from JSON file
2025-10-09 10:03:15,756 [INFO] WebAppUi:305 - Path where cad_preferences.json is located /home/tuna/.stm32cubeide/
2025-10-09 10:03:15,756 [INFO] WebAppUi:306 - Updating consent from JSON file
2025-10-09 10:03:15,992 [INFO] WebApp:403 - JxBrowser engine has been closed 
2025-10-09 10:03:15,992 [INFO] WebAppUi:504 - JxBrowser engine has been closed 
2025-10-09 10:03:15,993 [INFO] WebAppUi:541 - Close the Jxbrowser engine manually
2025-10-09 10:03:18,640 [ERROR] LogOutputStream:75 - [STDERR_REDIRECT] 
2025-10-09 10:08:01,602 [INFO] Activator:176 - 


2025-10-09 10:08:01,604 [INFO] Activator:177 - !SESSION log4j initialized
2025-10-09 10:08:06,209 [INFO] LogOutputStream:77 - [STDOUT_REDIRECT] 
2025-10-09 10:08:08,035 [INFO] ApplicationProperties:184 - Using Application install path: /home/tuna/st/stm32cubeide_1.18.1/plugins/com.st.stm32cube.common.mx_6.15.0.202507011659
2025-10-09 10:08:08,067 [INFO] DbMcusXml:78 - Set database path to: /home/tuna/st/stm32cubeide_1.18.1/plugins/com.st.stm32cube.common.mx_6.15.0.202507011659//db//mcu/
2025-10-09 10:08:08,067 [INFO] ApiDb:274 - Set plugin database path to: /home/tuna/st/stm32cubeide_1.18.1/plugins/com.st.stm32cube.common.mx_6.15.0.202507011659//db//plugins/boardmanager/
2025-10-09 10:08:08,068 [WARN] ApiDb:259 - Overriding images path with different value:  => /home/tuna/st/stm32cubeide_1.18.1/plugins/com.st.stm32cube.common.mx_6.15.0.202507011659//db//plugins/mcufinder/images/
2025-10-09 10:08:08,077 [INFO] ApiDb:250 - Set database path to: /home/tuna/.stmcufinder/plugins/mcufinder//mcu/
2025-10-09 10:08:08,079 [INFO] DbMcusAds:125 - Set database path to: /home/tuna/.stmcufinder/plugins/mcufinder//mcu/
2025-10-09 10:08:08,084 [INFO] CrossReferenceDbSqlite:203 - Set database path to: /home/tuna/.stmcufinder/plugins/mcufinder//mcu/cs/
2025-10-09 10:08:08,280 [INFO] RulesReader:64 - Compatibility file has been processed (317 Rules)
2025-10-09 10:08:08,392 [INFO] DbMcusXml:78 - Set database path to: /home/tuna/st/stm32cubeide_1.18.1/plugins/com.st.stm32cube.common.mx_6.15.0.202507011659//db//mcu/
2025-10-09 10:08:08,393 [INFO] ApiDb:274 - Set plugin database path to: /home/tuna/st/stm32cubeide_1.18.1/plugins/com.st.stm32cube.common.mx_6.15.0.202507011659//db//plugins/boardmanager/
2025-10-09 10:08:08,393 [INFO] ApiDb:261 - Set plugin images path to: /home/tuna/st/stm32cubeide_1.18.1/plugins/com.st.stm32cube.common.mx_6.15.0.202507011659//db//plugins/mcufinder/images/
2025-10-09 10:08:08,393 [WARN] DbFile:41 - Overriding database path with different value: /home/tuna/.stmcufinder/plugins/mcufinder/ => /home/tuna/.stmcufinder/plugins/mcufinder
2025-10-09 10:08:08,394 [INFO] ApiDb:250 - Set database path to: /home/tuna/.stmcufinder/plugins/mcufinder//mcu/
2025-10-09 10:08:08,394 [WARN] DbFile:41 - Overriding database path with different value: /home/tuna/.stmcufinder/plugins/mcufinder/ => /home/tuna/.stmcufinder/plugins/mcufinder
2025-10-09 10:08:08,394 [INFO] DbMcusAds:125 - Set database path to: /home/tuna/.stmcufinder/plugins/mcufinder//mcu/
2025-10-09 10:08:08,394 [WARN] DbFile:41 - Overriding database path with different value: /home/tuna/.stmcufinder/plugins/mcufinder/ => /home/tuna/.stmcufinder/plugins/mcufinder
2025-10-09 10:08:08,394 [WARN] DbFile:41 - Overriding database path with different value: /home/tuna/.stmcufinder/plugins/mcufinder/ => /home/tuna/.stmcufinder/plugins/mcufinder
2025-10-09 10:08:08,394 [INFO] CrossReferenceDbSqlite:203 - Set database path to: /home/tuna/.stmcufinder/plugins/mcufinder//mcu/cs/
2025-10-09 10:08:08,502 [INFO] MainPanel:274 - HeapMemory: 268435456
2025-10-09 10:08:08,703 [INFO] DbMcusXml:78 - Set database path to: /home/tuna/st/stm32cubeide_1.18.1/plugins/com.st.stm32cube.common.mx_6.15.0.202507011659//db//mcu/
2025-10-09 10:08:08,703 [INFO] ApiDb:274 - Set plugin database path to: /home/tuna/st/stm32cubeide_1.18.1/plugins/com.st.stm32cube.common.mx_6.15.0.202507011659//db//plugins/boardmanager/
2025-10-09 10:08:08,703 [INFO] ApiDb:261 - Set plugin images path to: /home/tuna/st/stm32cubeide_1.18.1/plugins/com.st.stm32cube.common.mx_6.15.0.202507011659//db//plugins/mcufinder/images/
2025-10-09 10:08:08,704 [WARN] DbFile:41 - Overriding database path with different value: /home/tuna/.stmcufinder/plugins/mcufinder/ => /home/tuna/.stmcufinder/plugins/mcufinder
2025-10-09 10:08:08,704 [INFO] ApiDb:250 - Set database path to: /home/tuna/.stmcufinder/plugins/mcufinder//mcu/
2025-10-09 10:08:08,704 [WARN] DbFile:41 - Overriding database path with different value: /home/tuna/.stmcufinder/plugins/mcufinder/ => /home/tuna/.stmcufinder/plugins/mcufinder
2025-10-09 10:08:08,704 [INFO] DbMcusAds:125 - Set database path to: /home/tuna/.stmcufinder/plugins/mcufinder//mcu/
2025-10-09 10:08:08,704 [WARN] DbFile:41 - Overriding database path with different value: /home/tuna/.stmcufinder/plugins/mcufinder/ => /home/tuna/.stmcufinder/plugins/mcufinder
2025-10-09 10:08:08,704 [WARN] DbFile:41 - Overriding database path with different value: /home/tuna/.stmcufinder/plugins/mcufinder/ => /home/tuna/.stmcufinder/plugins/mcufinder
2025-10-09 10:08:08,705 [INFO] CrossReferenceDbSqlite:203 - Set database path to: /home/tuna/.stmcufinder/plugins/mcufinder//mcu/cs/
2025-10-09 10:08:08,735 [INFO] ApplicationProperties:184 - Using Application install path: /home/tuna/st/stm32cubeide_1.18.1/plugins/com.st.stm32cube.common.mx_6.15.0.202507011659
2025-10-09 10:08:08,737 [INFO] PluginManage:196 - Search for loadable plugins [exclusion list=, ]
2025-10-09 10:08:08,739 [INFO] PluginManage:310 - Check plugin analytics
2025-10-09 10:08:08,982 [INFO] AnalyticsPlugin:253 - Accepted Software Licenses: STM32CubeMX.6.15.0
2025-10-09 10:08:08,983 [INFO] AnalyticsPlugin:255 - Accepted CMSIS Pack Licenses: 
2025-10-09 10:08:08,983 [INFO] AnalyticsPlugin:257 - Accepted Firmware Licenses: FW.G4.1.6.0,FW.F4.1.28.0
2025-10-09 10:08:08,986 [INFO] PluginManage:359 - Loaded plugin analytics (category:tool,tabindex:-1)
2025-10-09 10:08:08,987 [INFO] PluginManage:310 - Check plugin cadmodel
2025-10-09 10:08:08,993 [INFO] CADModel:105 - Init CAD model plugin
2025-10-09 10:08:08,993 [INFO] PluginManage:359 - Loaded plugin cadmodel (category:power,tabindex:5)
2025-10-09 10:08:08,994 [INFO] PluginManage:310 - Check plugin clock
2025-10-09 10:08:09,007 [INFO] PluginManage:359 - Loaded plugin clock (category:base,tabindex:2)
2025-10-09 10:08:09,008 [INFO] PluginManage:310 - Check plugin ddr
2025-10-09 10:08:09,011 [INFO] PluginManage:359 - Loaded plugin ddr (category:tool,tabindex:6)
2025-10-09 10:08:09,011 [INFO] PluginManage:310 - Check plugin filemanager
2025-10-09 10:08:09,249 [INFO] PluginManage:359 - Loaded plugin filemanager (category:base,tabindex:10)
2025-10-09 10:08:09,250 [INFO] PluginManage:310 - Check plugin ipmanager
2025-10-09 10:08:09,258 [INFO] PluginManage:359 - Loaded plugin ipmanager (category:base,tabindex:5)
2025-10-09 10:08:09,258 [INFO] PluginManage:310 - Check plugin lpbam
2025-10-09 10:08:09,273 [INFO] PluginManage:359 - Loaded plugin lpbam (category:base,tabindex:0)
2025-10-09 10:08:09,273 [INFO] PluginManage:310 - Check plugin memorymap
2025-10-09 10:08:09,292 [INFO] PluginManage:359 - Loaded plugin memorymap (category:base,tabindex:4)
2025-10-09 10:08:09,292 [INFO] PluginManage:310 - Check plugin pinoutandconfiguration
2025-10-09 10:08:09,305 [INFO] PluginManage:359 - Loaded plugin pinoutandconfiguration (category:base,tabindex:1)
2025-10-09 10:08:09,306 [INFO] PluginManage:310 - Check plugin pinoutconfig
2025-10-09 10:08:09,449 [WARN] SupportedApi:132 - Cannot load RTOS API schema: s4s-elt-must-match.1: The content of 'definitions' must match (annotation?, (simpleType | complexType)?, (unique | key | keyref)*)). A problem was found starting at: attribute.
2025-10-09 10:08:09,667 [INFO] PluginManage:359 - Loaded plugin pinoutconfig (category:base,tabindex:0)
2025-10-09 10:08:09,667 [INFO] PluginManage:310 - Check plugin power
2025-10-09 10:08:09,682 [INFO] PluginManage:359 - Loaded plugin power (category:power,tabindex:4)
2025-10-09 10:08:09,682 [INFO] PluginManage:310 - Check plugin projectmanager
2025-10-09 10:08:09,702 [INFO] PluginManage:359 - Loaded plugin projectmanager (category:projectmanager,tabindex:4)
2025-10-09 10:08:09,702 [INFO] PluginManage:310 - Check plugin rif
2025-10-09 10:08:09,713 [INFO] PluginManage:359 - Loaded plugin rif (category:base,tabindex:3)
2025-10-09 10:08:09,713 [INFO] PluginManage:310 - Check plugin thirdparty
2025-10-09 10:08:09,907 [INFO] PluginManage:359 - Loaded plugin thirdparty (category:base,tabindex:-1)
2025-10-09 10:08:09,907 [WARN] IntegrityCheckThread:84 - waiting for thirdparty lock release [integrity check]
2025-10-09 10:08:09,907 [INFO] PluginManage:310 - Check plugin tools
2025-10-09 10:08:09,908 [INFO] IntegrityCheckThread:86 - entering critical section [integrity check]
2025-10-09 10:08:09,908 [INFO] ThirdPartyUpdaterWithRetryManager:70 - Updater plugin not ready yet. [1/15]
2025-10-09 10:08:09,911 [INFO] PluginManage:359 - Loaded plugin tools (category:base,tabindex:7)
2025-10-09 10:08:09,911 [INFO] PluginManage:310 - Check plugin tutovideos
2025-10-09 10:08:10,256 [INFO] PluginManage:359 - Loaded plugin tutovideos (category:base,tabindex:-1)
2025-10-09 10:08:10,257 [INFO] PluginManage:310 - Check plugin updater
2025-10-09 10:08:10,302 [INFO] PluginManage:359 - Loaded plugin updater (category:base,tabindex:12)
2025-10-09 10:08:10,302 [INFO] PluginManage:310 - Check plugin userauth
2025-10-09 10:08:10,307 [INFO] UserAuth:118 - Init User Auth plugin
2025-10-09 10:08:10,307 [INFO] PluginManage:359 - Loaded plugin userauth (category:base,tabindex:14)
2025-10-09 10:08:10,308 [INFO] PluginManage:283 - PluginManage : Loaded plugins [18]
2025-10-09 10:08:10,595 [INFO] PinOutPanel:1589 - setPackage(No Configuration,No Configuration)
2025-10-09 10:08:10,704 [INFO] CADModel:165 - CPN selected for project level
2025-10-09 10:08:10,705 [INFO] CADModel:114 - Register for checkConnection events
2025-10-09 10:08:10,724 [INFO] IPUIPlugin:80 - create IPUIPlugin
2025-10-09 10:08:10,725 [INFO] PluginManager:220 - loadIPPluginJar : add ddr_ctrl_phy
2025-10-09 10:08:10,728 [INFO] IPUIPlugin:80 - create IPUIPlugin
2025-10-09 10:08:10,728 [INFO] PluginManager:220 - loadIPPluginJar : add aes
2025-10-09 10:08:10,735 [INFO] IPUIPlugin:80 - create IPUIPlugin
2025-10-09 10:08:10,736 [INFO] PluginManager:220 - loadIPPluginJar : add gic
2025-10-09 10:08:10,743 [INFO] IPUIPlugin:80 - create IPUIPlugin
2025-10-09 10:08:10,744 [INFO] PluginManager:220 - loadIPPluginJar : add resmgrutility
2025-10-09 10:08:10,746 [INFO] IPUIPlugin:80 - create IPUIPlugin
2025-10-09 10:08:10,747 [INFO] PluginManager:220 - loadIPPluginJar : add dma3
2025-10-09 10:08:10,749 [INFO] IPUIPlugin:80 - create IPUIPlugin
2025-10-09 10:08:10,749 [INFO] PluginManager:220 - loadIPPluginJar : add spi
2025-10-09 10:08:10,759 [INFO] IPUIPlugin:80 - create IPUIPlugin
2025-10-09 10:08:10,762 [INFO] PluginManager:220 - loadIPPluginJar : add plateformsettings
2025-10-09 10:08:10,766 [INFO] IPUIPlugin:80 - create IPUIPlugin
2025-10-09 10:08:10,766 [INFO] PluginManager:220 - loadIPPluginJar : add gtzc
2025-10-09 10:08:10,774 [INFO] IPUIPlugin:80 - create IPUIPlugin
2025-10-09 10:08:10,774 [INFO] PluginManager:220 - loadIPPluginJar : add freertos
2025-10-09 10:08:10,780 [INFO] IPUIPlugin:80 - create IPUIPlugin
2025-10-09 10:08:10,780 [INFO] PluginManager:220 - loadIPPluginJar : add fmc
2025-10-09 10:08:10,782 [INFO] IPUIPlugin:80 - create IPUIPlugin
2025-10-09 10:08:10,782 [INFO] PluginManager:220 - loadIPPluginJar : add quadspi
2025-10-09 10:08:10,784 [INFO] IPUIPlugin:80 - create IPUIPlugin
2025-10-09 10:08:10,785 [INFO] PluginManager:220 - loadIPPluginJar : add radio
2025-10-09 10:08:10,787 [INFO] IPUIPlugin:80 - create IPUIPlugin
2025-10-09 10:08:10,787 [INFO] PluginManager:220 - loadIPPluginJar : add fatfs
2025-10-09 10:08:10,795 [INFO] IPUIPlugin:80 - create IPUIPlugin
2025-10-09 10:08:10,796 [INFO] PluginManager:220 - loadIPPluginJar : add mdma
2025-10-09 10:08:10,798 [INFO] IPUIPlugin:80 - create IPUIPlugin
2025-10-09 10:08:10,798 [INFO] PluginManager:220 - loadIPPluginJar : add ltdc
2025-10-09 10:08:10,804 [INFO] IPUIPlugin:80 - create IPUIPlugin
2025-10-09 10:08:10,804 [INFO] PluginManager:220 - loadIPPluginJar : add gpio
2025-10-09 10:08:10,807 [INFO] IPUIPlugin:80 - create IPUIPlugin
2025-10-09 10:08:10,807 [INFO] PluginManager:220 - loadIPPluginJar : add opamp
2025-10-09 10:08:10,811 [INFO] IPUIPlugin:80 - create IPUIPlugin
2025-10-09 10:08:10,811 [INFO] PluginManager:220 - loadIPPluginJar : add usart
2025-10-09 10:08:10,815 [INFO] IPUIPlugin:80 - create IPUIPlugin
2025-10-09 10:08:10,815 [INFO] PluginManager:220 - loadIPPluginJar : add usbx
2025-10-09 10:08:10,817 [INFO] IPUIPlugin:80 - create IPUIPlugin
2025-10-09 10:08:10,817 [INFO] PluginManager:220 - loadIPPluginJar : add tim
2025-10-09 10:08:10,821 [INFO] IPUIPlugin:80 - create IPUIPlugin
2025-10-09 10:08:10,821 [INFO] PluginManager:220 - loadIPPluginJar : add lorawan
2025-10-09 10:08:10,824 [INFO] IPUIPlugin:80 - create IPUIPlugin
2025-10-09 10:08:10,824 [INFO] PluginManager:220 - loadIPPluginJar : add i2s
2025-10-09 10:08:10,833 [INFO] IPUIPlugin:80 - create IPUIPlugin
2025-10-09 10:08:10,833 [INFO] PluginManager:220 - loadIPPluginJar : add adc
2025-10-09 10:08:10,837 [INFO] IPUIPlugin:80 - create IPUIPlugin
2025-10-09 10:08:10,837 [INFO] PluginManager:220 - loadIPPluginJar : add extmemmanager
2025-10-09 10:08:10,840 [INFO] IPUIPlugin:80 - create IPUIPlugin
2025-10-09 10:08:10,840 [INFO] PluginManager:220 - loadIPPluginJar : add comp
2025-10-09 10:08:10,842 [INFO] IPUIPlugin:80 - create IPUIPlugin
2025-10-09 10:08:10,842 [INFO] PluginManager:220 - loadIPPluginJar : add genericplugin
2025-10-09 10:08:10,845 [INFO] IPUIPlugin:80 - create IPUIPlugin
2025-10-09 10:08:10,845 [INFO] PluginManager:220 - loadIPPluginJar : add ts
2025-10-09 10:08:10,848 [INFO] IPUIPlugin:80 - create IPUIPlugin
2025-10-09 10:08:10,848 [INFO] PluginManager:220 - loadIPPluginJar : add ucpd
2025-10-09 10:08:10,851 [INFO] IPUIPlugin:80 - create IPUIPlugin
2025-10-09 10:08:10,852 [INFO] PluginManager:220 - loadIPPluginJar : add can
2025-10-09 10:08:10,856 [INFO] IPUIPlugin:80 - create IPUIPlugin
2025-10-09 10:08:10,856 [INFO] PluginManager:220 - loadIPPluginJar : add touchsensing
2025-10-09 10:08:10,859 [INFO] IPUIPlugin:80 - create IPUIPlugin
2025-10-09 10:08:10,859 [INFO] PluginManager:220 - loadIPPluginJar : add tracer_emb
2025-10-09 10:08:10,869 [INFO] IPUIPlugin:80 - create IPUIPlugin
2025-10-09 10:08:10,869 [INFO] PluginManager:220 - loadIPPluginJar : add stm32_wpan
2025-10-09 10:08:10,871 [INFO] IPUIPlugin:80 - create IPUIPlugin
2025-10-09 10:08:10,872 [INFO] PluginManager:220 - loadIPPluginJar : add tsc
2025-10-09 10:08:10,875 [INFO] IPUIPlugin:80 - create IPUIPlugin
2025-10-09 10:08:10,875 [INFO] PluginManager:220 - loadIPPluginJar : add gfxmmu
2025-10-09 10:08:10,879 [INFO] IPUIPlugin:80 - create IPUIPlugin
2025-10-09 10:08:10,880 [INFO] PluginManager:220 - loadIPPluginJar : add ipddr
2025-10-09 10:08:10,883 [INFO] IPUIPlugin:80 - create IPUIPlugin
2025-10-09 10:08:10,883 [INFO] PluginManager:220 - loadIPPluginJar : add i2c
2025-10-09 10:08:10,888 [INFO] IPUIPlugin:80 - create IPUIPlugin
2025-10-09 10:08:10,889 [INFO] PluginManager:220 - loadIPPluginJar : add nvic
2025-10-09 10:08:10,892 [INFO] IPUIPlugin:80 - create IPUIPlugin
2025-10-09 10:08:10,893 [INFO] PluginManager:220 - loadIPPluginJar : add i3c
2025-10-09 10:08:10,896 [INFO] IPUIPlugin:80 - create IPUIPlugin
2025-10-09 10:08:10,896 [INFO] PluginManager:220 - loadIPPluginJar : add dfsdm
2025-10-09 10:08:10,899 [INFO] IPUIPlugin:80 - create IPUIPlugin
2025-10-09 10:08:10,899 [INFO] PluginManager:220 - loadIPPluginJar : add pdm2pcm
2025-10-09 10:08:10,903 [INFO] IPUIPlugin:80 - create IPUIPlugin
2025-10-09 10:08:10,903 [INFO] PluginManager:220 - loadIPPluginJar : add openamp
2025-10-09 10:08:10,911 [INFO] IPUIPlugin:80 - create IPUIPlugin
2025-10-09 10:08:10,912 [INFO] PluginManager:220 - loadIPPluginJar : add dma
2025-10-09 10:08:10,916 [INFO] IPUIPlugin:80 - create IPUIPlugin
2025-10-09 10:08:10,916 [INFO] PluginManager:220 - loadIPPluginJar : add sai
2025-10-09 10:08:10,919 [INFO] IPUIPlugin:80 - create IPUIPlugin
2025-10-09 10:08:10,919 [INFO] PluginManager:220 - loadIPPluginJar : add hash
2025-10-09 10:08:10,929 [INFO] IPUIPlugin:80 - create IPUIPlugin
2025-10-09 10:08:10,929 [INFO] PluginManager:220 - loadIPPluginJar : add linkedlist
2025-10-09 10:08:10,932 [INFO] IPUIPlugin:80 - create IPUIPlugin
2025-10-09 10:08:10,932 [INFO] PluginManager:220 - loadIPPluginJar : add cryp
2025-10-09 10:08:11,058 [FATAL] Updater:351 - Updater called before beeing initialized
2025-10-09 10:08:11,100 [INFO] RulesReader:64 - Compatibility file has been processed (317 Rules)
2025-10-09 10:08:11,120 [INFO] RulesReader:64 - Compatibility file has been processed (317 Rules)
2025-10-09 10:08:11,131 [INFO] CADModel:165 - CPN selected for project level
2025-10-09 10:08:11,131 [INFO] CADModel:114 - Register for checkConnection events
2025-10-09 10:08:11,131 [FATAL] Updater:351 - Updater called before beeing initialized
2025-10-09 10:08:11,131 [ERROR] CADModel:125 - Updater not yet initialized, retry later 
2025-10-09 10:08:11,337 [FATAL] Updater:351 - Updater called before beeing initialized
2025-10-09 10:08:11,339 [INFO] CADModel:165 - CPN selected for project level
2025-10-09 10:08:11,340 [INFO] CADModel:114 - Register for checkConnection events
2025-10-09 10:08:11,340 [FATAL] Updater:351 - Updater called before beeing initialized
2025-10-09 10:08:11,340 [ERROR] CADModel:125 - Updater not yet initialized, retry later 
2025-10-09 10:08:11,345 [FATAL] Updater:351 - Updater called before beeing initialized
2025-10-09 10:08:11,494 [FATAL] Updater:351 - Updater called before beeing initialized
2025-10-09 10:08:11,501 [INFO] DbMcusAds:53 - JSON generation date=Thu Oct 02 16:36:05 ICT 2025 (1759397765645)
2025-10-09 10:08:11,502 [FATAL] Updater:351 - Updater called before beeing initialized
2025-10-09 10:08:11,567 [WARN] DetailPanel:346 - Failed to get advertising image, set to default
2025-10-09 10:08:11,726 [FATAL] Updater:351 - Updater called before beeing initialized
2025-10-09 10:08:11,730 [FATAL] Updater:351 - Updater called before beeing initialized
2025-10-09 10:08:11,730 [FATAL] Updater:351 - Updater called before beeing initialized
2025-10-09 10:08:11,731 [WARN] DetailPanel:346 - Failed to get advertising image, set to default
2025-10-09 10:08:11,733 [FATAL] Updater:351 - Updater called before beeing initialized
2025-10-09 10:08:11,787 [ERROR] Updater:1198 - MainUpdater not yet initialized. External WinMGr cannot be set.
2025-10-09 10:08:11,790 [INFO] Updater:1134 - Updater Version found : 6.15.0
2025-10-09 10:08:11,820 [INFO] ApplicationProperties:184 - Using Application install path: /home/tuna/st/stm32cubeide_1.18.1/plugins/com.st.stm32cube.common.mx_6.15.0.202507011659
2025-10-09 10:08:12,909 [INFO] ThirdPartyUpdaterWithRetryManager:70 - Updater plugin not ready yet. [2/15]
2025-10-09 10:08:12,948 [INFO] MainUpdater:2872 - connection check result : 10
2025-10-09 10:08:12,949 [INFO] MainUpdater:289 - Updater Check For Update Now.
2025-10-09 10:08:12,949 [INFO] MicroXplorer:498 - Change Database Version : DB.6.0.150
2025-10-09 10:08:12,958 [INFO] McuFinderGlobals:63 - Set McuFinder mode to 2 (CubeIDE integrated)
2025-10-09 10:08:12,959 [INFO] UserAuth:487 - Internet connection configuration mode: 1
2025-10-09 10:08:12,987 [INFO] JxBrowserEngine:152 - Initiate JxBrowser Engine with user profile folder
2025-10-09 10:08:13,193 [INFO] CheckServerUpdateThread:120 - End of CheckServer Thread
2025-10-09 10:08:14,269 [INFO] WebApp:169 - Instantiating new browser for Auth
2025-10-09 10:08:15,502 [INFO] WebApp:463 - Apply proxy settings
2025-10-09 10:08:15,503 [INFO] WebApp:548 - Chromium requires no authentication
2025-10-09 10:08:15,516 [INFO] WebApp:491 - Direct internet connection detected
2025-10-09 10:08:15,546 [INFO] WebApp:900 - Register for checkConnection events
2025-10-09 10:08:15,547 [INFO] WebApp:463 - Apply proxy settings
2025-10-09 10:08:15,547 [INFO] WebApp:548 - Chromium requires no authentication
2025-10-09 10:08:15,547 [INFO] WebApp:491 - Direct internet connection detected
2025-10-09 10:08:15,777 [INFO] WebApp:225 - Starting web application
2025-10-09 10:08:15,778 [INFO] WebApp:593 - Web application path used /home/tuna/st/stm32cubeide_1.18.1/plugins/com.st.stm32cube.common.mx_6.15.0.202507011659/db/plugins/mcufinder/reactClient1/index.html
2025-10-09 10:08:16,100 [WARN] PackLoader:240 - Cannot read IP mode file for STMicroelectronics.FP-SNS-MOTENVWB1.1.4.0
2025-10-09 10:08:16,112 [WARN] PackLoader:240 - Cannot read IP mode file for STMicroelectronics.FP-ATR-ASTRA1.2.0.2
2025-10-09 10:08:16,122 [WARN] PackLoader:240 - Cannot read IP mode file for STMicroelectronics.X-CUBE-SMBUS.2.1.0
2025-10-09 10:08:16,129 [WARN] PackLoader:240 - Cannot read IP mode file for STMicroelectronics.X-CUBE-ST60.1.0.0
2025-10-09 10:08:16,167 [WARN] PackLoader:240 - Cannot read IP mode file for STMicroelectronics.X-CUBE-AZRTOS-F7.1.1.0
2025-10-09 10:08:16,218 [WARN] PackLoader:240 - Cannot read IP mode file for Infineon.AIROC-Wi-Fi-Bluetooth-STM32.1.7.1
2025-10-09 10:08:16,278 [WARN] PackLoader:240 - Cannot read IP mode file for STMicroelectronics.X-CUBE-AZRTOS-H7.3.4.0
2025-10-09 10:08:16,305 [WARN] PackLoader:240 - Cannot read IP mode file for STMicroelectronics.X-CUBE-DISPLAY.3.0.0
2025-10-09 10:08:16,336 [WARN] PackLoader:240 - Cannot read IP mode file for STMicroelectronics.X-CUBE-NFC10.1.0.0
2025-10-09 10:08:16,348 [WARN] PackLoader:240 - Cannot read IP mode file for emotas.I-CUBE-CANOPEN.1.3.0
2025-10-09 10:08:16,361 [WARN] PackLoader:240 - Cannot read IP mode file for STMicroelectronics.FP-SNS-STBOX1.2.1.0
2025-10-09 10:08:16,399 [WARN] PackLoader:240 - Cannot read IP mode file for STMicroelectronics.FP-SNS-SMARTAG2.1.2.0
2025-10-09 10:08:16,404 [INFO] UserAuth:487 - Internet connection configuration mode: 1
2025-10-09 10:08:16,406 [WARN] PackLoader:240 - Cannot read IP mode file for STMicroelectronics.FP-SNS-FLIGHT1.5.1.0
2025-10-09 10:08:16,425 [INFO] LogOutputStream:77 - [STDOUT_REDIRECT] 1 : Invalid condition id : UX_CORESTACK_Condition cause : null
2025-10-09 10:08:16,427 [INFO] LogOutputStream:77 - [STDOUT_REDIRECT] 1 : Invalid condition id : UX_CORESTACK_Condition cause : null
2025-10-09 10:08:16,427 [INFO] LogOutputStream:77 - [STDOUT_REDIRECT] 1 : Invalid condition id : UX_CORESTACK_Condition cause : null
2025-10-09 10:08:16,428 [INFO] LogOutputStream:77 - [STDOUT_REDIRECT] 1 : Invalid condition id : UX_CORESTACK_Condition cause : null
2025-10-09 10:08:16,429 [INFO] LogOutputStream:77 - [STDOUT_REDIRECT] 1 : Invalid condition id : UX_CORESTACK_Condition cause : null
2025-10-09 10:08:16,437 [WARN] PackLoader:240 - Cannot read IP mode file for STMicroelectronics.X-CUBE-AZRTOS-WL.2.0.0
2025-10-09 10:08:16,446 [WARN] PackLoader:240 - Cannot read IP mode file for STMicroelectronics.FP-SNS-MOTENV1.5.0.0
2025-10-09 10:08:16,455 [WARN] PackLoader:240 - Cannot read IP mode file for WES.I-CUBE-Cesium.1.3.0
2025-10-09 10:08:16,459 [WARN] PackLoader:240 - Cannot read IP mode file for STMicroelectronics.X-CUBE-BLE2.3.3.0
2025-10-09 10:08:16,464 [WARN] PackLoader:240 - Cannot read IP mode file for STMicroelectronics.X-CUBE-NFC9.1.0.0
2025-10-09 10:08:16,470 [WARN] PackLoader:240 - Cannot read IP mode file for wolfSSL.I-CUBE-wolfSSL.5.8.2
2025-10-09 10:08:16,474 [WARN] PackLoader:240 - Cannot read IP mode file for STMicroelectronics.X-CUBE-BLE1.7.1.0
2025-10-09 10:08:16,478 [WARN] PackLoader:240 - Cannot read IP mode file for wolfSSL.I-CUBE-wolfMQTT.1.19.2
2025-10-09 10:08:16,483 [WARN] PackLoader:240 - Cannot read IP mode file for STMicroelectronics.X-CUBE-EEPRMA1.5.2.0
2025-10-09 10:08:16,488 [WARN] PackLoader:240 - Cannot read IP mode file for STMicroelectronics.X-CUBE-AI.10.1.0
2025-10-09 10:08:16,501 [WARN] PackLoader:240 - Cannot read IP mode file for STMicroelectronics.X-CUBE-AZRTOS-G0.1.1.0
2025-10-09 10:08:16,508 [WARN] PackLoader:240 - Cannot read IP mode file for STMicroelectronics.X-CUBE-SAFEA1.1.2.2
2025-10-09 10:08:16,516 [WARN] PackLoader:240 - Cannot read IP mode file for STMicroelectronics.X-CUBE-NFC4.3.0.0
2025-10-09 10:08:16,528 [WARN] PackLoader:240 - Cannot read IP mode file for EmbeddedOffice.I-CUBE-FS-RTOS.1.0.1
2025-10-09 10:08:16,535 [WARN] PackLoader:240 - Cannot read IP mode file for STMicroelectronics.X-CUBE-WB05N.2.0.0
2025-10-09 10:08:16,540 [WARN] PackLoader:240 - Cannot read IP mode file for wolfSSL.I-CUBE-wolfTPM.3.8.0
2025-10-09 10:08:16,547 [WARN] PackLoader:240 - Cannot read IP mode file for STMicroelectronics.X-CUBE-TCPP.4.2.0
2025-10-09 10:08:16,555 [WARN] PackLoader:240 - Cannot read IP mode file for RealThread.X-CUBE-RT-Thread_Nano.4.1.1
2025-10-09 10:08:16,560 [WARN] PackLoader:240 - Cannot read IP mode file for STMicroelectronics.FP-ATR-SIGFOX1.3.2.0
2025-10-09 10:08:16,567 [WARN] PackLoader:240 - Cannot read IP mode file for ITTIA_DB.I-CUBE-ITTIADB.8.9.0
2025-10-09 10:08:16,573 [WARN] PackLoader:240 - Cannot read IP mode file for STMicroelectronics.X-CUBE-ST67W61.1.0.0
2025-10-09 10:08:16,579 [WARN] PackLoader:240 - Cannot read IP mode file for STMicroelectronics.X-CUBE-AI.10.2.0
2025-10-09 10:08:16,612 [WARN] PackLoader:240 - Cannot read IP mode file for SEGGER.I-CUBE-embOS.1.3.1
2025-10-09 10:08:16,686 [WARN] PackLoader:240 - Cannot read IP mode file for STMicroelectronics.X-CUBE-ALGOBUILD.1.4.0
2025-10-09 10:08:16,749 [INFO] WebApp:191 - Connection restablished
2025-10-09 10:08:16,764 [WARN] PackLoader:240 - Cannot read IP mode file for STMicroelectronics.X-CUBE-MEMS1.11.3.0
2025-10-09 10:08:16,915 [WARN] PackLoader:240 - Cannot read IP mode file for STMicroelectronics.X-CUBE-PM33A1.1.0.0
2025-10-09 10:08:16,934 [WARN] PackLoader:240 - Cannot read IP mode file for STMicroelectronics.X-CUBE-AZRTOS-F4.1.1.0
2025-10-09 10:08:16,939 [WARN] PackLoader:240 - Cannot read IP mode file for Avnet-IotConnect.X-CUBE-IoTC-DA16k-PMOD.1.0.0
2025-10-09 10:08:16,943 [WARN] PackLoader:240 - Cannot read IP mode file for STMicroelectronics.X-CUBE-ISPU.2.1.0
2025-10-09 10:08:16,950 [WARN] PackLoader:240 - Cannot read IP mode file for STMicroelectronics.X-CUBE-NFC12.1.0.0
2025-10-09 10:08:16,970 [WARN] PackLoader:240 - Cannot read IP mode file for STMicroelectronics.X-CUBE-AZRTOS-L5.2.0.0
2025-10-09 10:08:16,983 [WARN] PackLoader:240 - Cannot read IP mode file for STMicroelectronics.X-CUBE-NFC6.3.1.0
2025-10-09 10:08:16,993 [WARN] PackLoader:240 - Cannot read IP mode file for STMicroelectronics.X-CUBE-FREERTOS.1.3.1
2025-10-09 10:08:16,999 [WARN] PackLoader:240 - Cannot read IP mode file for STMicroelectronics.X-CUBE-TOUCHGFX.4.26.0
2025-10-09 10:08:17,018 [WARN] PackLoader:240 - Cannot read IP mode file for STMicroelectronics.FP-SNS-STAIOTCFT.1.0.0
2025-10-09 10:08:17,030 [WARN] PackLoader:240 - Cannot read IP mode file for STMicroelectronics.X-CUBE-DPower.1.3.0
2025-10-09 10:08:17,054 [WARN] ConditionMgr:438 - getConditionDescription Invalid condition id : LAN8742 Phy interface Condition cause : null
2025-10-09 10:08:17,055 [WARN] PackLoader:240 - Cannot read IP mode file for STMicroelectronics.X-CUBE-AZRTOS-L4.2.0.0
2025-10-09 10:08:17,057 [WARN] ConditionMgr:1044 - genDependencies : Invalid condition id : LAN8742 Phy interface Condition cause : null
2025-10-09 10:08:17,057 [WARN] ConditionMgr:1044 - genDependencies : Invalid condition id : LAN8742 Phy interface Condition cause : null
2025-10-09 10:08:17,058 [WARN] ConditionMgr:1044 - genDependencies : Invalid condition id : LAN8742 Phy interface Condition cause : null
2025-10-09 10:08:17,066 [WARN] PackLoader:240 - Cannot read IP mode file for STMicroelectronics.X-CUBE-SFXS2LP1.4.0.0
2025-10-09 10:08:17,081 [WARN] PackLoader:240 - Cannot read IP mode file for STMicroelectronics.X-CUBE-BLEMGR.4.1.0
2025-10-09 10:08:17,099 [WARN] ConditionMgr:438 - getConditionDescription Invalid condition id : UX DEVICE CLASS RTOS Condition cause : null
2025-10-09 10:08:17,099 [WARN] ConditionMgr:438 - getConditionDescription Invalid condition id : UX DEVICE CLASS RTOS Condition cause : null
2025-10-09 10:08:17,102 [WARN] PackLoader:240 - Cannot read IP mode file for STMicroelectronics.X-CUBE-AZRTOS-WB.2.0.0
2025-10-09 10:08:17,103 [WARN] ConditionMgr:1044 - genDependencies : Invalid condition id : UX DEVICE CLASS RTOS Condition cause : null
2025-10-09 10:08:17,103 [WARN] ConditionMgr:1044 - genDependencies : Invalid condition id : UX DEVICE CLASS RTOS Condition cause : null
2025-10-09 10:08:17,104 [WARN] ConditionMgr:1044 - genDependencies : Invalid condition id : UX DEVICE CLASS RTOS Condition cause : null
2025-10-09 10:08:17,104 [WARN] ConditionMgr:1044 - genDependencies : Invalid condition id : UX DEVICE CLASS RTOS Condition cause : null
2025-10-09 10:08:17,104 [WARN] ConditionMgr:1044 - genDependencies : Invalid condition id : UX DEVICE CLASS RTOS Condition cause : null
2025-10-09 10:08:17,110 [WARN] PackLoader:240 - Cannot read IP mode file for STMicroelectronics.X-CUBE-GNSS1.7.0.1
2025-10-09 10:08:17,114 [WARN] PackLoader:240 - Cannot read IP mode file for STMicroelectronics.X-CUBE-TOUCHGFX.4.25.0
2025-10-09 10:08:17,121 [WARN] PackLoader:240 - Cannot read IP mode file for STMicroelectronics.FP-SNS-STBOX1.2.0.0
2025-10-09 10:08:17,127 [WARN] ConditionMgr:438 - getConditionDescription Invalid condition id : Cortex-A Device cause : null
2025-10-09 10:08:17,146 [WARN] ConditionMgr:1044 - genDependencies : Invalid condition id : Cortex-A Device cause : null
2025-10-09 10:08:17,146 [WARN] ConditionMgr:1044 - genDependencies : Invalid condition id : Cortex-A Device cause : null
2025-10-09 10:08:17,146 [WARN] ConditionMgr:1044 - genDependencies : Invalid condition id : Cortex-A Device cause : null
2025-10-09 10:08:17,165 [WARN] PackLoader:240 - Cannot read IP mode file for STMicroelectronics.X-CUBE-SUBG2.5.0.0
2025-10-09 10:08:17,190 [WARN] PackLoader:240 - Cannot read IP mode file for STMicroelectronics.X-CUBE-AZRTOS-H7RS.1.1.0
2025-10-09 10:08:17,196 [WARN] PackLoader:240 - Cannot read IP mode file for Cesanta.I-CUBE-Mongoose.7.13.0
2025-10-09 10:08:17,206 [WARN] PackLoader:240 - Cannot read IP mode file for STMicroelectronics.X-CUBE-AZRTOS-G4.2.0.0
2025-10-09 10:08:17,211 [WARN] PackLoader:240 - Cannot read IP mode file for wolfSSL.I-CUBE-wolfSSH.1.4.20
2025-10-09 10:08:17,215 [WARN] PackLoader:240 - Cannot read IP mode file for STMicroelectronics.X-CUBE-NFC7.2.0.0
2025-10-09 10:08:17,255 [WARN] PackLoader:240 - Cannot read IP mode file for STMicroelectronics.X-CUBE-IPS.3.1.0
2025-10-09 10:08:17,273 [WARN] PackLoader:240 - Cannot read IP mode file for STMicroelectronics.X-CUBE-ALS.1.0.2
2025-10-09 10:08:17,281 [WARN] PackLoader:240 - Cannot read IP mode file for STMicroelectronics.X-CUBE-STSE01.1.0.0
2025-10-09 10:08:17,288 [WARN] PackLoader:240 - Cannot read IP mode file for portGmbH.I-Cube-SoM-uGOAL.1.1.0
2025-10-09 10:08:17,302 [WARN] PackLoader:240 - Cannot read IP mode file for STMicroelectronics.X-CUBE-TOF1.3.4.3
2025-10-09 10:08:17,322 [INFO] ThirdParty:978 - Integrity check success = true
2025-10-09 10:08:17,322 [INFO] IntegrityCheckThread:100 - exiting critical section [integrity check]
2025-10-09 10:08:17,322 [INFO] IntegrityCheckThread:103 - End integrity checks thread
2025-10-09 10:15:32,162 [INFO] WebApp:194 - Connection lost
2025-10-09 10:15:49,184 [INFO] WebApp:191 - Connection restablished
2025-10-09 10:15:50,495 [INFO] WebApp:194 - Connection lost
2025-10-09 10:15:51,074 [INFO] WebApp:191 - Connection restablished
2025-10-09 10:32:08,972 [INFO] WebApp:194 - Connection lost
2025-10-09 10:40:26,724 [INFO] WebApp:191 - Connection restablished
2025-10-09 10:40:51,155 [INFO] WebApp:194 - Connection lost
2025-10-09 10:40:59,410 [INFO] WebApp:191 - Connection restablished
2025-10-09 10:42:34,998 [INFO] WebApp:194 - Connection lost
2025-10-09 10:43:15,598 [INFO] WebApp:191 - Connection restablished
2025-10-09 10:45:24,178 [INFO] WebApp:194 - Connection lost
2025-10-09 10:45:31,530 [INFO] WebApp:191 - Connection restablished
2025-10-09 10:45:57,083 [INFO] WebApp:194 - Connection lost
2025-10-09 10:46:02,551 [INFO] WebApp:191 - Connection restablished
2025-10-09 10:46:04,662 [INFO] WebApp:194 - Connection lost
2025-10-09 10:46:04,915 [INFO] WebApp:191 - Connection restablished
2025-10-09 10:48:40,011 [INFO] WebApp:194 - Connection lost
2025-10-09 10:48:51,554 [INFO] WebApp:191 - Connection restablished
2025-10-09 10:48:53,508 [INFO] WebApp:194 - Connection lost
2025-10-09 10:48:53,660 [INFO] WebApp:191 - Connection restablished
2025-10-09 10:49:13,031 [INFO] WebApp:194 - Connection lost
2025-10-09 10:49:18,468 [INFO] WebApp:191 - Connection restablished
2025-10-09 10:49:20,325 [INFO] WebApp:194 - Connection lost
2025-10-09 10:49:20,556 [INFO] WebApp:191 - Connection restablished
2025-10-09 10:49:56,058 [INFO] WebApp:194 - Connection lost
2025-10-09 10:50:02,942 [INFO] WebApp:191 - Connection restablished
2025-10-09 10:50:28,981 [INFO] WebApp:194 - Connection lost
2025-10-09 10:50:34,466 [INFO] WebApp:191 - Connection restablished
2025-10-09 10:50:36,355 [INFO] WebApp:194 - Connection lost
2025-10-09 10:50:36,521 [INFO] WebApp:191 - Connection restablished
2025-10-09 11:37:50,986 [INFO] WebApp:194 - Connection lost
2025-10-09 11:37:59,937 [INFO] WebApp:191 - Connection restablished
2025-10-09 11:38:01,911 [INFO] WebApp:194 - Connection lost
2025-10-09 11:38:02,089 [INFO] WebApp:191 - Connection restablished
2025-10-09 11:38:24,050 [INFO] WebApp:194 - Connection lost
2025-10-09 11:38:30,954 [INFO] WebApp:191 - Connection restablished
2025-10-09 11:42:12,042 [INFO] WebApp:194 - Connection lost
2025-10-09 11:42:17,526 [INFO] WebApp:191 - Connection restablished
2025-10-09 11:42:19,636 [INFO] WebApp:194 - Connection lost
2025-10-09 11:42:19,797 [INFO] WebApp:191 - Connection restablished
2025-10-09 11:42:45,150 [INFO] WebApp:194 - Connection lost
2025-10-09 11:42:52,398 [INFO] WebApp:191 - Connection restablished
2025-10-09 11:46:20,982 [INFO] WebApp:194 - Connection lost
2025-10-09 11:46:59,959 [INFO] WebApp:191 - Connection restablished
2025-10-09 11:47:01,796 [INFO] WebApp:194 - Connection lost
2025-10-09 11:47:01,969 [INFO] WebApp:191 - Connection restablished
2025-10-09 11:51:16,070 [INFO] WebApp:194 - Connection lost
2025-10-09 11:51:23,666 [INFO] WebApp:191 - Connection restablished
2025-10-09 11:51:49,006 [INFO] WebApp:194 - Connection lost
2025-10-09 11:51:56,210 [INFO] WebApp:191 - Connection restablished
2025-10-09 11:55:18,129 [INFO] WebApp:194 - Connection lost
2025-10-09 11:55:58,459 [INFO] WebApp:191 - Connection restablished
2025-10-09 12:01:02,055 [INFO] WebApp:194 - Connection lost
2025-10-09 12:01:12,926 [INFO] WebApp:191 - Connection restablished
2025-10-09 12:01:35,039 [INFO] WebApp:194 - Connection lost
2025-10-09 12:01:40,489 [INFO] WebApp:191 - Connection restablished
2025-10-09 12:01:42,374 [INFO] WebApp:194 - Connection lost
2025-10-09 12:01:42,557 [INFO] WebApp:191 - Connection restablished
2025-10-09 12:04:25,153 [INFO] WebApp:194 - Connection lost
2025-10-09 12:04:34,773 [INFO] WebApp:191 - Connection restablished
2025-10-09 12:04:58,003 [INFO] WebApp:194 - Connection lost
2025-10-09 12:05:05,150 [INFO] WebApp:191 - Connection restablished
2025-10-09 12:07:36,028 [INFO] WebApp:194 - Connection lost
2025-10-09 12:07:41,459 [INFO] WebApp:191 - Connection restablished
2025-10-09 12:07:43,581 [INFO] WebApp:194 - Connection lost
2025-10-09 12:07:43,761 [INFO] WebApp:191 - Connection restablished
2025-10-09 12:08:09,078 [INFO] WebApp:194 - Connection lost
2025-10-09 12:08:14,541 [INFO] WebApp:191 - Connection restablished
2025-10-09 12:08:16,540 [INFO] WebApp:194 - Connection lost
2025-10-09 12:08:16,715 [INFO] WebApp:191 - Connection restablished
2025-10-09 12:10:23,046 [INFO] WebApp:194 - Connection lost
2025-10-09 12:10:31,252 [INFO] WebApp:191 - Connection restablished
2025-10-09 12:10:33,160 [INFO] WebApp:194 - Connection lost
2025-10-09 12:10:33,331 [INFO] WebApp:191 - Connection restablished
2025-10-09 12:10:56,032 [INFO] WebApp:194 - Connection lost
2025-10-09 12:11:01,528 [INFO] WebApp:191 - Connection restablished
2025-10-09 12:11:03,496 [INFO] WebApp:194 - Connection lost
2025-10-09 12:11:03,656 [INFO] WebApp:191 - Connection restablished
2025-10-09 12:13:10,168 [INFO] WebApp:194 - Connection lost
2025-10-09 12:13:18,368 [INFO] WebApp:191 - Connection restablished
2025-10-09 12:13:20,436 [INFO] WebApp:194 - Connection lost
2025-10-09 12:13:20,591 [INFO] WebApp:191 - Connection restablished
2025-10-09 12:13:43,092 [INFO] WebApp:194 - Connection lost
2025-10-09 12:13:49,981 [INFO] WebApp:191 - Connection restablished
2025-10-09 12:15:18,142 [INFO] WebApp:194 - Connection lost
2025-10-09 12:15:26,354 [INFO] WebApp:191 - Connection restablished
2025-10-09 12:15:28,344 [INFO] WebApp:194 - Connection lost
2025-10-09 12:15:28,522 [INFO] WebApp:191 - Connection restablished
2025-10-09 12:15:50,966 [INFO] WebApp:194 - Connection lost
2025-10-09 12:15:58,035 [INFO] WebApp:191 - Connection restablished
2025-10-09 12:17:11,027 [INFO] WebApp:194 - Connection lost
2025-10-09 12:17:18,208 [INFO] WebApp:191 - Connection restablished
2025-10-09 12:17:44,069 [INFO] WebApp:194 - Connection lost
2025-10-09 12:17:49,535 [INFO] WebApp:191 - Connection restablished
2025-10-09 12:17:51,438 [INFO] WebApp:194 - Connection lost
2025-10-09 12:17:51,612 [INFO] WebApp:191 - Connection restablished
2025-10-09 12:19:51,037 [INFO] WebApp:194 - Connection lost
2025-10-09 12:20:00,541 [INFO] WebApp:191 - Connection restablished
2025-10-09 12:20:24,179 [INFO] WebApp:194 - Connection lost
2025-10-09 12:20:31,251 [INFO] WebApp:191 - Connection restablished
2025-10-09 12:21:40,169 [INFO] WebApp:194 - Connection lost
2025-10-09 12:21:47,479 [INFO] WebApp:191 - Connection restablished
2025-10-09 12:22:13,036 [INFO] WebApp:194 - Connection lost
2025-10-09 12:22:19,911 [INFO] WebApp:191 - Connection restablished
2025-10-09 12:22:42,012 [INFO] WebApp:194 - Connection lost
2025-10-09 12:22:48,869 [INFO] WebApp:191 - Connection restablished
2025-10-09 14:11:48,758 [ERROR] LogOutputStream:75 - [STDERR_REDIRECT] 
2025-10-09 16:37:01,519 [INFO] Activator:176 - 


2025-10-09 16:37:01,523 [INFO] Activator:177 - !SESSION log4j initialized
2025-10-09 16:37:06,375 [INFO] LogOutputStream:77 - [STDOUT_REDIRECT] 
2025-10-09 16:37:07,060 [INFO] ApplicationProperties:184 - Using Application install path: /home/tuna/st/stm32cubeide_1.18.1/plugins/com.st.stm32cube.common.mx_6.15.0.202507011659
2025-10-09 16:37:07,076 [INFO] DbMcusXml:78 - Set database path to: /home/tuna/st/stm32cubeide_1.18.1/plugins/com.st.stm32cube.common.mx_6.15.0.202507011659//db//mcu/
2025-10-09 16:37:07,076 [INFO] ApiDb:274 - Set plugin database path to: /home/tuna/st/stm32cubeide_1.18.1/plugins/com.st.stm32cube.common.mx_6.15.0.202507011659//db//plugins/boardmanager/
2025-10-09 16:37:07,076 [WARN] ApiDb:259 - Overriding images path with different value:  => /home/tuna/st/stm32cubeide_1.18.1/plugins/com.st.stm32cube.common.mx_6.15.0.202507011659//db//plugins/mcufinder/images/
2025-10-09 16:37:07,084 [INFO] ApiDb:250 - Set database path to: /home/tuna/.stmcufinder/plugins/mcufinder//mcu/
2025-10-09 16:37:07,085 [INFO] DbMcusAds:125 - Set database path to: /home/tuna/.stmcufinder/plugins/mcufinder//mcu/
2025-10-09 16:37:07,088 [INFO] CrossReferenceDbSqlite:203 - Set database path to: /home/tuna/.stmcufinder/plugins/mcufinder//mcu/cs/
2025-10-09 16:37:07,168 [INFO] RulesReader:64 - Compatibility file has been processed (317 Rules)
2025-10-09 16:37:07,215 [INFO] DbMcusXml:78 - Set database path to: /home/tuna/st/stm32cubeide_1.18.1/plugins/com.st.stm32cube.common.mx_6.15.0.202507011659//db//mcu/
2025-10-09 16:37:07,215 [INFO] ApiDb:274 - Set plugin database path to: /home/tuna/st/stm32cubeide_1.18.1/plugins/com.st.stm32cube.common.mx_6.15.0.202507011659//db//plugins/boardmanager/
2025-10-09 16:37:07,215 [INFO] ApiDb:261 - Set plugin images path to: /home/tuna/st/stm32cubeide_1.18.1/plugins/com.st.stm32cube.common.mx_6.15.0.202507011659//db//plugins/mcufinder/images/
2025-10-09 16:37:07,215 [WARN] DbFile:41 - Overriding database path with different value: /home/tuna/.stmcufinder/plugins/mcufinder/ => /home/tuna/.stmcufinder/plugins/mcufinder
2025-10-09 16:37:07,215 [INFO] ApiDb:250 - Set database path to: /home/tuna/.stmcufinder/plugins/mcufinder//mcu/
2025-10-09 16:37:07,215 [WARN] DbFile:41 - Overriding database path with different value: /home/tuna/.stmcufinder/plugins/mcufinder/ => /home/tuna/.stmcufinder/plugins/mcufinder
2025-10-09 16:37:07,215 [INFO] DbMcusAds:125 - Set database path to: /home/tuna/.stmcufinder/plugins/mcufinder//mcu/
2025-10-09 16:37:07,215 [WARN] DbFile:41 - Overriding database path with different value: /home/tuna/.stmcufinder/plugins/mcufinder/ => /home/tuna/.stmcufinder/plugins/mcufinder
2025-10-09 16:37:07,215 [WARN] DbFile:41 - Overriding database path with different value: /home/tuna/.stmcufinder/plugins/mcufinder/ => /home/tuna/.stmcufinder/plugins/mcufinder
2025-10-09 16:37:07,215 [INFO] CrossReferenceDbSqlite:203 - Set database path to: /home/tuna/.stmcufinder/plugins/mcufinder//mcu/cs/
2025-10-09 16:37:07,267 [INFO] MainPanel:274 - HeapMemory: 268435456
2025-10-09 16:37:07,364 [INFO] DbMcusXml:78 - Set database path to: /home/tuna/st/stm32cubeide_1.18.1/plugins/com.st.stm32cube.common.mx_6.15.0.202507011659//db//mcu/
2025-10-09 16:37:07,364 [INFO] ApiDb:274 - Set plugin database path to: /home/tuna/st/stm32cubeide_1.18.1/plugins/com.st.stm32cube.common.mx_6.15.0.202507011659//db//plugins/boardmanager/
2025-10-09 16:37:07,364 [INFO] ApiDb:261 - Set plugin images path to: /home/tuna/st/stm32cubeide_1.18.1/plugins/com.st.stm32cube.common.mx_6.15.0.202507011659//db//plugins/mcufinder/images/
2025-10-09 16:37:07,364 [WARN] DbFile:41 - Overriding database path with different value: /home/tuna/.stmcufinder/plugins/mcufinder/ => /home/tuna/.stmcufinder/plugins/mcufinder
2025-10-09 16:37:07,365 [INFO] ApiDb:250 - Set database path to: /home/tuna/.stmcufinder/plugins/mcufinder//mcu/
2025-10-09 16:37:07,365 [WARN] DbFile:41 - Overriding database path with different value: /home/tuna/.stmcufinder/plugins/mcufinder/ => /home/tuna/.stmcufinder/plugins/mcufinder
2025-10-09 16:37:07,365 [INFO] DbMcusAds:125 - Set database path to: /home/tuna/.stmcufinder/plugins/mcufinder//mcu/
2025-10-09 16:37:07,365 [WARN] DbFile:41 - Overriding database path with different value: /home/tuna/.stmcufinder/plugins/mcufinder/ => /home/tuna/.stmcufinder/plugins/mcufinder
2025-10-09 16:37:07,365 [WARN] DbFile:41 - Overriding database path with different value: /home/tuna/.stmcufinder/plugins/mcufinder/ => /home/tuna/.stmcufinder/plugins/mcufinder
2025-10-09 16:37:07,365 [INFO] CrossReferenceDbSqlite:203 - Set database path to: /home/tuna/.stmcufinder/plugins/mcufinder//mcu/cs/
2025-10-09 16:37:07,378 [INFO] ApplicationProperties:184 - Using Application install path: /home/tuna/st/stm32cubeide_1.18.1/plugins/com.st.stm32cube.common.mx_6.15.0.202507011659
2025-10-09 16:37:07,380 [INFO] PluginManage:196 - Search for loadable plugins [exclusion list=, ]
2025-10-09 16:37:07,382 [INFO] PluginManage:310 - Check plugin analytics
2025-10-09 16:37:07,500 [INFO] AnalyticsPlugin:253 - Accepted Software Licenses: STM32CubeMX.6.15.0
2025-10-09 16:37:07,500 [INFO] AnalyticsPlugin:255 - Accepted CMSIS Pack Licenses: 
2025-10-09 16:37:07,500 [INFO] AnalyticsPlugin:257 - Accepted Firmware Licenses: FW.G4.1.6.0,FW.F4.1.28.0
2025-10-09 16:37:07,502 [INFO] PluginManage:359 - Loaded plugin analytics (category:tool,tabindex:-1)
2025-10-09 16:37:07,502 [INFO] PluginManage:310 - Check plugin cadmodel
2025-10-09 16:37:07,505 [INFO] CADModel:105 - Init CAD model plugin
2025-10-09 16:37:07,506 [INFO] PluginManage:359 - Loaded plugin cadmodel (category:power,tabindex:5)
2025-10-09 16:37:07,506 [INFO] PluginManage:310 - Check plugin clock
2025-10-09 16:37:07,512 [INFO] PluginManage:359 - Loaded plugin clock (category:base,tabindex:2)
2025-10-09 16:37:07,512 [INFO] PluginManage:310 - Check plugin ddr
2025-10-09 16:37:07,514 [INFO] PluginManage:359 - Loaded plugin ddr (category:tool,tabindex:6)
2025-10-09 16:37:07,514 [INFO] PluginManage:310 - Check plugin filemanager
2025-10-09 16:37:07,620 [INFO] PluginManage:359 - Loaded plugin filemanager (category:base,tabindex:10)
2025-10-09 16:37:07,620 [INFO] PluginManage:310 - Check plugin ipmanager
2025-10-09 16:37:07,624 [INFO] PluginManage:359 - Loaded plugin ipmanager (category:base,tabindex:5)
2025-10-09 16:37:07,624 [INFO] PluginManage:310 - Check plugin lpbam
2025-10-09 16:37:07,631 [INFO] PluginManage:359 - Loaded plugin lpbam (category:base,tabindex:0)
2025-10-09 16:37:07,631 [INFO] PluginManage:310 - Check plugin memorymap
2025-10-09 16:37:07,639 [INFO] PluginManage:359 - Loaded plugin memorymap (category:base,tabindex:4)
2025-10-09 16:37:07,640 [INFO] PluginManage:310 - Check plugin pinoutandconfiguration
2025-10-09 16:37:07,647 [INFO] PluginManage:359 - Loaded plugin pinoutandconfiguration (category:base,tabindex:1)
2025-10-09 16:37:07,647 [INFO] PluginManage:310 - Check plugin pinoutconfig
2025-10-09 16:37:07,708 [WARN] SupportedApi:132 - Cannot load RTOS API schema: s4s-elt-must-match.1: The content of 'definitions' must match (annotation?, (simpleType | complexType)?, (unique | key | keyref)*)). A problem was found starting at: attribute.
2025-10-09 16:37:07,805 [INFO] PluginManage:359 - Loaded plugin pinoutconfig (category:base,tabindex:0)
2025-10-09 16:37:07,805 [INFO] PluginManage:310 - Check plugin power
2025-10-09 16:37:07,814 [INFO] PluginManage:359 - Loaded plugin power (category:power,tabindex:4)
2025-10-09 16:37:07,814 [INFO] PluginManage:310 - Check plugin projectmanager
2025-10-09 16:37:07,827 [INFO] PluginManage:359 - Loaded plugin projectmanager (category:projectmanager,tabindex:4)
2025-10-09 16:37:07,828 [INFO] PluginManage:310 - Check plugin rif
2025-10-09 16:37:07,836 [INFO] PluginManage:359 - Loaded plugin rif (category:base,tabindex:3)
2025-10-09 16:37:07,836 [INFO] PluginManage:310 - Check plugin thirdparty
2025-10-09 16:37:07,943 [WARN] IntegrityCheckThread:84 - waiting for thirdparty lock release [integrity check]
2025-10-09 16:37:07,943 [INFO] PluginManage:359 - Loaded plugin thirdparty (category:base,tabindex:-1)
2025-10-09 16:37:07,943 [INFO] IntegrityCheckThread:86 - entering critical section [integrity check]
2025-10-09 16:37:07,943 [INFO] PluginManage:310 - Check plugin tools
2025-10-09 16:37:07,944 [INFO] ThirdPartyUpdaterWithRetryManager:70 - Updater plugin not ready yet. [1/15]
2025-10-09 16:37:07,945 [INFO] PluginManage:359 - Loaded plugin tools (category:base,tabindex:7)
2025-10-09 16:37:07,946 [INFO] PluginManage:310 - Check plugin tutovideos
2025-10-09 16:37:08,089 [INFO] PluginManage:359 - Loaded plugin tutovideos (category:base,tabindex:-1)
2025-10-09 16:37:08,090 [INFO] PluginManage:310 - Check plugin updater
2025-10-09 16:37:08,107 [INFO] PluginManage:359 - Loaded plugin updater (category:base,tabindex:12)
2025-10-09 16:37:08,107 [INFO] PluginManage:310 - Check plugin userauth
2025-10-09 16:37:08,110 [INFO] UserAuth:118 - Init User Auth plugin
2025-10-09 16:37:08,110 [INFO] PluginManage:359 - Loaded plugin userauth (category:base,tabindex:14)
2025-10-09 16:37:08,111 [INFO] PluginManage:283 - PluginManage : Loaded plugins [18]
2025-10-09 16:37:08,229 [INFO] PinOutPanel:1589 - setPackage(No Configuration,No Configuration)
2025-10-09 16:37:08,274 [INFO] CADModel:165 - CPN selected for project level
2025-10-09 16:37:08,274 [INFO] CADModel:114 - Register for checkConnection events
2025-10-09 16:37:08,284 [INFO] IPUIPlugin:80 - create IPUIPlugin
2025-10-09 16:37:08,284 [INFO] PluginManager:220 - loadIPPluginJar : add ddr_ctrl_phy
2025-10-09 16:37:08,286 [INFO] IPUIPlugin:80 - create IPUIPlugin
2025-10-09 16:37:08,286 [INFO] PluginManager:220 - loadIPPluginJar : add aes
2025-10-09 16:37:08,290 [INFO] IPUIPlugin:80 - create IPUIPlugin
2025-10-09 16:37:08,290 [INFO] PluginManager:220 - loadIPPluginJar : add gic
2025-10-09 16:37:08,294 [INFO] IPUIPlugin:80 - create IPUIPlugin
2025-10-09 16:37:08,294 [INFO] PluginManager:220 - loadIPPluginJar : add resmgrutility
2025-10-09 16:37:08,296 [INFO] IPUIPlugin:80 - create IPUIPlugin
2025-10-09 16:37:08,296 [INFO] PluginManager:220 - loadIPPluginJar : add dma3
2025-10-09 16:37:08,297 [INFO] IPUIPlugin:80 - create IPUIPlugin
2025-10-09 16:37:08,297 [INFO] PluginManager:220 - loadIPPluginJar : add spi
2025-10-09 16:37:08,302 [INFO] IPUIPlugin:80 - create IPUIPlugin
2025-10-09 16:37:08,304 [INFO] PluginManager:220 - loadIPPluginJar : add plateformsettings
2025-10-09 16:37:08,306 [INFO] IPUIPlugin:80 - create IPUIPlugin
2025-10-09 16:37:08,306 [INFO] PluginManager:220 - loadIPPluginJar : add gtzc
2025-10-09 16:37:08,309 [INFO] IPUIPlugin:80 - create IPUIPlugin
2025-10-09 16:37:08,310 [INFO] PluginManager:220 - loadIPPluginJar : add freertos
2025-10-09 16:37:08,312 [INFO] IPUIPlugin:80 - create IPUIPlugin
2025-10-09 16:37:08,312 [INFO] PluginManager:220 - loadIPPluginJar : add fmc
2025-10-09 16:37:08,313 [INFO] IPUIPlugin:80 - create IPUIPlugin
2025-10-09 16:37:08,313 [INFO] PluginManager:220 - loadIPPluginJar : add quadspi
2025-10-09 16:37:08,314 [INFO] IPUIPlugin:80 - create IPUIPlugin
2025-10-09 16:37:08,314 [INFO] PluginManager:220 - loadIPPluginJar : add radio
2025-10-09 16:37:08,315 [INFO] IPUIPlugin:80 - create IPUIPlugin
2025-10-09 16:37:08,315 [INFO] PluginManager:220 - loadIPPluginJar : add fatfs
2025-10-09 16:37:08,319 [INFO] IPUIPlugin:80 - create IPUIPlugin
2025-10-09 16:37:08,319 [INFO] PluginManager:220 - loadIPPluginJar : add mdma
2025-10-09 16:37:08,320 [INFO] IPUIPlugin:80 - create IPUIPlugin
2025-10-09 16:37:08,320 [INFO] PluginManager:220 - loadIPPluginJar : add ltdc
2025-10-09 16:37:08,323 [INFO] IPUIPlugin:80 - create IPUIPlugin
2025-10-09 16:37:08,323 [INFO] PluginManager:220 - loadIPPluginJar : add gpio
2025-10-09 16:37:08,324 [INFO] IPUIPlugin:80 - create IPUIPlugin
2025-10-09 16:37:08,324 [INFO] PluginManager:220 - loadIPPluginJar : add opamp
2025-10-09 16:37:08,325 [INFO] IPUIPlugin:80 - create IPUIPlugin
2025-10-09 16:37:08,325 [INFO] PluginManager:220 - loadIPPluginJar : add usart
2025-10-09 16:37:08,327 [INFO] IPUIPlugin:80 - create IPUIPlugin
2025-10-09 16:37:08,327 [INFO] PluginManager:220 - loadIPPluginJar : add usbx
2025-10-09 16:37:08,328 [INFO] IPUIPlugin:80 - create IPUIPlugin
2025-10-09 16:37:08,328 [INFO] PluginManager:220 - loadIPPluginJar : add tim
2025-10-09 16:37:08,329 [INFO] IPUIPlugin:80 - create IPUIPlugin
2025-10-09 16:37:08,329 [INFO] PluginManager:220 - loadIPPluginJar : add lorawan
2025-10-09 16:37:08,330 [INFO] IPUIPlugin:80 - create IPUIPlugin
2025-10-09 16:37:08,330 [INFO] PluginManager:220 - loadIPPluginJar : add i2s
2025-10-09 16:37:08,334 [INFO] IPUIPlugin:80 - create IPUIPlugin
2025-10-09 16:37:08,335 [INFO] PluginManager:220 - loadIPPluginJar : add adc
2025-10-09 16:37:08,336 [INFO] IPUIPlugin:80 - create IPUIPlugin
2025-10-09 16:37:08,336 [INFO] PluginManager:220 - loadIPPluginJar : add extmemmanager
2025-10-09 16:37:08,337 [INFO] IPUIPlugin:80 - create IPUIPlugin
2025-10-09 16:37:08,337 [INFO] PluginManager:220 - loadIPPluginJar : add comp
2025-10-09 16:37:08,338 [INFO] IPUIPlugin:80 - create IPUIPlugin
2025-10-09 16:37:08,338 [INFO] PluginManager:220 - loadIPPluginJar : add genericplugin
2025-10-09 16:37:08,339 [INFO] IPUIPlugin:80 - create IPUIPlugin
2025-10-09 16:37:08,339 [INFO] PluginManager:220 - loadIPPluginJar : add ts
2025-10-09 16:37:08,340 [INFO] IPUIPlugin:80 - create IPUIPlugin
2025-10-09 16:37:08,340 [INFO] PluginManager:220 - loadIPPluginJar : add ucpd
2025-10-09 16:37:08,341 [INFO] IPUIPlugin:80 - create IPUIPlugin
2025-10-09 16:37:08,342 [INFO] PluginManager:220 - loadIPPluginJar : add can
2025-10-09 16:37:08,343 [INFO] IPUIPlugin:80 - create IPUIPlugin
2025-10-09 16:37:08,343 [INFO] PluginManager:220 - loadIPPluginJar : add touchsensing
2025-10-09 16:37:08,345 [INFO] IPUIPlugin:80 - create IPUIPlugin
2025-10-09 16:37:08,345 [INFO] PluginManager:220 - loadIPPluginJar : add tracer_emb
2025-10-09 16:37:08,349 [INFO] IPUIPlugin:80 - create IPUIPlugin
2025-10-09 16:37:08,349 [INFO] PluginManager:220 - loadIPPluginJar : add stm32_wpan
2025-10-09 16:37:08,350 [INFO] IPUIPlugin:80 - create IPUIPlugin
2025-10-09 16:37:08,350 [INFO] PluginManager:220 - loadIPPluginJar : add tsc
2025-10-09 16:37:08,352 [INFO] IPUIPlugin:80 - create IPUIPlugin
2025-10-09 16:37:08,352 [INFO] PluginManager:220 - loadIPPluginJar : add gfxmmu
2025-10-09 16:37:08,354 [INFO] IPUIPlugin:80 - create IPUIPlugin
2025-10-09 16:37:08,354 [INFO] PluginManager:220 - loadIPPluginJar : add ipddr
2025-10-09 16:37:08,356 [INFO] IPUIPlugin:80 - create IPUIPlugin
2025-10-09 16:37:08,356 [INFO] PluginManager:220 - loadIPPluginJar : add i2c
2025-10-09 16:37:08,358 [INFO] IPUIPlugin:80 - create IPUIPlugin
2025-10-09 16:37:08,358 [INFO] PluginManager:220 - loadIPPluginJar : add nvic
2025-10-09 16:37:08,360 [INFO] IPUIPlugin:80 - create IPUIPlugin
2025-10-09 16:37:08,360 [INFO] PluginManager:220 - loadIPPluginJar : add i3c
2025-10-09 16:37:08,361 [INFO] IPUIPlugin:80 - create IPUIPlugin
2025-10-09 16:37:08,361 [INFO] PluginManager:220 - loadIPPluginJar : add dfsdm
2025-10-09 16:37:08,363 [INFO] IPUIPlugin:80 - create IPUIPlugin
2025-10-09 16:37:08,363 [INFO] PluginManager:220 - loadIPPluginJar : add pdm2pcm
2025-10-09 16:37:08,364 [INFO] IPUIPlugin:80 - create IPUIPlugin
2025-10-09 16:37:08,364 [INFO] PluginManager:220 - loadIPPluginJar : add openamp
2025-10-09 16:37:08,368 [INFO] IPUIPlugin:80 - create IPUIPlugin
2025-10-09 16:37:08,368 [INFO] PluginManager:220 - loadIPPluginJar : add dma
2025-10-09 16:37:08,370 [INFO] IPUIPlugin:80 - create IPUIPlugin
2025-10-09 16:37:08,370 [INFO] PluginManager:220 - loadIPPluginJar : add sai
2025-10-09 16:37:08,371 [INFO] IPUIPlugin:80 - create IPUIPlugin
2025-10-09 16:37:08,371 [INFO] PluginManager:220 - loadIPPluginJar : add hash
2025-10-09 16:37:08,375 [INFO] IPUIPlugin:80 - create IPUIPlugin
2025-10-09 16:37:08,375 [INFO] PluginManager:220 - loadIPPluginJar : add linkedlist
2025-10-09 16:37:08,376 [INFO] IPUIPlugin:80 - create IPUIPlugin
2025-10-09 16:37:08,376 [INFO] PluginManager:220 - loadIPPluginJar : add cryp
2025-10-09 16:37:08,467 [FATAL] Updater:351 - Updater called before beeing initialized
2025-10-09 16:37:08,483 [INFO] RulesReader:64 - Compatibility file has been processed (317 Rules)
2025-10-09 16:37:08,489 [INFO] RulesReader:64 - Compatibility file has been processed (317 Rules)
2025-10-09 16:37:08,494 [INFO] CADModel:165 - CPN selected for project level
2025-10-09 16:37:08,494 [INFO] CADModel:114 - Register for checkConnection events
2025-10-09 16:37:08,494 [FATAL] Updater:351 - Updater called before beeing initialized
2025-10-09 16:37:08,495 [ERROR] CADModel:125 - Updater not yet initialized, retry later 
2025-10-09 16:37:08,577 [FATAL] Updater:351 - Updater called before beeing initialized
2025-10-09 16:37:08,579 [INFO] CADModel:165 - CPN selected for project level
2025-10-09 16:37:08,579 [INFO] CADModel:114 - Register for checkConnection events
2025-10-09 16:37:08,579 [FATAL] Updater:351 - Updater called before beeing initialized
2025-10-09 16:37:08,579 [ERROR] CADModel:125 - Updater not yet initialized, retry later 
2025-10-09 16:37:08,581 [FATAL] Updater:351 - Updater called before beeing initialized
2025-10-09 16:37:08,639 [FATAL] Updater:351 - Updater called before beeing initialized
2025-10-09 16:37:08,642 [INFO] DbMcusAds:53 - JSON generation date=Thu Oct 02 16:36:05 ICT 2025 (1759397765645)
2025-10-09 16:37:08,642 [FATAL] Updater:351 - Updater called before beeing initialized
2025-10-09 16:37:08,665 [WARN] DetailPanel:346 - Failed to get advertising image, set to default
2025-10-09 16:37:08,715 [FATAL] Updater:351 - Updater called before beeing initialized
2025-10-09 16:37:08,717 [FATAL] Updater:351 - Updater called before beeing initialized
2025-10-09 16:37:08,717 [FATAL] Updater:351 - Updater called before beeing initialized
2025-10-09 16:37:08,717 [WARN] DetailPanel:346 - Failed to get advertising image, set to default
2025-10-09 16:37:08,718 [FATAL] Updater:351 - Updater called before beeing initialized
2025-10-09 16:37:08,738 [ERROR] Updater:1198 - MainUpdater not yet initialized. External WinMGr cannot be set.
2025-10-09 16:37:08,739 [INFO] Updater:1134 - Updater Version found : 6.15.0
2025-10-09 16:37:08,752 [INFO] ApplicationProperties:184 - Using Application install path: /home/tuna/st/stm32cubeide_1.18.1/plugins/com.st.stm32cube.common.mx_6.15.0.202507011659
2025-10-09 16:37:09,111 [INFO] MainUpdater:2872 - connection check result : 10
2025-10-09 16:37:09,112 [INFO] MainUpdater:289 - Updater Check For Update Now.
2025-10-09 16:37:09,112 [INFO] MicroXplorer:498 - Change Database Version : DB.6.0.150
2025-10-09 16:37:09,116 [INFO] McuFinderGlobals:63 - Set McuFinder mode to 2 (CubeIDE integrated)
2025-10-09 16:37:09,117 [INFO] UserAuth:487 - Internet connection configuration mode: 1
2025-10-09 16:37:09,135 [INFO] JxBrowserEngine:152 - Initiate JxBrowser Engine with user profile folder
2025-10-09 16:37:09,261 [INFO] CheckServerUpdateThread:120 - End of CheckServer Thread
2025-10-09 16:37:10,180 [INFO] WebApp:169 - Instantiating new browser for Auth
2025-10-09 16:37:11,209 [WARN] PackLoader:240 - Cannot read IP mode file for STMicroelectronics.FP-SNS-MOTENVWB1.1.4.0
2025-10-09 16:37:11,216 [WARN] PackLoader:240 - Cannot read IP mode file for STMicroelectronics.FP-ATR-ASTRA1.2.0.2
2025-10-09 16:37:11,223 [WARN] PackLoader:240 - Cannot read IP mode file for STMicroelectronics.X-CUBE-SMBUS.2.1.0
2025-10-09 16:37:11,228 [WARN] PackLoader:240 - Cannot read IP mode file for STMicroelectronics.X-CUBE-ST60.1.0.0
2025-10-09 16:37:11,238 [INFO] WebApp:463 - Apply proxy settings
2025-10-09 16:37:11,238 [INFO] WebApp:548 - Chromium requires no authentication
2025-10-09 16:37:11,247 [INFO] WebApp:491 - Direct internet connection detected
2025-10-09 16:37:11,261 [WARN] PackLoader:240 - Cannot read IP mode file for STMicroelectronics.X-CUBE-AZRTOS-F7.1.1.0
2025-10-09 16:37:11,271 [INFO] WebApp:900 - Register for checkConnection events
2025-10-09 16:37:11,272 [INFO] WebApp:463 - Apply proxy settings
2025-10-09 16:37:11,272 [INFO] WebApp:548 - Chromium requires no authentication
2025-10-09 16:37:11,272 [INFO] WebApp:491 - Direct internet connection detected
2025-10-09 16:37:11,295 [WARN] PackLoader:240 - Cannot read IP mode file for Infineon.AIROC-Wi-Fi-Bluetooth-STM32.1.7.1
2025-10-09 16:37:11,341 [WARN] PackLoader:240 - Cannot read IP mode file for STMicroelectronics.X-CUBE-AZRTOS-H7.3.4.0
2025-10-09 16:37:11,366 [WARN] PackLoader:240 - Cannot read IP mode file for STMicroelectronics.X-CUBE-DISPLAY.3.0.0
2025-10-09 16:37:11,389 [WARN] PackLoader:240 - Cannot read IP mode file for STMicroelectronics.X-CUBE-NFC10.1.0.0
2025-10-09 16:37:11,398 [WARN] PackLoader:240 - Cannot read IP mode file for emotas.I-CUBE-CANOPEN.1.3.0
2025-10-09 16:37:11,408 [WARN] PackLoader:240 - Cannot read IP mode file for STMicroelectronics.FP-SNS-STBOX1.2.1.0
2025-10-09 16:37:11,416 [WARN] PackLoader:240 - Cannot read IP mode file for STMicroelectronics.FP-SNS-SMARTAG2.1.2.0
2025-10-09 16:37:11,421 [WARN] PackLoader:240 - Cannot read IP mode file for STMicroelectronics.FP-SNS-FLIGHT1.5.1.0
2025-10-09 16:37:11,432 [INFO] LogOutputStream:77 - [STDOUT_REDIRECT] 1 : Invalid condition id : UX_CORESTACK_Condition cause : null
2025-10-09 16:37:11,433 [INFO] LogOutputStream:77 - [STDOUT_REDIRECT] 1 : Invalid condition id : UX_CORESTACK_Condition cause : null
2025-10-09 16:37:11,434 [INFO] LogOutputStream:77 - [STDOUT_REDIRECT] 1 : Invalid condition id : UX_CORESTACK_Condition cause : null
2025-10-09 16:37:11,434 [INFO] LogOutputStream:77 - [STDOUT_REDIRECT] 1 : Invalid condition id : UX_CORESTACK_Condition cause : null
2025-10-09 16:37:11,435 [INFO] LogOutputStream:77 - [STDOUT_REDIRECT] 1 : Invalid condition id : UX_CORESTACK_Condition cause : null
2025-10-09 16:37:11,452 [WARN] PackLoader:240 - Cannot read IP mode file for STMicroelectronics.X-CUBE-AZRTOS-WL.2.0.0
2025-10-09 16:37:11,464 [WARN] PackLoader:240 - Cannot read IP mode file for STMicroelectronics.FP-SNS-MOTENV1.5.0.0
2025-10-09 16:37:11,479 [WARN] PackLoader:240 - Cannot read IP mode file for WES.I-CUBE-Cesium.1.3.0
2025-10-09 16:37:11,487 [WARN] PackLoader:240 - Cannot read IP mode file for STMicroelectronics.X-CUBE-BLE2.3.3.0
2025-10-09 16:37:11,495 [WARN] PackLoader:240 - Cannot read IP mode file for STMicroelectronics.X-CUBE-NFC9.1.0.0
2025-10-09 16:37:11,503 [WARN] PackLoader:240 - Cannot read IP mode file for wolfSSL.I-CUBE-wolfSSL.5.8.2
2025-10-09 16:37:11,512 [WARN] PackLoader:240 - Cannot read IP mode file for STMicroelectronics.X-CUBE-BLE1.7.1.0
2025-10-09 16:37:11,519 [WARN] PackLoader:240 - Cannot read IP mode file for wolfSSL.I-CUBE-wolfMQTT.1.19.2
2025-10-09 16:37:11,530 [INFO] WebApp:225 - Starting web application
2025-10-09 16:37:11,530 [INFO] WebApp:593 - Web application path used /home/tuna/st/stm32cubeide_1.18.1/plugins/com.st.stm32cube.common.mx_6.15.0.202507011659/db/plugins/mcufinder/reactClient1/index.html
2025-10-09 16:37:11,531 [WARN] PackLoader:240 - Cannot read IP mode file for STMicroelectronics.X-CUBE-EEPRMA1.5.2.0
2025-10-09 16:37:11,574 [WARN] PackLoader:240 - Cannot read IP mode file for STMicroelectronics.X-CUBE-AI.10.1.0
2025-10-09 16:37:11,592 [INFO] WebApp:191 - Connection restablished
2025-10-09 16:37:11,612 [WARN] PackLoader:240 - Cannot read IP mode file for STMicroelectronics.X-CUBE-AZRTOS-G0.1.1.0
2025-10-09 16:37:11,622 [WARN] PackLoader:240 - Cannot read IP mode file for STMicroelectronics.X-CUBE-SAFEA1.1.2.2
2025-10-09 16:37:11,630 [WARN] PackLoader:240 - Cannot read IP mode file for STMicroelectronics.X-CUBE-NFC4.3.0.0
2025-10-09 16:37:11,643 [WARN] PackLoader:240 - Cannot read IP mode file for EmbeddedOffice.I-CUBE-FS-RTOS.1.0.1
2025-10-09 16:37:11,653 [WARN] PackLoader:240 - Cannot read IP mode file for STMicroelectronics.X-CUBE-WB05N.2.0.0
2025-10-09 16:37:11,661 [WARN] PackLoader:240 - Cannot read IP mode file for wolfSSL.I-CUBE-wolfTPM.3.8.0
2025-10-09 16:37:11,669 [WARN] PackLoader:240 - Cannot read IP mode file for STMicroelectronics.X-CUBE-TCPP.4.2.0
2025-10-09 16:37:11,678 [WARN] PackLoader:240 - Cannot read IP mode file for RealThread.X-CUBE-RT-Thread_Nano.4.1.1
2025-10-09 16:37:11,684 [WARN] PackLoader:240 - Cannot read IP mode file for STMicroelectronics.FP-ATR-SIGFOX1.3.2.0
2025-10-09 16:37:11,694 [WARN] PackLoader:240 - Cannot read IP mode file for ITTIA_DB.I-CUBE-ITTIADB.8.9.0
2025-10-09 16:37:11,704 [WARN] PackLoader:240 - Cannot read IP mode file for STMicroelectronics.X-CUBE-ST67W61.1.0.0
2025-10-09 16:37:11,710 [WARN] PackLoader:240 - Cannot read IP mode file for STMicroelectronics.X-CUBE-AI.10.2.0
2025-10-09 16:37:11,747 [WARN] PackLoader:240 - Cannot read IP mode file for SEGGER.I-CUBE-embOS.1.3.1
2025-10-09 16:37:11,754 [INFO] UserAuth:487 - Internet connection configuration mode: 1
2025-10-09 16:37:11,829 [WARN] PackLoader:240 - Cannot read IP mode file for STMicroelectronics.X-CUBE-ALGOBUILD.1.4.0
2025-10-09 16:37:11,940 [WARN] PackLoader:240 - Cannot read IP mode file for STMicroelectronics.X-CUBE-MEMS1.11.3.0
2025-10-09 16:37:12,109 [WARN] PackLoader:240 - Cannot read IP mode file for STMicroelectronics.X-CUBE-PM33A1.1.0.0
2025-10-09 16:37:12,131 [WARN] PackLoader:240 - Cannot read IP mode file for STMicroelectronics.X-CUBE-AZRTOS-F4.1.1.0
2025-10-09 16:37:12,140 [WARN] PackLoader:240 - Cannot read IP mode file for Avnet-IotConnect.X-CUBE-IoTC-DA16k-PMOD.1.0.0
2025-10-09 16:37:12,147 [WARN] PackLoader:240 - Cannot read IP mode file for STMicroelectronics.X-CUBE-ISPU.2.1.0
2025-10-09 16:37:12,159 [WARN] PackLoader:240 - Cannot read IP mode file for STMicroelectronics.X-CUBE-NFC12.1.0.0
2025-10-09 16:37:12,181 [WARN] PackLoader:240 - Cannot read IP mode file for STMicroelectronics.X-CUBE-AZRTOS-L5.2.0.0
2025-10-09 16:37:12,193 [WARN] PackLoader:240 - Cannot read IP mode file for STMicroelectronics.X-CUBE-NFC6.3.1.0
2025-10-09 16:37:12,210 [WARN] PackLoader:240 - Cannot read IP mode file for STMicroelectronics.X-CUBE-FREERTOS.1.3.1
2025-10-09 16:37:12,215 [WARN] PackLoader:240 - Cannot read IP mode file for STMicroelectronics.X-CUBE-TOUCHGFX.4.26.0
2025-10-09 16:37:12,219 [WARN] PackLoader:240 - Cannot read IP mode file for STMicroelectronics.FP-SNS-STAIOTCFT.1.0.0
2025-10-09 16:37:12,224 [WARN] PackLoader:240 - Cannot read IP mode file for STMicroelectronics.X-CUBE-DPower.1.3.0
2025-10-09 16:37:12,236 [WARN] ConditionMgr:438 - getConditionDescription Invalid condition id : LAN8742 Phy interface Condition cause : null
2025-10-09 16:37:12,237 [WARN] PackLoader:240 - Cannot read IP mode file for STMicroelectronics.X-CUBE-AZRTOS-L4.2.0.0
2025-10-09 16:37:12,238 [WARN] ConditionMgr:1044 - genDependencies : Invalid condition id : LAN8742 Phy interface Condition cause : null
2025-10-09 16:37:12,238 [WARN] ConditionMgr:1044 - genDependencies : Invalid condition id : LAN8742 Phy interface Condition cause : null
2025-10-09 16:37:12,239 [WARN] ConditionMgr:1044 - genDependencies : Invalid condition id : LAN8742 Phy interface Condition cause : null
2025-10-09 16:37:12,245 [WARN] PackLoader:240 - Cannot read IP mode file for STMicroelectronics.X-CUBE-SFXS2LP1.4.0.0
2025-10-09 16:37:12,254 [WARN] PackLoader:240 - Cannot read IP mode file for STMicroelectronics.X-CUBE-BLEMGR.4.1.0
2025-10-09 16:37:12,269 [WARN] ConditionMgr:438 - getConditionDescription Invalid condition id : UX DEVICE CLASS RTOS Condition cause : null
2025-10-09 16:37:12,270 [WARN] ConditionMgr:438 - getConditionDescription Invalid condition id : UX DEVICE CLASS RTOS Condition cause : null
2025-10-09 16:37:12,272 [WARN] PackLoader:240 - Cannot read IP mode file for STMicroelectronics.X-CUBE-AZRTOS-WB.2.0.0
2025-10-09 16:37:12,272 [WARN] ConditionMgr:1044 - genDependencies : Invalid condition id : UX DEVICE CLASS RTOS Condition cause : null
2025-10-09 16:37:12,273 [WARN] ConditionMgr:1044 - genDependencies : Invalid condition id : UX DEVICE CLASS RTOS Condition cause : null
2025-10-09 16:37:12,273 [WARN] ConditionMgr:1044 - genDependencies : Invalid condition id : UX DEVICE CLASS RTOS Condition cause : null
2025-10-09 16:37:12,274 [WARN] ConditionMgr:1044 - genDependencies : Invalid condition id : UX DEVICE CLASS RTOS Condition cause : null
2025-10-09 16:37:12,274 [WARN] ConditionMgr:1044 - genDependencies : Invalid condition id : UX DEVICE CLASS RTOS Condition cause : null
2025-10-09 16:37:12,279 [WARN] PackLoader:240 - Cannot read IP mode file for STMicroelectronics.X-CUBE-GNSS1.7.0.1
2025-10-09 16:37:12,283 [WARN] PackLoader:240 - Cannot read IP mode file for STMicroelectronics.X-CUBE-TOUCHGFX.4.25.0
2025-10-09 16:37:12,287 [WARN] PackLoader:240 - Cannot read IP mode file for STMicroelectronics.FP-SNS-STBOX1.2.0.0
2025-10-09 16:37:12,292 [WARN] ConditionMgr:438 - getConditionDescription Invalid condition id : Cortex-A Device cause : null
2025-10-09 16:37:12,306 [WARN] ConditionMgr:1044 - genDependencies : Invalid condition id : Cortex-A Device cause : null
2025-10-09 16:37:12,306 [WARN] ConditionMgr:1044 - genDependencies : Invalid condition id : Cortex-A Device cause : null
2025-10-09 16:37:12,306 [WARN] ConditionMgr:1044 - genDependencies : Invalid condition id : Cortex-A Device cause : null
2025-10-09 16:37:12,313 [WARN] PackLoader:240 - Cannot read IP mode file for STMicroelectronics.X-CUBE-SUBG2.5.0.0
2025-10-09 16:37:12,329 [WARN] PackLoader:240 - Cannot read IP mode file for STMicroelectronics.X-CUBE-AZRTOS-H7RS.1.1.0
2025-10-09 16:37:12,334 [WARN] PackLoader:240 - Cannot read IP mode file for Cesanta.I-CUBE-Mongoose.7.13.0
2025-10-09 16:37:12,343 [WARN] PackLoader:240 - Cannot read IP mode file for STMicroelectronics.X-CUBE-AZRTOS-G4.2.0.0
2025-10-09 16:37:12,347 [WARN] PackLoader:240 - Cannot read IP mode file for wolfSSL.I-CUBE-wolfSSH.1.4.20
2025-10-09 16:37:12,350 [WARN] PackLoader:240 - Cannot read IP mode file for STMicroelectronics.X-CUBE-NFC7.2.0.0
2025-10-09 16:37:12,360 [WARN] PackLoader:240 - Cannot read IP mode file for STMicroelectronics.X-CUBE-IPS.3.1.0
2025-10-09 16:37:12,368 [WARN] PackLoader:240 - Cannot read IP mode file for STMicroelectronics.X-CUBE-ALS.1.0.2
2025-10-09 16:37:12,373 [WARN] PackLoader:240 - Cannot read IP mode file for STMicroelectronics.X-CUBE-STSE01.1.0.0
2025-10-09 16:37:12,378 [WARN] PackLoader:240 - Cannot read IP mode file for portGmbH.I-Cube-SoM-uGOAL.1.1.0
2025-10-09 16:37:12,388 [WARN] PackLoader:240 - Cannot read IP mode file for STMicroelectronics.X-CUBE-TOF1.3.4.3
2025-10-09 16:37:12,397 [INFO] ThirdParty:978 - Integrity check success = true
2025-10-09 16:37:12,397 [INFO] IntegrityCheckThread:100 - exiting critical section [integrity check]
2025-10-09 16:37:12,397 [INFO] IntegrityCheckThread:103 - End integrity checks thread
2025-10-09 16:39:23,153 [INFO] WebApp:194 - Connection lost
2025-10-09 16:39:25,627 [INFO] WebApp:191 - Connection restablished
2025-10-09 18:06:10,170 [ERROR] LogOutputStream:75 - [STDERR_REDIRECT] 
2025-10-09 21:28:32,153 [INFO] Activator:176 - 


2025-10-09 21:28:32,155 [INFO] Activator:177 - !SESSION log4j initialized
2025-10-09 21:28:35,763 [INFO] LogOutputStream:77 - [STDOUT_REDIRECT] 
2025-10-09 21:28:37,540 [INFO] ApplicationProperties:184 - Using Application install path: /home/tuna/st/stm32cubeide_1.18.1/plugins/com.st.stm32cube.common.mx_6.15.0.202507011659
2025-10-09 21:28:37,555 [INFO] DbMcusXml:78 - Set database path to: /home/tuna/st/stm32cubeide_1.18.1/plugins/com.st.stm32cube.common.mx_6.15.0.202507011659//db//mcu/
2025-10-09 21:28:37,556 [INFO] ApiDb:274 - Set plugin database path to: /home/tuna/st/stm32cubeide_1.18.1/plugins/com.st.stm32cube.common.mx_6.15.0.202507011659//db//plugins/boardmanager/
2025-10-09 21:28:37,556 [WARN] ApiDb:259 - Overriding images path with different value:  => /home/tuna/st/stm32cubeide_1.18.1/plugins/com.st.stm32cube.common.mx_6.15.0.202507011659//db//plugins/mcufinder/images/
2025-10-09 21:28:37,564 [INFO] ApiDb:250 - Set database path to: /home/tuna/.stmcufinder/plugins/mcufinder//mcu/
2025-10-09 21:28:37,565 [INFO] DbMcusAds:125 - Set database path to: /home/tuna/.stmcufinder/plugins/mcufinder//mcu/
2025-10-09 21:28:38,569 [INFO] CrossReferenceDbSqlite:203 - Set database path to: /home/tuna/.stmcufinder/plugins/mcufinder//mcu/cs/
2025-10-09 21:28:38,655 [INFO] RulesReader:64 - Compatibility file has been processed (317 Rules)
2025-10-09 21:28:38,712 [INFO] DbMcusXml:78 - Set database path to: /home/tuna/st/stm32cubeide_1.18.1/plugins/com.st.stm32cube.common.mx_6.15.0.202507011659//db//mcu/
2025-10-09 21:28:38,712 [INFO] ApiDb:274 - Set plugin database path to: /home/tuna/st/stm32cubeide_1.18.1/plugins/com.st.stm32cube.common.mx_6.15.0.202507011659//db//plugins/boardmanager/
2025-10-09 21:28:38,712 [INFO] ApiDb:261 - Set plugin images path to: /home/tuna/st/stm32cubeide_1.18.1/plugins/com.st.stm32cube.common.mx_6.15.0.202507011659//db//plugins/mcufinder/images/
2025-10-09 21:28:38,712 [WARN] DbFile:41 - Overriding database path with different value: /home/tuna/.stmcufinder/plugins/mcufinder/ => /home/tuna/.stmcufinder/plugins/mcufinder
2025-10-09 21:28:38,712 [INFO] ApiDb:250 - Set database path to: /home/tuna/.stmcufinder/plugins/mcufinder//mcu/
2025-10-09 21:28:38,712 [WARN] DbFile:41 - Overriding database path with different value: /home/tuna/.stmcufinder/plugins/mcufinder/ => /home/tuna/.stmcufinder/plugins/mcufinder
2025-10-09 21:28:38,712 [INFO] DbMcusAds:125 - Set database path to: /home/tuna/.stmcufinder/plugins/mcufinder//mcu/
2025-10-09 21:28:38,712 [WARN] DbFile:41 - Overriding database path with different value: /home/tuna/.stmcufinder/plugins/mcufinder/ => /home/tuna/.stmcufinder/plugins/mcufinder
2025-10-09 21:28:38,712 [WARN] DbFile:41 - Overriding database path with different value: /home/tuna/.stmcufinder/plugins/mcufinder/ => /home/tuna/.stmcufinder/plugins/mcufinder
2025-10-09 21:28:39,713 [INFO] CrossReferenceDbSqlite:203 - Set database path to: /home/tuna/.stmcufinder/plugins/mcufinder//mcu/cs/
2025-10-09 21:28:39,780 [INFO] MainPanel:274 - HeapMemory: 268435456
2025-10-09 21:28:39,924 [INFO] DbMcusXml:78 - Set database path to: /home/tuna/st/stm32cubeide_1.18.1/plugins/com.st.stm32cube.common.mx_6.15.0.202507011659//db//mcu/
2025-10-09 21:28:39,924 [INFO] ApiDb:274 - Set plugin database path to: /home/tuna/st/stm32cubeide_1.18.1/plugins/com.st.stm32cube.common.mx_6.15.0.202507011659//db//plugins/boardmanager/
2025-10-09 21:28:39,924 [INFO] ApiDb:261 - Set plugin images path to: /home/tuna/st/stm32cubeide_1.18.1/plugins/com.st.stm32cube.common.mx_6.15.0.202507011659//db//plugins/mcufinder/images/
2025-10-09 21:28:39,925 [WARN] DbFile:41 - Overriding database path with different value: /home/tuna/.stmcufinder/plugins/mcufinder/ => /home/tuna/.stmcufinder/plugins/mcufinder
2025-10-09 21:28:39,925 [INFO] ApiDb:250 - Set database path to: /home/tuna/.stmcufinder/plugins/mcufinder//mcu/
2025-10-09 21:28:39,925 [WARN] DbFile:41 - Overriding database path with different value: /home/tuna/.stmcufinder/plugins/mcufinder/ => /home/tuna/.stmcufinder/plugins/mcufinder
2025-10-09 21:28:39,925 [INFO] DbMcusAds:125 - Set database path to: /home/tuna/.stmcufinder/plugins/mcufinder//mcu/
2025-10-09 21:28:39,925 [WARN] DbFile:41 - Overriding database path with different value: /home/tuna/.stmcufinder/plugins/mcufinder/ => /home/tuna/.stmcufinder/plugins/mcufinder
2025-10-09 21:28:39,925 [WARN] DbFile:41 - Overriding database path with different value: /home/tuna/.stmcufinder/plugins/mcufinder/ => /home/tuna/.stmcufinder/plugins/mcufinder
2025-10-09 21:28:40,925 [INFO] CrossReferenceDbSqlite:203 - Set database path to: /home/tuna/.stmcufinder/plugins/mcufinder//mcu/cs/
2025-10-09 21:28:40,939 [INFO] ApplicationProperties:184 - Using Application install path: /home/tuna/st/stm32cubeide_1.18.1/plugins/com.st.stm32cube.common.mx_6.15.0.202507011659
2025-10-09 21:28:40,940 [INFO] PluginManage:196 - Search for loadable plugins [exclusion list=, ]
2025-10-09 21:28:40,941 [INFO] PluginManage:310 - Check plugin analytics
2025-10-09 21:28:42,050 [INFO] AnalyticsPlugin:253 - Accepted Software Licenses: STM32CubeMX.6.15.0
2025-10-09 21:28:42,050 [INFO] AnalyticsPlugin:255 - Accepted CMSIS Pack Licenses: 
2025-10-09 21:28:42,050 [INFO] AnalyticsPlugin:257 - Accepted Firmware Licenses: FW.G4.1.6.0,FW.F4.1.28.0
2025-10-09 21:28:42,051 [INFO] PluginManage:359 - Loaded plugin analytics (category:tool,tabindex:-1)
2025-10-09 21:28:42,051 [INFO] PluginManage:310 - Check plugin cadmodel
2025-10-09 21:28:42,057 [INFO] CADModel:105 - Init CAD model plugin
2025-10-09 21:28:42,057 [INFO] PluginManage:359 - Loaded plugin cadmodel (category:power,tabindex:5)
2025-10-09 21:28:42,058 [INFO] PluginManage:310 - Check plugin clock
2025-10-09 21:28:42,067 [INFO] PluginManage:359 - Loaded plugin clock (category:base,tabindex:2)
2025-10-09 21:28:42,067 [INFO] PluginManage:310 - Check plugin ddr
2025-10-09 21:28:42,069 [INFO] PluginManage:359 - Loaded plugin ddr (category:tool,tabindex:6)
2025-10-09 21:28:42,069 [INFO] PluginManage:310 - Check plugin filemanager
2025-10-09 21:28:42,198 [INFO] PluginManage:359 - Loaded plugin filemanager (category:base,tabindex:10)
2025-10-09 21:28:42,198 [INFO] PluginManage:310 - Check plugin ipmanager
2025-10-09 21:28:42,204 [INFO] PluginManage:359 - Loaded plugin ipmanager (category:base,tabindex:5)
2025-10-09 21:28:42,204 [INFO] PluginManage:310 - Check plugin lpbam
2025-10-09 21:28:42,213 [INFO] PluginManage:359 - Loaded plugin lpbam (category:base,tabindex:0)
2025-10-09 21:28:42,214 [INFO] PluginManage:310 - Check plugin memorymap
2025-10-09 21:28:42,226 [INFO] PluginManage:359 - Loaded plugin memorymap (category:base,tabindex:4)
2025-10-09 21:28:42,226 [INFO] PluginManage:310 - Check plugin pinoutandconfiguration
2025-10-09 21:28:42,235 [INFO] PluginManage:359 - Loaded plugin pinoutandconfiguration (category:base,tabindex:1)
2025-10-09 21:28:42,235 [INFO] PluginManage:310 - Check plugin pinoutconfig
2025-10-09 21:28:42,302 [WARN] SupportedApi:132 - Cannot load RTOS API schema: s4s-elt-must-match.1: The content of 'definitions' must match (annotation?, (simpleType | complexType)?, (unique | key | keyref)*)). A problem was found starting at: attribute.
2025-10-09 21:28:42,406 [INFO] PluginManage:359 - Loaded plugin pinoutconfig (category:base,tabindex:0)
2025-10-09 21:28:42,406 [INFO] PluginManage:310 - Check plugin power
2025-10-09 21:28:42,416 [INFO] PluginManage:359 - Loaded plugin power (category:power,tabindex:4)
2025-10-09 21:28:42,416 [INFO] PluginManage:310 - Check plugin projectmanager
2025-10-09 21:28:42,426 [INFO] PluginManage:359 - Loaded plugin projectmanager (category:projectmanager,tabindex:4)
2025-10-09 21:28:42,427 [INFO] PluginManage:310 - Check plugin rif
2025-10-09 21:28:42,436 [INFO] PluginManage:359 - Loaded plugin rif (category:base,tabindex:3)
2025-10-09 21:28:42,436 [INFO] PluginManage:310 - Check plugin thirdparty
2025-10-09 21:28:42,531 [INFO] PluginManage:359 - Loaded plugin thirdparty (category:base,tabindex:-1)
2025-10-09 21:28:42,531 [INFO] PluginManage:310 - Check plugin tools
2025-10-09 21:28:42,531 [WARN] IntegrityCheckThread:84 - waiting for thirdparty lock release [integrity check]
2025-10-09 21:28:42,531 [INFO] IntegrityCheckThread:86 - entering critical section [integrity check]
2025-10-09 21:28:42,532 [INFO] ThirdPartyUpdaterWithRetryManager:70 - Updater plugin not ready yet. [1/15]
2025-10-09 21:28:42,533 [INFO] PluginManage:359 - Loaded plugin tools (category:base,tabindex:7)
2025-10-09 21:28:42,533 [INFO] PluginManage:310 - Check plugin tutovideos
2025-10-09 21:28:42,681 [INFO] PluginManage:359 - Loaded plugin tutovideos (category:base,tabindex:-1)
2025-10-09 21:28:42,682 [INFO] PluginManage:310 - Check plugin updater
2025-10-09 21:28:42,701 [INFO] PluginManage:359 - Loaded plugin updater (category:base,tabindex:12)
2025-10-09 21:28:42,701 [INFO] PluginManage:310 - Check plugin userauth
2025-10-09 21:28:42,704 [INFO] UserAuth:118 - Init User Auth plugin
2025-10-09 21:28:42,705 [INFO] PluginManage:359 - Loaded plugin userauth (category:base,tabindex:14)
2025-10-09 21:28:42,705 [INFO] PluginManage:283 - PluginManage : Loaded plugins [18]
2025-10-09 21:28:42,844 [INFO] PinOutPanel:1589 - setPackage(No Configuration,No Configuration)
2025-10-09 21:28:42,898 [INFO] CADModel:165 - CPN selected for project level
2025-10-09 21:28:42,898 [INFO] CADModel:114 - Register for checkConnection events
2025-10-09 21:28:42,911 [INFO] IPUIPlugin:80 - create IPUIPlugin
2025-10-09 21:28:42,912 [INFO] PluginManager:220 - loadIPPluginJar : add ddr_ctrl_phy
2025-10-09 21:28:42,913 [INFO] IPUIPlugin:80 - create IPUIPlugin
2025-10-09 21:28:42,913 [INFO] PluginManager:220 - loadIPPluginJar : add aes
2025-10-09 21:28:42,918 [INFO] IPUIPlugin:80 - create IPUIPlugin
2025-10-09 21:28:42,919 [INFO] PluginManager:220 - loadIPPluginJar : add gic
2025-10-09 21:28:42,923 [INFO] IPUIPlugin:80 - create IPUIPlugin
2025-10-09 21:28:42,923 [INFO] PluginManager:220 - loadIPPluginJar : add resmgrutility
2025-10-09 21:28:42,925 [INFO] IPUIPlugin:80 - create IPUIPlugin
2025-10-09 21:28:42,925 [INFO] PluginManager:220 - loadIPPluginJar : add dma3
2025-10-09 21:28:42,927 [INFO] IPUIPlugin:80 - create IPUIPlugin
2025-10-09 21:28:42,927 [INFO] PluginManager:220 - loadIPPluginJar : add spi
2025-10-09 21:28:42,932 [INFO] IPUIPlugin:80 - create IPUIPlugin
2025-10-09 21:28:42,934 [INFO] PluginManager:220 - loadIPPluginJar : add plateformsettings
2025-10-09 21:28:42,936 [INFO] IPUIPlugin:80 - create IPUIPlugin
2025-10-09 21:28:42,936 [INFO] PluginManager:220 - loadIPPluginJar : add gtzc
2025-10-09 21:28:42,940 [INFO] IPUIPlugin:80 - create IPUIPlugin
2025-10-09 21:28:42,940 [INFO] PluginManager:220 - loadIPPluginJar : add freertos
2025-10-09 21:28:42,944 [INFO] IPUIPlugin:80 - create IPUIPlugin
2025-10-09 21:28:42,944 [INFO] PluginManager:220 - loadIPPluginJar : add fmc
2025-10-09 21:28:42,945 [INFO] IPUIPlugin:80 - create IPUIPlugin
2025-10-09 21:28:42,945 [INFO] PluginManager:220 - loadIPPluginJar : add quadspi
2025-10-09 21:28:42,946 [INFO] IPUIPlugin:80 - create IPUIPlugin
2025-10-09 21:28:42,947 [INFO] PluginManager:220 - loadIPPluginJar : add radio
2025-10-09 21:28:42,948 [INFO] IPUIPlugin:80 - create IPUIPlugin
2025-10-09 21:28:42,948 [INFO] PluginManager:220 - loadIPPluginJar : add fatfs
2025-10-09 21:28:42,953 [INFO] IPUIPlugin:80 - create IPUIPlugin
2025-10-09 21:28:42,953 [INFO] PluginManager:220 - loadIPPluginJar : add mdma
2025-10-09 21:28:42,954 [INFO] IPUIPlugin:80 - create IPUIPlugin
2025-10-09 21:28:42,954 [INFO] PluginManager:220 - loadIPPluginJar : add ltdc
2025-10-09 21:28:42,958 [INFO] IPUIPlugin:80 - create IPUIPlugin
2025-10-09 21:28:42,958 [INFO] PluginManager:220 - loadIPPluginJar : add gpio
2025-10-09 21:28:42,960 [INFO] IPUIPlugin:80 - create IPUIPlugin
2025-10-09 21:28:42,960 [INFO] PluginManager:220 - loadIPPluginJar : add opamp
2025-10-09 21:28:42,962 [INFO] IPUIPlugin:80 - create IPUIPlugin
2025-10-09 21:28:42,962 [INFO] PluginManager:220 - loadIPPluginJar : add usart
2025-10-09 21:28:42,964 [INFO] IPUIPlugin:80 - create IPUIPlugin
2025-10-09 21:28:42,964 [INFO] PluginManager:220 - loadIPPluginJar : add usbx
2025-10-09 21:28:42,966 [INFO] IPUIPlugin:80 - create IPUIPlugin
2025-10-09 21:28:42,966 [INFO] PluginManager:220 - loadIPPluginJar : add tim
2025-10-09 21:28:42,967 [INFO] IPUIPlugin:80 - create IPUIPlugin
2025-10-09 21:28:42,967 [INFO] PluginManager:220 - loadIPPluginJar : add lorawan
2025-10-09 21:28:42,969 [INFO] IPUIPlugin:80 - create IPUIPlugin
2025-10-09 21:28:42,969 [INFO] PluginManager:220 - loadIPPluginJar : add i2s
2025-10-09 21:28:42,973 [INFO] IPUIPlugin:80 - create IPUIPlugin
2025-10-09 21:28:42,974 [INFO] PluginManager:220 - loadIPPluginJar : add adc
2025-10-09 21:28:42,975 [INFO] IPUIPlugin:80 - create IPUIPlugin
2025-10-09 21:28:42,976 [INFO] PluginManager:220 - loadIPPluginJar : add extmemmanager
2025-10-09 21:28:42,977 [INFO] IPUIPlugin:80 - create IPUIPlugin
2025-10-09 21:28:42,977 [INFO] PluginManager:220 - loadIPPluginJar : add comp
2025-10-09 21:28:42,978 [INFO] IPUIPlugin:80 - create IPUIPlugin
2025-10-09 21:28:42,978 [INFO] PluginManager:220 - loadIPPluginJar : add genericplugin
2025-10-09 21:28:42,979 [INFO] IPUIPlugin:80 - create IPUIPlugin
2025-10-09 21:28:42,979 [INFO] PluginManager:220 - loadIPPluginJar : add ts
2025-10-09 21:28:42,982 [INFO] IPUIPlugin:80 - create IPUIPlugin
2025-10-09 21:28:42,982 [INFO] PluginManager:220 - loadIPPluginJar : add ucpd
2025-10-09 21:28:42,984 [INFO] IPUIPlugin:80 - create IPUIPlugin
2025-10-09 21:28:42,984 [INFO] PluginManager:220 - loadIPPluginJar : add can
2025-10-09 21:28:42,987 [INFO] IPUIPlugin:80 - create IPUIPlugin
2025-10-09 21:28:42,987 [INFO] PluginManager:220 - loadIPPluginJar : add touchsensing
2025-10-09 21:28:42,989 [INFO] IPUIPlugin:80 - create IPUIPlugin
2025-10-09 21:28:42,989 [INFO] PluginManager:220 - loadIPPluginJar : add tracer_emb
2025-10-09 21:28:42,994 [INFO] IPUIPlugin:80 - create IPUIPlugin
2025-10-09 21:28:42,994 [INFO] PluginManager:220 - loadIPPluginJar : add stm32_wpan
2025-10-09 21:28:42,995 [INFO] IPUIPlugin:80 - create IPUIPlugin
2025-10-09 21:28:42,995 [INFO] PluginManager:220 - loadIPPluginJar : add tsc
2025-10-09 21:28:42,997 [INFO] IPUIPlugin:80 - create IPUIPlugin
2025-10-09 21:28:42,997 [INFO] PluginManager:220 - loadIPPluginJar : add gfxmmu
2025-10-09 21:28:43,000 [INFO] IPUIPlugin:80 - create IPUIPlugin
2025-10-09 21:28:43,000 [INFO] PluginManager:220 - loadIPPluginJar : add ipddr
2025-10-09 21:28:43,001 [INFO] IPUIPlugin:80 - create IPUIPlugin
2025-10-09 21:28:43,002 [INFO] PluginManager:220 - loadIPPluginJar : add i2c
2025-10-09 21:28:43,005 [INFO] IPUIPlugin:80 - create IPUIPlugin
2025-10-09 21:28:43,005 [INFO] PluginManager:220 - loadIPPluginJar : add nvic
2025-10-09 21:28:43,007 [INFO] IPUIPlugin:80 - create IPUIPlugin
2025-10-09 21:28:43,007 [INFO] PluginManager:220 - loadIPPluginJar : add i3c
2025-10-09 21:28:43,008 [INFO] IPUIPlugin:80 - create IPUIPlugin
2025-10-09 21:28:43,008 [INFO] PluginManager:220 - loadIPPluginJar : add dfsdm
2025-10-09 21:28:43,010 [INFO] IPUIPlugin:80 - create IPUIPlugin
2025-10-09 21:28:43,010 [INFO] PluginManager:220 - loadIPPluginJar : add pdm2pcm
2025-10-09 21:28:43,012 [INFO] IPUIPlugin:80 - create IPUIPlugin
2025-10-09 21:28:43,012 [INFO] PluginManager:220 - loadIPPluginJar : add openamp
2025-10-09 21:28:43,017 [INFO] IPUIPlugin:80 - create IPUIPlugin
2025-10-09 21:28:43,017 [INFO] PluginManager:220 - loadIPPluginJar : add dma
2025-10-09 21:28:43,020 [INFO] IPUIPlugin:80 - create IPUIPlugin
2025-10-09 21:28:43,020 [INFO] PluginManager:220 - loadIPPluginJar : add sai
2025-10-09 21:28:43,022 [INFO] IPUIPlugin:80 - create IPUIPlugin
2025-10-09 21:28:43,022 [INFO] PluginManager:220 - loadIPPluginJar : add hash
2025-10-09 21:28:43,027 [INFO] IPUIPlugin:80 - create IPUIPlugin
2025-10-09 21:28:43,027 [INFO] PluginManager:220 - loadIPPluginJar : add linkedlist
2025-10-09 21:28:43,029 [INFO] IPUIPlugin:80 - create IPUIPlugin
2025-10-09 21:28:43,029 [INFO] PluginManager:220 - loadIPPluginJar : add cryp
2025-10-09 21:28:43,123 [FATAL] Updater:351 - Updater called before beeing initialized
2025-10-09 21:28:43,139 [INFO] RulesReader:64 - Compatibility file has been processed (317 Rules)
2025-10-09 21:28:43,146 [INFO] RulesReader:64 - Compatibility file has been processed (317 Rules)
2025-10-09 21:28:43,151 [INFO] CADModel:165 - CPN selected for project level
2025-10-09 21:28:43,151 [INFO] CADModel:114 - Register for checkConnection events
2025-10-09 21:28:43,151 [FATAL] Updater:351 - Updater called before beeing initialized
2025-10-09 21:28:43,151 [ERROR] CADModel:125 - Updater not yet initialized, retry later 
2025-10-09 21:28:43,242 [FATAL] Updater:351 - Updater called before beeing initialized
2025-10-09 21:28:43,243 [INFO] CADModel:165 - CPN selected for project level
2025-10-09 21:28:43,243 [INFO] CADModel:114 - Register for checkConnection events
2025-10-09 21:28:43,243 [FATAL] Updater:351 - Updater called before beeing initialized
2025-10-09 21:28:43,243 [ERROR] CADModel:125 - Updater not yet initialized, retry later 
2025-10-09 21:28:43,246 [FATAL] Updater:351 - Updater called before beeing initialized
2025-10-09 21:28:43,309 [FATAL] Updater:351 - Updater called before beeing initialized
2025-10-09 21:28:43,312 [INFO] DbMcusAds:53 - JSON generation date=Thu Oct 02 16:36:05 ICT 2025 (1759397765645)
2025-10-09 21:28:43,312 [FATAL] Updater:351 - Updater called before beeing initialized
2025-10-09 21:28:43,336 [WARN] DetailPanel:346 - Failed to get advertising image, set to default
2025-10-09 21:28:43,391 [FATAL] Updater:351 - Updater called before beeing initialized
2025-10-09 21:28:43,393 [FATAL] Updater:351 - Updater called before beeing initialized
2025-10-09 21:28:43,393 [FATAL] Updater:351 - Updater called before beeing initialized
2025-10-09 21:28:43,393 [WARN] DetailPanel:346 - Failed to get advertising image, set to default
2025-10-09 21:28:43,393 [FATAL] Updater:351 - Updater called before beeing initialized
2025-10-09 21:28:43,414 [ERROR] Updater:1198 - MainUpdater not yet initialized. External WinMGr cannot be set.
2025-10-09 21:28:43,415 [INFO] Updater:1134 - Updater Version found : 6.15.0
2025-10-09 21:28:43,427 [INFO] ApplicationProperties:184 - Using Application install path: /home/tuna/st/stm32cubeide_1.18.1/plugins/com.st.stm32cube.common.mx_6.15.0.202507011659
2025-10-09 21:28:43,761 [INFO] MainUpdater:2872 - connection check result : 10
2025-10-09 21:28:43,762 [INFO] MainUpdater:289 - Updater Check For Update Now.
2025-10-09 21:28:43,762 [INFO] MicroXplorer:498 - Change Database Version : DB.6.0.150
2025-10-09 21:28:43,765 [INFO] McuFinderGlobals:63 - Set McuFinder mode to 2 (CubeIDE integrated)
2025-10-09 21:28:43,766 [INFO] UserAuth:487 - Internet connection configuration mode: 1
2025-10-09 21:28:43,786 [INFO] JxBrowserEngine:152 - Initiate JxBrowser Engine with user profile folder
2025-10-09 21:28:43,918 [INFO] CheckServerUpdateThread:120 - End of CheckServer Thread
2025-10-09 21:28:44,767 [INFO] WebApp:169 - Instantiating new browser for Auth
2025-10-09 21:28:45,370 [INFO] WebApp:463 - Apply proxy settings
2025-10-09 21:28:45,370 [INFO] WebApp:548 - Chromium requires no authentication
2025-10-09 21:28:45,380 [INFO] WebApp:491 - Direct internet connection detected
2025-10-09 21:28:45,397 [INFO] WebApp:900 - Register for checkConnection events
2025-10-09 21:28:45,397 [INFO] WebApp:463 - Apply proxy settings
2025-10-09 21:28:45,397 [INFO] WebApp:548 - Chromium requires no authentication
2025-10-09 21:28:45,398 [INFO] WebApp:491 - Direct internet connection detected
2025-10-09 21:28:45,515 [INFO] WebApp:225 - Starting web application
2025-10-09 21:28:45,515 [INFO] WebApp:593 - Web application path used /home/tuna/st/stm32cubeide_1.18.1/plugins/com.st.stm32cube.common.mx_6.15.0.202507011659/db/plugins/mcufinder/reactClient1/index.html
2025-10-09 21:28:45,598 [INFO] UserAuth:487 - Internet connection configuration mode: 1
2025-10-09 21:28:45,636 [WARN] PackLoader:240 - Cannot read IP mode file for STMicroelectronics.FP-SNS-MOTENVWB1.1.4.0
2025-10-09 21:28:45,642 [WARN] PackLoader:240 - Cannot read IP mode file for STMicroelectronics.FP-ATR-ASTRA1.2.0.2
2025-10-09 21:28:45,647 [WARN] PackLoader:240 - Cannot read IP mode file for STMicroelectronics.X-CUBE-SMBUS.2.1.0
2025-10-09 21:28:45,649 [WARN] PackLoader:240 - Cannot read IP mode file for STMicroelectronics.X-CUBE-ST60.1.0.0
2025-10-09 21:28:45,668 [WARN] PackLoader:240 - Cannot read IP mode file for STMicroelectronics.X-CUBE-AZRTOS-F7.1.1.0
2025-10-09 21:28:45,689 [INFO] WebApp:191 - Connection restablished
2025-10-09 21:28:45,690 [WARN] PackLoader:240 - Cannot read IP mode file for Infineon.AIROC-Wi-Fi-Bluetooth-STM32.1.7.1
2025-10-09 21:28:45,720 [WARN] PackLoader:240 - Cannot read IP mode file for STMicroelectronics.X-CUBE-AZRTOS-H7.3.4.0
2025-10-09 21:28:45,731 [WARN] PackLoader:240 - Cannot read IP mode file for STMicroelectronics.X-CUBE-DISPLAY.3.0.0
2025-10-09 21:28:45,744 [WARN] PackLoader:240 - Cannot read IP mode file for STMicroelectronics.X-CUBE-NFC10.1.0.0
2025-10-09 21:28:45,750 [WARN] PackLoader:240 - Cannot read IP mode file for emotas.I-CUBE-CANOPEN.1.3.0
2025-10-09 21:28:45,766 [WARN] PackLoader:240 - Cannot read IP mode file for STMicroelectronics.FP-SNS-STBOX1.2.1.0
2025-10-09 21:28:45,771 [WARN] PackLoader:240 - Cannot read IP mode file for STMicroelectronics.FP-SNS-SMARTAG2.1.2.0
2025-10-09 21:28:45,774 [WARN] PackLoader:240 - Cannot read IP mode file for STMicroelectronics.FP-SNS-FLIGHT1.5.1.0
2025-10-09 21:28:45,782 [INFO] LogOutputStream:77 - [STDOUT_REDIRECT] 1 : Invalid condition id : UX_CORESTACK_Condition cause : null
2025-10-09 21:28:45,783 [INFO] LogOutputStream:77 - [STDOUT_REDIRECT] 1 : Invalid condition id : UX_CORESTACK_Condition cause : null
2025-10-09 21:28:45,783 [INFO] LogOutputStream:77 - [STDOUT_REDIRECT] 1 : Invalid condition id : UX_CORESTACK_Condition cause : null
2025-10-09 21:28:45,783 [INFO] LogOutputStream:77 - [STDOUT_REDIRECT] 1 : Invalid condition id : UX_CORESTACK_Condition cause : null
2025-10-09 21:28:45,784 [INFO] LogOutputStream:77 - [STDOUT_REDIRECT] 1 : Invalid condition id : UX_CORESTACK_Condition cause : null
2025-10-09 21:28:45,786 [WARN] PackLoader:240 - Cannot read IP mode file for STMicroelectronics.X-CUBE-AZRTOS-WL.2.0.0
2025-10-09 21:28:45,789 [WARN] PackLoader:240 - Cannot read IP mode file for STMicroelectronics.FP-SNS-MOTENV1.5.0.0
2025-10-09 21:28:45,795 [WARN] PackLoader:240 - Cannot read IP mode file for WES.I-CUBE-Cesium.1.3.0
2025-10-09 21:28:45,799 [WARN] PackLoader:240 - Cannot read IP mode file for STMicroelectronics.X-CUBE-BLE2.3.3.0
2025-10-09 21:28:45,803 [WARN] PackLoader:240 - Cannot read IP mode file for STMicroelectronics.X-CUBE-NFC9.1.0.0
2025-10-09 21:28:45,809 [WARN] PackLoader:240 - Cannot read IP mode file for wolfSSL.I-CUBE-wolfSSL.5.8.2
2025-10-09 21:28:45,813 [WARN] PackLoader:240 - Cannot read IP mode file for STMicroelectronics.X-CUBE-BLE1.7.1.0
2025-10-09 21:28:45,816 [WARN] PackLoader:240 - Cannot read IP mode file for wolfSSL.I-CUBE-wolfMQTT.1.19.2
2025-10-09 21:28:45,820 [WARN] PackLoader:240 - Cannot read IP mode file for STMicroelectronics.X-CUBE-EEPRMA1.5.2.0
2025-10-09 21:28:45,824 [WARN] PackLoader:240 - Cannot read IP mode file for STMicroelectronics.X-CUBE-AI.10.1.0
2025-10-09 21:28:45,833 [WARN] PackLoader:240 - Cannot read IP mode file for STMicroelectronics.X-CUBE-AZRTOS-G0.1.1.0
2025-10-09 21:28:45,837 [WARN] PackLoader:240 - Cannot read IP mode file for STMicroelectronics.X-CUBE-SAFEA1.1.2.2
2025-10-09 21:28:45,842 [WARN] PackLoader:240 - Cannot read IP mode file for STMicroelectronics.X-CUBE-NFC4.3.0.0
2025-10-09 21:28:45,850 [WARN] PackLoader:240 - Cannot read IP mode file for EmbeddedOffice.I-CUBE-FS-RTOS.1.0.1
2025-10-09 21:28:45,855 [WARN] PackLoader:240 - Cannot read IP mode file for STMicroelectronics.X-CUBE-WB05N.2.0.0
2025-10-09 21:28:45,859 [WARN] PackLoader:240 - Cannot read IP mode file for wolfSSL.I-CUBE-wolfTPM.3.8.0
2025-10-09 21:28:45,863 [WARN] PackLoader:240 - Cannot read IP mode file for STMicroelectronics.X-CUBE-TCPP.4.2.0
2025-10-09 21:28:45,866 [WARN] PackLoader:240 - Cannot read IP mode file for RealThread.X-CUBE-RT-Thread_Nano.4.1.1
2025-10-09 21:28:45,869 [WARN] PackLoader:240 - Cannot read IP mode file for STMicroelectronics.FP-ATR-SIGFOX1.3.2.0
2025-10-09 21:28:45,873 [WARN] PackLoader:240 - Cannot read IP mode file for ITTIA_DB.I-CUBE-ITTIADB.8.9.0
2025-10-09 21:28:45,878 [WARN] PackLoader:240 - Cannot read IP mode file for STMicroelectronics.X-CUBE-ST67W61.1.0.0
2025-10-09 21:28:45,882 [WARN] PackLoader:240 - Cannot read IP mode file for STMicroelectronics.X-CUBE-AI.10.2.0
2025-10-09 21:28:45,897 [WARN] PackLoader:240 - Cannot read IP mode file for SEGGER.I-CUBE-embOS.1.3.1
2025-10-09 21:28:45,927 [WARN] PackLoader:240 - Cannot read IP mode file for STMicroelectronics.X-CUBE-ALGOBUILD.1.4.0
2025-10-09 21:28:45,952 [WARN] PackLoader:240 - Cannot read IP mode file for STMicroelectronics.X-CUBE-MEMS1.11.3.0
2025-10-09 21:28:46,039 [WARN] PackLoader:240 - Cannot read IP mode file for STMicroelectronics.X-CUBE-PM33A1.1.0.0
2025-10-09 21:28:46,057 [WARN] PackLoader:240 - Cannot read IP mode file for STMicroelectronics.X-CUBE-AZRTOS-F4.1.1.0
2025-10-09 21:28:46,062 [WARN] PackLoader:240 - Cannot read IP mode file for Avnet-IotConnect.X-CUBE-IoTC-DA16k-PMOD.1.0.0
2025-10-09 21:28:46,066 [WARN] PackLoader:240 - Cannot read IP mode file for STMicroelectronics.X-CUBE-ISPU.2.1.0
2025-10-09 21:28:46,071 [WARN] PackLoader:240 - Cannot read IP mode file for STMicroelectronics.X-CUBE-NFC12.1.0.0
2025-10-09 21:28:46,084 [WARN] PackLoader:240 - Cannot read IP mode file for STMicroelectronics.X-CUBE-AZRTOS-L5.2.0.0
2025-10-09 21:28:46,091 [WARN] PackLoader:240 - Cannot read IP mode file for STMicroelectronics.X-CUBE-NFC6.3.1.0
2025-10-09 21:28:46,098 [WARN] PackLoader:240 - Cannot read IP mode file for STMicroelectronics.X-CUBE-FREERTOS.1.3.1
2025-10-09 21:28:46,102 [WARN] PackLoader:240 - Cannot read IP mode file for STMicroelectronics.X-CUBE-TOUCHGFX.4.26.0
2025-10-09 21:28:46,105 [WARN] PackLoader:240 - Cannot read IP mode file for STMicroelectronics.FP-SNS-STAIOTCFT.1.0.0
2025-10-09 21:28:46,109 [WARN] PackLoader:240 - Cannot read IP mode file for STMicroelectronics.X-CUBE-DPower.1.3.0
2025-10-09 21:28:46,120 [WARN] ConditionMgr:438 - getConditionDescription Invalid condition id : LAN8742 Phy interface Condition cause : null
2025-10-09 21:28:46,120 [WARN] PackLoader:240 - Cannot read IP mode file for STMicroelectronics.X-CUBE-AZRTOS-L4.2.0.0
2025-10-09 21:28:46,122 [WARN] ConditionMgr:1044 - genDependencies : Invalid condition id : LAN8742 Phy interface Condition cause : null
2025-10-09 21:28:46,122 [WARN] ConditionMgr:1044 - genDependencies : Invalid condition id : LAN8742 Phy interface Condition cause : null
2025-10-09 21:28:46,122 [WARN] ConditionMgr:1044 - genDependencies : Invalid condition id : LAN8742 Phy interface Condition cause : null
2025-10-09 21:28:46,128 [WARN] PackLoader:240 - Cannot read IP mode file for STMicroelectronics.X-CUBE-SFXS2LP1.4.0.0
2025-10-09 21:28:46,137 [WARN] PackLoader:240 - Cannot read IP mode file for STMicroelectronics.X-CUBE-BLEMGR.4.1.0
2025-10-09 21:28:46,148 [WARN] ConditionMgr:438 - getConditionDescription Invalid condition id : UX DEVICE CLASS RTOS Condition cause : null
2025-10-09 21:28:46,148 [WARN] ConditionMgr:438 - getConditionDescription Invalid condition id : UX DEVICE CLASS RTOS Condition cause : null
2025-10-09 21:28:46,150 [WARN] PackLoader:240 - Cannot read IP mode file for STMicroelectronics.X-CUBE-AZRTOS-WB.2.0.0
2025-10-09 21:28:46,151 [WARN] ConditionMgr:1044 - genDependencies : Invalid condition id : UX DEVICE CLASS RTOS Condition cause : null
2025-10-09 21:28:46,151 [WARN] ConditionMgr:1044 - genDependencies : Invalid condition id : UX DEVICE CLASS RTOS Condition cause : null
2025-10-09 21:28:46,151 [WARN] ConditionMgr:1044 - genDependencies : Invalid condition id : UX DEVICE CLASS RTOS Condition cause : null
2025-10-09 21:28:46,151 [WARN] ConditionMgr:1044 - genDependencies : Invalid condition id : UX DEVICE CLASS RTOS Condition cause : null
2025-10-09 21:28:46,151 [WARN] ConditionMgr:1044 - genDependencies : Invalid condition id : UX DEVICE CLASS RTOS Condition cause : null
2025-10-09 21:28:46,155 [WARN] PackLoader:240 - Cannot read IP mode file for STMicroelectronics.X-CUBE-GNSS1.7.0.1
2025-10-09 21:28:46,158 [WARN] PackLoader:240 - Cannot read IP mode file for STMicroelectronics.X-CUBE-TOUCHGFX.4.25.0
2025-10-09 21:28:46,163 [WARN] PackLoader:240 - Cannot read IP mode file for STMicroelectronics.FP-SNS-STBOX1.2.0.0
2025-10-09 21:28:46,168 [WARN] ConditionMgr:438 - getConditionDescription Invalid condition id : Cortex-A Device cause : null
2025-10-09 21:28:46,179 [WARN] ConditionMgr:1044 - genDependencies : Invalid condition id : Cortex-A Device cause : null
2025-10-09 21:28:46,179 [WARN] ConditionMgr:1044 - genDependencies : Invalid condition id : Cortex-A Device cause : null
2025-10-09 21:28:46,179 [WARN] ConditionMgr:1044 - genDependencies : Invalid condition id : Cortex-A Device cause : null
2025-10-09 21:28:46,187 [WARN] PackLoader:240 - Cannot read IP mode file for STMicroelectronics.X-CUBE-SUBG2.5.0.0
2025-10-09 21:28:46,203 [WARN] PackLoader:240 - Cannot read IP mode file for STMicroelectronics.X-CUBE-AZRTOS-H7RS.1.1.0
2025-10-09 21:28:46,207 [WARN] PackLoader:240 - Cannot read IP mode file for Cesanta.I-CUBE-Mongoose.7.13.0
2025-10-09 21:28:46,216 [WARN] PackLoader:240 - Cannot read IP mode file for STMicroelectronics.X-CUBE-AZRTOS-G4.2.0.0
2025-10-09 21:28:46,220 [WARN] PackLoader:240 - Cannot read IP mode file for wolfSSL.I-CUBE-wolfSSH.1.4.20
2025-10-09 21:28:46,224 [WARN] PackLoader:240 - Cannot read IP mode file for STMicroelectronics.X-CUBE-NFC7.2.0.0
2025-10-09 21:28:46,232 [WARN] PackLoader:240 - Cannot read IP mode file for STMicroelectronics.X-CUBE-IPS.3.1.0
2025-10-09 21:28:46,239 [WARN] PackLoader:240 - Cannot read IP mode file for STMicroelectronics.X-CUBE-ALS.1.0.2
2025-10-09 21:28:46,244 [WARN] PackLoader:240 - Cannot read IP mode file for STMicroelectronics.X-CUBE-STSE01.1.0.0
2025-10-09 21:28:46,258 [WARN] PackLoader:240 - Cannot read IP mode file for portGmbH.I-Cube-SoM-uGOAL.1.1.0
2025-10-09 21:28:46,268 [WARN] PackLoader:240 - Cannot read IP mode file for STMicroelectronics.X-CUBE-TOF1.3.4.3
2025-10-09 21:28:46,277 [INFO] ThirdParty:978 - Integrity check success = true
2025-10-09 21:28:46,277 [INFO] IntegrityCheckThread:100 - exiting critical section [integrity check]
2025-10-09 21:28:46,278 [INFO] IntegrityCheckThread:103 - End integrity checks thread
2025-10-09 22:02:49,468 [INFO] McuFinderGlobals:63 - Set McuFinder mode to 2 (CubeIDE integrated)
2025-10-09 22:02:49,472 [INFO] MainUpdater:2872 - connection check result : 10
2025-10-09 22:02:49,473 [INFO] MainUpdater:2872 - connection check result : 10
2025-10-09 22:02:49,509 [INFO] MicroXplorer:468 - Change Database Path : 
2025-10-09 22:02:49,509 [INFO] MicroXplorer:498 - Change Database Version : DB.6.0.150
2025-10-09 22:02:49,513 [WARN] ThirdParty:871 - waiting for thirdparty lock release [close project]
2025-10-09 22:02:49,513 [INFO] ThirdParty:873 - entering critical section [close project]
2025-10-09 22:02:49,514 [INFO] ThirdParty:883 - exiting critical section [close project]
2025-10-09 22:02:49,517 [INFO] PinOutPanel:1589 - setPackage(No Configuration,No Configuration)
2025-10-09 22:02:49,519 [INFO] UtilMem:75 - Begin LoadConfig() Used Memory: 288321784 Bytes (699400192)
2025-10-09 22:02:49,520 [INFO] MicroXplorer:468 - Change Database Path : 
2025-10-09 22:02:49,520 [INFO] MicroXplorer:498 - Change Database Version : DB.6.0.150
2025-10-09 22:02:49,520 [INFO] OpenFileManager:355 - Change cursor
2025-10-09 22:02:49,553 [INFO] Mcu:2029 - Initializing MCU STM32F103R(C-D-E)Tx STM32F103RCTx STM32F103RCT6
2025-10-09 22:02:50,254 [INFO] Context:786 - Trying to add GPIOservice into a context  which must be forbidden
2025-10-09 22:02:50,506 [INFO] ImportTextPane:234 - (OptionalMessage_ERROR) Pin1 (VP_RIF_VS_RIF1) cannot be retrieved for this MCU
2025-10-09 22:02:50,567 [INFO] RtosManager:558 - Registered RTOS mode: class=CMSIS, group=RTOS, mode=CMSIS_V1, owner=FREERTOS
2025-10-09 22:02:50,567 [INFO] RtosManager:558 - Registered RTOS mode: class=CMSIS, group=RTOS2, mode=CMSIS_V2, owner=FREERTOS
2025-10-09 22:02:50,567 [INFO] RtosManager:558 - Registered RTOS mode: class=RTOS, group=Core, mode=CMSIS_V1, owner=FREERTOS
2025-10-09 22:02:50,567 [INFO] RtosManager:558 - Registered RTOS mode: class=RTOS, group=Core, mode=CMSIS_V2, owner=FREERTOS
2025-10-09 22:02:50,567 [WARN] ModelIntegratedComponent:184 - Missing modes for component STMicroelectronics:FreeRTOS:0.0.1:STMicroelectronics:RTOS:FreeRTOS:Core:::10.2.0:
2025-10-09 22:02:50,585 [WARN] ModelIntegratedComponent:63 - No mode defined for component null
2025-10-09 22:02:50,586 [WARN] ModelIntegratedComponent:63 - No mode defined for component null
2025-10-09 22:02:50,586 [WARN] ModelIntegratedComponent:63 - No mode defined for component null
2025-10-09 22:02:50,586 [WARN] ModelIntegratedComponent:63 - No mode defined for component null
2025-10-09 22:02:50,586 [WARN] ModelIntegratedComponent:63 - No mode defined for component null
2025-10-09 22:02:50,586 [WARN] ModelIntegratedComponent:63 - No mode defined for component null
2025-10-09 22:02:50,586 [WARN] ModelIntegratedComponent:63 - No mode defined for component null
2025-10-09 22:02:50,586 [WARN] ModelIntegratedComponent:63 - No mode defined for component null
2025-10-09 22:02:50,586 [WARN] ModelIntegratedComponent:63 - No mode defined for component null
2025-10-09 22:02:50,586 [WARN] ModelIntegratedComponent:63 - No mode defined for component null
2025-10-09 22:02:50,586 [WARN] ModelIntegratedComponent:63 - No mode defined for component null
2025-10-09 22:02:50,586 [WARN] ModelIntegratedComponent:63 - No mode defined for component null
2025-10-09 22:02:50,586 [WARN] ModelIntegratedComponent:63 - No mode defined for component null
2025-10-09 22:02:50,586 [WARN] ModelIntegratedComponent:63 - No mode defined for component null
2025-10-09 22:02:50,586 [WARN] ModelIntegratedComponent:63 - No mode defined for component null
2025-10-09 22:02:50,586 [WARN] ModelIntegratedComponent:63 - No mode defined for component null
2025-10-09 22:02:50,586 [WARN] ModelIntegratedComponent:63 - No mode defined for component null
2025-10-09 22:02:50,587 [WARN] ModelIntegratedComponent:63 - No mode defined for component null
2025-10-09 22:02:50,587 [WARN] ModelIntegratedComponent:63 - No mode defined for component null
2025-10-09 22:02:50,587 [WARN] ModelIntegratedComponent:63 - No mode defined for component null
2025-10-09 22:02:50,587 [WARN] ModelIntegratedComponent:63 - No mode defined for component null
2025-10-09 22:02:50,587 [WARN] ModelIntegratedComponent:63 - No mode defined for component null
2025-10-09 22:02:50,587 [WARN] ModelIntegratedComponent:63 - No mode defined for component null
2025-10-09 22:02:50,587 [WARN] ModelIntegratedComponent:63 - No mode defined for component null
2025-10-09 22:02:50,587 [WARN] ModelIntegratedComponent:63 - No mode defined for component null
2025-10-09 22:02:50,587 [WARN] ModelIntegratedComponent:63 - No mode defined for component null
2025-10-09 22:02:50,587 [WARN] ModelIntegratedComponent:63 - No mode defined for component null
2025-10-09 22:02:50,587 [WARN] ModelIntegratedComponent:63 - No mode defined for component null
2025-10-09 22:02:50,587 [WARN] ModelIntegratedComponent:63 - No mode defined for component null
2025-10-09 22:02:50,587 [WARN] ModelIntegratedComponent:63 - No mode defined for component null
2025-10-09 22:02:50,588 [WARN] ModelIntegratedComponent:63 - No mode defined for component null
2025-10-09 22:02:50,588 [WARN] ModelIntegratedComponent:63 - No mode defined for component null
2025-10-09 22:02:50,588 [WARN] ModelIntegratedComponent:63 - No mode defined for component null
2025-10-09 22:02:50,588 [WARN] ModelIntegratedComponent:63 - No mode defined for component null
2025-10-09 22:02:50,588 [WARN] ModelIntegratedComponent:63 - No mode defined for component null
2025-10-09 22:02:50,588 [WARN] ModelPack:524 - Component already loaded: STMicroelectronics:HAL Drivers:0.0.0:STMicroelectronics:Device:STMicro_Driver:XSPI:HAL::0.0.1:HAL_XSPI
2025-10-09 22:02:50,656 [INFO] ThirdPartyModel:298 - Start build external matchings
2025-10-09 22:02:50,907 [INFO] ThirdPartyModel:316 - End build external matchings
2025-10-09 22:02:51,100 [INFO] ApiDb:581 - Connected to CubeFinder SQLite database (/home/tuna/.stmcufinder/plugins/mcufinder/mcu/cube-finder-db.db)
2025-10-09 22:02:51,155 [INFO] ApiDb:668 - CubeFinder database Data Model version=2.1
2025-10-09 22:02:51,155 [INFO] ApiDb:669 - CubeFinder database Configuration version=3.0.39
2025-10-09 22:02:51,156 [INFO] ApiDb:670 - CubeFinder database generation date=2025-08-25 (1756130511)
2025-10-09 22:02:51,156 [INFO] ApiDb:671 - CubeFinder database FW Pack versions=[FP-ATR-ASTRA1_V2.0.0, FP-SNS-FLIGHT1_V5.1.0, FP-SNS-MOTENV1_V5.0.0, FP-SNS-MOTENVWB1_V1.4.0, FP-SNS-SMARTAG2_V1.2.0, FP-SNS-STBOX1_V2.1.0, STM32Cube_FW_C0_V1.4.0, STM32Cube_FW_F4_V1.28.3, STM32Cube_FW_F7_V1.17.4, STM32Cube_FW_G0_V1.6.2, STM32Cube_FW_G4_V1.6.1, STM32Cube_FW_H5_V1.5.0, STM32Cube_FW_H7RS_V1.2.0, STM32Cube_FW_H7_V1.12.1, STM32Cube_FW_L0_V1.12.2, STM32Cube_FW_L4_V1.18.1, STM32Cube_FW_L5_V1.5.1, STM32Cube_FW_N6_V1.2.0, STM32Cube_FW_U0_V1.3.0, STM32Cube_FW_U3_V1.2.0, STM32Cube_FW_U5_V1.8.0, STM32Cube_FW_WB0_V1.3.0, STM32Cube_FW_WBA_V1.7.0, STM32Cube_FW_WB_V1.23.0, STM32Cube_FW_WL3_V1.2.0, STM32Cube_FW_WL_V1.3.1, X-CUBE-ALGOBUILD_V1.4.0, X-CUBE-ALS_V1.0.2, X-CUBE-AZRTOS-F4_V1.1.0, X-CUBE-AZRTOS-F7_V1.1.0, X-CUBE-AZRTOS-G0_V1.1.0, X-CUBE-AZRTOS-G4_V2.0.0, X-CUBE-AZRTOS-H7RS_V1.1.0, X-CUBE-AZRTOS-H7_V3.4.0, X-CUBE-AZRTOS-L4_V2.0.0, X-CUBE-AZRTOS-L5_V2.0.0, X-CUBE-AZRTOS-WB_V2.0.0, X-CUBE-AZRTOS-WL_V2.0.0, X-CUBE-BLE1_V7.1.0, X-CUBE-BLE2_V3.3.0, X-CUBE-BLEMGR_V4.1.0, X-CUBE-EEPRMA1_V5.2.0, X-CUBE-FREERTOS_V1.3.1, X-CUBE-GNSS1_V6.0.0, X-CUBE-MEMS1_V11.3.0, X-CUBE-NFC4_V3.0.0, X-CUBE-NFC7_V2.0.0, X-CUBE-SFXS2LP1_V4.0.0, X-CUBE-ST67W61_V1.0.0, X-CUBE-SUBG2_V5.0.0, X-CUBE-TOF1_V3.4.3]
2025-10-09 22:02:51,275 [INFO] DbBoardsSqlite:226 - include board P-NUCLEO-WB55-NUCLEO as a kit item of type 'Nucleo-64'
2025-10-09 22:02:51,276 [INFO] DbBoardsSqlite:226 - include board P-NUCLEO-WB55-USBDONGLE as a kit item of type 'Nucleo USB Dongle'
2025-10-09 22:02:51,278 [INFO] DbBoardsSqlite:226 - include board STEVAL-IDP005V1 as a kit item of type 'Evaluation Board'
2025-10-09 22:02:51,278 [INFO] DbBoardsSqlite:226 - include board STEVAL-IDP005V2 as a kit item of type 'Evaluation Board'
2025-10-09 22:02:51,457 [INFO] ApiDb:240 - Found 880 in-development CPN: [B-G473E-ZEST1S, B-WB1M-WPAN1, B-WBA5M-WPAN, B-WL5M-SUBG1, NUCLEO-C031C6, NUCLEO-C051C8, NUCLEO-C071RB, NUCLEO-C092RC, NUCLEO-H503RB, NUCLEO-H533RE, NUCLEO-H563ZI, NUCLEO-H7S3L8, NUCLEO-N657X0-Q, NUCLEO-U031R8, NUCLEO-U083RC, NUCLEO-U385RG-Q, NUCLEO-U545RE-Q, NUCLEO-U5A5ZJ-Q, NUCLEO-WB05KZ, NUCLEO-WB07CC, NUCLEO-WB09KE, NUCLEO-WBA52CG, NUCLEO-WBA55CG, NUCLEO-WL33CC1, NUCLEO-WL33CC2, STEVAL-PROTEUS1, STEVAL-SMARTAG2, STEVAL-STWINBX1, STM320518-EVAL, STM32C0116-DK, STM32C011D6Y3TR, STM32C011D6Y6TR, STM32C011F4P3, STM32C011F4P6, STM32C011F4U3, STM32C011F4U6TR, STM32C011F6P3, STM32C011F6P6, STM32C011F6U3, STM32C011F6U6TR, STM32C011J4M3, STM32C011J4M6, STM32C011J6M3, STM32C011J6M6, STM32C0316-DK, STM32C031C4T3, STM32C031C4T6, STM32C031C4U3, STM32C031C4U6, STM32C031C6T3, STM32C031C6T6, STM32C031C6U3, STM32C031C6U6, STM32C031F4P3, STM32C031F4P6, STM32C031F6P3, STM32C031F6P6, STM32C031G4U3, STM32C031G4U6, STM32C031G6U3, STM32C031G6U6, STM32C031K4T3, STM32C031K4T6, STM32C031K4U3, STM32C031K4U6, STM32C031K6T3, STM32C031K6T6, STM32C031K6U3, STM32C031K6U6, STM32C051C6T6, STM32C051C6U6, STM32C051C8T6, STM32C051C8U6, STM32C051D8Y6TR, STM32C051F6P6, STM32C051F8P6, STM32C051G6U6, STM32C051G8U6, STM32C051K6T6, STM32C051K6U6, STM32C051K8T6, STM32C071C8T6, STM32C071C8T6N, STM32C071C8U6, STM32C071C8U6N, STM32C071CBT6, STM32C071CBT6N, STM32C071CBU6, STM32C071CBU6N, STM32C071F8P6, STM32C071F8P6N, STM32C071FBP6, STM32C071FBP6N, STM32C071FBY6TR, STM32C071G8U6, STM32C071G8U6N, STM32C071GBU6, STM32C071GBU6N, STM32C071K8T6, STM32C071K8T6N, STM32C071K8U6, STM32C071K8U6N, STM32C071KBT6, STM32C071KBT6N, STM32C071KBU6, STM32C071KBU6N, STM32C071R8T6, STM32C071R8T6N, STM32C071RBI6N, STM32C071RBT6, STM32C071RBT6N, STM32C091CBT6, STM32C091CBU6, STM32C091CCT6, STM32C091CCU6, STM32C091ECY6TR, STM32C091FBP6, STM32C091FCP6, STM32C091GBU6, STM32C091GCU6, STM32C091KBT6, STM32C091KBU6, STM32C091KCT6, STM32C091KCU6, STM32C091RBT6, STM32C091RCI6, STM32C091RCT6, STM32C092CBT6, STM32C092CBU6, STM32C092CCT6, STM32C092CCU6, STM32C092ECY6TR, STM32C092FBP6, STM32C092FCP6, STM32C092GBU6, STM32C092GCU6, STM32C092KBT6, STM32C092KBU6, STM32C092KCT6, STM32C092KCU6, STM32C092RBT6, STM32C092RCI6, STM32C092RCT6, STM32G071K8TXN, STM32G071K8UXN, STM32G081GBU6N, STM32G081KBT6N, STM32G081KBUXN, STM32G0B1CCT6N, STM32G0B1KCT6, STM32G0B1NEY6TR, STM32G0B1RCT6N, STM32G0C1CCT6, STM32G0C1CCT6N, STM32G0C1CCU6N, STM32G0C1CET6N, STM32G0C1CEU6N, STM32G0C1KCT6, STM32G0C1NEY6TR, STM32G0C1RCI6N, STM32G0C1RCT6N, STM32G0C1REI6N, STM32G0C1RET6N, STM32G0C1VCI6, STM32G0C1VEI6, STM32G411C6T3, STM32G411C6T6, STM32G411C6U3, STM32G411C6U6, STM32G411C8T3, STM32G411C8T6, STM32G411C8U3, STM32G411C8U6, STM32G411CBT3, STM32G411CBT6, STM32G411CBU3, STM32G411CBU6, STM32G411K6T3, STM32G411K6T6, STM32G411K6U3, STM32G411K6U6, STM32G411K8T3, STM32G411K8T6, STM32G411K8U3, STM32G411K8U6, STM32G411KBT3, STM32G411KBT6, STM32G411KBU3, STM32G411KBU6, STM32G411M6T3, STM32G411M6T6, STM32G411M8T3, STM32G411M8T6, STM32G411MBT3, STM32G411MBT6, STM32G411R6T3, STM32G411R6T6, STM32G411R8T3, STM32G411R8T6, STM32G411RBT3, STM32G411RBT6, STM32G414CBT3, STM32G414CBT6, STM32G414CBU3, STM32G414CBU6, STM32G414CCT3, STM32G414CCT6, STM32G414CCU3, STM32G414CCU6, STM32G414MBT3, STM32G414MBT6, STM32G414MCT3, STM32G414MCT6, STM32G414RBT3, STM32G414RBT6, STM32G414RCT3, STM32G414RCT6, STM32G414VBT3, STM32G414VBT6, STM32G414VCT3, STM32G414VCT6, STM32G431CBT3Z, STM32G431RBT3Z, STM32G471CCT6, STM32G471CCU6, STM32G471CET3, STM32G471CET6, STM32G471CEU3, STM32G471CEU6, STM32G471MCT6, STM32G471MET3, STM32G471MET6, STM32G471MEY6TR, STM32G471QCT6, STM32G471QET3, STM32G471RCT6, STM32G471RET3, STM32G471RET6, STM32G471VCH6, STM32G471VCI6, STM32G471VCT6, STM32G471VEH3, STM32G471VEH6, STM32G471VEI3, STM32G471VEI6, STM32G471VET3, STM32G471VET6, STM32G473QET3Z, STM32G473RET3Z, STM32G474CCT6, STM32G491RET3Z, STM32H503CBT6, STM32H503CBU6, STM32H503EBY6TR, STM32H503KBU6, STM32H503RBT6, STM32H523CCT6, STM32H523CCU6, STM32H523CET6, STM32H523CEU6, STM32H523HEY6TR, STM32H523RCT6, STM32H523RET6, STM32H523VCI6, STM32H523VCT6, STM32H523VEI6, STM32H523VET6, STM32H523ZCJ6, STM32H523ZCT6, STM32H523ZEJ6, STM32H523ZET6, STM32H533CET6, STM32H533CEU6, STM32H533HEY6TR, STM32H533RET6, STM32H533VEI6, STM32H533VET6, STM32H533ZEJ6, STM32H533ZET6, STM32H562AGI6, STM32H562AII6, STM32H562IGK6, STM32H562IGT6, STM32H562IIK6, STM32H562IIT6, STM32H562RGT6, STM32H562RGV6, STM32H562RIT6, STM32H562RIV6, STM32H562VGT6, STM32H562VIT6, STM32H562ZGT6, STM32H562ZIT6, STM32H563AGI6, STM32H563AII3Q, STM32H563AII6, STM32H563IGK6, STM32H563IGT6, STM32H563IIK3Q, STM32H563IIK6, STM32H563IIT3Q, STM32H563IIT6, STM32H563MIY3QTR, STM32H563RGT6, STM32H563RGV6, STM32H563RIT6, STM32H563RIV6, STM32H563VGT6, STM32H563VIT3Q, STM32H563VIT6, STM32H563ZGT6, STM32H563ZIT3Q, STM32H563ZIT6, STM32H573AII3Q, STM32H573AII6, STM32H573I-DK, STM32H573IIK3Q, STM32H573IIK6, STM32H573IIT3Q, STM32H573IIT6, STM32H573MIY3QTR, STM32H573RIT6, STM32H573RIV6, STM32H573VIT3Q, STM32H573VIT6, STM32H573ZIT3Q, STM32H573ZIT6, STM32H7R3A8I6, STM32H7R3I8K6, STM32H7R3I8T6, STM32H7R3L8H6, STM32H7R3L8H6H, STM32H7R3R8V6, STM32H7R3V8H6, STM32H7R3V8T6, STM32H7R3V8Y6TR, STM32H7R3Z8J6, STM32H7R3Z8T6, STM32H7R7A8I6, STM32H7R7I8K6, STM32H7R7I8T6, STM32H7R7L8H6, STM32H7R7L8H6H, STM32H7R7Z8J6, STM32H7S3A8I6, STM32H7S3I8K6, STM32H7S3I8T6, STM32H7S3L8H6, STM32H7S3L8H6H, STM32H7S3R8V6, STM32H7S3V8H6, STM32H7S3V8T6, STM32H7S3V8Y6TR, STM32H7S3Z8J6, STM32H7S3Z8T6, STM32H7S78-DK, STM32H7S7A8I6, STM32H7S7I8K6, STM32H7S7I8T6, STM32H7S7L8H6, STM32H7S7L8H6H, STM32H7S7Z8J6, STM32L4R5QGI6STR, STM32MP131AAE3, STM32MP131AAF3, STM32MP131AAG3, STM32MP131CAE3, STM32MP131CAF3, STM32MP131CAG3, STM32MP131DAE7, STM32MP131DAF7, STM32MP131DAG7, STM32MP131FAE7, STM32MP131FAF7, STM32MP131FAG7, STM32MP133AAE3, STM32MP133AAF3, STM32MP133AAG3, STM32MP133CAE3, STM32MP133CAF3, STM32MP133CAG3, STM32MP133DAE7, STM32MP133DAF7, STM32MP133DAG7, STM32MP133FAE7, STM32MP133FAF7, STM32MP133FAG7, STM32MP135AAE3, STM32MP135AAF3, STM32MP135AAG3, STM32MP135CAE3, STM32MP135CAF3, STM32MP135CAG3, STM32MP135DAE7, STM32MP135DAF7, STM32MP135DAG7, STM32MP135F-DK, STM32MP135FAE7, STM32MP135FAF7, STM32MP135FAF7T, STM32MP135FAF7U, STM32MP135FAG7, STM32MP211AAL3, STM32MP211AAM3, STM32MP211AAN3, STM32MP211AAO3, STM32MP211CAL3, STM32MP211CAM3, STM32MP211CAN3, STM32MP211CAO3, STM32MP211DAL3, STM32MP211DAM3, STM32MP211DAN3, STM32MP211DAO3, STM32MP211FAL3, STM32MP211FAM3, STM32MP211FAN3, STM32MP211FAO3, STM32MP213AAL3, STM32MP213AAM3, STM32MP213AAN3, STM32MP213AAO3, STM32MP213CAL3, STM32MP213CAM3, STM32MP213CAN3, STM32MP213CAO3, STM32MP213DAL3, STM32MP213DAM3, STM32MP213DAN3, STM32MP213DAO3, STM32MP213FAL3, STM32MP213FAM3, STM32MP213FAN3, STM32MP213FAO3, STM32MP215AAL3, STM32MP215AAM3, STM32MP215AAN3, STM32MP215AAO3, STM32MP215CAL3, STM32MP215CAM3, STM32MP215CAN3, STM32MP215CAO3, STM32MP215DAL3, STM32MP215DAM3, STM32MP215DAN3, STM32MP215DAO3, STM32MP215F-DK, STM32MP215FAL3, STM32MP215FAM3, STM32MP215FAN3, STM32MP215FAO3, STM32MP231AAJ3, STM32MP231AAK3, STM32MP231AAL3, STM32MP231CAJ3, STM32MP231CAK3, STM32MP231CAL3, STM32MP231DAJ3, STM32MP231DAK3, STM32MP231DAL3, STM32MP231FAJ3, STM32MP231FAK3, STM32MP231FAL3, STM32MP233AAJ3, STM32MP233AAK3, STM32MP233AAL3, STM32MP233CAJ3, STM32MP233CAK3, STM32MP233CAL3, STM32MP233DAJ3, STM32MP233DAK3, STM32MP233DAL3, STM32MP233FAJ3, STM32MP233FAK3, STM32MP233FAL3, STM32MP235AAJ3, STM32MP235AAK3, STM32MP235AAL3, STM32MP235CAJ3, STM32MP235CAK3, STM32MP235CAL3, STM32MP235DAJ3, STM32MP235DAK3, STM32MP235DAL3, STM32MP235FAJ3, STM32MP235FAK3, STM32MP235FAL3, STM32MP251AAI3, STM32MP251AAK3, STM32MP251AAL3, STM32MP251CAI3, STM32MP251CAK3, STM32MP251CAL3, STM32MP251DAI3, STM32MP251DAK3, STM32MP251DAL3, STM32MP251FAI3, STM32MP251FAK3, STM32MP251FAL3, STM32MP253AAI3, STM32MP253AAK3, STM32MP253AAL3, STM32MP253CAI3, STM32MP253CAK3, STM32MP253CAL3, STM32MP253DAI3, STM32MP253DAK3, STM32MP253DAL3, STM32MP253FAI3, STM32MP253FAK3, STM32MP253FAL3, STM32MP255AAI3, STM32MP255AAK3, STM32MP255AAL3, STM32MP255CAI3, STM32MP255CAK3, STM32MP255CAL3, STM32MP255DAI3, STM32MP255DAK3, STM32MP255DAL3, STM32MP255FAI3, STM32MP255FAK3, STM32MP255FAL3, STM32MP257AAI3, STM32MP257AAK3, STM32MP257AAL3, STM32MP257CAI3, STM32MP257CAK3, STM32MP257CAL3, STM32MP257DAI3, STM32MP257DAK3, STM32MP257DAL3, STM32MP257F-DK, STM32MP257F-EV1, STM32MP257FAI3, STM32MP257FAK3, STM32MP257FAL3, STM32N645A0H3Q, STM32N645B0H3Q, STM32N645I0H3Q, STM32N645L0H3Q, STM32N645X0H3Q, STM32N645Z0H3Q, STM32N647A0H3Q, STM32N647B0H3Q, STM32N647I0H3Q, STM32N647L0H3Q, STM32N647X0H3Q, STM32N647Z0H3Q, STM32N655A0H3Q, STM32N655B0H3Q, STM32N655I0H3Q, STM32N655L0H3Q, STM32N655X0H3Q, STM32N655Z0H3Q, STM32N6570-DK, STM32N657A0H3Q, STM32N657B0H3Q, STM32N657I0H3Q, STM32N657L0H3Q, STM32N657X0H3Q, STM32N657Z0H3Q, STM32U031C6T6, STM32U031C6U6, STM32U031C8T6, STM32U031C8U6, STM32U031F4P6, STM32U031F6P6, STM32U031F8P6, STM32U031G6Y6TR, STM32U031G8Y6TR, STM32U031K4U6, STM32U031K6U6, STM32U031K8U6, STM32U031R6I6, STM32U031R6T6, STM32U031R8I6, STM32U031R8T6, STM32U073C8T6, STM32U073C8U6, STM32U073CBT6, STM32U073CBU6, STM32U073CCT6, STM32U073CCU6, STM32U073H8Y6TR, STM32U073HBY6TR, STM32U073HCY6TR, STM32U073K8U6, STM32U073KBU6, STM32U073KCU6, STM32U073M8I6, STM32U073M8T6, STM32U073MBI6, STM32U073MBT6, STM32U073MCI6, STM32U073MCT6, STM32U073R8I6, STM32U073R8T6, STM32U073RBI6, STM32U073RBT6, STM32U073RCI6, STM32U073RCT6, STM32U083C-DK, STM32U083CCT6, STM32U083CCU6, STM32U083HCY6TR, STM32U083KCU6, STM32U083MCI6, STM32U083MCT6, STM32U083RCI6, STM32U083RCT6, STM32U375CET6, STM32U375CET6Q, STM32U375CEU6, STM32U375CEU6Q, STM32U375CEY6QTR, STM32U375CGT6, STM32U375CGT6Q, STM32U375CGU6, STM32U375CGU6Q, STM32U375CGY6QTR, STM32U375KEU6, STM32U375KGU6, STM32U375REI6, STM32U375REI6Q, STM32U375RET6, STM32U375RET6Q, STM32U375REY6GTR, STM32U375REY6QTR, STM32U375RGI6, STM32U375RGI6Q, STM32U375RGT6, STM32U375RGT6Q, STM32U375RGY6GTR, STM32U375RGY6QTR, STM32U375VEI6, STM32U375VEI6Q, STM32U375VET6, STM32U375VET6Q, STM32U375VGI6, STM32U375VGI6Q, STM32U375VGT6, STM32U375VGT6Q, STM32U385CGT6, STM32U385CGT6Q, STM32U385CGU6, STM32U385CGU6Q, STM32U385CGY6QTR, STM32U385KGU6, STM32U385RGI6, STM32U385RGI6Q, STM32U385RGT6, STM32U385RGT6Q, STM32U385RGY6GTR, STM32U385RGY6QTR, STM32U385VGI6, STM32U385VGI6Q, STM32U385VGT6, STM32U385VGT6Q, STM32U535CBT6, STM32U535CBT6Q, STM32U535CBU6, STM32U535CBU6Q, STM32U535CCT6, STM32U535CCT6Q, STM32U535CCU6, STM32U535CCU6Q, STM32U535CET6, STM32U535CET6Q, STM32U535CEU6, STM32U535CEU6Q, STM32U535JEY6QTR, STM32U535NCY6QTR, STM32U535NEY6QTR, STM32U535RBI6, STM32U535RBI6Q, STM32U535RBT6, STM32U535RBT6Q, STM32U535RCI6, STM32U535RCI6Q, STM32U535RCT6, STM32U535RCT6Q, STM32U535REI6, STM32U535REI6Q, STM32U535RET6, STM32U535RET6Q, STM32U535VCI6, STM32U535VCI6Q, STM32U535VCT6, STM32U535VCT6Q, STM32U535VEI6, STM32U535VEI6Q, STM32U535VET6, STM32U535VET6Q, STM32U545CET6, STM32U545CET6Q, STM32U545CEU6, STM32U545CEU6Q, STM32U545JEY6QTR, STM32U545NEY6QTR, STM32U545REI6, STM32U545REI6Q, STM32U545RET6, STM32U545RET6Q, STM32U545VEI6, STM32U545VEI6Q, STM32U545VET6, STM32U545VET6Q, STM32U595AIH6, STM32U595AIH6Q, STM32U595AJH6, STM32U595AJH6Q, STM32U595QII6, STM32U595QII6Q, STM32U595QJI6, STM32U595QJI6Q, STM32U595RIT6, STM32U595RIT6Q, STM32U595RJT6, STM32U595RJT6Q, STM32U595VIT6, STM32U595VIT6Q, STM32U595VJT6, STM32U595VJT6Q, STM32U595ZIT6, STM32U595ZIT6Q, STM32U595ZIY6QTR, STM32U595ZJT6, STM32U595ZJT6Q, STM32U595ZJY6QTR, STM32U599BJY6QTR, STM32U599NIH6Q, STM32U599NJH6Q, STM32U599VIT6Q, STM32U599VJT6, STM32U599VJT6Q, STM32U599ZIT6Q, STM32U599ZIY6QTR, STM32U599ZJT6Q, STM32U599ZJY6QTR, STM32U5A5AJH6, STM32U5A5AJH6Q, STM32U5A5QII3Q , STM32U5A5QJI6, STM32U5A5QJI6Q, STM32U5A5RJT6, STM32U5A5RJT6Q, STM32U5A5VJT6, STM32U5A5VJT6Q, STM32U5A5ZJT6, STM32U5A5ZJT6Q, STM32U5A5ZJY6QTR, STM32U5A9BJY6QTR, STM32U5A9J-DK, STM32U5A9NJH6Q, STM32U5A9VJT6Q, STM32U5A9ZJT6Q, STM32U5A9ZJY6QTR, STM32U5F7VIT6, STM32U5F7VIT6Q, STM32U5F7VJT6, STM32U5F7VJT6Q, STM32U5F9BJY6QTR, STM32U5F9NJH6Q, STM32U5F9VIT6Q, STM32U5F9VJT6Q, STM32U5F9ZIJ6QTR, STM32U5F9ZIT6Q, STM32U5F9ZJJ6QTR, STM32U5F9ZJT6Q, STM32U5G7VJT6, STM32U5G7VJT6Q, STM32U5G9BJY6QTR, STM32U5G9J-DK1, STM32U5G9J-DK2, STM32U5G9NJH6Q, STM32U5G9VJT6Q, STM32U5G9ZJJ6QTR, STM32U5G9ZJT6Q, STM32WB05KZV6TR, STM32WB05KZV7TR, STM32WB05TZF6TR, STM32WB05TZF7TR, STM32WB06CCF6TR, STM32WB06CCF7TR, STM32WB06CCV6TR, STM32WB06CCV7TR, STM32WB06KCV6TR, STM32WB06KCV7TR, STM32WB07CCF6TR, STM32WB07CCF7TR, STM32WB07CCV6TR, STM32WB07CCV7TR, STM32WB07KCV6TR, STM32WB07KCV7TR, STM32WB09KEV6TR, STM32WB09KEV7TR, STM32WB09TEF6TR, STM32WB09TEF7TR, STM32WB1MMCH6, STM32WBA50KGU6, STM32WBA50KGU6TR, STM32WBA52CEU6, STM32WBA52CEU6TR, STM32WBA52CEU7, STM32WBA52CEU7TR, STM32WBA52CGU6, STM32WBA52CGU6TR, STM32WBA52CGU6U, STM32WBA52CGU7, STM32WBA52CGU7TR, STM32WBA52KEU6, STM32WBA52KEU6TR, STM32WBA52KGU6, STM32WBA52KGU6TR, STM32WBA54CEU6, STM32WBA54CEU6TR, STM32WBA54CEU7, STM32WBA54CEU7TR, STM32WBA54CGU6, STM32WBA54CGU6TR, STM32WBA54CGU7, STM32WBA54CGU7TR, STM32WBA54KEU6, STM32WBA54KEU6TR, STM32WBA54KEU7, STM32WBA54KEU7TR, STM32WBA54KGU6, STM32WBA54KGU6TR, STM32WBA54KGU7, STM32WBA54KGU7TR, STM32WBA55CEU6, STM32WBA55CEU6TR, STM32WBA55CEU7, STM32WBA55CEU7TR, STM32WBA55CGU6, STM32WBA55CGU6TR, STM32WBA55CGU6U, STM32WBA55CGU7, STM32WBA55CGU7TR, STM32WBA55G-DK1, STM32WBA55HEF6, STM32WBA55HEF7, STM32WBA55HGF6, STM32WBA55HGF7, STM32WBA55UEI6, STM32WBA55UEI6TR, STM32WBA55UEI7, STM32WBA55UEI7TR, STM32WBA55UGI6, STM32WBA55UGI6TR, STM32WBA55UGI7, STM32WBA55UGI7TR, STM32WBA5MMGH6TR, STM32WBA62MGF6, STM32WBA62MIF6, STM32WBA65MGF7, STM32WBA65MIF6, STM32WBA65MIF7, STM32WL30K8V6, STM32WL30KBV6, STM32WL31C8V6, STM32WL31CBV6, STM32WL31K8V6, STM32WL31KBV6, STM32WL33C8V6, STM32WL33C8V6X, STM32WL33CBV6, STM32WL33CBV6X, STM32WL33CCV6, STM32WL33CCV6A, STM32WL33CCV6X, STM32WL33K8V7, STM32WL33K8V7X, STM32WL33KBV7 , STM32WL33KBV7X, STM32WL33KCV7, STM32WL33KCV7X, STM32WL5MOCH6, STM32WL5MOCH6TR]
2025-10-09 22:02:51,546 [INFO] BoardInfo:889 - No configuration file found for board P-NUCLEO-WB55
2025-10-09 22:02:51,547 [INFO] DbBoards:161 - Kit is not supported: P-NUCLEO-WB55
2025-10-09 22:02:51,549 [INFO] BoardInfo:889 - No configuration file found for board STEVAL-BFA001V1B
2025-10-09 22:02:51,549 [INFO] DbBoards:161 - Kit is not supported: STEVAL-BFA001V1B
2025-10-09 22:02:51,550 [INFO] BoardInfo:889 - No configuration file found for board STEVAL-BFA001V2B
2025-10-09 22:02:51,550 [INFO] DbBoards:161 - Kit is not supported: STEVAL-BFA001V2B
2025-10-09 22:02:51,621 [INFO] DbBoards:168 - Found 212 boards, 209 are supported
2025-10-09 22:02:51,621 [INFO] DbBoards:169 - Found 212 boards, 43 of them is supported for  Bsp
2025-10-09 22:02:51,624 [INFO] ApiDb:668 - CubeFinder database Data Model version=2.1
2025-10-09 22:02:51,624 [INFO] ApiDb:669 - CubeFinder database Configuration version=3.0.39
2025-10-09 22:02:51,624 [INFO] ApiDb:670 - CubeFinder database generation date=2025-08-25 (1756130511)
2025-10-09 22:02:51,624 [INFO] ApiDb:671 - CubeFinder database FW Pack versions=[FP-ATR-ASTRA1_V2.0.0, FP-SNS-FLIGHT1_V5.1.0, FP-SNS-MOTENV1_V5.0.0, FP-SNS-MOTENVWB1_V1.4.0, FP-SNS-SMARTAG2_V1.2.0, FP-SNS-STBOX1_V2.1.0, STM32Cube_FW_C0_V1.4.0, STM32Cube_FW_F4_V1.28.3, STM32Cube_FW_F7_V1.17.4, STM32Cube_FW_G0_V1.6.2, STM32Cube_FW_G4_V1.6.1, STM32Cube_FW_H5_V1.5.0, STM32Cube_FW_H7RS_V1.2.0, STM32Cube_FW_H7_V1.12.1, STM32Cube_FW_L0_V1.12.2, STM32Cube_FW_L4_V1.18.1, STM32Cube_FW_L5_V1.5.1, STM32Cube_FW_N6_V1.2.0, STM32Cube_FW_U0_V1.3.0, STM32Cube_FW_U3_V1.2.0, STM32Cube_FW_U5_V1.8.0, STM32Cube_FW_WB0_V1.3.0, STM32Cube_FW_WBA_V1.7.0, STM32Cube_FW_WB_V1.23.0, STM32Cube_FW_WL3_V1.2.0, STM32Cube_FW_WL_V1.3.1, X-CUBE-ALGOBUILD_V1.4.0, X-CUBE-ALS_V1.0.2, X-CUBE-AZRTOS-F4_V1.1.0, X-CUBE-AZRTOS-F7_V1.1.0, X-CUBE-AZRTOS-G0_V1.1.0, X-CUBE-AZRTOS-G4_V2.0.0, X-CUBE-AZRTOS-H7RS_V1.1.0, X-CUBE-AZRTOS-H7_V3.4.0, X-CUBE-AZRTOS-L4_V2.0.0, X-CUBE-AZRTOS-L5_V2.0.0, X-CUBE-AZRTOS-WB_V2.0.0, X-CUBE-AZRTOS-WL_V2.0.0, X-CUBE-BLE1_V7.1.0, X-CUBE-BLE2_V3.3.0, X-CUBE-BLEMGR_V4.1.0, X-CUBE-EEPRMA1_V5.2.0, X-CUBE-FREERTOS_V1.3.1, X-CUBE-GNSS1_V6.0.0, X-CUBE-MEMS1_V11.3.0, X-CUBE-NFC4_V3.0.0, X-CUBE-NFC7_V2.0.0, X-CUBE-SFXS2LP1_V4.0.0, X-CUBE-ST67W61_V1.0.0, X-CUBE-SUBG2_V5.0.0, X-CUBE-TOF1_V3.4.3]
2025-10-09 22:02:53,125 [INFO] ApiDb:240 - Found 880 in-development CPN: [B-G473E-ZEST1S, B-WB1M-WPAN1, B-WBA5M-WPAN, B-WL5M-SUBG1, NUCLEO-C031C6, NUCLEO-C051C8, NUCLEO-C071RB, NUCLEO-C092RC, NUCLEO-H503RB, NUCLEO-H533RE, NUCLEO-H563ZI, NUCLEO-H7S3L8, NUCLEO-N657X0-Q, NUCLEO-U031R8, NUCLEO-U083RC, NUCLEO-U385RG-Q, NUCLEO-U545RE-Q, NUCLEO-U5A5ZJ-Q, NUCLEO-WB05KZ, NUCLEO-WB07CC, NUCLEO-WB09KE, NUCLEO-WBA52CG, NUCLEO-WBA55CG, NUCLEO-WL33CC1, NUCLEO-WL33CC2, STEVAL-PROTEUS1, STEVAL-SMARTAG2, STEVAL-STWINBX1, STM320518-EVAL, STM32C0116-DK, STM32C011D6Y3TR, STM32C011D6Y6TR, STM32C011F4P3, STM32C011F4P6, STM32C011F4U3, STM32C011F4U6TR, STM32C011F6P3, STM32C011F6P6, STM32C011F6U3, STM32C011F6U6TR, STM32C011J4M3, STM32C011J4M6, STM32C011J6M3, STM32C011J6M6, STM32C0316-DK, STM32C031C4T3, STM32C031C4T6, STM32C031C4U3, STM32C031C4U6, STM32C031C6T3, STM32C031C6T6, STM32C031C6U3, STM32C031C6U6, STM32C031F4P3, STM32C031F4P6, STM32C031F6P3, STM32C031F6P6, STM32C031G4U3, STM32C031G4U6, STM32C031G6U3, STM32C031G6U6, STM32C031K4T3, STM32C031K4T6, STM32C031K4U3, STM32C031K4U6, STM32C031K6T3, STM32C031K6T6, STM32C031K6U3, STM32C031K6U6, STM32C051C6T6, STM32C051C6U6, STM32C051C8T6, STM32C051C8U6, STM32C051D8Y6TR, STM32C051F6P6, STM32C051F8P6, STM32C051G6U6, STM32C051G8U6, STM32C051K6T6, STM32C051K6U6, STM32C051K8T6, STM32C071C8T6, STM32C071C8T6N, STM32C071C8U6, STM32C071C8U6N, STM32C071CBT6, STM32C071CBT6N, STM32C071CBU6, STM32C071CBU6N, STM32C071F8P6, STM32C071F8P6N, STM32C071FBP6, STM32C071FBP6N, STM32C071FBY6TR, STM32C071G8U6, STM32C071G8U6N, STM32C071GBU6, STM32C071GBU6N, STM32C071K8T6, STM32C071K8T6N, STM32C071K8U6, STM32C071K8U6N, STM32C071KBT6, STM32C071KBT6N, STM32C071KBU6, STM32C071KBU6N, STM32C071R8T6, STM32C071R8T6N, STM32C071RBI6N, STM32C071RBT6, STM32C071RBT6N, STM32C091CBT6, STM32C091CBU6, STM32C091CCT6, STM32C091CCU6, STM32C091ECY6TR, STM32C091FBP6, STM32C091FCP6, STM32C091GBU6, STM32C091GCU6, STM32C091KBT6, STM32C091KBU6, STM32C091KCT6, STM32C091KCU6, STM32C091RBT6, STM32C091RCI6, STM32C091RCT6, STM32C092CBT6, STM32C092CBU6, STM32C092CCT6, STM32C092CCU6, STM32C092ECY6TR, STM32C092FBP6, STM32C092FCP6, STM32C092GBU6, STM32C092GCU6, STM32C092KBT6, STM32C092KBU6, STM32C092KCT6, STM32C092KCU6, STM32C092RBT6, STM32C092RCI6, STM32C092RCT6, STM32G071K8TXN, STM32G071K8UXN, STM32G081GBU6N, STM32G081KBT6N, STM32G081KBUXN, STM32G0B1CCT6N, STM32G0B1KCT6, STM32G0B1NEY6TR, STM32G0B1RCT6N, STM32G0C1CCT6, STM32G0C1CCT6N, STM32G0C1CCU6N, STM32G0C1CET6N, STM32G0C1CEU6N, STM32G0C1KCT6, STM32G0C1NEY6TR, STM32G0C1RCI6N, STM32G0C1RCT6N, STM32G0C1REI6N, STM32G0C1RET6N, STM32G0C1VCI6, STM32G0C1VEI6, STM32G411C6T3, STM32G411C6T6, STM32G411C6U3, STM32G411C6U6, STM32G411C8T3, STM32G411C8T6, STM32G411C8U3, STM32G411C8U6, STM32G411CBT3, STM32G411CBT6, STM32G411CBU3, STM32G411CBU6, STM32G411K6T3, STM32G411K6T6, STM32G411K6U3, STM32G411K6U6, STM32G411K8T3, STM32G411K8T6, STM32G411K8U3, STM32G411K8U6, STM32G411KBT3, STM32G411KBT6, STM32G411KBU3, STM32G411KBU6, STM32G411M6T3, STM32G411M6T6, STM32G411M8T3, STM32G411M8T6, STM32G411MBT3, STM32G411MBT6, STM32G411R6T3, STM32G411R6T6, STM32G411R8T3, STM32G411R8T6, STM32G411RBT3, STM32G411RBT6, STM32G414CBT3, STM32G414CBT6, STM32G414CBU3, STM32G414CBU6, STM32G414CCT3, STM32G414CCT6, STM32G414CCU3, STM32G414CCU6, STM32G414MBT3, STM32G414MBT6, STM32G414MCT3, STM32G414MCT6, STM32G414RBT3, STM32G414RBT6, STM32G414RCT3, STM32G414RCT6, STM32G414VBT3, STM32G414VBT6, STM32G414VCT3, STM32G414VCT6, STM32G431CBT3Z, STM32G431RBT3Z, STM32G471CCT6, STM32G471CCU6, STM32G471CET3, STM32G471CET6, STM32G471CEU3, STM32G471CEU6, STM32G471MCT6, STM32G471MET3, STM32G471MET6, STM32G471MEY6TR, STM32G471QCT6, STM32G471QET3, STM32G471RCT6, STM32G471RET3, STM32G471RET6, STM32G471VCH6, STM32G471VCI6, STM32G471VCT6, STM32G471VEH3, STM32G471VEH6, STM32G471VEI3, STM32G471VEI6, STM32G471VET3, STM32G471VET6, STM32G473QET3Z, STM32G473RET3Z, STM32G474CCT6, STM32G491RET3Z, STM32H503CBT6, STM32H503CBU6, STM32H503EBY6TR, STM32H503KBU6, STM32H503RBT6, STM32H523CCT6, STM32H523CCU6, STM32H523CET6, STM32H523CEU6, STM32H523HEY6TR, STM32H523RCT6, STM32H523RET6, STM32H523VCI6, STM32H523VCT6, STM32H523VEI6, STM32H523VET6, STM32H523ZCJ6, STM32H523ZCT6, STM32H523ZEJ6, STM32H523ZET6, STM32H533CET6, STM32H533CEU6, STM32H533HEY6TR, STM32H533RET6, STM32H533VEI6, STM32H533VET6, STM32H533ZEJ6, STM32H533ZET6, STM32H562AGI6, STM32H562AII6, STM32H562IGK6, STM32H562IGT6, STM32H562IIK6, STM32H562IIT6, STM32H562RGT6, STM32H562RGV6, STM32H562RIT6, STM32H562RIV6, STM32H562VGT6, STM32H562VIT6, STM32H562ZGT6, STM32H562ZIT6, STM32H563AGI6, STM32H563AII3Q, STM32H563AII6, STM32H563IGK6, STM32H563IGT6, STM32H563IIK3Q, STM32H563IIK6, STM32H563IIT3Q, STM32H563IIT6, STM32H563MIY3QTR, STM32H563RGT6, STM32H563RGV6, STM32H563RIT6, STM32H563RIV6, STM32H563VGT6, STM32H563VIT3Q, STM32H563VIT6, STM32H563ZGT6, STM32H563ZIT3Q, STM32H563ZIT6, STM32H573AII3Q, STM32H573AII6, STM32H573I-DK, STM32H573IIK3Q, STM32H573IIK6, STM32H573IIT3Q, STM32H573IIT6, STM32H573MIY3QTR, STM32H573RIT6, STM32H573RIV6, STM32H573VIT3Q, STM32H573VIT6, STM32H573ZIT3Q, STM32H573ZIT6, STM32H7R3A8I6, STM32H7R3I8K6, STM32H7R3I8T6, STM32H7R3L8H6, STM32H7R3L8H6H, STM32H7R3R8V6, STM32H7R3V8H6, STM32H7R3V8T6, STM32H7R3V8Y6TR, STM32H7R3Z8J6, STM32H7R3Z8T6, STM32H7R7A8I6, STM32H7R7I8K6, STM32H7R7I8T6, STM32H7R7L8H6, STM32H7R7L8H6H, STM32H7R7Z8J6, STM32H7S3A8I6, STM32H7S3I8K6, STM32H7S3I8T6, STM32H7S3L8H6, STM32H7S3L8H6H, STM32H7S3R8V6, STM32H7S3V8H6, STM32H7S3V8T6, STM32H7S3V8Y6TR, STM32H7S3Z8J6, STM32H7S3Z8T6, STM32H7S78-DK, STM32H7S7A8I6, STM32H7S7I8K6, STM32H7S7I8T6, STM32H7S7L8H6, STM32H7S7L8H6H, STM32H7S7Z8J6, STM32L4R5QGI6STR, STM32MP131AAE3, STM32MP131AAF3, STM32MP131AAG3, STM32MP131CAE3, STM32MP131CAF3, STM32MP131CAG3, STM32MP131DAE7, STM32MP131DAF7, STM32MP131DAG7, STM32MP131FAE7, STM32MP131FAF7, STM32MP131FAG7, STM32MP133AAE3, STM32MP133AAF3, STM32MP133AAG3, STM32MP133CAE3, STM32MP133CAF3, STM32MP133CAG3, STM32MP133DAE7, STM32MP133DAF7, STM32MP133DAG7, STM32MP133FAE7, STM32MP133FAF7, STM32MP133FAG7, STM32MP135AAE3, STM32MP135AAF3, STM32MP135AAG3, STM32MP135CAE3, STM32MP135CAF3, STM32MP135CAG3, STM32MP135DAE7, STM32MP135DAF7, STM32MP135DAG7, STM32MP135F-DK, STM32MP135FAE7, STM32MP135FAF7, STM32MP135FAF7T, STM32MP135FAF7U, STM32MP135FAG7, STM32MP211AAL3, STM32MP211AAM3, STM32MP211AAN3, STM32MP211AAO3, STM32MP211CAL3, STM32MP211CAM3, STM32MP211CAN3, STM32MP211CAO3, STM32MP211DAL3, STM32MP211DAM3, STM32MP211DAN3, STM32MP211DAO3, STM32MP211FAL3, STM32MP211FAM3, STM32MP211FAN3, STM32MP211FAO3, STM32MP213AAL3, STM32MP213AAM3, STM32MP213AAN3, STM32MP213AAO3, STM32MP213CAL3, STM32MP213CAM3, STM32MP213CAN3, STM32MP213CAO3, STM32MP213DAL3, STM32MP213DAM3, STM32MP213DAN3, STM32MP213DAO3, STM32MP213FAL3, STM32MP213FAM3, STM32MP213FAN3, STM32MP213FAO3, STM32MP215AAL3, STM32MP215AAM3, STM32MP215AAN3, STM32MP215AAO3, STM32MP215CAL3, STM32MP215CAM3, STM32MP215CAN3, STM32MP215CAO3, STM32MP215DAL3, STM32MP215DAM3, STM32MP215DAN3, STM32MP215DAO3, STM32MP215F-DK, STM32MP215FAL3, STM32MP215FAM3, STM32MP215FAN3, STM32MP215FAO3, STM32MP231AAJ3, STM32MP231AAK3, STM32MP231AAL3, STM32MP231CAJ3, STM32MP231CAK3, STM32MP231CAL3, STM32MP231DAJ3, STM32MP231DAK3, STM32MP231DAL3, STM32MP231FAJ3, STM32MP231FAK3, STM32MP231FAL3, STM32MP233AAJ3, STM32MP233AAK3, STM32MP233AAL3, STM32MP233CAJ3, STM32MP233CAK3, STM32MP233CAL3, STM32MP233DAJ3, STM32MP233DAK3, STM32MP233DAL3, STM32MP233FAJ3, STM32MP233FAK3, STM32MP233FAL3, STM32MP235AAJ3, STM32MP235AAK3, STM32MP235AAL3, STM32MP235CAJ3, STM32MP235CAK3, STM32MP235CAL3, STM32MP235DAJ3, STM32MP235DAK3, STM32MP235DAL3, STM32MP235FAJ3, STM32MP235FAK3, STM32MP235FAL3, STM32MP251AAI3, STM32MP251AAK3, STM32MP251AAL3, STM32MP251CAI3, STM32MP251CAK3, STM32MP251CAL3, STM32MP251DAI3, STM32MP251DAK3, STM32MP251DAL3, STM32MP251FAI3, STM32MP251FAK3, STM32MP251FAL3, STM32MP253AAI3, STM32MP253AAK3, STM32MP253AAL3, STM32MP253CAI3, STM32MP253CAK3, STM32MP253CAL3, STM32MP253DAI3, STM32MP253DAK3, STM32MP253DAL3, STM32MP253FAI3, STM32MP253FAK3, STM32MP253FAL3, STM32MP255AAI3, STM32MP255AAK3, STM32MP255AAL3, STM32MP255CAI3, STM32MP255CAK3, STM32MP255CAL3, STM32MP255DAI3, STM32MP255DAK3, STM32MP255DAL3, STM32MP255FAI3, STM32MP255FAK3, STM32MP255FAL3, STM32MP257AAI3, STM32MP257AAK3, STM32MP257AAL3, STM32MP257CAI3, STM32MP257CAK3, STM32MP257CAL3, STM32MP257DAI3, STM32MP257DAK3, STM32MP257DAL3, STM32MP257F-DK, STM32MP257F-EV1, STM32MP257FAI3, STM32MP257FAK3, STM32MP257FAL3, STM32N645A0H3Q, STM32N645B0H3Q, STM32N645I0H3Q, STM32N645L0H3Q, STM32N645X0H3Q, STM32N645Z0H3Q, STM32N647A0H3Q, STM32N647B0H3Q, STM32N647I0H3Q, STM32N647L0H3Q, STM32N647X0H3Q, STM32N647Z0H3Q, STM32N655A0H3Q, STM32N655B0H3Q, STM32N655I0H3Q, STM32N655L0H3Q, STM32N655X0H3Q, STM32N655Z0H3Q, STM32N6570-DK, STM32N657A0H3Q, STM32N657B0H3Q, STM32N657I0H3Q, STM32N657L0H3Q, STM32N657X0H3Q, STM32N657Z0H3Q, STM32U031C6T6, STM32U031C6U6, STM32U031C8T6, STM32U031C8U6, STM32U031F4P6, STM32U031F6P6, STM32U031F8P6, STM32U031G6Y6TR, STM32U031G8Y6TR, STM32U031K4U6, STM32U031K6U6, STM32U031K8U6, STM32U031R6I6, STM32U031R6T6, STM32U031R8I6, STM32U031R8T6, STM32U073C8T6, STM32U073C8U6, STM32U073CBT6, STM32U073CBU6, STM32U073CCT6, STM32U073CCU6, STM32U073H8Y6TR, STM32U073HBY6TR, STM32U073HCY6TR, STM32U073K8U6, STM32U073KBU6, STM32U073KCU6, STM32U073M8I6, STM32U073M8T6, STM32U073MBI6, STM32U073MBT6, STM32U073MCI6, STM32U073MCT6, STM32U073R8I6, STM32U073R8T6, STM32U073RBI6, STM32U073RBT6, STM32U073RCI6, STM32U073RCT6, STM32U083C-DK, STM32U083CCT6, STM32U083CCU6, STM32U083HCY6TR, STM32U083KCU6, STM32U083MCI6, STM32U083MCT6, STM32U083RCI6, STM32U083RCT6, STM32U375CET6, STM32U375CET6Q, STM32U375CEU6, STM32U375CEU6Q, STM32U375CEY6QTR, STM32U375CGT6, STM32U375CGT6Q, STM32U375CGU6, STM32U375CGU6Q, STM32U375CGY6QTR, STM32U375KEU6, STM32U375KGU6, STM32U375REI6, STM32U375REI6Q, STM32U375RET6, STM32U375RET6Q, STM32U375REY6GTR, STM32U375REY6QTR, STM32U375RGI6, STM32U375RGI6Q, STM32U375RGT6, STM32U375RGT6Q, STM32U375RGY6GTR, STM32U375RGY6QTR, STM32U375VEI6, STM32U375VEI6Q, STM32U375VET6, STM32U375VET6Q, STM32U375VGI6, STM32U375VGI6Q, STM32U375VGT6, STM32U375VGT6Q, STM32U385CGT6, STM32U385CGT6Q, STM32U385CGU6, STM32U385CGU6Q, STM32U385CGY6QTR, STM32U385KGU6, STM32U385RGI6, STM32U385RGI6Q, STM32U385RGT6, STM32U385RGT6Q, STM32U385RGY6GTR, STM32U385RGY6QTR, STM32U385VGI6, STM32U385VGI6Q, STM32U385VGT6, STM32U385VGT6Q, STM32U535CBT6, STM32U535CBT6Q, STM32U535CBU6, STM32U535CBU6Q, STM32U535CCT6, STM32U535CCT6Q, STM32U535CCU6, STM32U535CCU6Q, STM32U535CET6, STM32U535CET6Q, STM32U535CEU6, STM32U535CEU6Q, STM32U535JEY6QTR, STM32U535NCY6QTR, STM32U535NEY6QTR, STM32U535RBI6, STM32U535RBI6Q, STM32U535RBT6, STM32U535RBT6Q, STM32U535RCI6, STM32U535RCI6Q, STM32U535RCT6, STM32U535RCT6Q, STM32U535REI6, STM32U535REI6Q, STM32U535RET6, STM32U535RET6Q, STM32U535VCI6, STM32U535VCI6Q, STM32U535VCT6, STM32U535VCT6Q, STM32U535VEI6, STM32U535VEI6Q, STM32U535VET6, STM32U535VET6Q, STM32U545CET6, STM32U545CET6Q, STM32U545CEU6, STM32U545CEU6Q, STM32U545JEY6QTR, STM32U545NEY6QTR, STM32U545REI6, STM32U545REI6Q, STM32U545RET6, STM32U545RET6Q, STM32U545VEI6, STM32U545VEI6Q, STM32U545VET6, STM32U545VET6Q, STM32U595AIH6, STM32U595AIH6Q, STM32U595AJH6, STM32U595AJH6Q, STM32U595QII6, STM32U595QII6Q, STM32U595QJI6, STM32U595QJI6Q, STM32U595RIT6, STM32U595RIT6Q, STM32U595RJT6, STM32U595RJT6Q, STM32U595VIT6, STM32U595VIT6Q, STM32U595VJT6, STM32U595VJT6Q, STM32U595ZIT6, STM32U595ZIT6Q, STM32U595ZIY6QTR, STM32U595ZJT6, STM32U595ZJT6Q, STM32U595ZJY6QTR, STM32U599BJY6QTR, STM32U599NIH6Q, STM32U599NJH6Q, STM32U599VIT6Q, STM32U599VJT6, STM32U599VJT6Q, STM32U599ZIT6Q, STM32U599ZIY6QTR, STM32U599ZJT6Q, STM32U599ZJY6QTR, STM32U5A5AJH6, STM32U5A5AJH6Q, STM32U5A5QII3Q , STM32U5A5QJI6, STM32U5A5QJI6Q, STM32U5A5RJT6, STM32U5A5RJT6Q, STM32U5A5VJT6, STM32U5A5VJT6Q, STM32U5A5ZJT6, STM32U5A5ZJT6Q, STM32U5A5ZJY6QTR, STM32U5A9BJY6QTR, STM32U5A9J-DK, STM32U5A9NJH6Q, STM32U5A9VJT6Q, STM32U5A9ZJT6Q, STM32U5A9ZJY6QTR, STM32U5F7VIT6, STM32U5F7VIT6Q, STM32U5F7VJT6, STM32U5F7VJT6Q, STM32U5F9BJY6QTR, STM32U5F9NJH6Q, STM32U5F9VIT6Q, STM32U5F9VJT6Q, STM32U5F9ZIJ6QTR, STM32U5F9ZIT6Q, STM32U5F9ZJJ6QTR, STM32U5F9ZJT6Q, STM32U5G7VJT6, STM32U5G7VJT6Q, STM32U5G9BJY6QTR, STM32U5G9J-DK1, STM32U5G9J-DK2, STM32U5G9NJH6Q, STM32U5G9VJT6Q, STM32U5G9ZJJ6QTR, STM32U5G9ZJT6Q, STM32WB05KZV6TR, STM32WB05KZV7TR, STM32WB05TZF6TR, STM32WB05TZF7TR, STM32WB06CCF6TR, STM32WB06CCF7TR, STM32WB06CCV6TR, STM32WB06CCV7TR, STM32WB06KCV6TR, STM32WB06KCV7TR, STM32WB07CCF6TR, STM32WB07CCF7TR, STM32WB07CCV6TR, STM32WB07CCV7TR, STM32WB07KCV6TR, STM32WB07KCV7TR, STM32WB09KEV6TR, STM32WB09KEV7TR, STM32WB09TEF6TR, STM32WB09TEF7TR, STM32WB1MMCH6, STM32WBA50KGU6, STM32WBA50KGU6TR, STM32WBA52CEU6, STM32WBA52CEU6TR, STM32WBA52CEU7, STM32WBA52CEU7TR, STM32WBA52CGU6, STM32WBA52CGU6TR, STM32WBA52CGU6U, STM32WBA52CGU7, STM32WBA52CGU7TR, STM32WBA52KEU6, STM32WBA52KEU6TR, STM32WBA52KGU6, STM32WBA52KGU6TR, STM32WBA54CEU6, STM32WBA54CEU6TR, STM32WBA54CEU7, STM32WBA54CEU7TR, STM32WBA54CGU6, STM32WBA54CGU6TR, STM32WBA54CGU7, STM32WBA54CGU7TR, STM32WBA54KEU6, STM32WBA54KEU6TR, STM32WBA54KEU7, STM32WBA54KEU7TR, STM32WBA54KGU6, STM32WBA54KGU6TR, STM32WBA54KGU7, STM32WBA54KGU7TR, STM32WBA55CEU6, STM32WBA55CEU6TR, STM32WBA55CEU7, STM32WBA55CEU7TR, STM32WBA55CGU6, STM32WBA55CGU6TR, STM32WBA55CGU6U, STM32WBA55CGU7, STM32WBA55CGU7TR, STM32WBA55G-DK1, STM32WBA55HEF6, STM32WBA55HEF7, STM32WBA55HGF6, STM32WBA55HGF7, STM32WBA55UEI6, STM32WBA55UEI6TR, STM32WBA55UEI7, STM32WBA55UEI7TR, STM32WBA55UGI6, STM32WBA55UGI6TR, STM32WBA55UGI7, STM32WBA55UGI7TR, STM32WBA5MMGH6TR, STM32WBA62MGF6, STM32WBA62MIF6, STM32WBA65MGF7, STM32WBA65MIF6, STM32WBA65MIF7, STM32WL30K8V6, STM32WL30KBV6, STM32WL31C8V6, STM32WL31CBV6, STM32WL31K8V6, STM32WL31KBV6, STM32WL33C8V6, STM32WL33C8V6X, STM32WL33CBV6, STM32WL33CBV6X, STM32WL33CCV6, STM32WL33CCV6A, STM32WL33CCV6X, STM32WL33K8V7, STM32WL33K8V7X, STM32WL33KBV7 , STM32WL33KBV7X, STM32WL33KCV7, STM32WL33KCV7X, STM32WL5MOCH6, STM32WL5MOCH6TR]
2025-10-09 22:02:53,130 [INFO] DbMcus:218 - Found 4801 MCUs, 4801 are supported
2025-10-09 22:02:53,130 [INFO] ApiDb:423 - Load user favorites file /home/tuna/.stm32cubeide/favorites.mcus.txt: 0 item(s)
2025-10-09 22:02:53,130 [INFO] ApiDb:427 - User favorites MCUs=[]
2025-10-09 22:02:53,130 [INFO] DbMcus:224 - Set 0 / 0 favorites MCUs
2025-10-09 22:02:53,452 [INFO] ApiDb:423 - Load user favorites file /home/tuna/.stm32cubeide/favorites.boards.txt: 0 item(s)
2025-10-09 22:02:53,452 [INFO] ApiDb:427 - User favorites Boards=[]
2025-10-09 22:02:53,452 [INFO] DbBoards:198 - Set 0 / 0 favorites Boards
2025-10-09 22:02:53,496 [INFO] UtilMem:75 - End LoadConfig() Used Memory: 287954152 Bytes (699400192)
2025-10-09 22:02:53,596 [WARN] ThirdParty:833 - waiting for thirdparty lock release [change project]
2025-10-09 22:02:53,597 [INFO] ThirdParty:835 - entering critical section [change project]
2025-10-09 22:02:53,597 [INFO] ThirdParty:1030 - CMSIS Pack Vendor :STMicroelectronics X-CUBE-PM33A1 1.0.0
2025-10-09 22:02:53,597 [INFO] ThirdParty:1030 - CMSIS Pack Vendor :STMicroelectronics USBPD 4.1
2025-10-09 22:02:53,597 [INFO] ThirdParty:1030 - CMSIS Pack Vendor :STMicroelectronics X-CUBE-NFC9 1.0.0
2025-10-09 22:02:53,597 [INFO] ThirdParty:1030 - CMSIS Pack Vendor :STMicroelectronics USB_HOST 2.0.0
2025-10-09 22:02:53,597 [INFO] ThirdParty:1030 - CMSIS Pack Vendor :STMicroelectronics FP-SNS-MOTENVWB1 1.4.0
2025-10-09 22:02:53,597 [INFO] ThirdParty:1030 - CMSIS Pack Vendor :STMicroelectronics X-CUBE-AZRTOS-F4 1.1.0
2025-10-09 22:02:53,597 [INFO] ThirdParty:1030 - CMSIS Pack Vendor :STMicroelectronics LIBJPEG 8.0.0
2025-10-09 22:02:53,597 [INFO] ThirdParty:1030 - CMSIS Pack Vendor :STMicroelectronics FP-ATR-ASTRA1 2.0.2
2025-10-09 22:02:53,597 [INFO] ThirdParty:1030 - CMSIS Pack Vendor :wolfSSL I-CUBE-wolfSSL 5.8.2
2025-10-09 22:02:53,597 [INFO] ThirdParty:1030 - CMSIS Pack Vendor :STMicroelectronics X-CUBE-BLE1 7.1.0
2025-10-09 22:02:53,597 [INFO] ThirdParty:1030 - CMSIS Pack Vendor :Avnet-IotConnect X-CUBE-IoTC-DA16k-PMOD 1.0.0
2025-10-09 22:02:53,597 [INFO] ThirdParty:1030 - CMSIS Pack Vendor :STMicroelectronics X-CUBE-SMBUS 2.1.0
2025-10-09 22:02:53,597 [INFO] ThirdParty:1030 - CMSIS Pack Vendor :wolfSSL I-CUBE-wolfMQTT 1.19.2
2025-10-09 22:02:53,597 [INFO] ThirdParty:1030 - CMSIS Pack Vendor :STMicroelectronics USB_DEVICE 3.0.0
2025-10-09 22:02:53,597 [INFO] ThirdParty:1030 - CMSIS Pack Vendor :STMicroelectronics X-CUBE-ISPU 2.1.0
2025-10-09 22:02:53,597 [INFO] ThirdParty:1030 - CMSIS Pack Vendor :STMicroelectronics X-CUBE-EEPRMA1 5.2.0
2025-10-09 22:02:53,597 [INFO] ThirdParty:1030 - CMSIS Pack Vendor :STMicroelectronics X-CUBE-BLEMGR 4.1.0
2025-10-09 22:02:53,597 [INFO] ThirdParty:1030 - CMSIS Pack Vendor :STMicroelectronics X-CUBE-AZRTOS-WB 2.0.0
2025-10-09 22:02:53,597 [INFO] ThirdParty:1030 - CMSIS Pack Vendor :STMicroelectronics X-CUBE-ST60 1.0.0
2025-10-09 22:02:53,598 [INFO] ThirdParty:1030 - CMSIS Pack Vendor :STMicroelectronics X-CUBE-GNSS1 7.0.1
2025-10-09 22:02:53,598 [INFO] ThirdParty:1030 - CMSIS Pack Vendor :STMicroelectronics X-CUBE-NFC12 1.0.0
2025-10-09 22:02:53,598 [INFO] ThirdParty:1030 - CMSIS Pack Vendor :STMicroelectronics X-CUBE-AZRTOS-F7 1.1.0
2025-10-09 22:02:53,598 [INFO] ThirdParty:1030 - CMSIS Pack Vendor :STMicroelectronics X-CUBE-AZRTOS-L5 2.0.0
2025-10-09 22:02:53,598 [INFO] ThirdParty:1030 - CMSIS Pack Vendor :STMicroelectronics X-CUBE-TOUCHGFX 4.25.0
2025-10-09 22:02:53,598 [INFO] ThirdParty:1030 - CMSIS Pack Vendor :STMicroelectronics USB_DEVICE 2.0.0
2025-10-09 22:02:53,598 [INFO] ThirdParty:1030 - CMSIS Pack Vendor :STMicroelectronics X-CUBE-NFC6 3.1.0
2025-10-09 22:02:53,598 [INFO] ThirdParty:1030 - CMSIS Pack Vendor :STMicroelectronics X-CUBE-AI 10.1.0
2025-10-09 22:02:53,598 [INFO] ThirdParty:1030 - CMSIS Pack Vendor :STMicroelectronics FP-SNS-STBOX1 2.0.0
2025-10-09 22:02:53,598 [INFO] ThirdParty:1030 - CMSIS Pack Vendor :quantropi X-CUBE-qispace-sdk-base 2.1.0
2025-10-09 22:02:53,598 [INFO] ThirdParty:1030 - CMSIS Pack Vendor :STMicroelectronics FreeRTOS 0.0.1
2025-10-09 22:02:53,598 [INFO] ThirdParty:1030 - CMSIS Pack Vendor :STMicroelectronics X-CUBE-AZRTOS-G0 1.1.0
2025-10-09 22:02:53,598 [INFO] ThirdParty:1030 - CMSIS Pack Vendor :STMicroelectronics X-CUBE-SAFEA1 1.2.2
2025-10-09 22:02:53,598 [INFO] ThirdParty:1030 - CMSIS Pack Vendor :STMicroelectronics X-CUBE-NFC4 3.0.0
2025-10-09 22:02:53,598 [INFO] ThirdParty:1030 - CMSIS Pack Vendor :STMicroelectronics X-CUBE-SUBG2 5.0.0
2025-10-09 22:02:53,598 [INFO] ThirdParty:1030 - CMSIS Pack Vendor :STMicroelectronics X-CUBE-AZRTOS-H7RS 1.1.0
2025-10-09 22:02:53,598 [INFO] ThirdParty:1030 - CMSIS Pack Vendor :STMicroelectronics STM32_WPAN 1.0.0
2025-10-09 22:02:53,598 [INFO] ThirdParty:1030 - CMSIS Pack Vendor :EmbeddedOffice I-CUBE-FS-RTOS 1.0.1
2025-10-09 22:02:53,598 [INFO] ThirdParty:1030 - CMSIS Pack Vendor :STMicroelectronics lwIP 2.0.3
2025-10-09 22:02:53,598 [INFO] ThirdParty:1030 - CMSIS Pack Vendor :Cesanta I-CUBE-Mongoose 7.13.0
2025-10-09 22:02:53,598 [INFO] ThirdParty:1030 - CMSIS Pack Vendor :STMicroelectronics USB_HOST 1.0.0
2025-10-09 22:02:53,598 [INFO] ThirdParty:1030 - CMSIS Pack Vendor :Infineon AIROC-Wi-Fi-Bluetooth-STM32 1.7.1
2025-10-09 22:02:53,598 [INFO] ThirdParty:1030 - CMSIS Pack Vendor :STMicroelectronics X-CUBE-AZRTOS-G4 2.0.0
2025-10-09 22:02:53,598 [INFO] ThirdParty:1030 - CMSIS Pack Vendor :STMicroelectronics X-CUBE-WB05N 2.0.0
2025-10-09 22:02:53,598 [INFO] ThirdParty:1030 - CMSIS Pack Vendor :STMicroelectronics PDM2PCM 3.1.0
2025-10-09 22:02:53,599 [INFO] ThirdParty:1030 - CMSIS Pack Vendor :STMicroelectronics PDM2PCM 3.3.0
2025-10-09 22:02:53,599 [INFO] ThirdParty:1030 - CMSIS Pack Vendor :wolfSSL I-CUBE-wolfTPM 3.8.0
2025-10-09 22:02:53,599 [INFO] ThirdParty:1030 - CMSIS Pack Vendor :STMicroelectronics X-CUBE-AZRTOS-H7 3.4.0
2025-10-09 22:02:53,599 [INFO] ThirdParty:1030 - CMSIS Pack Vendor :STMicroelectronics X-CUBE-DISPLAY 3.0.0
2025-10-09 22:02:53,599 [INFO] ThirdParty:1030 - CMSIS Pack Vendor :wolfSSL I-CUBE-wolfSSH 1.4.20
2025-10-09 22:02:53,599 [INFO] ThirdParty:1030 - CMSIS Pack Vendor :STMicroelectronics X-CUBE-NFC7 2.0.0
2025-10-09 22:02:53,599 [INFO] ThirdParty:1030 - CMSIS Pack Vendor :STMicroelectronics X-CUBE-TCPP 4.2.0
2025-10-09 22:02:53,599 [INFO] ThirdParty:1030 - CMSIS Pack Vendor :RealThread X-CUBE-RT-Thread_Nano 4.1.1
2025-10-09 22:02:53,599 [INFO] ThirdParty:1030 - CMSIS Pack Vendor :STMicroelectronics FP-ATR-SIGFOX1 3.2.0
2025-10-09 22:02:53,599 [INFO] ThirdParty:1030 - CMSIS Pack Vendor :STMicroelectronics X-CUBE-NFC10 1.0.0
2025-10-09 22:02:53,599 [INFO] ThirdParty:1030 - CMSIS Pack Vendor :STMicroelectronics X-CUBE-FREERTOS 1.3.1
2025-10-09 22:02:53,599 [INFO] ThirdParty:1030 - CMSIS Pack Vendor :STMicroelectronics HAL Drivers 0.0.0
2025-10-09 22:02:53,599 [INFO] ThirdParty:1030 - CMSIS Pack Vendor :STMicroelectronics MBEDTLS 2.16.2
2025-10-09 22:02:53,599 [INFO] ThirdParty:1030 - CMSIS Pack Vendor :STMicroelectronics X-CUBE-IPS 3.1.0
2025-10-09 22:02:53,599 [INFO] ThirdParty:1030 - CMSIS Pack Vendor :STMicroelectronics X-CUBE-ALS 1.0.2
2025-10-09 22:02:53,599 [INFO] ThirdParty:1030 - CMSIS Pack Vendor :emotas I-CUBE-CANOPEN 1.3.0
2025-10-09 22:02:53,599 [INFO] ThirdParty:1030 - CMSIS Pack Vendor :STMicroelectronics MBEDTLS 2.14.1
2025-10-09 22:02:53,599 [INFO] ThirdParty:1030 - CMSIS Pack Vendor :ITTIA_DB I-CUBE-ITTIADB 8.9.0
2025-10-09 22:02:53,599 [INFO] ThirdParty:1030 - CMSIS Pack Vendor :STMicroelectronics X-CUBE-TOUCHGFX 4.26.0
2025-10-09 22:02:53,599 [INFO] ThirdParty:1030 - CMSIS Pack Vendor :STMicroelectronics X-CUBE-STSE01 1.0.0
2025-10-09 22:02:53,599 [INFO] ThirdParty:1030 - CMSIS Pack Vendor :portGmbH I-Cube-SoM-uGOAL 1.1.0
2025-10-09 22:02:53,599 [INFO] ThirdParty:1030 - CMSIS Pack Vendor :STMicroelectronics X-CUBE-ST67W61 1.0.0
2025-10-09 22:02:53,599 [INFO] ThirdParty:1030 - CMSIS Pack Vendor :STMicroelectronics FP-SNS-STBOX1 2.1.0
2025-10-09 22:02:53,599 [INFO] ThirdParty:1030 - CMSIS Pack Vendor :STMicroelectronics X-CUBE-AI 10.2.0
2025-10-09 22:02:53,599 [INFO] ThirdParty:1030 - CMSIS Pack Vendor :STMicroelectronics FP-SNS-STAIOTCFT 1.0.0
2025-10-09 22:02:53,599 [INFO] ThirdParty:1030 - CMSIS Pack Vendor :STMicroelectronics ThreadX 1.0.0
2025-10-09 22:02:53,599 [INFO] ThirdParty:1030 - CMSIS Pack Vendor :STMicroelectronics FP-SNS-SMARTAG2 1.2.0
2025-10-09 22:02:53,599 [INFO] ThirdParty:1030 - CMSIS Pack Vendor :STMicroelectronics FP-SNS-FLIGHT1 5.1.0
2025-10-09 22:02:53,599 [INFO] ThirdParty:1030 - CMSIS Pack Vendor :STMicroelectronics X-CUBE-AZRTOS-WL 2.0.0
2025-10-09 22:02:53,599 [INFO] ThirdParty:1030 - CMSIS Pack Vendor :SEGGER I-CUBE-embOS 1.3.1
2025-10-09 22:02:53,599 [INFO] ThirdParty:1030 - CMSIS Pack Vendor :STMicroelectronics X-CUBE-ALGOBUILD 1.4.0
2025-10-09 22:02:53,599 [INFO] ThirdParty:1030 - CMSIS Pack Vendor :STMicroelectronics X-CUBE-DPower 1.3.0
2025-10-09 22:02:53,599 [INFO] ThirdParty:1030 - CMSIS Pack Vendor :STMicroelectronics X-CUBE-MEMS1 11.3.0
2025-10-09 22:02:53,599 [INFO] ThirdParty:1030 - CMSIS Pack Vendor :STMicroelectronics FP-SNS-MOTENV1 5.0.0
2025-10-09 22:02:53,599 [INFO] ThirdParty:1030 - CMSIS Pack Vendor :STMicroelectronics USB_DEVICE 1.0.0
2025-10-09 22:02:53,599 [INFO] ThirdParty:1030 - CMSIS Pack Vendor :STMicroelectronics X-CUBE-AZRTOS-L4 2.0.0
2025-10-09 22:02:53,599 [INFO] ThirdParty:1030 - CMSIS Pack Vendor :STMicroelectronics ThreadX 0.0.2
2025-10-09 22:02:53,599 [INFO] ThirdParty:1030 - CMSIS Pack Vendor :WES I-CUBE-Cesium 1.3.0
2025-10-09 22:02:53,599 [INFO] ThirdParty:1030 - CMSIS Pack Vendor :STMicroelectronics lwIP 2.1.2
2025-10-09 22:02:53,600 [INFO] ThirdParty:1030 - CMSIS Pack Vendor :STMicroelectronics X-CUBE-SFXS2LP1 4.0.0
2025-10-09 22:02:53,600 [INFO] ThirdParty:1030 - CMSIS Pack Vendor :STMicroelectronics X-CUBE-BLE2 3.3.0
2025-10-09 22:02:53,600 [INFO] ThirdParty:1030 - CMSIS Pack Vendor :STMicroelectronics X-CUBE-TOF1 3.4.3
2025-10-09 22:02:53,600 [INFO] ThirdParty:1030 - CMSIS Pack Vendor :STMicroelectronics PDM2PCM 3.2.0
2025-10-09 22:02:53,600 [INFO] ThirdParty:841 - exiting critical section [change project]
2025-10-09 22:02:53,929 [INFO] PinOutPanel:1589 - setPackage(No Configuration,No Configuration)
2025-10-09 22:02:53,930 [INFO] PinOutPanel:1589 - setPackage(STM32F103RCTx,LQFP64)
2025-10-09 22:02:54,256 [INFO] UtilMem:75 - Before build in PCC Used Memory: 232863592 Bytes (699400192)
2025-10-09 22:02:54,733 [INFO] UtilMem:75 - After build in PCC Used Memory: 384055360 Bytes (699400192)
2025-10-09 22:02:54,755 [INFO] IPUIPlugin:80 - create IPUIPlugin
2025-10-09 22:02:54,756 [INFO] IPUIPlugin:80 - create IPUIPlugin
2025-10-09 22:02:54,756 [INFO] IPUIPlugin:80 - create IPUIPlugin
2025-10-09 22:02:54,756 [INFO] IPUIPlugin:80 - create IPUIPlugin
2025-10-09 22:02:54,756 [INFO] IPUIPlugin:80 - create IPUIPlugin
2025-10-09 22:02:54,756 [INFO] IPUIPlugin:80 - create IPUIPlugin
2025-10-09 22:02:54,756 [INFO] IPUIPlugin:80 - create IPUIPlugin
2025-10-09 22:02:54,756 [INFO] IPUIPlugin:80 - create IPUIPlugin
2025-10-09 22:02:54,756 [INFO] IPUIPlugin:80 - create IPUIPlugin
2025-10-09 22:02:54,756 [INFO] IPUIPlugin:80 - create IPUIPlugin
2025-10-09 22:02:54,757 [INFO] IPUIPlugin:80 - create IPUIPlugin
2025-10-09 22:02:54,757 [INFO] IPUIPlugin:80 - create IPUIPlugin
2025-10-09 22:02:54,757 [INFO] IPUIPlugin:80 - create IPUIPlugin
2025-10-09 22:02:54,757 [INFO] IPUIPlugin:80 - create IPUIPlugin
2025-10-09 22:02:54,757 [INFO] IPUIPlugin:80 - create IPUIPlugin
2025-10-09 22:02:54,757 [INFO] IPUIPlugin:80 - create IPUIPlugin
2025-10-09 22:02:54,757 [INFO] IPUIPlugin:80 - create IPUIPlugin
2025-10-09 22:02:54,757 [INFO] IPUIPlugin:80 - create IPUIPlugin
2025-10-09 22:02:54,757 [INFO] IPUIPlugin:80 - create IPUIPlugin
2025-10-09 22:02:54,757 [INFO] IPUIPlugin:80 - create IPUIPlugin
2025-10-09 22:02:54,757 [INFO] IPUIPlugin:80 - create IPUIPlugin
2025-10-09 22:02:54,757 [INFO] IPUIPlugin:80 - create IPUIPlugin
2025-10-09 22:02:54,758 [INFO] IPUIPlugin:80 - create IPUIPlugin
2025-10-09 22:02:54,758 [INFO] IPUIPlugin:80 - create IPUIPlugin
2025-10-09 22:02:54,758 [INFO] IPUIPlugin:80 - create IPUIPlugin
2025-10-09 22:02:54,758 [INFO] IPUIPlugin:80 - create IPUIPlugin
2025-10-09 22:02:54,758 [INFO] IPUIPlugin:80 - create IPUIPlugin
2025-10-09 22:02:54,759 [INFO] IPUIPlugin:80 - create IPUIPlugin
2025-10-09 22:02:54,759 [INFO] IPUIPlugin:80 - create IPUIPlugin
2025-10-09 22:02:54,759 [INFO] IPUIPlugin:80 - create IPUIPlugin
2025-10-09 22:02:54,759 [INFO] IPUIPlugin:80 - create IPUIPlugin
2025-10-09 22:02:54,759 [INFO] IPUIPlugin:80 - create IPUIPlugin
2025-10-09 22:02:54,759 [INFO] IPUIPlugin:80 - create IPUIPlugin
2025-10-09 22:02:54,760 [INFO] IPUIPlugin:80 - create IPUIPlugin
2025-10-09 22:02:54,760 [INFO] IPUIPlugin:80 - create IPUIPlugin
2025-10-09 22:02:54,760 [INFO] IPUIPlugin:80 - create IPUIPlugin
2025-10-09 22:02:54,760 [INFO] IPUIPlugin:80 - create IPUIPlugin
2025-10-09 22:02:54,760 [INFO] IPUIPlugin:80 - create IPUIPlugin
2025-10-09 22:02:54,760 [INFO] IPUIPlugin:80 - create IPUIPlugin
2025-10-09 22:02:54,868 [INFO] CADModel:165 - CPN selected for project levelSTM32F103RCT6
2025-10-09 22:02:54,868 [INFO] CADModel:114 - Register for checkConnection events
2025-10-09 22:02:54,906 [INFO] OpenFileManager:386 - Restore cursor
2025-10-09 22:03:46,525 [INFO] NvicIntPanel:101 - NVIC parent = com.st.microxplorer.plugins.ip.nvic.MultiNvicIntPanel[,0,0,0x0,invalid,layout=javax.swing.BoxLayout,alignmentX=0.0,alignmentY=0.0,border=,flags=9,maximumSize=,minimumSize=,preferredSize=]
2025-10-09 22:03:46,595 [INFO] NvicIntPanel:101 - NVIC parent = com.st.microxplorer.plugins.ip.nvic.MultiNvicIntPanel[,0,0,0x0,invalid,layout=javax.swing.BoxLayout,alignmentX=0.0,alignmentY=0.0,border=,flags=9,maximumSize=,minimumSize=,preferredSize=]
2025-10-09 22:03:46,665 [INFO] NvicIntPanel:101 - NVIC parent = com.st.microxplorer.plugins.ip.nvic.MultiNvicIntPanel[,0,0,0x0,invalid,layout=javax.swing.BoxLayout,alignmentX=0.0,alignmentY=0.0,border=,flags=9,maximumSize=,minimumSize=,preferredSize=]
2025-10-09 22:03:46,751 [INFO] NvicIntPanel:101 - NVIC parent = com.st.microxplorer.plugins.ip.nvic.MultiNvicIntPanel[,0,0,0x0,invalid,layout=javax.swing.BoxLayout,alignmentX=0.0,alignmentY=0.0,border=,flags=9,maximumSize=,minimumSize=,preferredSize=]
2025-10-09 22:15:24,144 [INFO] CADModel:198 - CPN selected (Project mode): STM32F103RCT6
2025-10-09 22:15:24,145 [INFO] CADModel:200 - Internet connection configuration mode: 1
2025-10-09 22:15:24,145 [INFO] CADModel:203 - rpn retrievedSTM32F103RC
2025-10-09 22:15:24,151 [INFO] WebAppUi:336 - Instantiating new browser for Project
2025-10-09 22:15:24,311 [INFO] WebAppUi:1235 - Register for checkConnection events
2025-10-09 22:15:24,311 [INFO] WebAppUi:1270 - Apply proxy settings
2025-10-09 22:15:24,311 [INFO] WebAppUi:1308 - Chromium requires no authentication
2025-10-09 22:15:24,312 [INFO] WebAppUi:1294 - Direct internet connection detected
2025-10-09 22:15:24,317 [INFO] WebAppUi:1166 - Web application path used /home/tuna/st/stm32cubeide_1.18.1/plugins/com.st.stm32cube.common.mx_6.15.0.202507011659/db/plugins/mcufinder/reactClient/index.html
2025-10-09 22:15:24,333 [INFO] WebAppUi:938 - Path where api_config.json is located /home/tuna/.stmcufinder/plugins/mcufinder//mcu/api_config.json
2025-10-09 22:15:24,333 [INFO] WebAppUi:939 - Setting api config in window object
2025-10-09 22:15:24,351 [INFO] WebAppUi:947 - Path where cad_preferences.json is located /home/tuna/.stm32cubeide/
2025-10-09 22:15:24,351 [INFO] WebAppUi:948 - Setting consent info in window object
2025-10-09 22:15:25,241 [INFO] WebAppUi:843 - Allow Downloads
2025-10-09 22:15:25,241 [INFO] WebAppUi:336 - Instantiating new browser for Finder
2025-10-09 22:15:25,408 [INFO] WebAppUi:1235 - Register for checkConnection events
2025-10-09 22:15:25,408 [INFO] WebAppUi:1270 - Apply proxy settings
2025-10-09 22:15:25,408 [INFO] WebAppUi:1308 - Chromium requires no authentication
2025-10-09 22:15:25,409 [INFO] WebAppUi:1294 - Direct internet connection detected
2025-10-09 22:15:25,411 [INFO] WebAppUi:1166 - Web application path used /home/tuna/st/stm32cubeide_1.18.1/plugins/com.st.stm32cube.common.mx_6.15.0.202507011659/db/plugins/mcufinder/reactClient/index.html
2025-10-09 22:15:25,423 [INFO] WebAppUi:938 - Path where api_config.json is located /home/tuna/.stmcufinder/plugins/mcufinder//mcu/api_config.json
2025-10-09 22:15:25,424 [INFO] WebAppUi:939 - Setting api config in window object
2025-10-09 22:15:25,436 [INFO] WebAppUi:947 - Path where cad_preferences.json is located /home/tuna/.stm32cubeide/
2025-10-09 22:15:25,436 [INFO] WebAppUi:948 - Setting consent info in window object
2025-10-09 22:15:26,044 [INFO] WebAppUi:843 - Allow Downloads
2025-10-09 22:15:26,045 [INFO] WebAppUi:664 - RPN selected STM32F103RC
2025-10-09 22:15:26,045 [INFO] WebAppUi:665 - RefName selected STM32F103RCTx
2025-10-09 22:15:26,045 [INFO] WebAppUi:666 - CPN selected STM32F103RCT6
2025-10-09 22:15:26,047 [INFO] WebAppUi:829 - Which Bigleton in use 2 and which CPN is about STM32F103RCT6
2025-10-09 22:15:26,048 [INFO] WebAppUi:703 - Have injected Javascript into web application
2025-10-09 22:15:26,048 [INFO] WebAppUiContainer:153 - Web application run mode: Project CPN: STM32F103RCT6
2025-10-09 22:15:26,369 [INFO] WebAppUi:1100 - Web application message: [UlApiManager component] Connected to Ultra Librarian SSO
2025-10-09 22:15:26,369 [INFO] WebAppUi:1100 - Web application message: [UlApiManager component] Connected to Ultra Librarian API
2025-10-09 22:15:27,216 [INFO] WebAppUi:1100 - Web application message: [UlApiManager component] Connected to Ultra Librarian SSO
2025-10-09 22:15:27,217 [INFO] WebAppUi:1100 - Web application message: [UlApiManager component] Connected to Ultra Librarian API
2025-10-09 22:15:27,915 [INFO] WebAppUi:1100 - Web application message: CAD resources feature launch attempt
2025-10-09 22:15:31,296 [INFO] WebAppUi:938 - Path where api_config.json is located /home/tuna/.stmcufinder/plugins/mcufinder//mcu/api_config.json
2025-10-09 22:15:31,296 [INFO] WebAppUi:939 - Setting api config in window object
2025-10-09 22:15:31,325 [INFO] WebAppUi:947 - Path where cad_preferences.json is located /home/tuna/.stm32cubeide/
2025-10-09 22:15:31,325 [INFO] WebAppUi:948 - Setting consent info in window object
2025-10-09 22:15:34,090 [INFO] WebAppUi:1100 - Web application message: THREE.WebGLRenderer 101
2025-10-09 22:16:02,524 [INFO] WebAppUi:305 - Path where cad_preferences.json is located /home/tuna/.stm32cubeide/
2025-10-09 22:16:02,524 [INFO] WebAppUi:306 - Updating consent from JSON file
2025-10-09 22:16:02,525 [INFO] WebAppUi:305 - Path where cad_preferences.json is located /home/tuna/.stm32cubeide/
2025-10-09 22:16:02,525 [INFO] WebAppUi:306 - Updating consent from JSON file
2025-10-09 22:16:02,527 [INFO] WebAppUi:305 - Path where cad_preferences.json is located /home/tuna/.stm32cubeide/
2025-10-09 22:16:02,528 [INFO] WebAppUi:306 - Updating consent from JSON file
2025-10-09 22:16:10,604 [INFO] WebAppUi:305 - Path where cad_preferences.json is located /home/tuna/.stm32cubeide/
2025-10-09 22:16:10,604 [INFO] WebAppUi:306 - Updating consent from JSON file
2025-10-09 22:16:10,606 [INFO] WebAppUi:305 - Path where cad_preferences.json is located /home/tuna/.stm32cubeide/
2025-10-09 22:16:10,606 [INFO] WebAppUi:306 - Updating consent from JSON file
2025-10-09 22:16:13,604 [INFO] MainUpdater:2872 - connection check result : 10
2025-10-09 22:16:13,604 [INFO] MainUpdater:2872 - connection check result : 10
2025-10-09 22:16:13,685 [INFO] MicroXplorer:468 - Change Database Path : 
2025-10-09 22:16:13,685 [INFO] MicroXplorer:498 - Change Database Version : DB.6.0.150
2025-10-09 22:16:13,691 [ERROR] ProjectManagerView:395 - 
java.lang.NullPointerException: Cannot invoke "javax.swing.JTextField.getText()" because the return value of "java.util.List.get(int)" is null
	at com.st.microxplorer.plugins.projectmanager.gui.ProjectChoiceTab$9.caretUpdate(ProjectChoiceTab.java:2706) ~[filemanager.jar:?]
	at javax.swing.text.JTextComponent.fireCaretUpdate(JTextComponent.java:408) ~[?:?]
	at javax.swing.text.JTextComponent$MutableCaretEvent.fire(JTextComponent.java:4484) ~[?:?]
	at javax.swing.text.JTextComponent$MutableCaretEvent.stateChanged(JTextComponent.java:4506) ~[?:?]
	at javax.swing.text.DefaultCaret.fireStateChanged(DefaultCaret.java:857) ~[?:?]
	at javax.swing.text.DefaultCaret.changeCaretPosition(DefaultCaret.java:1343) ~[?:?]
	at javax.swing.text.DefaultCaret.handleSetDot(DefaultCaret.java:1242) ~[?:?]
	at javax.swing.text.DefaultCaret.setDot(DefaultCaret.java:1223) ~[?:?]
	at javax.swing.text.DefaultCaret$Handler.insertUpdate(DefaultCaret.java:1819) ~[?:?]
	at javax.swing.text.AbstractDocument.fireInsertUpdate(AbstractDocument.java:227) ~[?:?]
	at javax.swing.text.AbstractDocument.handleInsertString(AbstractDocument.java:781) ~[?:?]
	at javax.swing.text.AbstractDocument.insertString(AbstractDocument.java:740) ~[?:?]
	at javax.swing.text.PlainDocument.insertString(PlainDocument.java:131) ~[?:?]
	at javax.swing.text.AbstractDocument.replace(AbstractDocument.java:699) ~[?:?]
	at javax.swing.text.JTextComponent.setText(JTextComponent.java:1725) ~[?:?]
	at com.st.microxplorer.plugins.projectmanager.gui.ProjectChoiceTab.createHeapStackFields(ProjectChoiceTab.java:993) ~[filemanager.jar:?]
	at com.st.microxplorer.plugins.projectmanager.gui.ProjectChoiceTab.buildLinkSettingsPanel(ProjectChoiceTab.java:3813) ~[filemanager.jar:?]
	at com.st.microxplorer.plugins.projectmanager.gui.ProjectChoiceTab.defineWindowsFields(ProjectChoiceTab.java:1987) ~[filemanager.jar:?]
	at com.st.microxplorer.plugins.projectmanager.gui.ProjectChoiceTab.updateSettings(ProjectChoiceTab.java:558) ~[filemanager.jar:?]
	at com.st.microxplorer.plugins.projectmanager.gui.ProjectSettingsPanel.UpdateDialog(ProjectSettingsPanel.java:247) ~[filemanager.jar:?]
	at com.st.microxplorer.plugins.projectmanager.ProjectManagerView.propertyChange(ProjectManagerView.java:392) ~[filemanager.jar:?]
	at java.beans.PropertyChangeSupport.fire(PropertyChangeSupport.java:343) ~[?:?]
	at java.beans.PropertyChangeSupport.firePropertyChange(PropertyChangeSupport.java:335) ~[?:?]
	at java.beans.PropertyChangeSupport.firePropertyChange(PropertyChangeSupport.java:268) ~[?:?]
	at com.st.microxplorer.util.MXPropertyChangeSupport.firePropertyChange(MXPropertyChangeSupport.java:54) ~[STM32CubeMX.jar:?]
	at com.st.microxplorer.mxsystem.MxSystem.closeConfig(MxSystem.java:899) ~[STM32CubeMX.jar:?]
	at com.st.microxplorer.maingui.MainPanel.closeConfig(MainPanel.java:792) ~[STM32CubeMX.jar:?]
	at com.st.microxplorer.plugins.filemanager.engine.OpenFileManager.loadConfigurationFile(OpenFileManager.java:288) ~[filemanager.jar:?]
	at com.st.microxplorer.plugins.filemanager.engine.MainFileManager.userLoadConfig(MainFileManager.java:364) ~[filemanager.jar:?]
	at com.st.microxplorer.plugins.filemanager.engine.MainFileManager.userLoadConfig(MainFileManager.java:342) ~[filemanager.jar:?]
	at com.st.microxplorer.plugins.filemanager.FileManagerView.getSpecificTask(FileManagerView.java:264) ~[filemanager.jar:?]
	at com.st.stm32cube.common.mx.editor.CubeMxEditor.getMxTabbedPaneInstance(CubeMxEditor.java:1198) ~[com.st.stm32cube.common.mx_6.15.0.202507011659/:?]
	at com.st.stm32cube.common.mx.editor.CubeMxEditor$12$1.createSwingComponent(CubeMxEditor.java:1068) ~[com.st.stm32cube.common.mx_6.15.0.202507011659/:?]
	at com.st.stm32cube.common.mx.oss.core.awtswtbridge.EmbeddedSwingComposite.doComponentCreation(EmbeddedSwingComposite.java:492) ~[com.st.stm32cube.common.mx.oss_6.15.0.202507011659/:?]
	at com.st.stm32cube.common.mx.oss.core.awtswtbridge.EmbeddedSwingComposite$4.run(EmbeddedSwingComposite.java:291) ~[com.st.stm32cube.common.mx.oss_6.15.0.202507011659/:?]
	at com.st.stm32cube.common.mx.oss.core.awtswtbridge.AwtEnvironment$2.run(AwtEnvironment.java:166) ~[com.st.stm32cube.common.mx.oss_6.15.0.202507011659/:?]
	at java.awt.event.InvocationEvent.dispatch(InvocationEvent.java:318) ~[?:?]
	at java.awt.EventQueue.dispatchEventImpl(EventQueue.java:773) ~[?:?]
	at java.awt.EventQueue$4.run(EventQueue.java:720) ~[?:?]
	at java.awt.EventQueue$4.run(EventQueue.java:714) ~[?:?]
	at java.security.AccessController.doPrivileged(AccessController.java:400) ~[?:?]
	at java.security.ProtectionDomain$JavaSecurityAccessImpl.doIntersectionPrivilege(ProtectionDomain.java:87) ~[?:?]
	at java.awt.EventQueue.dispatchEvent(EventQueue.java:742) ~[?:?]
	at java.awt.EventDispatchThread.pumpOneEventForFilters(EventDispatchThread.java:203) ~[?:?]
	at java.awt.EventDispatchThread.pumpEventsForFilter(EventDispatchThread.java:124) ~[?:?]
	at java.awt.EventDispatchThread.pumpEventsForHierarchy(EventDispatchThread.java:113) ~[?:?]
	at java.awt.EventDispatchThread.pumpEvents(EventDispatchThread.java:109) ~[?:?]
	at java.awt.EventDispatchThread.pumpEvents(EventDispatchThread.java:101) ~[?:?]
	at java.awt.EventDispatchThread.run(EventDispatchThread.java:90) ~[?:?]
2025-10-09 22:16:13,695 [WARN] ThirdParty:871 - waiting for thirdparty lock release [close project]
2025-10-09 22:16:13,695 [INFO] ThirdParty:873 - entering critical section [close project]
2025-10-09 22:16:13,695 [INFO] ThirdParty:883 - exiting critical section [close project]
2025-10-09 22:16:13,696 [INFO] PinOutPanel:1589 - setPackage(No Configuration,No Configuration)
2025-10-09 22:16:13,700 [INFO] UtilMem:75 - Begin LoadConfig() Used Memory: 545761088 Bytes (692060160)
2025-10-09 22:16:13,701 [INFO] MicroXplorer:468 - Change Database Path : 
2025-10-09 22:16:13,701 [INFO] MicroXplorer:498 - Change Database Version : DB.6.0.150
2025-10-09 22:16:13,701 [INFO] OpenFileManager:355 - Change cursor
2025-10-09 22:16:13,705 [INFO] Mcu:2029 - Initializing MCU STM32F103R(C-D-E)Tx STM32F103RCTx STM32F103RCT6
2025-10-09 22:16:14,059 [INFO] Context:786 - Trying to add GPIOservice into a context  which must be forbidden
2025-10-09 22:16:14,184 [INFO] ImportTextPane:234 - (OptionalMessage_ERROR) Pin1 (VP_RIF_VS_RIF1) cannot be retrieved for this MCU
2025-10-09 22:16:14,195 [INFO] RtosManager:558 - Registered RTOS mode: class=CMSIS, group=RTOS, mode=CMSIS_V1, owner=FREERTOS
2025-10-09 22:16:14,195 [INFO] RtosManager:558 - Registered RTOS mode: class=CMSIS, group=RTOS2, mode=CMSIS_V2, owner=FREERTOS
2025-10-09 22:16:14,195 [INFO] RtosManager:558 - Registered RTOS mode: class=RTOS, group=Core, mode=CMSIS_V1, owner=FREERTOS
2025-10-09 22:16:14,195 [INFO] RtosManager:558 - Registered RTOS mode: class=RTOS, group=Core, mode=CMSIS_V2, owner=FREERTOS
2025-10-09 22:16:14,195 [WARN] ModelIntegratedComponent:184 - Missing modes for component STMicroelectronics:FreeRTOS:0.0.1:STMicroelectronics:RTOS:FreeRTOS:Core:::10.2.0:
2025-10-09 22:16:14,200 [WARN] ModelIntegratedComponent:63 - No mode defined for component null
2025-10-09 22:16:14,200 [WARN] ModelIntegratedComponent:63 - No mode defined for component null
2025-10-09 22:16:14,200 [WARN] ModelIntegratedComponent:63 - No mode defined for component null
2025-10-09 22:16:14,201 [WARN] ModelIntegratedComponent:63 - No mode defined for component null
2025-10-09 22:16:14,201 [WARN] ModelIntegratedComponent:63 - No mode defined for component null
2025-10-09 22:16:14,201 [WARN] ModelIntegratedComponent:63 - No mode defined for component null
2025-10-09 22:16:14,201 [WARN] ModelIntegratedComponent:63 - No mode defined for component null
2025-10-09 22:16:14,201 [WARN] ModelIntegratedComponent:63 - No mode defined for component null
2025-10-09 22:16:14,201 [WARN] ModelIntegratedComponent:63 - No mode defined for component null
2025-10-09 22:16:14,201 [WARN] ModelIntegratedComponent:63 - No mode defined for component null
2025-10-09 22:16:14,201 [WARN] ModelIntegratedComponent:63 - No mode defined for component null
2025-10-09 22:16:14,201 [WARN] ModelIntegratedComponent:63 - No mode defined for component null
2025-10-09 22:16:14,201 [WARN] ModelIntegratedComponent:63 - No mode defined for component null
2025-10-09 22:16:14,201 [WARN] ModelIntegratedComponent:63 - No mode defined for component null
2025-10-09 22:16:14,201 [WARN] ModelIntegratedComponent:63 - No mode defined for component null
2025-10-09 22:16:14,201 [WARN] ModelIntegratedComponent:63 - No mode defined for component null
2025-10-09 22:16:14,201 [WARN] ModelIntegratedComponent:63 - No mode defined for component null
2025-10-09 22:16:14,201 [WARN] ModelIntegratedComponent:63 - No mode defined for component null
2025-10-09 22:16:14,201 [WARN] ModelIntegratedComponent:63 - No mode defined for component null
2025-10-09 22:16:14,201 [WARN] ModelIntegratedComponent:63 - No mode defined for component null
2025-10-09 22:16:14,201 [WARN] ModelIntegratedComponent:63 - No mode defined for component null
2025-10-09 22:16:14,201 [WARN] ModelIntegratedComponent:63 - No mode defined for component null
2025-10-09 22:16:14,201 [WARN] ModelIntegratedComponent:63 - No mode defined for component null
2025-10-09 22:16:14,201 [WARN] ModelIntegratedComponent:63 - No mode defined for component null
2025-10-09 22:16:14,201 [WARN] ModelIntegratedComponent:63 - No mode defined for component null
2025-10-09 22:16:14,201 [WARN] ModelIntegratedComponent:63 - No mode defined for component null
2025-10-09 22:16:14,201 [WARN] ModelIntegratedComponent:63 - No mode defined for component null
2025-10-09 22:16:14,201 [WARN] ModelIntegratedComponent:63 - No mode defined for component null
2025-10-09 22:16:14,201 [WARN] ModelIntegratedComponent:63 - No mode defined for component null
2025-10-09 22:16:14,201 [WARN] ModelIntegratedComponent:63 - No mode defined for component null
2025-10-09 22:16:14,201 [WARN] ModelIntegratedComponent:63 - No mode defined for component null
2025-10-09 22:16:14,201 [WARN] ModelIntegratedComponent:63 - No mode defined for component null
2025-10-09 22:16:14,201 [WARN] ModelIntegratedComponent:63 - No mode defined for component null
2025-10-09 22:16:14,201 [WARN] ModelIntegratedComponent:63 - No mode defined for component null
2025-10-09 22:16:14,201 [WARN] ModelIntegratedComponent:63 - No mode defined for component null
2025-10-09 22:16:14,201 [WARN] ModelPack:524 - Component already loaded: STMicroelectronics:HAL Drivers:0.0.0:STMicroelectronics:Device:STMicro_Driver:XSPI:HAL::0.0.1:HAL_XSPI
2025-10-09 22:16:14,248 [INFO] ThirdPartyModel:298 - Start build external matchings
2025-10-09 22:16:14,474 [INFO] ThirdPartyModel:316 - End build external matchings
2025-10-09 22:16:14,572 [INFO] UtilMem:75 - End LoadConfig() Used Memory: 480555016 Bytes (692060160)
2025-10-09 22:16:14,581 [WARN] ThirdParty:833 - waiting for thirdparty lock release [change project]
2025-10-09 22:16:14,581 [INFO] ThirdParty:835 - entering critical section [change project]
2025-10-09 22:16:14,581 [INFO] ThirdParty:1030 - CMSIS Pack Vendor :STMicroelectronics X-CUBE-PM33A1 1.0.0
2025-10-09 22:16:14,581 [INFO] ThirdParty:1030 - CMSIS Pack Vendor :STMicroelectronics USBPD 4.1
2025-10-09 22:16:14,581 [INFO] ThirdParty:1030 - CMSIS Pack Vendor :STMicroelectronics X-CUBE-NFC9 1.0.0
2025-10-09 22:16:14,581 [INFO] ThirdParty:1030 - CMSIS Pack Vendor :STMicroelectronics USB_HOST 2.0.0
2025-10-09 22:16:14,582 [INFO] ThirdParty:1030 - CMSIS Pack Vendor :STMicroelectronics FP-SNS-MOTENVWB1 1.4.0
2025-10-09 22:16:14,582 [INFO] ThirdParty:1030 - CMSIS Pack Vendor :STMicroelectronics X-CUBE-AZRTOS-F4 1.1.0
2025-10-09 22:16:14,582 [INFO] ThirdParty:1030 - CMSIS Pack Vendor :STMicroelectronics LIBJPEG 8.0.0
2025-10-09 22:16:14,582 [INFO] ThirdParty:1030 - CMSIS Pack Vendor :STMicroelectronics FP-ATR-ASTRA1 2.0.2
2025-10-09 22:16:14,582 [INFO] ThirdParty:1030 - CMSIS Pack Vendor :wolfSSL I-CUBE-wolfSSL 5.8.2
2025-10-09 22:16:14,582 [INFO] ThirdParty:1030 - CMSIS Pack Vendor :STMicroelectronics X-CUBE-BLE1 7.1.0
2025-10-09 22:16:14,582 [INFO] ThirdParty:1030 - CMSIS Pack Vendor :Avnet-IotConnect X-CUBE-IoTC-DA16k-PMOD 1.0.0
2025-10-09 22:16:14,582 [INFO] ThirdParty:1030 - CMSIS Pack Vendor :STMicroelectronics X-CUBE-SMBUS 2.1.0
2025-10-09 22:16:14,582 [INFO] ThirdParty:1030 - CMSIS Pack Vendor :wolfSSL I-CUBE-wolfMQTT 1.19.2
2025-10-09 22:16:14,582 [INFO] ThirdParty:1030 - CMSIS Pack Vendor :STMicroelectronics USB_DEVICE 3.0.0
2025-10-09 22:16:14,582 [INFO] ThirdParty:1030 - CMSIS Pack Vendor :STMicroelectronics X-CUBE-ISPU 2.1.0
2025-10-09 22:16:14,582 [INFO] ThirdParty:1030 - CMSIS Pack Vendor :STMicroelectronics X-CUBE-EEPRMA1 5.2.0
2025-10-09 22:16:14,582 [INFO] ThirdParty:1030 - CMSIS Pack Vendor :STMicroelectronics X-CUBE-BLEMGR 4.1.0
2025-10-09 22:16:14,582 [INFO] ThirdParty:1030 - CMSIS Pack Vendor :STMicroelectronics X-CUBE-AZRTOS-WB 2.0.0
2025-10-09 22:16:14,582 [INFO] ThirdParty:1030 - CMSIS Pack Vendor :STMicroelectronics X-CUBE-ST60 1.0.0
2025-10-09 22:16:14,582 [INFO] ThirdParty:1030 - CMSIS Pack Vendor :STMicroelectronics X-CUBE-GNSS1 7.0.1
2025-10-09 22:16:14,582 [INFO] ThirdParty:1030 - CMSIS Pack Vendor :STMicroelectronics X-CUBE-NFC12 1.0.0
2025-10-09 22:16:14,582 [INFO] ThirdParty:1030 - CMSIS Pack Vendor :STMicroelectronics X-CUBE-AZRTOS-F7 1.1.0
2025-10-09 22:16:14,582 [INFO] ThirdParty:1030 - CMSIS Pack Vendor :STMicroelectronics X-CUBE-AZRTOS-L5 2.0.0
2025-10-09 22:16:14,582 [INFO] ThirdParty:1030 - CMSIS Pack Vendor :STMicroelectronics X-CUBE-TOUCHGFX 4.25.0
2025-10-09 22:16:14,582 [INFO] ThirdParty:1030 - CMSIS Pack Vendor :STMicroelectronics USB_DEVICE 2.0.0
2025-10-09 22:16:14,582 [INFO] ThirdParty:1030 - CMSIS Pack Vendor :STMicroelectronics X-CUBE-NFC6 3.1.0
2025-10-09 22:16:14,582 [INFO] ThirdParty:1030 - CMSIS Pack Vendor :STMicroelectronics X-CUBE-AI 10.1.0
2025-10-09 22:16:14,582 [INFO] ThirdParty:1030 - CMSIS Pack Vendor :STMicroelectronics FP-SNS-STBOX1 2.0.0
2025-10-09 22:16:14,582 [INFO] ThirdParty:1030 - CMSIS Pack Vendor :quantropi X-CUBE-qispace-sdk-base 2.1.0
2025-10-09 22:16:14,582 [INFO] ThirdParty:1030 - CMSIS Pack Vendor :STMicroelectronics FreeRTOS 0.0.1
2025-10-09 22:16:14,582 [INFO] ThirdParty:1030 - CMSIS Pack Vendor :STMicroelectronics X-CUBE-AZRTOS-G0 1.1.0
2025-10-09 22:16:14,582 [INFO] ThirdParty:1030 - CMSIS Pack Vendor :STMicroelectronics X-CUBE-SAFEA1 1.2.2
2025-10-09 22:16:14,582 [INFO] ThirdParty:1030 - CMSIS Pack Vendor :STMicroelectronics X-CUBE-NFC4 3.0.0
2025-10-09 22:16:14,582 [INFO] ThirdParty:1030 - CMSIS Pack Vendor :STMicroelectronics X-CUBE-SUBG2 5.0.0
2025-10-09 22:16:14,582 [INFO] ThirdParty:1030 - CMSIS Pack Vendor :STMicroelectronics X-CUBE-AZRTOS-H7RS 1.1.0
2025-10-09 22:16:14,582 [INFO] ThirdParty:1030 - CMSIS Pack Vendor :STMicroelectronics STM32_WPAN 1.0.0
2025-10-09 22:16:14,582 [INFO] ThirdParty:1030 - CMSIS Pack Vendor :EmbeddedOffice I-CUBE-FS-RTOS 1.0.1
2025-10-09 22:16:14,582 [INFO] ThirdParty:1030 - CMSIS Pack Vendor :STMicroelectronics lwIP 2.0.3
2025-10-09 22:16:14,582 [INFO] ThirdParty:1030 - CMSIS Pack Vendor :Cesanta I-CUBE-Mongoose 7.13.0
2025-10-09 22:16:14,582 [INFO] ThirdParty:1030 - CMSIS Pack Vendor :STMicroelectronics USB_HOST 1.0.0
2025-10-09 22:16:14,582 [INFO] ThirdParty:1030 - CMSIS Pack Vendor :Infineon AIROC-Wi-Fi-Bluetooth-STM32 1.7.1
2025-10-09 22:16:14,582 [INFO] ThirdParty:1030 - CMSIS Pack Vendor :STMicroelectronics X-CUBE-AZRTOS-G4 2.0.0
2025-10-09 22:16:14,582 [INFO] ThirdParty:1030 - CMSIS Pack Vendor :STMicroelectronics X-CUBE-WB05N 2.0.0
2025-10-09 22:16:14,582 [INFO] ThirdParty:1030 - CMSIS Pack Vendor :STMicroelectronics PDM2PCM 3.1.0
2025-10-09 22:16:14,582 [INFO] ThirdParty:1030 - CMSIS Pack Vendor :STMicroelectronics PDM2PCM 3.3.0
2025-10-09 22:16:14,582 [INFO] ThirdParty:1030 - CMSIS Pack Vendor :wolfSSL I-CUBE-wolfTPM 3.8.0
2025-10-09 22:16:14,582 [INFO] ThirdParty:1030 - CMSIS Pack Vendor :STMicroelectronics X-CUBE-AZRTOS-H7 3.4.0
2025-10-09 22:16:14,582 [INFO] ThirdParty:1030 - CMSIS Pack Vendor :STMicroelectronics X-CUBE-DISPLAY 3.0.0
2025-10-09 22:16:14,582 [INFO] ThirdParty:1030 - CMSIS Pack Vendor :wolfSSL I-CUBE-wolfSSH 1.4.20
2025-10-09 22:16:14,582 [INFO] ThirdParty:1030 - CMSIS Pack Vendor :STMicroelectronics X-CUBE-NFC7 2.0.0
2025-10-09 22:16:14,582 [INFO] ThirdParty:1030 - CMSIS Pack Vendor :STMicroelectronics X-CUBE-TCPP 4.2.0
2025-10-09 22:16:14,582 [INFO] ThirdParty:1030 - CMSIS Pack Vendor :RealThread X-CUBE-RT-Thread_Nano 4.1.1
2025-10-09 22:16:14,582 [INFO] ThirdParty:1030 - CMSIS Pack Vendor :STMicroelectronics FP-ATR-SIGFOX1 3.2.0
2025-10-09 22:16:14,582 [INFO] ThirdParty:1030 - CMSIS Pack Vendor :STMicroelectronics X-CUBE-NFC10 1.0.0
2025-10-09 22:16:14,582 [INFO] ThirdParty:1030 - CMSIS Pack Vendor :STMicroelectronics X-CUBE-FREERTOS 1.3.1
2025-10-09 22:16:14,582 [INFO] ThirdParty:1030 - CMSIS Pack Vendor :STMicroelectronics HAL Drivers 0.0.0
2025-10-09 22:16:14,582 [INFO] ThirdParty:1030 - CMSIS Pack Vendor :STMicroelectronics MBEDTLS 2.16.2
2025-10-09 22:16:14,582 [INFO] ThirdParty:1030 - CMSIS Pack Vendor :STMicroelectronics X-CUBE-IPS 3.1.0
2025-10-09 22:16:14,582 [INFO] ThirdParty:1030 - CMSIS Pack Vendor :STMicroelectronics X-CUBE-ALS 1.0.2
2025-10-09 22:16:14,582 [INFO] ThirdParty:1030 - CMSIS Pack Vendor :emotas I-CUBE-CANOPEN 1.3.0
2025-10-09 22:16:14,582 [INFO] ThirdParty:1030 - CMSIS Pack Vendor :STMicroelectronics MBEDTLS 2.14.1
2025-10-09 22:16:14,582 [INFO] ThirdParty:1030 - CMSIS Pack Vendor :ITTIA_DB I-CUBE-ITTIADB 8.9.0
2025-10-09 22:16:14,582 [INFO] ThirdParty:1030 - CMSIS Pack Vendor :STMicroelectronics X-CUBE-TOUCHGFX 4.26.0
2025-10-09 22:16:14,582 [INFO] ThirdParty:1030 - CMSIS Pack Vendor :STMicroelectronics X-CUBE-STSE01 1.0.0
2025-10-09 22:16:14,582 [INFO] ThirdParty:1030 - CMSIS Pack Vendor :portGmbH I-Cube-SoM-uGOAL 1.1.0
2025-10-09 22:16:14,582 [INFO] ThirdParty:1030 - CMSIS Pack Vendor :STMicroelectronics X-CUBE-ST67W61 1.0.0
2025-10-09 22:16:14,582 [INFO] ThirdParty:1030 - CMSIS Pack Vendor :STMicroelectronics FP-SNS-STBOX1 2.1.0
2025-10-09 22:16:14,582 [INFO] ThirdParty:1030 - CMSIS Pack Vendor :STMicroelectronics X-CUBE-AI 10.2.0
2025-10-09 22:16:14,582 [INFO] ThirdParty:1030 - CMSIS Pack Vendor :STMicroelectronics FP-SNS-STAIOTCFT 1.0.0
2025-10-09 22:16:14,582 [INFO] ThirdParty:1030 - CMSIS Pack Vendor :STMicroelectronics ThreadX 1.0.0
2025-10-09 22:16:14,582 [INFO] ThirdParty:1030 - CMSIS Pack Vendor :STMicroelectronics FP-SNS-SMARTAG2 1.2.0
2025-10-09 22:16:14,582 [INFO] ThirdParty:1030 - CMSIS Pack Vendor :STMicroelectronics FP-SNS-FLIGHT1 5.1.0
2025-10-09 22:16:14,582 [INFO] ThirdParty:1030 - CMSIS Pack Vendor :STMicroelectronics X-CUBE-AZRTOS-WL 2.0.0
2025-10-09 22:16:14,582 [INFO] ThirdParty:1030 - CMSIS Pack Vendor :SEGGER I-CUBE-embOS 1.3.1
2025-10-09 22:16:14,582 [INFO] ThirdParty:1030 - CMSIS Pack Vendor :STMicroelectronics X-CUBE-ALGOBUILD 1.4.0
2025-10-09 22:16:14,582 [INFO] ThirdParty:1030 - CMSIS Pack Vendor :STMicroelectronics X-CUBE-DPower 1.3.0
2025-10-09 22:16:14,582 [INFO] ThirdParty:1030 - CMSIS Pack Vendor :STMicroelectronics X-CUBE-MEMS1 11.3.0
2025-10-09 22:16:14,582 [INFO] ThirdParty:1030 - CMSIS Pack Vendor :STMicroelectronics FP-SNS-MOTENV1 5.0.0
2025-10-09 22:16:14,582 [INFO] ThirdParty:1030 - CMSIS Pack Vendor :STMicroelectronics USB_DEVICE 1.0.0
2025-10-09 22:16:14,583 [INFO] ThirdParty:1030 - CMSIS Pack Vendor :STMicroelectronics X-CUBE-AZRTOS-L4 2.0.0
2025-10-09 22:16:14,583 [INFO] ThirdParty:1030 - CMSIS Pack Vendor :STMicroelectronics ThreadX 0.0.2
2025-10-09 22:16:14,583 [INFO] ThirdParty:1030 - CMSIS Pack Vendor :WES I-CUBE-Cesium 1.3.0
2025-10-09 22:16:14,583 [INFO] ThirdParty:1030 - CMSIS Pack Vendor :STMicroelectronics lwIP 2.1.2
2025-10-09 22:16:14,583 [INFO] ThirdParty:1030 - CMSIS Pack Vendor :STMicroelectronics X-CUBE-SFXS2LP1 4.0.0
2025-10-09 22:16:14,583 [INFO] ThirdParty:1030 - CMSIS Pack Vendor :STMicroelectronics X-CUBE-BLE2 3.3.0
2025-10-09 22:16:14,583 [INFO] ThirdParty:1030 - CMSIS Pack Vendor :STMicroelectronics X-CUBE-TOF1 3.4.3
2025-10-09 22:16:14,583 [INFO] ThirdParty:1030 - CMSIS Pack Vendor :STMicroelectronics PDM2PCM 3.2.0
2025-10-09 22:16:14,583 [INFO] ThirdParty:841 - exiting critical section [change project]
2025-10-09 22:16:14,704 [INFO] PinOutPanel:1589 - setPackage(No Configuration,No Configuration)
2025-10-09 22:16:14,705 [INFO] PinOutPanel:1589 - setPackage(STM32F103RCTx,LQFP64)
2025-10-09 22:16:14,897 [INFO] UtilMem:75 - Before build in PCC Used Memory: 247530568 Bytes (692060160)
2025-10-09 22:16:15,004 [INFO] UtilMem:75 - After build in PCC Used Memory: 290522200 Bytes (692060160)
2025-10-09 22:16:15,016 [INFO] IPUIPlugin:80 - create IPUIPlugin
2025-10-09 22:16:15,016 [INFO] IPUIPlugin:80 - create IPUIPlugin
2025-10-09 22:16:15,016 [INFO] IPUIPlugin:80 - create IPUIPlugin
2025-10-09 22:16:15,016 [INFO] IPUIPlugin:80 - create IPUIPlugin
2025-10-09 22:16:15,016 [INFO] IPUIPlugin:80 - create IPUIPlugin
2025-10-09 22:16:15,016 [INFO] IPUIPlugin:80 - create IPUIPlugin
2025-10-09 22:16:15,016 [INFO] IPUIPlugin:80 - create IPUIPlugin
2025-10-09 22:16:15,016 [INFO] IPUIPlugin:80 - create IPUIPlugin
2025-10-09 22:16:15,016 [INFO] IPUIPlugin:80 - create IPUIPlugin
2025-10-09 22:16:15,017 [INFO] IPUIPlugin:80 - create IPUIPlugin
2025-10-09 22:16:15,017 [INFO] IPUIPlugin:80 - create IPUIPlugin
2025-10-09 22:16:15,017 [INFO] IPUIPlugin:80 - create IPUIPlugin
2025-10-09 22:16:15,017 [INFO] IPUIPlugin:80 - create IPUIPlugin
2025-10-09 22:16:15,017 [INFO] IPUIPlugin:80 - create IPUIPlugin
2025-10-09 22:16:15,017 [INFO] IPUIPlugin:80 - create IPUIPlugin
2025-10-09 22:16:15,017 [INFO] IPUIPlugin:80 - create IPUIPlugin
2025-10-09 22:16:15,017 [INFO] IPUIPlugin:80 - create IPUIPlugin
2025-10-09 22:16:15,017 [INFO] IPUIPlugin:80 - create IPUIPlugin
2025-10-09 22:16:15,017 [INFO] IPUIPlugin:80 - create IPUIPlugin
2025-10-09 22:16:15,017 [INFO] IPUIPlugin:80 - create IPUIPlugin
2025-10-09 22:16:15,017 [INFO] IPUIPlugin:80 - create IPUIPlugin
2025-10-09 22:16:15,017 [INFO] IPUIPlugin:80 - create IPUIPlugin
2025-10-09 22:16:15,017 [INFO] IPUIPlugin:80 - create IPUIPlugin
2025-10-09 22:16:15,017 [INFO] IPUIPlugin:80 - create IPUIPlugin
2025-10-09 22:16:15,017 [INFO] IPUIPlugin:80 - create IPUIPlugin
2025-10-09 22:16:15,017 [INFO] IPUIPlugin:80 - create IPUIPlugin
2025-10-09 22:16:15,018 [INFO] IPUIPlugin:80 - create IPUIPlugin
2025-10-09 22:16:15,018 [INFO] IPUIPlugin:80 - create IPUIPlugin
2025-10-09 22:16:15,018 [INFO] IPUIPlugin:80 - create IPUIPlugin
2025-10-09 22:16:15,018 [INFO] IPUIPlugin:80 - create IPUIPlugin
2025-10-09 22:16:15,018 [INFO] IPUIPlugin:80 - create IPUIPlugin
2025-10-09 22:16:15,018 [INFO] IPUIPlugin:80 - create IPUIPlugin
2025-10-09 22:16:15,018 [INFO] IPUIPlugin:80 - create IPUIPlugin
2025-10-09 22:16:15,018 [INFO] IPUIPlugin:80 - create IPUIPlugin
2025-10-09 22:16:15,018 [INFO] IPUIPlugin:80 - create IPUIPlugin
2025-10-09 22:16:15,018 [INFO] IPUIPlugin:80 - create IPUIPlugin
2025-10-09 22:16:15,018 [INFO] IPUIPlugin:80 - create IPUIPlugin
2025-10-09 22:16:15,018 [INFO] IPUIPlugin:80 - create IPUIPlugin
2025-10-09 22:16:15,018 [INFO] IPUIPlugin:80 - create IPUIPlugin
2025-10-09 22:16:15,033 [INFO] CADModel:165 - CPN selected for project levelSTM32F103RCT6
2025-10-09 22:16:15,033 [INFO] CADModel:114 - Register for checkConnection events
2025-10-09 22:16:15,071 [INFO] OpenFileManager:386 - Restore cursor
2025-10-09 22:16:37,988 [INFO] WebAppUi:1100 - Web application message: WebGL: CONTEXT_LOST_WEBGL: loseContext: context lost
2025-10-09 22:16:37,988 [INFO] WebAppUi:1100 - Web application message: THREE.WebGLRenderer: Context Lost.
2025-10-09 22:16:51,523 [INFO] DmaTabbedPanel:205 - Cannot restore the selected Tab for DMA
2025-10-09 22:17:01,631 [INFO] WebAppUi:305 - Path where cad_preferences.json is located /home/tuna/.stm32cubeide/
2025-10-09 22:17:01,631 [INFO] WebAppUi:306 - Updating consent from JSON file
2025-10-09 22:17:01,757 [INFO] WebApp:403 - JxBrowser engine has been closed 
2025-10-09 22:17:01,757 [INFO] WebAppUi:504 - JxBrowser engine has been closed 
2025-10-09 22:17:01,757 [INFO] WebAppUi:541 - Close the Jxbrowser engine manually
2025-10-09 22:17:02,273 [ERROR] LogOutputStream:75 - [STDERR_REDIRECT] 
2025-10-09 22:26:17,501 [INFO] Activator:176 - 


2025-10-09 22:26:17,502 [INFO] Activator:177 - !SESSION log4j initialized
2025-10-09 22:26:20,409 [INFO] LogOutputStream:77 - [STDOUT_REDIRECT] 
2025-10-09 22:26:22,009 [INFO] ApplicationProperties:184 - Using Application install path: /home/tuna/st/stm32cubeide_1.18.1/plugins/com.st.stm32cube.common.mx_6.15.0.202507011659
2025-10-09 22:26:22,018 [INFO] DbMcusXml:78 - Set database path to: /home/tuna/st/stm32cubeide_1.18.1/plugins/com.st.stm32cube.common.mx_6.15.0.202507011659//db//mcu/
2025-10-09 22:26:22,018 [INFO] ApiDb:274 - Set plugin database path to: /home/tuna/st/stm32cubeide_1.18.1/plugins/com.st.stm32cube.common.mx_6.15.0.202507011659//db//plugins/boardmanager/
2025-10-09 22:26:22,018 [WARN] ApiDb:259 - Overriding images path with different value:  => /home/tuna/st/stm32cubeide_1.18.1/plugins/com.st.stm32cube.common.mx_6.15.0.202507011659//db//plugins/mcufinder/images/
2025-10-09 22:26:22,020 [INFO] ApiDb:250 - Set database path to: /home/tuna/.stmcufinder/plugins/mcufinder//mcu/
2025-10-09 22:26:22,020 [INFO] DbMcusAds:125 - Set database path to: /home/tuna/.stmcufinder/plugins/mcufinder//mcu/
2025-10-09 22:26:23,023 [INFO] CrossReferenceDbSqlite:203 - Set database path to: /home/tuna/.stmcufinder/plugins/mcufinder//mcu/cs/
2025-10-09 22:26:23,088 [INFO] RulesReader:64 - Compatibility file has been processed (317 Rules)
2025-10-09 22:26:23,127 [INFO] DbMcusXml:78 - Set database path to: /home/tuna/st/stm32cubeide_1.18.1/plugins/com.st.stm32cube.common.mx_6.15.0.202507011659//db//mcu/
2025-10-09 22:26:23,127 [INFO] ApiDb:274 - Set plugin database path to: /home/tuna/st/stm32cubeide_1.18.1/plugins/com.st.stm32cube.common.mx_6.15.0.202507011659//db//plugins/boardmanager/
2025-10-09 22:26:23,128 [INFO] ApiDb:261 - Set plugin images path to: /home/tuna/st/stm32cubeide_1.18.1/plugins/com.st.stm32cube.common.mx_6.15.0.202507011659//db//plugins/mcufinder/images/
2025-10-09 22:26:23,128 [WARN] DbFile:41 - Overriding database path with different value: /home/tuna/.stmcufinder/plugins/mcufinder/ => /home/tuna/.stmcufinder/plugins/mcufinder
2025-10-09 22:26:23,128 [INFO] ApiDb:250 - Set database path to: /home/tuna/.stmcufinder/plugins/mcufinder//mcu/
2025-10-09 22:26:23,128 [WARN] DbFile:41 - Overriding database path with different value: /home/tuna/.stmcufinder/plugins/mcufinder/ => /home/tuna/.stmcufinder/plugins/mcufinder
2025-10-09 22:26:23,128 [INFO] DbMcusAds:125 - Set database path to: /home/tuna/.stmcufinder/plugins/mcufinder//mcu/
2025-10-09 22:26:23,128 [WARN] DbFile:41 - Overriding database path with different value: /home/tuna/.stmcufinder/plugins/mcufinder/ => /home/tuna/.stmcufinder/plugins/mcufinder
2025-10-09 22:26:23,128 [WARN] DbFile:41 - Overriding database path with different value: /home/tuna/.stmcufinder/plugins/mcufinder/ => /home/tuna/.stmcufinder/plugins/mcufinder
2025-10-09 22:26:24,129 [INFO] CrossReferenceDbSqlite:203 - Set database path to: /home/tuna/.stmcufinder/plugins/mcufinder//mcu/cs/
2025-10-09 22:26:24,177 [INFO] MainPanel:274 - HeapMemory: 268435456
2025-10-09 22:26:24,254 [INFO] DbMcusXml:78 - Set database path to: /home/tuna/st/stm32cubeide_1.18.1/plugins/com.st.stm32cube.common.mx_6.15.0.202507011659//db//mcu/
2025-10-09 22:26:24,254 [INFO] ApiDb:274 - Set plugin database path to: /home/tuna/st/stm32cubeide_1.18.1/plugins/com.st.stm32cube.common.mx_6.15.0.202507011659//db//plugins/boardmanager/
2025-10-09 22:26:24,254 [INFO] ApiDb:261 - Set plugin images path to: /home/tuna/st/stm32cubeide_1.18.1/plugins/com.st.stm32cube.common.mx_6.15.0.202507011659//db//plugins/mcufinder/images/
2025-10-09 22:26:24,254 [WARN] DbFile:41 - Overriding database path with different value: /home/tuna/.stmcufinder/plugins/mcufinder/ => /home/tuna/.stmcufinder/plugins/mcufinder
2025-10-09 22:26:24,255 [INFO] ApiDb:250 - Set database path to: /home/tuna/.stmcufinder/plugins/mcufinder//mcu/
2025-10-09 22:26:24,255 [WARN] DbFile:41 - Overriding database path with different value: /home/tuna/.stmcufinder/plugins/mcufinder/ => /home/tuna/.stmcufinder/plugins/mcufinder
2025-10-09 22:26:24,255 [INFO] DbMcusAds:125 - Set database path to: /home/tuna/.stmcufinder/plugins/mcufinder//mcu/
2025-10-09 22:26:24,255 [WARN] DbFile:41 - Overriding database path with different value: /home/tuna/.stmcufinder/plugins/mcufinder/ => /home/tuna/.stmcufinder/plugins/mcufinder
2025-10-09 22:26:24,255 [WARN] DbFile:41 - Overriding database path with different value: /home/tuna/.stmcufinder/plugins/mcufinder/ => /home/tuna/.stmcufinder/plugins/mcufinder
2025-10-09 22:26:25,256 [INFO] CrossReferenceDbSqlite:203 - Set database path to: /home/tuna/.stmcufinder/plugins/mcufinder//mcu/cs/
2025-10-09 22:26:25,271 [INFO] ApplicationProperties:184 - Using Application install path: /home/tuna/st/stm32cubeide_1.18.1/plugins/com.st.stm32cube.common.mx_6.15.0.202507011659
2025-10-09 22:26:25,272 [INFO] PluginManage:196 - Search for loadable plugins [exclusion list=, ]
2025-10-09 22:26:25,273 [INFO] PluginManage:310 - Check plugin analytics
2025-10-09 22:26:26,384 [INFO] AnalyticsPlugin:253 - Accepted Software Licenses: STM32CubeMX.6.15.0
2025-10-09 22:26:26,384 [INFO] AnalyticsPlugin:255 - Accepted CMSIS Pack Licenses: 
2025-10-09 22:26:26,384 [INFO] AnalyticsPlugin:257 - Accepted Firmware Licenses: FW.G4.1.6.0,FW.F4.1.28.0
2025-10-09 22:26:26,386 [INFO] PluginManage:359 - Loaded plugin analytics (category:tool,tabindex:-1)
2025-10-09 22:26:26,386 [INFO] PluginManage:310 - Check plugin cadmodel
2025-10-09 22:26:26,389 [INFO] CADModel:105 - Init CAD model plugin
2025-10-09 22:26:26,389 [INFO] PluginManage:359 - Loaded plugin cadmodel (category:power,tabindex:5)
2025-10-09 22:26:26,389 [INFO] PluginManage:310 - Check plugin clock
2025-10-09 22:26:26,394 [INFO] PluginManage:359 - Loaded plugin clock (category:base,tabindex:2)
2025-10-09 22:26:26,394 [INFO] PluginManage:310 - Check plugin ddr
2025-10-09 22:26:26,396 [INFO] PluginManage:359 - Loaded plugin ddr (category:tool,tabindex:6)
2025-10-09 22:26:26,396 [INFO] PluginManage:310 - Check plugin filemanager
2025-10-09 22:26:26,523 [INFO] PluginManage:359 - Loaded plugin filemanager (category:base,tabindex:10)
2025-10-09 22:26:26,523 [INFO] PluginManage:310 - Check plugin ipmanager
2025-10-09 22:26:26,528 [INFO] PluginManage:359 - Loaded plugin ipmanager (category:base,tabindex:5)
2025-10-09 22:26:26,529 [INFO] PluginManage:310 - Check plugin lpbam
2025-10-09 22:26:26,537 [INFO] PluginManage:359 - Loaded plugin lpbam (category:base,tabindex:0)
2025-10-09 22:26:26,537 [INFO] PluginManage:310 - Check plugin memorymap
2025-10-09 22:26:26,546 [INFO] PluginManage:359 - Loaded plugin memorymap (category:base,tabindex:4)
2025-10-09 22:26:26,546 [INFO] PluginManage:310 - Check plugin pinoutandconfiguration
2025-10-09 22:26:26,552 [INFO] PluginManage:359 - Loaded plugin pinoutandconfiguration (category:base,tabindex:1)
2025-10-09 22:26:26,553 [INFO] PluginManage:310 - Check plugin pinoutconfig
2025-10-09 22:26:26,620 [WARN] SupportedApi:132 - Cannot load RTOS API schema: s4s-elt-must-match.1: The content of 'definitions' must match (annotation?, (simpleType | complexType)?, (unique | key | keyref)*)). A problem was found starting at: attribute.
2025-10-09 22:26:26,687 [INFO] PluginManage:359 - Loaded plugin pinoutconfig (category:base,tabindex:0)
2025-10-09 22:26:26,687 [INFO] PluginManage:310 - Check plugin power
2025-10-09 22:26:26,691 [INFO] PluginManage:359 - Loaded plugin power (category:power,tabindex:4)
2025-10-09 22:26:26,691 [INFO] PluginManage:310 - Check plugin projectmanager
2025-10-09 22:26:26,701 [INFO] PluginManage:359 - Loaded plugin projectmanager (category:projectmanager,tabindex:4)
2025-10-09 22:26:26,702 [INFO] PluginManage:310 - Check plugin rif
2025-10-09 22:26:26,707 [INFO] PluginManage:359 - Loaded plugin rif (category:base,tabindex:3)
2025-10-09 22:26:26,707 [INFO] PluginManage:310 - Check plugin thirdparty
2025-10-09 22:26:26,774 [INFO] PluginManage:359 - Loaded plugin thirdparty (category:base,tabindex:-1)
2025-10-09 22:26:26,774 [WARN] IntegrityCheckThread:84 - waiting for thirdparty lock release [integrity check]
2025-10-09 22:26:26,775 [INFO] PluginManage:310 - Check plugin tools
2025-10-09 22:26:26,775 [INFO] IntegrityCheckThread:86 - entering critical section [integrity check]
2025-10-09 22:26:26,775 [INFO] ThirdPartyUpdaterWithRetryManager:70 - Updater plugin not ready yet. [1/15]
2025-10-09 22:26:26,776 [INFO] PluginManage:359 - Loaded plugin tools (category:base,tabindex:7)
2025-10-09 22:26:26,776 [INFO] PluginManage:310 - Check plugin tutovideos
2025-10-09 22:26:26,905 [INFO] PluginManage:359 - Loaded plugin tutovideos (category:base,tabindex:-1)
2025-10-09 22:26:26,905 [INFO] PluginManage:310 - Check plugin updater
2025-10-09 22:26:26,920 [INFO] PluginManage:359 - Loaded plugin updater (category:base,tabindex:12)
2025-10-09 22:26:26,920 [INFO] PluginManage:310 - Check plugin userauth
2025-10-09 22:26:26,922 [INFO] UserAuth:118 - Init User Auth plugin
2025-10-09 22:26:26,923 [INFO] PluginManage:359 - Loaded plugin userauth (category:base,tabindex:14)
2025-10-09 22:26:26,923 [INFO] PluginManage:283 - PluginManage : Loaded plugins [18]
2025-10-09 22:26:27,033 [INFO] PinOutPanel:1589 - setPackage(No Configuration,No Configuration)
2025-10-09 22:26:27,074 [INFO] CADModel:165 - CPN selected for project level
2025-10-09 22:26:27,074 [INFO] CADModel:114 - Register for checkConnection events
2025-10-09 22:26:27,081 [INFO] IPUIPlugin:80 - create IPUIPlugin
2025-10-09 22:26:27,081 [INFO] PluginManager:220 - loadIPPluginJar : add ddr_ctrl_phy
2025-10-09 22:26:27,082 [INFO] IPUIPlugin:80 - create IPUIPlugin
2025-10-09 22:26:27,082 [INFO] PluginManager:220 - loadIPPluginJar : add aes
2025-10-09 22:26:27,084 [INFO] IPUIPlugin:80 - create IPUIPlugin
2025-10-09 22:26:27,084 [INFO] PluginManager:220 - loadIPPluginJar : add gic
2025-10-09 22:26:27,087 [INFO] IPUIPlugin:80 - create IPUIPlugin
2025-10-09 22:26:27,087 [INFO] PluginManager:220 - loadIPPluginJar : add resmgrutility
2025-10-09 22:26:27,088 [INFO] IPUIPlugin:80 - create IPUIPlugin
2025-10-09 22:26:27,088 [INFO] PluginManager:220 - loadIPPluginJar : add dma3
2025-10-09 22:26:27,089 [INFO] IPUIPlugin:80 - create IPUIPlugin
2025-10-09 22:26:27,089 [INFO] PluginManager:220 - loadIPPluginJar : add spi
2025-10-09 22:26:27,091 [INFO] IPUIPlugin:80 - create IPUIPlugin
2025-10-09 22:26:27,093 [INFO] PluginManager:220 - loadIPPluginJar : add plateformsettings
2025-10-09 22:26:27,094 [INFO] IPUIPlugin:80 - create IPUIPlugin
2025-10-09 22:26:27,094 [INFO] PluginManager:220 - loadIPPluginJar : add gtzc
2025-10-09 22:26:27,096 [INFO] IPUIPlugin:80 - create IPUIPlugin
2025-10-09 22:26:27,096 [INFO] PluginManager:220 - loadIPPluginJar : add freertos
2025-10-09 22:26:27,098 [INFO] IPUIPlugin:80 - create IPUIPlugin
2025-10-09 22:26:27,098 [INFO] PluginManager:220 - loadIPPluginJar : add fmc
2025-10-09 22:26:27,099 [INFO] IPUIPlugin:80 - create IPUIPlugin
2025-10-09 22:26:27,099 [INFO] PluginManager:220 - loadIPPluginJar : add quadspi
2025-10-09 22:26:27,099 [INFO] IPUIPlugin:80 - create IPUIPlugin
2025-10-09 22:26:27,100 [INFO] PluginManager:220 - loadIPPluginJar : add radio
2025-10-09 22:26:27,100 [INFO] IPUIPlugin:80 - create IPUIPlugin
2025-10-09 22:26:27,100 [INFO] PluginManager:220 - loadIPPluginJar : add fatfs
2025-10-09 22:26:27,103 [INFO] IPUIPlugin:80 - create IPUIPlugin
2025-10-09 22:26:27,103 [INFO] PluginManager:220 - loadIPPluginJar : add mdma
2025-10-09 22:26:27,104 [INFO] IPUIPlugin:80 - create IPUIPlugin
2025-10-09 22:26:27,104 [INFO] PluginManager:220 - loadIPPluginJar : add ltdc
2025-10-09 22:26:27,105 [INFO] IPUIPlugin:80 - create IPUIPlugin
2025-10-09 22:26:27,105 [INFO] PluginManager:220 - loadIPPluginJar : add gpio
2025-10-09 22:26:27,106 [INFO] IPUIPlugin:80 - create IPUIPlugin
2025-10-09 22:26:27,106 [INFO] PluginManager:220 - loadIPPluginJar : add opamp
2025-10-09 22:26:27,107 [INFO] IPUIPlugin:80 - create IPUIPlugin
2025-10-09 22:26:27,107 [INFO] PluginManager:220 - loadIPPluginJar : add usart
2025-10-09 22:26:27,109 [INFO] IPUIPlugin:80 - create IPUIPlugin
2025-10-09 22:26:27,109 [INFO] PluginManager:220 - loadIPPluginJar : add usbx
2025-10-09 22:26:27,110 [INFO] IPUIPlugin:80 - create IPUIPlugin
2025-10-09 22:26:27,110 [INFO] PluginManager:220 - loadIPPluginJar : add tim
2025-10-09 22:26:27,111 [INFO] IPUIPlugin:80 - create IPUIPlugin
2025-10-09 22:26:27,111 [INFO] PluginManager:220 - loadIPPluginJar : add lorawan
2025-10-09 22:26:27,112 [INFO] IPUIPlugin:80 - create IPUIPlugin
2025-10-09 22:26:27,112 [INFO] PluginManager:220 - loadIPPluginJar : add i2s
2025-10-09 22:26:27,116 [INFO] IPUIPlugin:80 - create IPUIPlugin
2025-10-09 22:26:27,116 [INFO] PluginManager:220 - loadIPPluginJar : add adc
2025-10-09 22:26:27,117 [INFO] IPUIPlugin:80 - create IPUIPlugin
2025-10-09 22:26:27,117 [INFO] PluginManager:220 - loadIPPluginJar : add extmemmanager
2025-10-09 22:26:27,118 [INFO] IPUIPlugin:80 - create IPUIPlugin
2025-10-09 22:26:27,118 [INFO] PluginManager:220 - loadIPPluginJar : add comp
2025-10-09 22:26:27,119 [INFO] IPUIPlugin:80 - create IPUIPlugin
2025-10-09 22:26:27,119 [INFO] PluginManager:220 - loadIPPluginJar : add genericplugin
2025-10-09 22:26:27,119 [INFO] IPUIPlugin:80 - create IPUIPlugin
2025-10-09 22:26:27,119 [INFO] PluginManager:220 - loadIPPluginJar : add ts
2025-10-09 22:26:27,120 [INFO] IPUIPlugin:80 - create IPUIPlugin
2025-10-09 22:26:27,120 [INFO] PluginManager:220 - loadIPPluginJar : add ucpd
2025-10-09 22:26:27,121 [INFO] IPUIPlugin:80 - create IPUIPlugin
2025-10-09 22:26:27,121 [INFO] PluginManager:220 - loadIPPluginJar : add can
2025-10-09 22:26:27,123 [INFO] IPUIPlugin:80 - create IPUIPlugin
2025-10-09 22:26:27,123 [INFO] PluginManager:220 - loadIPPluginJar : add touchsensing
2025-10-09 22:26:27,123 [INFO] IPUIPlugin:80 - create IPUIPlugin
2025-10-09 22:26:27,123 [INFO] PluginManager:220 - loadIPPluginJar : add tracer_emb
2025-10-09 22:26:27,127 [INFO] IPUIPlugin:80 - create IPUIPlugin
2025-10-09 22:26:27,127 [INFO] PluginManager:220 - loadIPPluginJar : add stm32_wpan
2025-10-09 22:26:27,127 [INFO] IPUIPlugin:80 - create IPUIPlugin
2025-10-09 22:26:27,127 [INFO] PluginManager:220 - loadIPPluginJar : add tsc
2025-10-09 22:26:27,128 [INFO] IPUIPlugin:80 - create IPUIPlugin
2025-10-09 22:26:27,128 [INFO] PluginManager:220 - loadIPPluginJar : add gfxmmu
2025-10-09 22:26:27,130 [INFO] IPUIPlugin:80 - create IPUIPlugin
2025-10-09 22:26:27,130 [INFO] PluginManager:220 - loadIPPluginJar : add ipddr
2025-10-09 22:26:27,131 [INFO] IPUIPlugin:80 - create IPUIPlugin
2025-10-09 22:26:27,131 [INFO] PluginManager:220 - loadIPPluginJar : add i2c
2025-10-09 22:26:27,132 [INFO] IPUIPlugin:80 - create IPUIPlugin
2025-10-09 22:26:27,132 [INFO] PluginManager:220 - loadIPPluginJar : add nvic
2025-10-09 22:26:27,133 [INFO] IPUIPlugin:80 - create IPUIPlugin
2025-10-09 22:26:27,133 [INFO] PluginManager:220 - loadIPPluginJar : add i3c
2025-10-09 22:26:27,134 [INFO] IPUIPlugin:80 - create IPUIPlugin
2025-10-09 22:26:27,134 [INFO] PluginManager:220 - loadIPPluginJar : add dfsdm
2025-10-09 22:26:27,135 [INFO] IPUIPlugin:80 - create IPUIPlugin
2025-10-09 22:26:27,135 [INFO] PluginManager:220 - loadIPPluginJar : add pdm2pcm
2025-10-09 22:26:27,137 [INFO] IPUIPlugin:80 - create IPUIPlugin
2025-10-09 22:26:27,137 [INFO] PluginManager:220 - loadIPPluginJar : add openamp
2025-10-09 22:26:27,140 [INFO] IPUIPlugin:80 - create IPUIPlugin
2025-10-09 22:26:27,140 [INFO] PluginManager:220 - loadIPPluginJar : add dma
2025-10-09 22:26:27,141 [INFO] IPUIPlugin:80 - create IPUIPlugin
2025-10-09 22:26:27,141 [INFO] PluginManager:220 - loadIPPluginJar : add sai
2025-10-09 22:26:27,142 [INFO] IPUIPlugin:80 - create IPUIPlugin
2025-10-09 22:26:27,142 [INFO] PluginManager:220 - loadIPPluginJar : add hash
2025-10-09 22:26:27,146 [INFO] IPUIPlugin:80 - create IPUIPlugin
2025-10-09 22:26:27,146 [INFO] PluginManager:220 - loadIPPluginJar : add linkedlist
2025-10-09 22:26:27,147 [INFO] IPUIPlugin:80 - create IPUIPlugin
2025-10-09 22:26:27,147 [INFO] PluginManager:220 - loadIPPluginJar : add cryp
2025-10-09 22:26:27,238 [FATAL] Updater:351 - Updater called before beeing initialized
2025-10-09 22:26:27,253 [INFO] RulesReader:64 - Compatibility file has been processed (317 Rules)
2025-10-09 22:26:27,261 [INFO] RulesReader:64 - Compatibility file has been processed (317 Rules)
2025-10-09 22:26:27,266 [INFO] CADModel:165 - CPN selected for project level
2025-10-09 22:26:27,266 [INFO] CADModel:114 - Register for checkConnection events
2025-10-09 22:26:27,266 [FATAL] Updater:351 - Updater called before beeing initialized
2025-10-09 22:26:27,266 [ERROR] CADModel:125 - Updater not yet initialized, retry later 
2025-10-09 22:26:27,343 [FATAL] Updater:351 - Updater called before beeing initialized
2025-10-09 22:26:27,344 [INFO] CADModel:165 - CPN selected for project level
2025-10-09 22:26:27,344 [INFO] CADModel:114 - Register for checkConnection events
2025-10-09 22:26:27,344 [FATAL] Updater:351 - Updater called before beeing initialized
2025-10-09 22:26:27,344 [ERROR] CADModel:125 - Updater not yet initialized, retry later 
2025-10-09 22:26:27,346 [FATAL] Updater:351 - Updater called before beeing initialized
2025-10-09 22:26:27,403 [FATAL] Updater:351 - Updater called before beeing initialized
2025-10-09 22:26:27,407 [INFO] DbMcusAds:53 - JSON generation date=Thu Oct 02 16:36:05 ICT 2025 (1759397765645)
2025-10-09 22:26:27,407 [FATAL] Updater:351 - Updater called before beeing initialized
2025-10-09 22:26:27,427 [WARN] DetailPanel:346 - Failed to get advertising image, set to default
2025-10-09 22:26:27,483 [FATAL] Updater:351 - Updater called before beeing initialized
2025-10-09 22:26:27,484 [FATAL] Updater:351 - Updater called before beeing initialized
2025-10-09 22:26:27,484 [FATAL] Updater:351 - Updater called before beeing initialized
2025-10-09 22:26:27,485 [WARN] DetailPanel:346 - Failed to get advertising image, set to default
2025-10-09 22:26:27,485 [FATAL] Updater:351 - Updater called before beeing initialized
2025-10-09 22:26:27,505 [ERROR] Updater:1198 - MainUpdater not yet initialized. External WinMGr cannot be set.
2025-10-09 22:26:27,506 [INFO] Updater:1134 - Updater Version found : 6.15.0
2025-10-09 22:26:27,517 [INFO] ApplicationProperties:184 - Using Application install path: /home/tuna/st/stm32cubeide_1.18.1/plugins/com.st.stm32cube.common.mx_6.15.0.202507011659
2025-10-09 22:26:27,854 [INFO] MainUpdater:2872 - connection check result : 10
2025-10-09 22:26:27,854 [INFO] MainUpdater:289 - Updater Check For Update Now.
2025-10-09 22:26:27,854 [INFO] MicroXplorer:498 - Change Database Version : DB.6.0.150
2025-10-09 22:26:27,858 [INFO] McuFinderGlobals:63 - Set McuFinder mode to 2 (CubeIDE integrated)
2025-10-09 22:26:27,858 [INFO] UserAuth:487 - Internet connection configuration mode: 1
2025-10-09 22:26:27,868 [INFO] JxBrowserEngine:152 - Initiate JxBrowser Engine with user profile folder
2025-10-09 22:26:28,002 [INFO] CheckServerUpdateThread:120 - End of CheckServer Thread
2025-10-09 22:26:28,276 [INFO] WebApp:169 - Instantiating new browser for Auth
2025-10-09 22:26:28,695 [INFO] WebApp:463 - Apply proxy settings
2025-10-09 22:26:28,695 [INFO] WebApp:548 - Chromium requires no authentication
2025-10-09 22:26:28,700 [INFO] WebApp:491 - Direct internet connection detected
2025-10-09 22:26:28,711 [INFO] WebApp:900 - Register for checkConnection events
2025-10-09 22:26:28,711 [INFO] WebApp:463 - Apply proxy settings
2025-10-09 22:26:28,711 [INFO] WebApp:548 - Chromium requires no authentication
2025-10-09 22:26:28,711 [INFO] WebApp:491 - Direct internet connection detected
2025-10-09 22:26:28,785 [INFO] WebApp:225 - Starting web application
2025-10-09 22:26:28,786 [INFO] WebApp:593 - Web application path used /home/tuna/st/stm32cubeide_1.18.1/plugins/com.st.stm32cube.common.mx_6.15.0.202507011659/db/plugins/mcufinder/reactClient1/index.html
2025-10-09 22:26:28,974 [INFO] WebApp:191 - Connection restablished
2025-10-09 22:26:29,842 [WARN] PackLoader:240 - Cannot read IP mode file for STMicroelectronics.FP-SNS-MOTENVWB1.1.4.0
2025-10-09 22:26:29,848 [WARN] PackLoader:240 - Cannot read IP mode file for STMicroelectronics.FP-ATR-ASTRA1.2.0.2
2025-10-09 22:26:29,852 [WARN] PackLoader:240 - Cannot read IP mode file for STMicroelectronics.X-CUBE-SMBUS.2.1.0
2025-10-09 22:26:29,855 [WARN] PackLoader:240 - Cannot read IP mode file for STMicroelectronics.X-CUBE-ST60.1.0.0
2025-10-09 22:26:29,874 [WARN] PackLoader:240 - Cannot read IP mode file for STMicroelectronics.X-CUBE-AZRTOS-F7.1.1.0
2025-10-09 22:26:29,891 [WARN] PackLoader:240 - Cannot read IP mode file for Infineon.AIROC-Wi-Fi-Bluetooth-STM32.1.7.1
2025-10-09 22:26:29,909 [WARN] PackLoader:240 - Cannot read IP mode file for STMicroelectronics.X-CUBE-AZRTOS-H7.3.4.0
2025-10-09 22:26:29,917 [WARN] PackLoader:240 - Cannot read IP mode file for STMicroelectronics.X-CUBE-DISPLAY.3.0.0
2025-10-09 22:26:29,927 [WARN] PackLoader:240 - Cannot read IP mode file for STMicroelectronics.X-CUBE-NFC10.1.0.0
2025-10-09 22:26:29,931 [WARN] PackLoader:240 - Cannot read IP mode file for emotas.I-CUBE-CANOPEN.1.3.0
2025-10-09 22:26:29,936 [WARN] PackLoader:240 - Cannot read IP mode file for STMicroelectronics.FP-SNS-STBOX1.2.1.0
2025-10-09 22:26:29,939 [WARN] PackLoader:240 - Cannot read IP mode file for STMicroelectronics.FP-SNS-SMARTAG2.1.2.0
2025-10-09 22:26:29,942 [WARN] PackLoader:240 - Cannot read IP mode file for STMicroelectronics.FP-SNS-FLIGHT1.5.1.0
2025-10-09 22:26:29,947 [INFO] LogOutputStream:77 - [STDOUT_REDIRECT] 1 : Invalid condition id : UX_CORESTACK_Condition cause : null
2025-10-09 22:26:29,947 [INFO] LogOutputStream:77 - [STDOUT_REDIRECT] 1 : Invalid condition id : UX_CORESTACK_Condition cause : null
2025-10-09 22:26:29,947 [INFO] LogOutputStream:77 - [STDOUT_REDIRECT] 1 : Invalid condition id : UX_CORESTACK_Condition cause : null
2025-10-09 22:26:29,948 [INFO] LogOutputStream:77 - [STDOUT_REDIRECT] 1 : Invalid condition id : UX_CORESTACK_Condition cause : null
2025-10-09 22:26:29,948 [INFO] LogOutputStream:77 - [STDOUT_REDIRECT] 1 : Invalid condition id : UX_CORESTACK_Condition cause : null
2025-10-09 22:26:29,950 [WARN] PackLoader:240 - Cannot read IP mode file for STMicroelectronics.X-CUBE-AZRTOS-WL.2.0.0
2025-10-09 22:26:29,955 [WARN] PackLoader:240 - Cannot read IP mode file for STMicroelectronics.FP-SNS-MOTENV1.5.0.0
2025-10-09 22:26:29,959 [WARN] PackLoader:240 - Cannot read IP mode file for WES.I-CUBE-Cesium.1.3.0
2025-10-09 22:26:29,962 [WARN] PackLoader:240 - Cannot read IP mode file for STMicroelectronics.X-CUBE-BLE2.3.3.0
2025-10-09 22:26:29,966 [WARN] PackLoader:240 - Cannot read IP mode file for STMicroelectronics.X-CUBE-NFC9.1.0.0
2025-10-09 22:26:29,969 [WARN] PackLoader:240 - Cannot read IP mode file for wolfSSL.I-CUBE-wolfSSL.5.8.2
2025-10-09 22:26:29,972 [WARN] PackLoader:240 - Cannot read IP mode file for STMicroelectronics.X-CUBE-BLE1.7.1.0
2025-10-09 22:26:29,984 [WARN] PackLoader:240 - Cannot read IP mode file for wolfSSL.I-CUBE-wolfMQTT.1.19.2
2025-10-09 22:26:29,990 [WARN] PackLoader:240 - Cannot read IP mode file for STMicroelectronics.X-CUBE-EEPRMA1.5.2.0
2025-10-09 22:26:29,996 [WARN] PackLoader:240 - Cannot read IP mode file for STMicroelectronics.X-CUBE-AI.10.1.0
2025-10-09 22:26:30,009 [WARN] PackLoader:240 - Cannot read IP mode file for STMicroelectronics.X-CUBE-AZRTOS-G0.1.1.0
2025-10-09 22:26:30,016 [WARN] PackLoader:240 - Cannot read IP mode file for STMicroelectronics.X-CUBE-SAFEA1.1.2.2
2025-10-09 22:26:30,022 [WARN] PackLoader:240 - Cannot read IP mode file for STMicroelectronics.X-CUBE-NFC4.3.0.0
2025-10-09 22:26:30,049 [WARN] PackLoader:240 - Cannot read IP mode file for EmbeddedOffice.I-CUBE-FS-RTOS.1.0.1
2025-10-09 22:26:30,055 [WARN] PackLoader:240 - Cannot read IP mode file for STMicroelectronics.X-CUBE-WB05N.2.0.0
2025-10-09 22:26:30,059 [WARN] PackLoader:240 - Cannot read IP mode file for wolfSSL.I-CUBE-wolfTPM.3.8.0
2025-10-09 22:26:30,063 [WARN] PackLoader:240 - Cannot read IP mode file for STMicroelectronics.X-CUBE-TCPP.4.2.0
2025-10-09 22:26:30,068 [WARN] PackLoader:240 - Cannot read IP mode file for RealThread.X-CUBE-RT-Thread_Nano.4.1.1
2025-10-09 22:26:30,072 [WARN] PackLoader:240 - Cannot read IP mode file for STMicroelectronics.FP-ATR-SIGFOX1.3.2.0
2025-10-09 22:26:30,077 [WARN] PackLoader:240 - Cannot read IP mode file for ITTIA_DB.I-CUBE-ITTIADB.8.9.0
2025-10-09 22:26:30,081 [WARN] PackLoader:240 - Cannot read IP mode file for STMicroelectronics.X-CUBE-ST67W61.1.0.0
2025-10-09 22:26:30,083 [WARN] PackLoader:240 - Cannot read IP mode file for STMicroelectronics.X-CUBE-AI.10.2.0
2025-10-09 22:26:30,097 [WARN] PackLoader:240 - Cannot read IP mode file for SEGGER.I-CUBE-embOS.1.3.1
2025-10-09 22:26:30,127 [WARN] PackLoader:240 - Cannot read IP mode file for STMicroelectronics.X-CUBE-ALGOBUILD.1.4.0
2025-10-09 22:26:30,168 [WARN] PackLoader:240 - Cannot read IP mode file for STMicroelectronics.X-CUBE-MEMS1.11.3.0
2025-10-09 22:26:30,248 [WARN] PackLoader:240 - Cannot read IP mode file for STMicroelectronics.X-CUBE-PM33A1.1.0.0
2025-10-09 22:26:30,261 [WARN] PackLoader:240 - Cannot read IP mode file for STMicroelectronics.X-CUBE-AZRTOS-F4.1.1.0
2025-10-09 22:26:30,266 [WARN] PackLoader:240 - Cannot read IP mode file for Avnet-IotConnect.X-CUBE-IoTC-DA16k-PMOD.1.0.0
2025-10-09 22:26:30,270 [WARN] PackLoader:240 - Cannot read IP mode file for STMicroelectronics.X-CUBE-ISPU.2.1.0
2025-10-09 22:26:30,272 [INFO] UserAuth:487 - Internet connection configuration mode: 1
2025-10-09 22:26:30,275 [WARN] PackLoader:240 - Cannot read IP mode file for STMicroelectronics.X-CUBE-NFC12.1.0.0
2025-10-09 22:26:30,286 [WARN] PackLoader:240 - Cannot read IP mode file for STMicroelectronics.X-CUBE-AZRTOS-L5.2.0.0
2025-10-09 22:26:30,293 [WARN] PackLoader:240 - Cannot read IP mode file for STMicroelectronics.X-CUBE-NFC6.3.1.0
2025-10-09 22:26:30,302 [WARN] PackLoader:240 - Cannot read IP mode file for STMicroelectronics.X-CUBE-FREERTOS.1.3.1
2025-10-09 22:26:30,306 [WARN] PackLoader:240 - Cannot read IP mode file for STMicroelectronics.X-CUBE-TOUCHGFX.4.26.0
2025-10-09 22:26:30,309 [WARN] PackLoader:240 - Cannot read IP mode file for STMicroelectronics.FP-SNS-STAIOTCFT.1.0.0
2025-10-09 22:26:30,312 [WARN] PackLoader:240 - Cannot read IP mode file for STMicroelectronics.X-CUBE-DPower.1.3.0
2025-10-09 22:26:30,324 [WARN] ConditionMgr:438 - getConditionDescription Invalid condition id : LAN8742 Phy interface Condition cause : null
2025-10-09 22:26:30,325 [WARN] PackLoader:240 - Cannot read IP mode file for STMicroelectronics.X-CUBE-AZRTOS-L4.2.0.0
2025-10-09 22:26:30,326 [WARN] ConditionMgr:1044 - genDependencies : Invalid condition id : LAN8742 Phy interface Condition cause : null
2025-10-09 22:26:30,326 [WARN] ConditionMgr:1044 - genDependencies : Invalid condition id : LAN8742 Phy interface Condition cause : null
2025-10-09 22:26:30,327 [WARN] ConditionMgr:1044 - genDependencies : Invalid condition id : LAN8742 Phy interface Condition cause : null
2025-10-09 22:26:30,333 [WARN] PackLoader:240 - Cannot read IP mode file for STMicroelectronics.X-CUBE-SFXS2LP1.4.0.0
2025-10-09 22:26:30,341 [WARN] PackLoader:240 - Cannot read IP mode file for STMicroelectronics.X-CUBE-BLEMGR.4.1.0
2025-10-09 22:26:30,353 [WARN] ConditionMgr:438 - getConditionDescription Invalid condition id : UX DEVICE CLASS RTOS Condition cause : null
2025-10-09 22:26:30,353 [WARN] ConditionMgr:438 - getConditionDescription Invalid condition id : UX DEVICE CLASS RTOS Condition cause : null
2025-10-09 22:26:30,355 [WARN] PackLoader:240 - Cannot read IP mode file for STMicroelectronics.X-CUBE-AZRTOS-WB.2.0.0
2025-10-09 22:26:30,355 [WARN] ConditionMgr:1044 - genDependencies : Invalid condition id : UX DEVICE CLASS RTOS Condition cause : null
2025-10-09 22:26:30,356 [WARN] ConditionMgr:1044 - genDependencies : Invalid condition id : UX DEVICE CLASS RTOS Condition cause : null
2025-10-09 22:26:30,356 [WARN] ConditionMgr:1044 - genDependencies : Invalid condition id : UX DEVICE CLASS RTOS Condition cause : null
2025-10-09 22:26:30,356 [WARN] ConditionMgr:1044 - genDependencies : Invalid condition id : UX DEVICE CLASS RTOS Condition cause : null
2025-10-09 22:26:30,356 [WARN] ConditionMgr:1044 - genDependencies : Invalid condition id : UX DEVICE CLASS RTOS Condition cause : null
2025-10-09 22:26:30,360 [WARN] PackLoader:240 - Cannot read IP mode file for STMicroelectronics.X-CUBE-GNSS1.7.0.1
2025-10-09 22:26:30,364 [WARN] PackLoader:240 - Cannot read IP mode file for STMicroelectronics.X-CUBE-TOUCHGFX.4.25.0
2025-10-09 22:26:30,371 [WARN] PackLoader:240 - Cannot read IP mode file for STMicroelectronics.FP-SNS-STBOX1.2.0.0
2025-10-09 22:26:30,376 [WARN] ConditionMgr:438 - getConditionDescription Invalid condition id : Cortex-A Device cause : null
2025-10-09 22:26:30,389 [WARN] ConditionMgr:1044 - genDependencies : Invalid condition id : Cortex-A Device cause : null
2025-10-09 22:26:30,390 [WARN] ConditionMgr:1044 - genDependencies : Invalid condition id : Cortex-A Device cause : null
2025-10-09 22:26:30,390 [WARN] ConditionMgr:1044 - genDependencies : Invalid condition id : Cortex-A Device cause : null
2025-10-09 22:26:30,395 [WARN] PackLoader:240 - Cannot read IP mode file for STMicroelectronics.X-CUBE-SUBG2.5.0.0
2025-10-09 22:26:30,405 [WARN] PackLoader:240 - Cannot read IP mode file for STMicroelectronics.X-CUBE-AZRTOS-H7RS.1.1.0
2025-10-09 22:26:30,408 [WARN] PackLoader:240 - Cannot read IP mode file for Cesanta.I-CUBE-Mongoose.7.13.0
2025-10-09 22:26:30,414 [WARN] PackLoader:240 - Cannot read IP mode file for STMicroelectronics.X-CUBE-AZRTOS-G4.2.0.0
2025-10-09 22:26:30,417 [WARN] PackLoader:240 - Cannot read IP mode file for wolfSSL.I-CUBE-wolfSSH.1.4.20
2025-10-09 22:26:30,419 [WARN] PackLoader:240 - Cannot read IP mode file for STMicroelectronics.X-CUBE-NFC7.2.0.0
2025-10-09 22:26:30,426 [WARN] PackLoader:240 - Cannot read IP mode file for STMicroelectronics.X-CUBE-IPS.3.1.0
2025-10-09 22:26:30,431 [WARN] PackLoader:240 - Cannot read IP mode file for STMicroelectronics.X-CUBE-ALS.1.0.2
2025-10-09 22:26:30,435 [WARN] PackLoader:240 - Cannot read IP mode file for STMicroelectronics.X-CUBE-STSE01.1.0.0
2025-10-09 22:26:30,438 [WARN] PackLoader:240 - Cannot read IP mode file for portGmbH.I-Cube-SoM-uGOAL.1.1.0
2025-10-09 22:26:30,442 [WARN] PackLoader:240 - Cannot read IP mode file for STMicroelectronics.X-CUBE-TOF1.3.4.3
2025-10-09 22:26:30,450 [INFO] ThirdParty:978 - Integrity check success = true
2025-10-09 22:26:30,450 [INFO] IntegrityCheckThread:100 - exiting critical section [integrity check]
2025-10-09 22:26:30,450 [INFO] IntegrityCheckThread:103 - End integrity checks thread
2025-10-09 22:35:25,895 [INFO] MainUpdater:2872 - connection check result : 10
2025-10-09 22:35:26,617 [INFO] CheckServerUpdateThread:120 - End of CheckServer Thread
2025-10-09 22:35:51,123 [INFO] ServerAccessManage:452 - Complete download http(s) 200
2025-10-09 22:35:51,125 [INFO] ServerAccessManage:509 - Download File updaters.zip
2025-10-09 22:35:51,348 [INFO] FileExtend:248 - Unzip File : updaters.zip
2025-10-09 22:35:51,348 [INFO] FileExtend:263 - Standard Zip Deflate
2025-10-09 22:35:51,798 [INFO] ServerAccessManage:452 - Complete download http(s) 200
2025-10-09 22:35:51,799 [INFO] ServerAccessManage:509 - Download File PacksControlFlags.xml
2025-10-09 22:35:52,206 [INFO] ServerAccessManage:452 - Complete download http(s) 200
2025-10-09 22:35:52,206 [INFO] ServerAccessManage:509 - Download File cubemx.pidx
2025-10-09 22:35:52,902 [INFO] ServerAccessManage:452 - Complete download http(s) 200
2025-10-09 22:35:52,902 [INFO] ServerAccessManage:509 - Download File STMicroelectronics.FP-ATR-ASTRA1.pdsc
2025-10-09 22:35:55,923 [INFO] ServerAccessManage:452 - Complete download http(s) 200
2025-10-09 22:35:55,924 [INFO] ServerAccessManage:509 - Download File STMicroelectronics.FP-ATR-SIGFOX1.pdsc
2025-10-09 22:35:56,703 [INFO] ServerAccessManage:452 - Complete download http(s) 200
2025-10-09 22:35:56,704 [INFO] ServerAccessManage:509 - Download File STMicroelectronics.FP-SNS-STBOX1.pdsc
2025-10-09 22:35:57,605 [INFO] ServerAccessManage:452 - Complete download http(s) 200
2025-10-09 22:35:57,605 [INFO] ServerAccessManage:509 - Download File STMicroelectronics.FP-SNS-FLIGHT1.pdsc
2025-10-09 22:35:59,600 [INFO] ServerAccessManage:452 - Complete download http(s) 200
2025-10-09 22:35:59,600 [INFO] ServerAccessManage:509 - Download File STMicroelectronics.FP-SNS-MOTENV1.pdsc
2025-10-09 22:36:02,114 [INFO] ServerAccessManage:452 - Complete download http(s) 200
2025-10-09 22:36:02,115 [INFO] ServerAccessManage:509 - Download File STMicroelectronics.FP-SNS-MOTENVWB1.pdsc
2025-10-09 22:36:02,456 [WARN] Engine:547 - Do no try to populate pack already in database: STMicroelectronics.FP-ATR-ASTRA1.2.0.2
2025-10-09 22:36:02,457 [WARN] Engine:547 - Do no try to populate pack already in database: STMicroelectronics.FP-ATR-SIGFOX1.3.2.0
2025-10-09 22:36:02,460 [WARN] Engine:547 - Do no try to populate pack already in database: STMicroelectronics.FP-SNS-STBOX1.2.1.0
2025-10-09 22:36:02,461 [WARN] Engine:547 - Do no try to populate pack already in database: STMicroelectronics.FP-SNS-FLIGHT1.5.1.0
2025-10-09 22:36:02,463 [WARN] Engine:547 - Do no try to populate pack already in database: STMicroelectronics.FP-SNS-MOTENV1.5.0.0
2025-10-09 22:36:02,465 [WARN] Engine:547 - Do no try to populate pack already in database: STMicroelectronics.FP-SNS-MOTENVWB1.1.4.0
2025-10-09 22:36:02,465 [INFO] PopulateThirdPartyThread:66 - Ending populate Thread
2025-10-09 22:36:02,465 [INFO] LoadServerUpdatesThread:375 - End of LoadServerUpdate Thread
2025-10-09 22:36:02,612 [INFO] CheckServerUpdateThread:120 - End of CheckServer Thread
2025-10-09 22:36:55,373 [INFO] McuFinderGlobals:63 - Set McuFinder mode to 2 (CubeIDE integrated)
2025-10-09 22:36:55,374 [INFO] UserAuth:487 - Internet connection configuration mode: 1
2025-10-09 22:37:14,346 [INFO] McuFinderGlobals:63 - Set McuFinder mode to 2 (CubeIDE integrated)
2025-10-09 22:37:14,347 [INFO] McuFinderGlobals:76 - Set McuFinderConnectedMode to true
2025-10-09 22:37:14,347 [INFO] MainUpdater:2872 - connection check result : 10
2025-10-09 22:37:14,349 [INFO] MenuBar:473 - Manual Refresh Data
2025-10-09 22:37:14,349 [INFO] FinderAction:103 - Refresh Data: download all database files
2025-10-09 22:37:14,980 [INFO] ServerAccessManage:452 - Complete download http(s) 200
2025-10-09 22:37:14,981 [INFO] ServerAccessManage:509 - Download File mcusAds.json._tmp_
2025-10-09 22:37:15,082 [INFO] LoadUrlFilesThread:156 - End of LoadUrlFiles Thread
2025-10-09 22:37:15,359 [INFO] ServerAccessManage:452 - Complete download http(s) 200
2025-10-09 22:37:15,359 [INFO] ServerAccessManage:509 - Download File cube-finder-db.zip
2025-10-09 22:37:21,517 [INFO] FileExtend:248 - Unzip File : cube-finder-db.zip
2025-10-09 22:37:21,518 [INFO] FileExtend:263 - Standard Zip Deflate
2025-10-09 22:37:22,066 [INFO] LoadUrlFilesThread:156 - End of LoadUrlFiles Thread
2025-10-09 22:37:25,374 [INFO] ServerAccessManage:452 - Complete download http(s) 200
2025-10-09 22:37:25,375 [INFO] ServerAccessManage:509 - Download File crdb.zip
2025-10-09 22:37:26,799 [INFO] FileExtend:248 - Unzip File : crdb.zip
2025-10-09 22:37:26,799 [INFO] FileExtend:263 - Standard Zip Deflate
2025-10-09 22:37:26,913 [INFO] LoadUrlFilesThread:156 - End of LoadUrlFiles Thread
2025-10-09 22:37:27,132 [INFO] ServerAccessManage:452 - Complete download http(s) 200
2025-10-09 22:37:27,132 [INFO] ServerAccessManage:509 - Download File tutoVideoDB.zip
2025-10-09 22:37:27,210 [INFO] FileExtend:248 - Unzip File : tutoVideoDB.zip
2025-10-09 22:37:27,210 [INFO] FileExtend:263 - Standard Zip Deflate
2025-10-09 22:37:27,313 [INFO] LoadUrlFilesThread:156 - End of LoadUrlFiles Thread
2025-10-09 22:37:27,315 [WARN] DbFile:41 - Overriding database path with different value: /home/tuna/.stmcufinder/plugins/mcufinder/ => /home/tuna/.stmcufinder/plugins/mcufinder
2025-10-09 22:37:27,370 [INFO] ServerAccessManage:452 - Complete download http(s) 200
2025-10-09 22:37:27,371 [INFO] ServerAccessManage:509 - Download File api_config.json
2025-10-09 22:37:27,474 [INFO] LoadUrlFilesThread:156 - End of LoadUrlFiles Thread
2025-10-09 22:37:27,475 [INFO] DbMcusAds:53 - JSON generation date=Thu Oct 02 16:36:05 ICT 2025 (1759397765645)
2025-10-09 22:37:27,496 [INFO] LoadUrlFilesThread:185 - End of LoadServerUrlFiles without Thread
2025-10-09 22:37:27,496 [INFO] FinderAction:114 - Refresh all data is successful
2025-10-09 22:37:35,891 [ERROR] LogOutputStream:75 - [STDERR_REDIRECT] 
2025-10-09 22:37:46,419 [INFO] Activator:176 - 


2025-10-09 22:37:46,420 [INFO] Activator:177 - !SESSION log4j initialized
2025-10-09 22:37:49,326 [INFO] LogOutputStream:77 - [STDOUT_REDIRECT] 
2025-10-09 22:37:50,713 [INFO] ApplicationProperties:184 - Using Application install path: /home/tuna/st/stm32cubeide_1.18.1/plugins/com.st.stm32cube.common.mx_6.15.0.202507011659
2025-10-09 22:37:50,722 [INFO] DbMcusXml:78 - Set database path to: /home/tuna/st/stm32cubeide_1.18.1/plugins/com.st.stm32cube.common.mx_6.15.0.202507011659//db//mcu/
2025-10-09 22:37:50,722 [INFO] ApiDb:274 - Set plugin database path to: /home/tuna/st/stm32cubeide_1.18.1/plugins/com.st.stm32cube.common.mx_6.15.0.202507011659//db//plugins/boardmanager/
2025-10-09 22:37:50,723 [WARN] ApiDb:259 - Overriding images path with different value:  => /home/tuna/st/stm32cubeide_1.18.1/plugins/com.st.stm32cube.common.mx_6.15.0.202507011659//db//plugins/mcufinder/images/
2025-10-09 22:37:50,725 [INFO] ApiDb:250 - Set database path to: /home/tuna/.stmcufinder/plugins/mcufinder//mcu/
2025-10-09 22:37:50,725 [INFO] DbMcusAds:125 - Set database path to: /home/tuna/.stmcufinder/plugins/mcufinder//mcu/
2025-10-09 22:37:51,728 [INFO] CrossReferenceDbSqlite:203 - Set database path to: /home/tuna/.stmcufinder/plugins/mcufinder//mcu/cs/
2025-10-09 22:37:51,793 [INFO] RulesReader:64 - Compatibility file has been processed (317 Rules)
2025-10-09 22:37:51,834 [INFO] DbMcusXml:78 - Set database path to: /home/tuna/st/stm32cubeide_1.18.1/plugins/com.st.stm32cube.common.mx_6.15.0.202507011659//db//mcu/
2025-10-09 22:37:51,834 [INFO] ApiDb:274 - Set plugin database path to: /home/tuna/st/stm32cubeide_1.18.1/plugins/com.st.stm32cube.common.mx_6.15.0.202507011659//db//plugins/boardmanager/
2025-10-09 22:37:51,834 [INFO] ApiDb:261 - Set plugin images path to: /home/tuna/st/stm32cubeide_1.18.1/plugins/com.st.stm32cube.common.mx_6.15.0.202507011659//db//plugins/mcufinder/images/
2025-10-09 22:37:51,834 [WARN] DbFile:41 - Overriding database path with different value: /home/tuna/.stmcufinder/plugins/mcufinder/ => /home/tuna/.stmcufinder/plugins/mcufinder
2025-10-09 22:37:51,834 [INFO] ApiDb:250 - Set database path to: /home/tuna/.stmcufinder/plugins/mcufinder//mcu/
2025-10-09 22:37:51,834 [WARN] DbFile:41 - Overriding database path with different value: /home/tuna/.stmcufinder/plugins/mcufinder/ => /home/tuna/.stmcufinder/plugins/mcufinder
2025-10-09 22:37:51,834 [INFO] DbMcusAds:125 - Set database path to: /home/tuna/.stmcufinder/plugins/mcufinder//mcu/
2025-10-09 22:37:51,834 [WARN] DbFile:41 - Overriding database path with different value: /home/tuna/.stmcufinder/plugins/mcufinder/ => /home/tuna/.stmcufinder/plugins/mcufinder
2025-10-09 22:37:51,834 [WARN] DbFile:41 - Overriding database path with different value: /home/tuna/.stmcufinder/plugins/mcufinder/ => /home/tuna/.stmcufinder/plugins/mcufinder
2025-10-09 22:37:52,835 [INFO] CrossReferenceDbSqlite:203 - Set database path to: /home/tuna/.stmcufinder/plugins/mcufinder//mcu/cs/
2025-10-09 22:37:52,872 [INFO] MainPanel:274 - HeapMemory: 268435456
2025-10-09 22:37:52,940 [INFO] DbMcusXml:78 - Set database path to: /home/tuna/st/stm32cubeide_1.18.1/plugins/com.st.stm32cube.common.mx_6.15.0.202507011659//db//mcu/
2025-10-09 22:37:52,940 [INFO] ApiDb:274 - Set plugin database path to: /home/tuna/st/stm32cubeide_1.18.1/plugins/com.st.stm32cube.common.mx_6.15.0.202507011659//db//plugins/boardmanager/
2025-10-09 22:37:52,941 [INFO] ApiDb:261 - Set plugin images path to: /home/tuna/st/stm32cubeide_1.18.1/plugins/com.st.stm32cube.common.mx_6.15.0.202507011659//db//plugins/mcufinder/images/
2025-10-09 22:37:52,941 [WARN] DbFile:41 - Overriding database path with different value: /home/tuna/.stmcufinder/plugins/mcufinder/ => /home/tuna/.stmcufinder/plugins/mcufinder
2025-10-09 22:37:52,941 [INFO] ApiDb:250 - Set database path to: /home/tuna/.stmcufinder/plugins/mcufinder//mcu/
2025-10-09 22:37:52,941 [WARN] DbFile:41 - Overriding database path with different value: /home/tuna/.stmcufinder/plugins/mcufinder/ => /home/tuna/.stmcufinder/plugins/mcufinder
2025-10-09 22:37:52,941 [INFO] DbMcusAds:125 - Set database path to: /home/tuna/.stmcufinder/plugins/mcufinder//mcu/
2025-10-09 22:37:52,941 [WARN] DbFile:41 - Overriding database path with different value: /home/tuna/.stmcufinder/plugins/mcufinder/ => /home/tuna/.stmcufinder/plugins/mcufinder
2025-10-09 22:37:52,941 [WARN] DbFile:41 - Overriding database path with different value: /home/tuna/.stmcufinder/plugins/mcufinder/ => /home/tuna/.stmcufinder/plugins/mcufinder
2025-10-09 22:37:53,943 [INFO] CrossReferenceDbSqlite:203 - Set database path to: /home/tuna/.stmcufinder/plugins/mcufinder//mcu/cs/
2025-10-09 22:37:53,956 [INFO] ApplicationProperties:184 - Using Application install path: /home/tuna/st/stm32cubeide_1.18.1/plugins/com.st.stm32cube.common.mx_6.15.0.202507011659
2025-10-09 22:37:53,957 [INFO] PluginManage:196 - Search for loadable plugins [exclusion list=, ]
2025-10-09 22:37:53,958 [INFO] PluginManage:310 - Check plugin analytics
2025-10-09 22:37:55,056 [INFO] AnalyticsPlugin:253 - Accepted Software Licenses: STM32CubeMX.6.15.0
2025-10-09 22:37:55,056 [INFO] AnalyticsPlugin:255 - Accepted CMSIS Pack Licenses: 
2025-10-09 22:37:55,056 [INFO] AnalyticsPlugin:257 - Accepted Firmware Licenses: FW.G4.1.6.0,FW.F4.1.28.0
2025-10-09 22:37:55,057 [INFO] PluginManage:359 - Loaded plugin analytics (category:tool,tabindex:-1)
2025-10-09 22:37:55,057 [INFO] PluginManage:310 - Check plugin cadmodel
2025-10-09 22:37:55,059 [INFO] CADModel:105 - Init CAD model plugin
2025-10-09 22:37:55,060 [INFO] PluginManage:359 - Loaded plugin cadmodel (category:power,tabindex:5)
2025-10-09 22:37:55,060 [INFO] PluginManage:310 - Check plugin clock
2025-10-09 22:37:55,065 [INFO] PluginManage:359 - Loaded plugin clock (category:base,tabindex:2)
2025-10-09 22:37:55,065 [INFO] PluginManage:310 - Check plugin ddr
2025-10-09 22:37:55,066 [INFO] PluginManage:359 - Loaded plugin ddr (category:tool,tabindex:6)
2025-10-09 22:37:55,067 [INFO] PluginManage:310 - Check plugin filemanager
2025-10-09 22:37:55,200 [INFO] PluginManage:359 - Loaded plugin filemanager (category:base,tabindex:10)
2025-10-09 22:37:55,200 [INFO] PluginManage:310 - Check plugin ipmanager
2025-10-09 22:37:55,204 [INFO] PluginManage:359 - Loaded plugin ipmanager (category:base,tabindex:5)
2025-10-09 22:37:55,204 [INFO] PluginManage:310 - Check plugin lpbam
2025-10-09 22:37:55,210 [INFO] PluginManage:359 - Loaded plugin lpbam (category:base,tabindex:0)
2025-10-09 22:37:55,210 [INFO] PluginManage:310 - Check plugin memorymap
2025-10-09 22:37:55,219 [INFO] PluginManage:359 - Loaded plugin memorymap (category:base,tabindex:4)
2025-10-09 22:37:55,219 [INFO] PluginManage:310 - Check plugin pinoutandconfiguration
2025-10-09 22:37:55,224 [INFO] PluginManage:359 - Loaded plugin pinoutandconfiguration (category:base,tabindex:1)
2025-10-09 22:37:55,224 [INFO] PluginManage:310 - Check plugin pinoutconfig
2025-10-09 22:37:55,283 [WARN] SupportedApi:132 - Cannot load RTOS API schema: s4s-elt-must-match.1: The content of 'definitions' must match (annotation?, (simpleType | complexType)?, (unique | key | keyref)*)). A problem was found starting at: attribute.
2025-10-09 22:37:55,372 [INFO] PluginManage:359 - Loaded plugin pinoutconfig (category:base,tabindex:0)
2025-10-09 22:37:55,372 [INFO] PluginManage:310 - Check plugin power
2025-10-09 22:37:55,376 [INFO] PluginManage:359 - Loaded plugin power (category:power,tabindex:4)
2025-10-09 22:37:55,376 [INFO] PluginManage:310 - Check plugin projectmanager
2025-10-09 22:37:55,389 [INFO] PluginManage:359 - Loaded plugin projectmanager (category:projectmanager,tabindex:4)
2025-10-09 22:37:55,390 [INFO] PluginManage:310 - Check plugin rif
2025-10-09 22:37:55,396 [INFO] PluginManage:359 - Loaded plugin rif (category:base,tabindex:3)
2025-10-09 22:37:55,396 [INFO] PluginManage:310 - Check plugin thirdparty
2025-10-09 22:37:55,467 [INFO] PluginManage:359 - Loaded plugin thirdparty (category:base,tabindex:-1)
2025-10-09 22:37:55,467 [INFO] PluginManage:310 - Check plugin tools
2025-10-09 22:37:55,467 [WARN] IntegrityCheckThread:84 - waiting for thirdparty lock release [integrity check]
2025-10-09 22:37:55,468 [INFO] IntegrityCheckThread:86 - entering critical section [integrity check]
2025-10-09 22:37:55,468 [INFO] ThirdPartyUpdaterWithRetryManager:70 - Updater plugin not ready yet. [1/15]
2025-10-09 22:37:55,469 [INFO] PluginManage:359 - Loaded plugin tools (category:base,tabindex:7)
2025-10-09 22:37:55,469 [INFO] PluginManage:310 - Check plugin tutovideos
2025-10-09 22:37:55,596 [INFO] PluginManage:359 - Loaded plugin tutovideos (category:base,tabindex:-1)
2025-10-09 22:37:55,596 [INFO] PluginManage:310 - Check plugin updater
2025-10-09 22:37:55,610 [INFO] PluginManage:359 - Loaded plugin updater (category:base,tabindex:12)
2025-10-09 22:37:55,610 [INFO] PluginManage:310 - Check plugin userauth
2025-10-09 22:37:55,613 [INFO] UserAuth:118 - Init User Auth plugin
2025-10-09 22:37:55,614 [INFO] PluginManage:359 - Loaded plugin userauth (category:base,tabindex:14)
2025-10-09 22:37:55,614 [INFO] PluginManage:283 - PluginManage : Loaded plugins [18]
2025-10-09 22:37:55,723 [INFO] PinOutPanel:1589 - setPackage(No Configuration,No Configuration)
2025-10-09 22:37:55,760 [INFO] CADModel:165 - CPN selected for project level
2025-10-09 22:37:55,760 [INFO] CADModel:114 - Register for checkConnection events
2025-10-09 22:37:55,766 [INFO] IPUIPlugin:80 - create IPUIPlugin
2025-10-09 22:37:55,766 [INFO] PluginManager:220 - loadIPPluginJar : add ddr_ctrl_phy
2025-10-09 22:37:55,768 [INFO] IPUIPlugin:80 - create IPUIPlugin
2025-10-09 22:37:55,768 [INFO] PluginManager:220 - loadIPPluginJar : add aes
2025-10-09 22:37:55,777 [INFO] IPUIPlugin:80 - create IPUIPlugin
2025-10-09 22:37:55,777 [INFO] PluginManager:220 - loadIPPluginJar : add gic
2025-10-09 22:37:55,780 [INFO] IPUIPlugin:80 - create IPUIPlugin
2025-10-09 22:37:55,780 [INFO] PluginManager:220 - loadIPPluginJar : add resmgrutility
2025-10-09 22:37:55,781 [INFO] IPUIPlugin:80 - create IPUIPlugin
2025-10-09 22:37:55,781 [INFO] PluginManager:220 - loadIPPluginJar : add dma3
2025-10-09 22:37:55,782 [INFO] IPUIPlugin:80 - create IPUIPlugin
2025-10-09 22:37:55,782 [INFO] PluginManager:220 - loadIPPluginJar : add spi
2025-10-09 22:37:55,786 [INFO] IPUIPlugin:80 - create IPUIPlugin
2025-10-09 22:37:55,787 [INFO] PluginManager:220 - loadIPPluginJar : add plateformsettings
2025-10-09 22:37:55,788 [INFO] IPUIPlugin:80 - create IPUIPlugin
2025-10-09 22:37:55,789 [INFO] PluginManager:220 - loadIPPluginJar : add gtzc
2025-10-09 22:37:55,791 [INFO] IPUIPlugin:80 - create IPUIPlugin
2025-10-09 22:37:55,791 [INFO] PluginManager:220 - loadIPPluginJar : add freertos
2025-10-09 22:37:55,794 [INFO] IPUIPlugin:80 - create IPUIPlugin
2025-10-09 22:37:55,794 [INFO] PluginManager:220 - loadIPPluginJar : add fmc
2025-10-09 22:37:55,794 [INFO] IPUIPlugin:80 - create IPUIPlugin
2025-10-09 22:37:55,794 [INFO] PluginManager:220 - loadIPPluginJar : add quadspi
2025-10-09 22:37:55,795 [INFO] IPUIPlugin:80 - create IPUIPlugin
2025-10-09 22:37:55,795 [INFO] PluginManager:220 - loadIPPluginJar : add radio
2025-10-09 22:37:55,796 [INFO] IPUIPlugin:80 - create IPUIPlugin
2025-10-09 22:37:55,796 [INFO] PluginManager:220 - loadIPPluginJar : add fatfs
2025-10-09 22:37:55,799 [INFO] IPUIPlugin:80 - create IPUIPlugin
2025-10-09 22:37:55,799 [INFO] PluginManager:220 - loadIPPluginJar : add mdma
2025-10-09 22:37:55,800 [INFO] IPUIPlugin:80 - create IPUIPlugin
2025-10-09 22:37:55,800 [INFO] PluginManager:220 - loadIPPluginJar : add ltdc
2025-10-09 22:37:55,802 [INFO] IPUIPlugin:80 - create IPUIPlugin
2025-10-09 22:37:55,802 [INFO] PluginManager:220 - loadIPPluginJar : add gpio
2025-10-09 22:37:55,803 [INFO] IPUIPlugin:80 - create IPUIPlugin
2025-10-09 22:37:55,803 [INFO] PluginManager:220 - loadIPPluginJar : add opamp
2025-10-09 22:37:55,804 [INFO] IPUIPlugin:80 - create IPUIPlugin
2025-10-09 22:37:55,804 [INFO] PluginManager:220 - loadIPPluginJar : add usart
2025-10-09 22:37:55,805 [INFO] IPUIPlugin:80 - create IPUIPlugin
2025-10-09 22:37:55,805 [INFO] PluginManager:220 - loadIPPluginJar : add usbx
2025-10-09 22:37:55,806 [INFO] IPUIPlugin:80 - create IPUIPlugin
2025-10-09 22:37:55,806 [INFO] PluginManager:220 - loadIPPluginJar : add tim
2025-10-09 22:37:55,807 [INFO] IPUIPlugin:80 - create IPUIPlugin
2025-10-09 22:37:55,807 [INFO] PluginManager:220 - loadIPPluginJar : add lorawan
2025-10-09 22:37:55,807 [INFO] IPUIPlugin:80 - create IPUIPlugin
2025-10-09 22:37:55,808 [INFO] PluginManager:220 - loadIPPluginJar : add i2s
2025-10-09 22:37:55,811 [INFO] IPUIPlugin:80 - create IPUIPlugin
2025-10-09 22:37:55,811 [INFO] PluginManager:220 - loadIPPluginJar : add adc
2025-10-09 22:37:55,812 [INFO] IPUIPlugin:80 - create IPUIPlugin
2025-10-09 22:37:55,812 [INFO] PluginManager:220 - loadIPPluginJar : add extmemmanager
2025-10-09 22:37:55,813 [INFO] IPUIPlugin:80 - create IPUIPlugin
2025-10-09 22:37:55,813 [INFO] PluginManager:220 - loadIPPluginJar : add comp
2025-10-09 22:37:55,813 [INFO] IPUIPlugin:80 - create IPUIPlugin
2025-10-09 22:37:55,814 [INFO] PluginManager:220 - loadIPPluginJar : add genericplugin
2025-10-09 22:37:55,814 [INFO] IPUIPlugin:80 - create IPUIPlugin
2025-10-09 22:37:55,814 [INFO] PluginManager:220 - loadIPPluginJar : add ts
2025-10-09 22:37:55,815 [INFO] IPUIPlugin:80 - create IPUIPlugin
2025-10-09 22:37:55,815 [INFO] PluginManager:220 - loadIPPluginJar : add ucpd
2025-10-09 22:37:55,816 [INFO] IPUIPlugin:80 - create IPUIPlugin
2025-10-09 22:37:55,816 [INFO] PluginManager:220 - loadIPPluginJar : add can
2025-10-09 22:37:55,817 [INFO] IPUIPlugin:80 - create IPUIPlugin
2025-10-09 22:37:55,818 [INFO] PluginManager:220 - loadIPPluginJar : add touchsensing
2025-10-09 22:37:55,818 [INFO] IPUIPlugin:80 - create IPUIPlugin
2025-10-09 22:37:55,818 [INFO] PluginManager:220 - loadIPPluginJar : add tracer_emb
2025-10-09 22:37:55,821 [INFO] IPUIPlugin:80 - create IPUIPlugin
2025-10-09 22:37:55,821 [INFO] PluginManager:220 - loadIPPluginJar : add stm32_wpan
2025-10-09 22:37:55,822 [INFO] IPUIPlugin:80 - create IPUIPlugin
2025-10-09 22:37:55,822 [INFO] PluginManager:220 - loadIPPluginJar : add tsc
2025-10-09 22:37:55,823 [INFO] IPUIPlugin:80 - create IPUIPlugin
2025-10-09 22:37:55,823 [INFO] PluginManager:220 - loadIPPluginJar : add gfxmmu
2025-10-09 22:37:55,824 [INFO] IPUIPlugin:80 - create IPUIPlugin
2025-10-09 22:37:55,824 [INFO] PluginManager:220 - loadIPPluginJar : add ipddr
2025-10-09 22:37:55,825 [INFO] IPUIPlugin:80 - create IPUIPlugin
2025-10-09 22:37:55,825 [INFO] PluginManager:220 - loadIPPluginJar : add i2c
2025-10-09 22:37:55,826 [INFO] IPUIPlugin:80 - create IPUIPlugin
2025-10-09 22:37:55,827 [INFO] PluginManager:220 - loadIPPluginJar : add nvic
2025-10-09 22:37:55,827 [INFO] IPUIPlugin:80 - create IPUIPlugin
2025-10-09 22:37:55,827 [INFO] PluginManager:220 - loadIPPluginJar : add i3c
2025-10-09 22:37:55,828 [INFO] IPUIPlugin:80 - create IPUIPlugin
2025-10-09 22:37:55,828 [INFO] PluginManager:220 - loadIPPluginJar : add dfsdm
2025-10-09 22:37:55,829 [INFO] IPUIPlugin:80 - create IPUIPlugin
2025-10-09 22:37:55,829 [INFO] PluginManager:220 - loadIPPluginJar : add pdm2pcm
2025-10-09 22:37:55,831 [INFO] IPUIPlugin:80 - create IPUIPlugin
2025-10-09 22:37:55,831 [INFO] PluginManager:220 - loadIPPluginJar : add openamp
2025-10-09 22:37:55,834 [INFO] IPUIPlugin:80 - create IPUIPlugin
2025-10-09 22:37:55,834 [INFO] PluginManager:220 - loadIPPluginJar : add dma
2025-10-09 22:37:55,835 [INFO] IPUIPlugin:80 - create IPUIPlugin
2025-10-09 22:37:55,835 [INFO] PluginManager:220 - loadIPPluginJar : add sai
2025-10-09 22:37:55,836 [INFO] IPUIPlugin:80 - create IPUIPlugin
2025-10-09 22:37:55,836 [INFO] PluginManager:220 - loadIPPluginJar : add hash
2025-10-09 22:37:55,840 [INFO] IPUIPlugin:80 - create IPUIPlugin
2025-10-09 22:37:55,840 [INFO] PluginManager:220 - loadIPPluginJar : add linkedlist
2025-10-09 22:37:55,841 [INFO] IPUIPlugin:80 - create IPUIPlugin
2025-10-09 22:37:55,841 [INFO] PluginManager:220 - loadIPPluginJar : add cryp
2025-10-09 22:37:55,930 [FATAL] Updater:351 - Updater called before beeing initialized
2025-10-09 22:37:55,946 [INFO] RulesReader:64 - Compatibility file has been processed (317 Rules)
2025-10-09 22:37:55,952 [INFO] RulesReader:64 - Compatibility file has been processed (317 Rules)
2025-10-09 22:37:55,957 [INFO] CADModel:165 - CPN selected for project level
2025-10-09 22:37:55,957 [INFO] CADModel:114 - Register for checkConnection events
2025-10-09 22:37:55,957 [FATAL] Updater:351 - Updater called before beeing initialized
2025-10-09 22:37:55,957 [ERROR] CADModel:125 - Updater not yet initialized, retry later 
2025-10-09 22:37:56,043 [FATAL] Updater:351 - Updater called before beeing initialized
2025-10-09 22:37:56,045 [INFO] CADModel:165 - CPN selected for project level
2025-10-09 22:37:56,045 [INFO] CADModel:114 - Register for checkConnection events
2025-10-09 22:37:56,045 [FATAL] Updater:351 - Updater called before beeing initialized
2025-10-09 22:37:56,045 [ERROR] CADModel:125 - Updater not yet initialized, retry later 
2025-10-09 22:37:56,047 [FATAL] Updater:351 - Updater called before beeing initialized
2025-10-09 22:37:56,111 [FATAL] Updater:351 - Updater called before beeing initialized
2025-10-09 22:37:56,114 [INFO] DbMcusAds:53 - JSON generation date=Thu Oct 02 16:36:05 ICT 2025 (1759397765645)
2025-10-09 22:37:56,114 [FATAL] Updater:351 - Updater called before beeing initialized
2025-10-09 22:37:56,135 [WARN] DetailPanel:346 - Failed to get advertising image, set to default
2025-10-09 22:37:56,191 [FATAL] Updater:351 - Updater called before beeing initialized
2025-10-09 22:37:56,193 [FATAL] Updater:351 - Updater called before beeing initialized
2025-10-09 22:37:56,193 [FATAL] Updater:351 - Updater called before beeing initialized
2025-10-09 22:37:56,193 [WARN] DetailPanel:346 - Failed to get advertising image, set to default
2025-10-09 22:37:56,193 [FATAL] Updater:351 - Updater called before beeing initialized
2025-10-09 22:37:56,213 [ERROR] Updater:1198 - MainUpdater not yet initialized. External WinMGr cannot be set.
2025-10-09 22:37:56,214 [INFO] Updater:1134 - Updater Version found : 6.15.0
2025-10-09 22:37:56,226 [INFO] ApplicationProperties:184 - Using Application install path: /home/tuna/st/stm32cubeide_1.18.1/plugins/com.st.stm32cube.common.mx_6.15.0.202507011659
2025-10-09 22:37:56,477 [INFO] MainUpdater:2872 - connection check result : 10
2025-10-09 22:37:56,477 [INFO] MainUpdater:289 - Updater Check For Update Now.
2025-10-09 22:37:56,477 [INFO] MicroXplorer:498 - Change Database Version : DB.6.0.150
2025-10-09 22:37:56,480 [INFO] McuFinderGlobals:63 - Set McuFinder mode to 2 (CubeIDE integrated)
2025-10-09 22:37:56,481 [INFO] UserAuth:487 - Internet connection configuration mode: 1
2025-10-09 22:37:56,489 [INFO] JxBrowserEngine:152 - Initiate JxBrowser Engine with user profile folder
2025-10-09 22:37:56,622 [INFO] CheckServerUpdateThread:120 - End of CheckServer Thread
2025-10-09 22:37:56,884 [INFO] WebApp:169 - Instantiating new browser for Auth
2025-10-09 22:37:57,290 [INFO] WebApp:463 - Apply proxy settings
2025-10-09 22:37:57,290 [INFO] WebApp:548 - Chromium requires no authentication
2025-10-09 22:37:57,295 [INFO] WebApp:491 - Direct internet connection detected
2025-10-09 22:37:57,306 [INFO] WebApp:900 - Register for checkConnection events
2025-10-09 22:37:57,306 [INFO] WebApp:463 - Apply proxy settings
2025-10-09 22:37:57,307 [INFO] WebApp:548 - Chromium requires no authentication
2025-10-09 22:37:57,307 [INFO] WebApp:491 - Direct internet connection detected
2025-10-09 22:37:57,384 [INFO] WebApp:225 - Starting web application
2025-10-09 22:37:57,384 [INFO] WebApp:593 - Web application path used /home/tuna/st/stm32cubeide_1.18.1/plugins/com.st.stm32cube.common.mx_6.15.0.202507011659/db/plugins/mcufinder/reactClient1/index.html
2025-10-09 22:37:57,574 [INFO] WebApp:191 - Connection restablished
2025-10-09 22:37:58,544 [WARN] PackLoader:240 - Cannot read IP mode file for STMicroelectronics.FP-SNS-MOTENVWB1.1.4.0
2025-10-09 22:37:58,548 [WARN] PackLoader:240 - Cannot read IP mode file for STMicroelectronics.FP-ATR-ASTRA1.2.0.2
2025-10-09 22:37:58,552 [WARN] PackLoader:240 - Cannot read IP mode file for STMicroelectronics.X-CUBE-SMBUS.2.1.0
2025-10-09 22:37:58,555 [WARN] PackLoader:240 - Cannot read IP mode file for STMicroelectronics.X-CUBE-ST60.1.0.0
2025-10-09 22:37:58,573 [WARN] PackLoader:240 - Cannot read IP mode file for STMicroelectronics.X-CUBE-AZRTOS-F7.1.1.0
2025-10-09 22:37:58,593 [WARN] PackLoader:240 - Cannot read IP mode file for Infineon.AIROC-Wi-Fi-Bluetooth-STM32.1.7.1
2025-10-09 22:37:58,614 [WARN] PackLoader:240 - Cannot read IP mode file for STMicroelectronics.X-CUBE-AZRTOS-H7.3.4.0
2025-10-09 22:37:58,622 [WARN] PackLoader:240 - Cannot read IP mode file for STMicroelectronics.X-CUBE-DISPLAY.3.0.0
2025-10-09 22:37:58,630 [WARN] PackLoader:240 - Cannot read IP mode file for STMicroelectronics.X-CUBE-NFC10.1.0.0
2025-10-09 22:37:58,634 [WARN] PackLoader:240 - Cannot read IP mode file for emotas.I-CUBE-CANOPEN.1.3.0
2025-10-09 22:37:58,639 [WARN] PackLoader:240 - Cannot read IP mode file for STMicroelectronics.FP-SNS-STBOX1.2.1.0
2025-10-09 22:37:58,643 [WARN] PackLoader:240 - Cannot read IP mode file for STMicroelectronics.FP-SNS-SMARTAG2.1.2.0
2025-10-09 22:37:58,646 [WARN] PackLoader:240 - Cannot read IP mode file for STMicroelectronics.FP-SNS-FLIGHT1.5.1.0
2025-10-09 22:37:58,651 [INFO] LogOutputStream:77 - [STDOUT_REDIRECT] 1 : Invalid condition id : UX_CORESTACK_Condition cause : null
2025-10-09 22:37:58,652 [INFO] LogOutputStream:77 - [STDOUT_REDIRECT] 1 : Invalid condition id : UX_CORESTACK_Condition cause : null
2025-10-09 22:37:58,652 [INFO] LogOutputStream:77 - [STDOUT_REDIRECT] 1 : Invalid condition id : UX_CORESTACK_Condition cause : null
2025-10-09 22:37:58,653 [INFO] LogOutputStream:77 - [STDOUT_REDIRECT] 1 : Invalid condition id : UX_CORESTACK_Condition cause : null
2025-10-09 22:37:58,653 [INFO] LogOutputStream:77 - [STDOUT_REDIRECT] 1 : Invalid condition id : UX_CORESTACK_Condition cause : null
2025-10-09 22:37:58,655 [WARN] PackLoader:240 - Cannot read IP mode file for STMicroelectronics.X-CUBE-AZRTOS-WL.2.0.0
2025-10-09 22:37:58,658 [WARN] PackLoader:240 - Cannot read IP mode file for STMicroelectronics.FP-SNS-MOTENV1.5.0.0
2025-10-09 22:37:58,664 [WARN] PackLoader:240 - Cannot read IP mode file for WES.I-CUBE-Cesium.1.3.0
2025-10-09 22:37:58,667 [WARN] PackLoader:240 - Cannot read IP mode file for STMicroelectronics.X-CUBE-BLE2.3.3.0
2025-10-09 22:37:58,671 [WARN] PackLoader:240 - Cannot read IP mode file for STMicroelectronics.X-CUBE-NFC9.1.0.0
2025-10-09 22:37:58,675 [WARN] PackLoader:240 - Cannot read IP mode file for wolfSSL.I-CUBE-wolfSSL.5.8.2
2025-10-09 22:37:58,677 [WARN] PackLoader:240 - Cannot read IP mode file for STMicroelectronics.X-CUBE-BLE1.7.1.0
2025-10-09 22:37:58,680 [WARN] PackLoader:240 - Cannot read IP mode file for wolfSSL.I-CUBE-wolfMQTT.1.19.2
2025-10-09 22:37:58,684 [WARN] PackLoader:240 - Cannot read IP mode file for STMicroelectronics.X-CUBE-EEPRMA1.5.2.0
2025-10-09 22:37:58,687 [WARN] PackLoader:240 - Cannot read IP mode file for STMicroelectronics.X-CUBE-AI.10.1.0
2025-10-09 22:37:58,697 [WARN] PackLoader:240 - Cannot read IP mode file for STMicroelectronics.X-CUBE-AZRTOS-G0.1.1.0
2025-10-09 22:37:58,703 [WARN] PackLoader:240 - Cannot read IP mode file for STMicroelectronics.X-CUBE-SAFEA1.1.2.2
2025-10-09 22:37:58,708 [WARN] PackLoader:240 - Cannot read IP mode file for STMicroelectronics.X-CUBE-NFC4.3.0.0
2025-10-09 22:37:58,720 [WARN] PackLoader:240 - Cannot read IP mode file for EmbeddedOffice.I-CUBE-FS-RTOS.1.0.1
2025-10-09 22:37:58,724 [WARN] PackLoader:240 - Cannot read IP mode file for STMicroelectronics.X-CUBE-WB05N.2.0.0
2025-10-09 22:37:58,728 [WARN] PackLoader:240 - Cannot read IP mode file for wolfSSL.I-CUBE-wolfTPM.3.8.0
2025-10-09 22:37:58,732 [WARN] PackLoader:240 - Cannot read IP mode file for STMicroelectronics.X-CUBE-TCPP.4.2.0
2025-10-09 22:37:58,736 [WARN] PackLoader:240 - Cannot read IP mode file for RealThread.X-CUBE-RT-Thread_Nano.4.1.1
2025-10-09 22:37:58,739 [WARN] PackLoader:240 - Cannot read IP mode file for STMicroelectronics.FP-ATR-SIGFOX1.3.2.0
2025-10-09 22:37:58,742 [WARN] PackLoader:240 - Cannot read IP mode file for ITTIA_DB.I-CUBE-ITTIADB.8.9.0
2025-10-09 22:37:58,746 [WARN] PackLoader:240 - Cannot read IP mode file for STMicroelectronics.X-CUBE-ST67W61.1.0.0
2025-10-09 22:37:58,749 [WARN] PackLoader:240 - Cannot read IP mode file for STMicroelectronics.X-CUBE-AI.10.2.0
2025-10-09 22:37:58,764 [WARN] PackLoader:240 - Cannot read IP mode file for SEGGER.I-CUBE-embOS.1.3.1
2025-10-09 22:37:58,802 [WARN] PackLoader:240 - Cannot read IP mode file for STMicroelectronics.X-CUBE-ALGOBUILD.1.4.0
2025-10-09 22:37:58,802 [INFO] UserAuth:487 - Internet connection configuration mode: 1
2025-10-09 22:37:58,833 [WARN] PackLoader:240 - Cannot read IP mode file for STMicroelectronics.X-CUBE-MEMS1.11.3.0
2025-10-09 22:37:58,979 [WARN] PackLoader:240 - Cannot read IP mode file for STMicroelectronics.X-CUBE-PM33A1.1.0.0
2025-10-09 22:37:58,989 [WARN] PackLoader:240 - Cannot read IP mode file for STMicroelectronics.X-CUBE-AZRTOS-F4.1.1.0
2025-10-09 22:37:58,992 [WARN] PackLoader:240 - Cannot read IP mode file for Avnet-IotConnect.X-CUBE-IoTC-DA16k-PMOD.1.0.0
2025-10-09 22:37:58,995 [WARN] PackLoader:240 - Cannot read IP mode file for STMicroelectronics.X-CUBE-ISPU.2.1.0
2025-10-09 22:37:58,998 [WARN] PackLoader:240 - Cannot read IP mode file for STMicroelectronics.X-CUBE-NFC12.1.0.0
2025-10-09 22:37:59,006 [WARN] PackLoader:240 - Cannot read IP mode file for STMicroelectronics.X-CUBE-AZRTOS-L5.2.0.0
2025-10-09 22:37:59,011 [WARN] PackLoader:240 - Cannot read IP mode file for STMicroelectronics.X-CUBE-NFC6.3.1.0
2025-10-09 22:37:59,015 [WARN] PackLoader:240 - Cannot read IP mode file for STMicroelectronics.X-CUBE-FREERTOS.1.3.1
2025-10-09 22:37:59,021 [WARN] PackLoader:240 - Cannot read IP mode file for STMicroelectronics.X-CUBE-TOUCHGFX.4.26.0
2025-10-09 22:37:59,025 [WARN] PackLoader:240 - Cannot read IP mode file for STMicroelectronics.FP-SNS-STAIOTCFT.1.0.0
2025-10-09 22:37:59,029 [WARN] PackLoader:240 - Cannot read IP mode file for STMicroelectronics.X-CUBE-DPower.1.3.0
2025-10-09 22:37:59,043 [WARN] ConditionMgr:438 - getConditionDescription Invalid condition id : LAN8742 Phy interface Condition cause : null
2025-10-09 22:37:59,044 [WARN] PackLoader:240 - Cannot read IP mode file for STMicroelectronics.X-CUBE-AZRTOS-L4.2.0.0
2025-10-09 22:37:59,045 [WARN] ConditionMgr:1044 - genDependencies : Invalid condition id : LAN8742 Phy interface Condition cause : null
2025-10-09 22:37:59,045 [WARN] ConditionMgr:1044 - genDependencies : Invalid condition id : LAN8742 Phy interface Condition cause : null
2025-10-09 22:37:59,046 [WARN] ConditionMgr:1044 - genDependencies : Invalid condition id : LAN8742 Phy interface Condition cause : null
2025-10-09 22:37:59,052 [WARN] PackLoader:240 - Cannot read IP mode file for STMicroelectronics.X-CUBE-SFXS2LP1.4.0.0
2025-10-09 22:37:59,062 [WARN] PackLoader:240 - Cannot read IP mode file for STMicroelectronics.X-CUBE-BLEMGR.4.1.0
2025-10-09 22:37:59,073 [WARN] ConditionMgr:438 - getConditionDescription Invalid condition id : UX DEVICE CLASS RTOS Condition cause : null
2025-10-09 22:37:59,073 [WARN] ConditionMgr:438 - getConditionDescription Invalid condition id : UX DEVICE CLASS RTOS Condition cause : null
2025-10-09 22:37:59,075 [WARN] PackLoader:240 - Cannot read IP mode file for STMicroelectronics.X-CUBE-AZRTOS-WB.2.0.0
2025-10-09 22:37:59,075 [WARN] ConditionMgr:1044 - genDependencies : Invalid condition id : UX DEVICE CLASS RTOS Condition cause : null
2025-10-09 22:37:59,075 [WARN] ConditionMgr:1044 - genDependencies : Invalid condition id : UX DEVICE CLASS RTOS Condition cause : null
2025-10-09 22:37:59,076 [WARN] ConditionMgr:1044 - genDependencies : Invalid condition id : UX DEVICE CLASS RTOS Condition cause : null
2025-10-09 22:37:59,076 [WARN] ConditionMgr:1044 - genDependencies : Invalid condition id : UX DEVICE CLASS RTOS Condition cause : null
2025-10-09 22:37:59,076 [WARN] ConditionMgr:1044 - genDependencies : Invalid condition id : UX DEVICE CLASS RTOS Condition cause : null
2025-10-09 22:37:59,079 [WARN] PackLoader:240 - Cannot read IP mode file for STMicroelectronics.X-CUBE-GNSS1.7.0.1
2025-10-09 22:37:59,082 [WARN] PackLoader:240 - Cannot read IP mode file for STMicroelectronics.X-CUBE-TOUCHGFX.4.25.0
2025-10-09 22:37:59,087 [WARN] PackLoader:240 - Cannot read IP mode file for STMicroelectronics.FP-SNS-STBOX1.2.0.0
2025-10-09 22:37:59,091 [WARN] ConditionMgr:438 - getConditionDescription Invalid condition id : Cortex-A Device cause : null
2025-10-09 22:37:59,102 [WARN] ConditionMgr:1044 - genDependencies : Invalid condition id : Cortex-A Device cause : null
2025-10-09 22:37:59,103 [WARN] ConditionMgr:1044 - genDependencies : Invalid condition id : Cortex-A Device cause : null
2025-10-09 22:37:59,103 [WARN] ConditionMgr:1044 - genDependencies : Invalid condition id : Cortex-A Device cause : null
2025-10-09 22:37:59,110 [WARN] PackLoader:240 - Cannot read IP mode file for STMicroelectronics.X-CUBE-SUBG2.5.0.0
2025-10-09 22:37:59,124 [WARN] PackLoader:240 - Cannot read IP mode file for STMicroelectronics.X-CUBE-AZRTOS-H7RS.1.1.0
2025-10-09 22:37:59,127 [WARN] PackLoader:240 - Cannot read IP mode file for Cesanta.I-CUBE-Mongoose.7.13.0
2025-10-09 22:37:59,133 [WARN] PackLoader:240 - Cannot read IP mode file for STMicroelectronics.X-CUBE-AZRTOS-G4.2.0.0
2025-10-09 22:37:59,136 [WARN] PackLoader:240 - Cannot read IP mode file for wolfSSL.I-CUBE-wolfSSH.1.4.20
2025-10-09 22:37:59,139 [WARN] PackLoader:240 - Cannot read IP mode file for STMicroelectronics.X-CUBE-NFC7.2.0.0
2025-10-09 22:37:59,145 [WARN] PackLoader:240 - Cannot read IP mode file for STMicroelectronics.X-CUBE-IPS.3.1.0
2025-10-09 22:37:59,151 [WARN] PackLoader:240 - Cannot read IP mode file for STMicroelectronics.X-CUBE-ALS.1.0.2
2025-10-09 22:37:59,155 [WARN] PackLoader:240 - Cannot read IP mode file for STMicroelectronics.X-CUBE-STSE01.1.0.0
2025-10-09 22:37:59,159 [WARN] PackLoader:240 - Cannot read IP mode file for portGmbH.I-Cube-SoM-uGOAL.1.1.0
2025-10-09 22:37:59,166 [WARN] PackLoader:240 - Cannot read IP mode file for STMicroelectronics.X-CUBE-TOF1.3.4.3
2025-10-09 22:37:59,175 [INFO] ThirdParty:978 - Integrity check success = true
2025-10-09 22:37:59,176 [INFO] IntegrityCheckThread:100 - exiting critical section [integrity check]
2025-10-09 22:37:59,176 [INFO] IntegrityCheckThread:103 - End integrity checks thread
2025-10-09 22:57:38,992 [ERROR] LogOutputStream:75 - [STDERR_REDIRECT] 
