2025-09-07 09:14:04,365 [INFO] Activator:176 - 


2025-09-07 09:14:04,368 [INFO] Activator:177 - !SESSION log4j initialized
2025-09-07 09:14:08,421 [INFO] LogOutputStream:77 - [STDOUT_REDIRECT] 
2025-09-07 09:14:10,488 [INFO] ApplicationProperties:184 - Using Application install path: /home/tuna/st/stm32cubeide_1.18.1/plugins/com.st.stm32cube.common.mx_6.15.0.202507011659
2025-09-07 09:14:10,505 [INFO] DbMcusXml:78 - Set database path to: /home/tuna/st/stm32cubeide_1.18.1/plugins/com.st.stm32cube.common.mx_6.15.0.202507011659//db//mcu/
2025-09-07 09:14:10,505 [INFO] ApiDb:274 - Set plugin database path to: /home/tuna/st/stm32cubeide_1.18.1/plugins/com.st.stm32cube.common.mx_6.15.0.202507011659//db//plugins/boardmanager/
2025-09-07 09:14:10,506 [WARN] ApiDb:259 - Overriding images path with different value:  => /home/tuna/st/stm32cubeide_1.18.1/plugins/com.st.stm32cube.common.mx_6.15.0.202507011659//db//plugins/mcufinder/images/
2025-09-07 09:14:10,514 [INFO] ApiDb:250 - Set database path to: /home/tuna/.stmcufinder/plugins/mcufinder//mcu/
2025-09-07 09:14:10,516 [INFO] DbMcusAds:125 - Set database path to: /home/tuna/.stmcufinder/plugins/mcufinder//mcu/
2025-09-07 09:14:11,520 [INFO] CrossReferenceDbSqlite:203 - Set database path to: /home/tuna/.stmcufinder/plugins/mcufinder//mcu/cs/
2025-09-07 09:14:11,597 [INFO] RulesReader:64 - Compatibility file has been processed (317 Rules)
2025-09-07 09:14:11,656 [INFO] DbMcusXml:78 - Set database path to: /home/tuna/st/stm32cubeide_1.18.1/plugins/com.st.stm32cube.common.mx_6.15.0.202507011659//db//mcu/
2025-09-07 09:14:11,656 [INFO] ApiDb:274 - Set plugin database path to: /home/tuna/st/stm32cubeide_1.18.1/plugins/com.st.stm32cube.common.mx_6.15.0.202507011659//db//plugins/boardmanager/
2025-09-07 09:14:11,656 [INFO] ApiDb:261 - Set plugin images path to: /home/tuna/st/stm32cubeide_1.18.1/plugins/com.st.stm32cube.common.mx_6.15.0.202507011659//db//plugins/mcufinder/images/
2025-09-07 09:14:11,656 [WARN] DbFile:41 - Overriding database path with different value: /home/tuna/.stmcufinder/plugins/mcufinder/ => /home/tuna/.stmcufinder/plugins/mcufinder
2025-09-07 09:14:11,656 [INFO] ApiDb:250 - Set database path to: /home/tuna/.stmcufinder/plugins/mcufinder//mcu/
2025-09-07 09:14:11,657 [WARN] DbFile:41 - Overriding database path with different value: /home/tuna/.stmcufinder/plugins/mcufinder/ => /home/tuna/.stmcufinder/plugins/mcufinder
2025-09-07 09:14:11,657 [INFO] DbMcusAds:125 - Set database path to: /home/tuna/.stmcufinder/plugins/mcufinder//mcu/
2025-09-07 09:14:11,657 [WARN] DbFile:41 - Overriding database path with different value: /home/tuna/.stmcufinder/plugins/mcufinder/ => /home/tuna/.stmcufinder/plugins/mcufinder
2025-09-07 09:14:11,657 [WARN] DbFile:41 - Overriding database path with different value: /home/tuna/.stmcufinder/plugins/mcufinder/ => /home/tuna/.stmcufinder/plugins/mcufinder
2025-09-07 09:14:12,658 [INFO] CrossReferenceDbSqlite:203 - Set database path to: /home/tuna/.stmcufinder/plugins/mcufinder//mcu/cs/
2025-09-07 09:14:12,721 [INFO] MainPanel:274 - HeapMemory: 268435456
2025-09-07 09:14:12,903 [INFO] DbMcusXml:78 - Set database path to: /home/tuna/st/stm32cubeide_1.18.1/plugins/com.st.stm32cube.common.mx_6.15.0.202507011659//db//mcu/
2025-09-07 09:14:12,903 [INFO] ApiDb:274 - Set plugin database path to: /home/tuna/st/stm32cubeide_1.18.1/plugins/com.st.stm32cube.common.mx_6.15.0.202507011659//db//plugins/boardmanager/
2025-09-07 09:14:12,903 [INFO] ApiDb:261 - Set plugin images path to: /home/tuna/st/stm32cubeide_1.18.1/plugins/com.st.stm32cube.common.mx_6.15.0.202507011659//db//plugins/mcufinder/images/
2025-09-07 09:14:12,903 [WARN] DbFile:41 - Overriding database path with different value: /home/tuna/.stmcufinder/plugins/mcufinder/ => /home/tuna/.stmcufinder/plugins/mcufinder
2025-09-07 09:14:12,903 [INFO] ApiDb:250 - Set database path to: /home/tuna/.stmcufinder/plugins/mcufinder//mcu/
2025-09-07 09:14:12,903 [WARN] DbFile:41 - Overriding database path with different value: /home/tuna/.stmcufinder/plugins/mcufinder/ => /home/tuna/.stmcufinder/plugins/mcufinder
2025-09-07 09:14:12,903 [INFO] DbMcusAds:125 - Set database path to: /home/tuna/.stmcufinder/plugins/mcufinder//mcu/
2025-09-07 09:14:12,904 [WARN] DbFile:41 - Overriding database path with different value: /home/tuna/.stmcufinder/plugins/mcufinder/ => /home/tuna/.stmcufinder/plugins/mcufinder
2025-09-07 09:14:12,904 [WARN] DbFile:41 - Overriding database path with different value: /home/tuna/.stmcufinder/plugins/mcufinder/ => /home/tuna/.stmcufinder/plugins/mcufinder
2025-09-07 09:14:13,904 [INFO] CrossReferenceDbSqlite:203 - Set database path to: /home/tuna/.stmcufinder/plugins/mcufinder//mcu/cs/
2025-09-07 09:14:13,919 [INFO] ApplicationProperties:184 - Using Application install path: /home/tuna/st/stm32cubeide_1.18.1/plugins/com.st.stm32cube.common.mx_6.15.0.202507011659
2025-09-07 09:14:13,921 [INFO] PluginManage:196 - Search for loadable plugins [exclusion list=, ]
2025-09-07 09:14:13,921 [INFO] PluginManage:310 - Check plugin analytics
2025-09-07 09:14:15,036 [INFO] AnalyticsPlugin:253 - Accepted Software Licenses: STM32CubeMX.6.15.0
2025-09-07 09:14:15,036 [INFO] AnalyticsPlugin:255 - Accepted CMSIS Pack Licenses: 
2025-09-07 09:14:15,036 [INFO] AnalyticsPlugin:257 - Accepted Firmware Licenses: FW.G4.1.6.0,FW.F4.1.28.0
2025-09-07 09:14:15,038 [INFO] PluginManage:359 - Loaded plugin analytics (category:tool,tabindex:-1)
2025-09-07 09:14:15,038 [INFO] PluginManage:310 - Check plugin cadmodel
2025-09-07 09:14:15,044 [INFO] CADModel:105 - Init CAD model plugin
2025-09-07 09:14:15,044 [INFO] PluginManage:359 - Loaded plugin cadmodel (category:power,tabindex:5)
2025-09-07 09:14:15,044 [INFO] PluginManage:310 - Check plugin clock
2025-09-07 09:14:15,053 [INFO] PluginManage:359 - Loaded plugin clock (category:base,tabindex:2)
2025-09-07 09:14:15,053 [INFO] PluginManage:310 - Check plugin ddr
2025-09-07 09:14:15,055 [INFO] PluginManage:359 - Loaded plugin ddr (category:tool,tabindex:6)
2025-09-07 09:14:15,055 [INFO] PluginManage:310 - Check plugin filemanager
2025-09-07 09:14:15,180 [INFO] PluginManage:359 - Loaded plugin filemanager (category:base,tabindex:10)
2025-09-07 09:14:15,181 [INFO] PluginManage:310 - Check plugin ipmanager
2025-09-07 09:14:15,185 [INFO] PluginManage:359 - Loaded plugin ipmanager (category:base,tabindex:5)
2025-09-07 09:14:15,185 [INFO] PluginManage:310 - Check plugin lpbam
2025-09-07 09:14:15,195 [INFO] PluginManage:359 - Loaded plugin lpbam (category:base,tabindex:0)
2025-09-07 09:14:15,195 [INFO] PluginManage:310 - Check plugin memorymap
2025-09-07 09:14:15,208 [INFO] PluginManage:359 - Loaded plugin memorymap (category:base,tabindex:4)
2025-09-07 09:14:15,208 [INFO] PluginManage:310 - Check plugin pinoutandconfiguration
2025-09-07 09:14:15,218 [INFO] PluginManage:359 - Loaded plugin pinoutandconfiguration (category:base,tabindex:1)
2025-09-07 09:14:15,218 [INFO] PluginManage:310 - Check plugin pinoutconfig
2025-09-07 09:14:15,291 [WARN] SupportedApi:132 - Cannot load RTOS API schema: s4s-elt-must-match.1: The content of 'definitions' must match (annotation?, (simpleType | complexType)?, (unique | key | keyref)*)). A problem was found starting at: attribute.
2025-09-07 09:14:15,395 [INFO] PluginManage:359 - Loaded plugin pinoutconfig (category:base,tabindex:0)
2025-09-07 09:14:15,395 [INFO] PluginManage:310 - Check plugin power
2025-09-07 09:14:15,405 [INFO] PluginManage:359 - Loaded plugin power (category:power,tabindex:4)
2025-09-07 09:14:15,405 [INFO] PluginManage:310 - Check plugin projectmanager
2025-09-07 09:14:15,418 [INFO] PluginManage:359 - Loaded plugin projectmanager (category:projectmanager,tabindex:4)
2025-09-07 09:14:15,418 [INFO] PluginManage:310 - Check plugin rif
2025-09-07 09:14:15,428 [INFO] PluginManage:359 - Loaded plugin rif (category:base,tabindex:3)
2025-09-07 09:14:15,428 [INFO] PluginManage:310 - Check plugin thirdparty
2025-09-07 09:14:15,541 [INFO] PluginManage:359 - Loaded plugin thirdparty (category:base,tabindex:-1)
2025-09-07 09:14:15,541 [INFO] PluginManage:310 - Check plugin tools
2025-09-07 09:14:15,541 [WARN] IntegrityCheckThread:84 - waiting for thirdparty lock release [integrity check]
2025-09-07 09:14:15,541 [INFO] IntegrityCheckThread:86 - entering critical section [integrity check]
2025-09-07 09:14:15,542 [INFO] ThirdPartyUpdaterWithRetryManager:70 - Updater plugin not ready yet. [1/15]
2025-09-07 09:14:15,543 [INFO] PluginManage:359 - Loaded plugin tools (category:base,tabindex:7)
2025-09-07 09:14:15,543 [INFO] PluginManage:310 - Check plugin tutovideos
2025-09-07 09:14:15,709 [INFO] PluginManage:359 - Loaded plugin tutovideos (category:base,tabindex:-1)
2025-09-07 09:14:15,709 [INFO] PluginManage:310 - Check plugin updater
2025-09-07 09:14:15,731 [INFO] PluginManage:359 - Loaded plugin updater (category:base,tabindex:12)
2025-09-07 09:14:15,731 [INFO] PluginManage:310 - Check plugin userauth
2025-09-07 09:14:15,734 [INFO] UserAuth:118 - Init User Auth plugin
2025-09-07 09:14:15,735 [INFO] PluginManage:359 - Loaded plugin userauth (category:base,tabindex:14)
2025-09-07 09:14:15,735 [INFO] PluginManage:283 - PluginManage : Loaded plugins [18]
2025-09-07 09:14:15,884 [INFO] PinOutPanel:1589 - setPackage(No Configuration,No Configuration)
2025-09-07 09:14:15,944 [INFO] CADModel:165 - CPN selected for project level
2025-09-07 09:14:15,944 [INFO] CADModel:114 - Register for checkConnection events
2025-09-07 09:14:15,959 [INFO] IPUIPlugin:80 - create IPUIPlugin
2025-09-07 09:14:15,959 [INFO] PluginManager:220 - loadIPPluginJar : add ddr_ctrl_phy
2025-09-07 09:14:15,961 [INFO] IPUIPlugin:80 - create IPUIPlugin
2025-09-07 09:14:15,961 [INFO] PluginManager:220 - loadIPPluginJar : add aes
2025-09-07 09:14:15,966 [INFO] IPUIPlugin:80 - create IPUIPlugin
2025-09-07 09:14:15,966 [INFO] PluginManager:220 - loadIPPluginJar : add gic
2025-09-07 09:14:15,972 [INFO] IPUIPlugin:80 - create IPUIPlugin
2025-09-07 09:14:15,972 [INFO] PluginManager:220 - loadIPPluginJar : add resmgrutility
2025-09-07 09:14:15,974 [INFO] IPUIPlugin:80 - create IPUIPlugin
2025-09-07 09:14:15,974 [INFO] PluginManager:220 - loadIPPluginJar : add dma3
2025-09-07 09:14:15,976 [INFO] IPUIPlugin:80 - create IPUIPlugin
2025-09-07 09:14:15,976 [INFO] PluginManager:220 - loadIPPluginJar : add spi
2025-09-07 09:14:15,984 [INFO] IPUIPlugin:80 - create IPUIPlugin
2025-09-07 09:14:15,986 [INFO] PluginManager:220 - loadIPPluginJar : add plateformsettings
2025-09-07 09:14:15,989 [INFO] IPUIPlugin:80 - create IPUIPlugin
2025-09-07 09:14:15,989 [INFO] PluginManager:220 - loadIPPluginJar : add gtzc
2025-09-07 09:14:15,995 [INFO] IPUIPlugin:80 - create IPUIPlugin
2025-09-07 09:14:15,995 [INFO] PluginManager:220 - loadIPPluginJar : add freertos
2025-09-07 09:14:15,999 [INFO] IPUIPlugin:80 - create IPUIPlugin
2025-09-07 09:14:15,999 [INFO] PluginManager:220 - loadIPPluginJar : add fmc
2025-09-07 09:14:16,000 [INFO] IPUIPlugin:80 - create IPUIPlugin
2025-09-07 09:14:16,001 [INFO] PluginManager:220 - loadIPPluginJar : add quadspi
2025-09-07 09:14:16,002 [INFO] IPUIPlugin:80 - create IPUIPlugin
2025-09-07 09:14:16,002 [INFO] PluginManager:220 - loadIPPluginJar : add radio
2025-09-07 09:14:16,004 [INFO] IPUIPlugin:80 - create IPUIPlugin
2025-09-07 09:14:16,004 [INFO] PluginManager:220 - loadIPPluginJar : add fatfs
2025-09-07 09:14:16,009 [INFO] IPUIPlugin:80 - create IPUIPlugin
2025-09-07 09:14:16,010 [INFO] PluginManager:220 - loadIPPluginJar : add mdma
2025-09-07 09:14:16,011 [INFO] IPUIPlugin:80 - create IPUIPlugin
2025-09-07 09:14:16,011 [INFO] PluginManager:220 - loadIPPluginJar : add ltdc
2025-09-07 09:14:16,016 [INFO] IPUIPlugin:80 - create IPUIPlugin
2025-09-07 09:14:16,016 [INFO] PluginManager:220 - loadIPPluginJar : add gpio
2025-09-07 09:14:16,018 [INFO] IPUIPlugin:80 - create IPUIPlugin
2025-09-07 09:14:16,018 [INFO] PluginManager:220 - loadIPPluginJar : add opamp
2025-09-07 09:14:16,021 [INFO] IPUIPlugin:80 - create IPUIPlugin
2025-09-07 09:14:16,021 [INFO] PluginManager:220 - loadIPPluginJar : add usart
2025-09-07 09:14:16,024 [INFO] IPUIPlugin:80 - create IPUIPlugin
2025-09-07 09:14:16,024 [INFO] PluginManager:220 - loadIPPluginJar : add usbx
2025-09-07 09:14:16,025 [INFO] IPUIPlugin:80 - create IPUIPlugin
2025-09-07 09:14:16,025 [INFO] PluginManager:220 - loadIPPluginJar : add tim
2025-09-07 09:14:16,028 [INFO] IPUIPlugin:80 - create IPUIPlugin
2025-09-07 09:14:16,028 [INFO] PluginManager:220 - loadIPPluginJar : add lorawan
2025-09-07 09:14:16,029 [INFO] IPUIPlugin:80 - create IPUIPlugin
2025-09-07 09:14:16,030 [INFO] PluginManager:220 - loadIPPluginJar : add i2s
2025-09-07 09:14:16,034 [INFO] IPUIPlugin:80 - create IPUIPlugin
2025-09-07 09:14:16,034 [INFO] PluginManager:220 - loadIPPluginJar : add adc
2025-09-07 09:14:16,036 [INFO] IPUIPlugin:80 - create IPUIPlugin
2025-09-07 09:14:16,036 [INFO] PluginManager:220 - loadIPPluginJar : add extmemmanager
2025-09-07 09:14:16,038 [INFO] IPUIPlugin:80 - create IPUIPlugin
2025-09-07 09:14:16,038 [INFO] PluginManager:220 - loadIPPluginJar : add comp
2025-09-07 09:14:16,039 [INFO] IPUIPlugin:80 - create IPUIPlugin
2025-09-07 09:14:16,039 [INFO] PluginManager:220 - loadIPPluginJar : add genericplugin
2025-09-07 09:14:16,040 [INFO] IPUIPlugin:80 - create IPUIPlugin
2025-09-07 09:14:16,041 [INFO] PluginManager:220 - loadIPPluginJar : add ts
2025-09-07 09:14:16,042 [INFO] IPUIPlugin:80 - create IPUIPlugin
2025-09-07 09:14:16,042 [INFO] PluginManager:220 - loadIPPluginJar : add ucpd
2025-09-07 09:14:16,044 [INFO] IPUIPlugin:80 - create IPUIPlugin
2025-09-07 09:14:16,044 [INFO] PluginManager:220 - loadIPPluginJar : add can
2025-09-07 09:14:16,047 [INFO] IPUIPlugin:80 - create IPUIPlugin
2025-09-07 09:14:16,047 [INFO] PluginManager:220 - loadIPPluginJar : add touchsensing
2025-09-07 09:14:16,049 [INFO] IPUIPlugin:80 - create IPUIPlugin
2025-09-07 09:14:16,049 [INFO] PluginManager:220 - loadIPPluginJar : add tracer_emb
2025-09-07 09:14:16,054 [INFO] IPUIPlugin:80 - create IPUIPlugin
2025-09-07 09:14:16,054 [INFO] PluginManager:220 - loadIPPluginJar : add stm32_wpan
2025-09-07 09:14:16,055 [INFO] IPUIPlugin:80 - create IPUIPlugin
2025-09-07 09:14:16,056 [INFO] PluginManager:220 - loadIPPluginJar : add tsc
2025-09-07 09:14:16,057 [INFO] IPUIPlugin:80 - create IPUIPlugin
2025-09-07 09:14:16,057 [INFO] PluginManager:220 - loadIPPluginJar : add gfxmmu
2025-09-07 09:14:16,060 [INFO] IPUIPlugin:80 - create IPUIPlugin
2025-09-07 09:14:16,060 [INFO] PluginManager:220 - loadIPPluginJar : add ipddr
2025-09-07 09:14:16,062 [INFO] IPUIPlugin:80 - create IPUIPlugin
2025-09-07 09:14:16,062 [INFO] PluginManager:220 - loadIPPluginJar : add i2c
2025-09-07 09:14:16,064 [INFO] IPUIPlugin:80 - create IPUIPlugin
2025-09-07 09:14:16,065 [INFO] PluginManager:220 - loadIPPluginJar : add nvic
2025-09-07 09:14:16,066 [INFO] IPUIPlugin:80 - create IPUIPlugin
2025-09-07 09:14:16,067 [INFO] PluginManager:220 - loadIPPluginJar : add i3c
2025-09-07 09:14:16,068 [INFO] IPUIPlugin:80 - create IPUIPlugin
2025-09-07 09:14:16,069 [INFO] PluginManager:220 - loadIPPluginJar : add dfsdm
2025-09-07 09:14:16,071 [INFO] IPUIPlugin:80 - create IPUIPlugin
2025-09-07 09:14:16,071 [INFO] PluginManager:220 - loadIPPluginJar : add pdm2pcm
2025-09-07 09:14:16,073 [INFO] IPUIPlugin:80 - create IPUIPlugin
2025-09-07 09:14:16,073 [INFO] PluginManager:220 - loadIPPluginJar : add openamp
2025-09-07 09:14:16,077 [INFO] IPUIPlugin:80 - create IPUIPlugin
2025-09-07 09:14:16,077 [INFO] PluginManager:220 - loadIPPluginJar : add dma
2025-09-07 09:14:16,079 [INFO] IPUIPlugin:80 - create IPUIPlugin
2025-09-07 09:14:16,080 [INFO] PluginManager:220 - loadIPPluginJar : add sai
2025-09-07 09:14:16,081 [INFO] IPUIPlugin:80 - create IPUIPlugin
2025-09-07 09:14:16,081 [INFO] PluginManager:220 - loadIPPluginJar : add hash
2025-09-07 09:14:16,086 [INFO] IPUIPlugin:80 - create IPUIPlugin
2025-09-07 09:14:16,086 [INFO] PluginManager:220 - loadIPPluginJar : add linkedlist
2025-09-07 09:14:16,088 [INFO] IPUIPlugin:80 - create IPUIPlugin
2025-09-07 09:14:16,088 [INFO] PluginManager:220 - loadIPPluginJar : add cryp
2025-09-07 09:14:16,182 [FATAL] Updater:351 - Updater called before beeing initialized
2025-09-07 09:14:16,202 [INFO] RulesReader:64 - Compatibility file has been processed (317 Rules)
2025-09-07 09:14:16,209 [INFO] RulesReader:64 - Compatibility file has been processed (317 Rules)
2025-09-07 09:14:16,215 [INFO] CADModel:165 - CPN selected for project level
2025-09-07 09:14:16,215 [INFO] CADModel:114 - Register for checkConnection events
2025-09-07 09:14:16,215 [FATAL] Updater:351 - Updater called before beeing initialized
2025-09-07 09:14:16,215 [ERROR] CADModel:125 - Updater not yet initialized, retry later 
2025-09-07 09:14:16,313 [FATAL] Updater:351 - Updater called before beeing initialized
2025-09-07 09:14:16,315 [INFO] CADModel:165 - CPN selected for project level
2025-09-07 09:14:16,315 [INFO] CADModel:114 - Register for checkConnection events
2025-09-07 09:14:16,315 [FATAL] Updater:351 - Updater called before beeing initialized
2025-09-07 09:14:16,315 [ERROR] CADModel:125 - Updater not yet initialized, retry later 
2025-09-07 09:14:16,317 [FATAL] Updater:351 - Updater called before beeing initialized
2025-09-07 09:14:16,381 [FATAL] Updater:351 - Updater called before beeing initialized
2025-09-07 09:14:16,384 [INFO] DbMcusAds:53 - JSON generation date=Tue Jul 08 15:14:23 ICT 2025 (1751962463582)
2025-09-07 09:14:16,384 [FATAL] Updater:351 - Updater called before beeing initialized
2025-09-07 09:14:16,410 [WARN] DetailPanel:346 - Failed to get advertising image, set to default
2025-09-07 09:14:16,470 [FATAL] Updater:351 - Updater called before beeing initialized
2025-09-07 09:14:16,472 [FATAL] Updater:351 - Updater called before beeing initialized
2025-09-07 09:14:16,472 [FATAL] Updater:351 - Updater called before beeing initialized
2025-09-07 09:14:16,472 [WARN] DetailPanel:346 - Failed to get advertising image, set to default
2025-09-07 09:14:16,473 [FATAL] Updater:351 - Updater called before beeing initialized
2025-09-07 09:14:16,497 [ERROR] Updater:1198 - MainUpdater not yet initialized. External WinMGr cannot be set.
2025-09-07 09:14:16,499 [INFO] Updater:1134 - Updater Version found : 6.15.0
2025-09-07 09:14:16,513 [INFO] ApplicationProperties:184 - Using Application install path: /home/tuna/st/stm32cubeide_1.18.1/plugins/com.st.stm32cube.common.mx_6.15.0.202507011659
2025-09-07 09:14:17,157 [INFO] MainUpdater:2872 - connection check result : 10
2025-09-07 09:14:17,157 [INFO] MainUpdater:3604 - Updater definition file requires update
2025-09-07 09:14:17,157 [INFO] MainUpdater:289 - Updater Check For Update Now.
2025-09-07 09:14:17,157 [INFO] MicroXplorer:498 - Change Database Version : DB.6.0.150
2025-09-07 09:14:17,162 [INFO] McuFinderGlobals:63 - Set McuFinder mode to 2 (CubeIDE integrated)
2025-09-07 09:14:17,163 [INFO] UserAuth:487 - Internet connection configuration mode: 1
2025-09-07 09:14:17,181 [INFO] JxBrowserEngine:152 - Initiate JxBrowser Engine with user profile folder
2025-09-07 09:14:17,379 [INFO] ServerAccessManage:452 - Complete download http(s) 200
2025-09-07 09:14:17,380 [INFO] ServerAccessManage:509 - Download File updaters.zip
2025-09-07 09:14:17,847 [INFO] FileExtend:248 - Unzip File : updaters.zip
2025-09-07 09:14:17,848 [INFO] FileExtend:263 - Standard Zip Deflate
2025-09-07 09:14:18,209 [INFO] WebApp:169 - Instantiating new browser for Auth
2025-09-07 09:14:18,267 [INFO] ServerAccessManage:452 - Complete download http(s) 200
2025-09-07 09:14:18,267 [INFO] ServerAccessManage:509 - Download File PacksControlFlags.xml
2025-09-07 09:14:18,507 [INFO] ServerAccessManage:452 - Complete download http(s) 200
2025-09-07 09:14:18,508 [INFO] ServerAccessManage:509 - Download File cubemx.pidx
2025-09-07 09:14:18,542 [WARN] MainUpdater:1193 - Updater busy. Cannot search thirdparties
2025-09-07 09:14:18,542 [INFO] ThirdPartyUpdaterWithRetryManager:96 - Updater plugin is busy. [1/15]
2025-09-07 09:14:18,921 [INFO] WebApp:463 - Apply proxy settings
2025-09-07 09:14:18,921 [INFO] WebApp:548 - Chromium requires no authentication
2025-09-07 09:14:18,927 [INFO] WebApp:491 - Direct internet connection detected
2025-09-07 09:14:18,945 [INFO] WebApp:900 - Register for checkConnection events
2025-09-07 09:14:18,945 [INFO] WebApp:463 - Apply proxy settings
2025-09-07 09:14:18,945 [INFO] WebApp:548 - Chromium requires no authentication
2025-09-07 09:14:18,946 [INFO] WebApp:491 - Direct internet connection detected
2025-09-07 09:14:19,062 [INFO] WebApp:225 - Starting web application
2025-09-07 09:14:19,063 [INFO] WebApp:593 - Web application path used /home/tuna/st/stm32cubeide_1.18.1/plugins/com.st.stm32cube.common.mx_6.15.0.202507011659/db/plugins/mcufinder/reactClient1/index.html
2025-09-07 09:14:19,417 [INFO] WebApp:191 - Connection restablished
2025-09-07 09:14:19,594 [INFO] ServerAccessManage:452 - Complete download http(s) 200
2025-09-07 09:14:19,594 [INFO] ServerAccessManage:509 - Download File STMicroelectronics.X-CUBE-STSE01.pdsc
2025-09-07 09:14:19,895 [INFO] UserAuth:487 - Internet connection configuration mode: 1
2025-09-07 09:14:20,630 [WARN] PackLoader:240 - Cannot read IP mode file for STMicroelectronics.X-CUBE-STSE01.1.0.0
2025-09-07 09:14:20,634 [INFO] PopulateThirdPartyThread:66 - Ending populate Thread
2025-09-07 09:14:20,635 [INFO] ThirdParty:1030 - CMSIS Pack Vendor :STMicroelectronics X-CUBE-STSE01 1.0.0
2025-09-07 09:14:20,635 [INFO] LoadServerUpdatesThread:375 - End of LoadServerUpdate Thread
2025-09-07 09:14:20,744 [INFO] CheckServerUpdateThread:120 - End of CheckServer Thread
2025-09-07 09:14:21,663 [WARN] PackLoader:240 - Cannot read IP mode file for STMicroelectronics.FP-SNS-MOTENVWB1.1.4.0
2025-09-07 09:14:21,667 [WARN] PackLoader:240 - Cannot read IP mode file for STMicroelectronics.FP-ATR-ASTRA1.2.0.2
2025-09-07 09:14:21,671 [WARN] PackLoader:240 - Cannot read IP mode file for STMicroelectronics.X-CUBE-SMBUS.2.1.0
2025-09-07 09:14:21,674 [WARN] PackLoader:240 - Cannot read IP mode file for STMicroelectronics.X-CUBE-ST60.1.0.0
2025-09-07 09:14:21,690 [WARN] PackLoader:240 - Cannot read IP mode file for STMicroelectronics.X-CUBE-AZRTOS-F7.1.1.0
2025-09-07 09:14:21,709 [WARN] PackLoader:240 - Cannot read IP mode file for Infineon.AIROC-Wi-Fi-Bluetooth-STM32.1.7.1
2025-09-07 09:14:21,728 [WARN] PackLoader:240 - Cannot read IP mode file for STMicroelectronics.X-CUBE-AZRTOS-H7.3.4.0
2025-09-07 09:14:21,735 [WARN] PackLoader:240 - Cannot read IP mode file for STMicroelectronics.X-CUBE-DISPLAY.3.0.0
2025-09-07 09:14:21,744 [WARN] PackLoader:240 - Cannot read IP mode file for STMicroelectronics.X-CUBE-NFC10.1.0.0
2025-09-07 09:14:21,748 [WARN] PackLoader:240 - Cannot read IP mode file for emotas.I-CUBE-CANOPEN.1.3.0
2025-09-07 09:14:21,754 [WARN] PackLoader:240 - Cannot read IP mode file for STMicroelectronics.FP-SNS-STBOX1.2.1.0
2025-09-07 09:14:21,758 [WARN] PackLoader:240 - Cannot read IP mode file for STMicroelectronics.FP-SNS-SMARTAG2.1.2.0
2025-09-07 09:14:21,761 [WARN] PackLoader:240 - Cannot read IP mode file for STMicroelectronics.FP-SNS-FLIGHT1.5.1.0
2025-09-07 09:14:21,767 [INFO] LogOutputStream:77 - [STDOUT_REDIRECT] 1 : Invalid condition id : UX_CORESTACK_Condition cause : null
2025-09-07 09:14:21,768 [INFO] LogOutputStream:77 - [STDOUT_REDIRECT] 1 : Invalid condition id : UX_CORESTACK_Condition cause : null
2025-09-07 09:14:21,768 [INFO] LogOutputStream:77 - [STDOUT_REDIRECT] 1 : Invalid condition id : UX_CORESTACK_Condition cause : null
2025-09-07 09:14:21,768 [INFO] LogOutputStream:77 - [STDOUT_REDIRECT] 1 : Invalid condition id : UX_CORESTACK_Condition cause : null
2025-09-07 09:14:21,768 [INFO] LogOutputStream:77 - [STDOUT_REDIRECT] 1 : Invalid condition id : UX_CORESTACK_Condition cause : null
2025-09-07 09:14:21,770 [WARN] PackLoader:240 - Cannot read IP mode file for STMicroelectronics.X-CUBE-AZRTOS-WL.2.0.0
2025-09-07 09:14:21,774 [WARN] PackLoader:240 - Cannot read IP mode file for STMicroelectronics.FP-SNS-MOTENV1.5.0.0
2025-09-07 09:14:21,779 [WARN] PackLoader:240 - Cannot read IP mode file for WES.I-CUBE-Cesium.1.3.0
2025-09-07 09:14:21,783 [WARN] PackLoader:240 - Cannot read IP mode file for STMicroelectronics.X-CUBE-BLE2.3.3.0
2025-09-07 09:14:21,788 [WARN] PackLoader:240 - Cannot read IP mode file for STMicroelectronics.X-CUBE-NFC9.1.0.0
2025-09-07 09:14:21,792 [WARN] PackLoader:240 - Cannot read IP mode file for wolfSSL.I-CUBE-wolfSSL.5.8.2
2025-09-07 09:14:21,797 [WARN] PackLoader:240 - Cannot read IP mode file for STMicroelectronics.X-CUBE-BLE1.7.1.0
2025-09-07 09:14:21,799 [WARN] PackLoader:240 - Cannot read IP mode file for wolfSSL.I-CUBE-wolfMQTT.1.19.2
2025-09-07 09:14:21,804 [WARN] PackLoader:240 - Cannot read IP mode file for STMicroelectronics.X-CUBE-EEPRMA1.5.2.0
2025-09-07 09:14:21,808 [WARN] PackLoader:240 - Cannot read IP mode file for STMicroelectronics.X-CUBE-AI.10.1.0
2025-09-07 09:14:21,818 [WARN] PackLoader:240 - Cannot read IP mode file for STMicroelectronics.X-CUBE-AZRTOS-G0.1.1.0
2025-09-07 09:14:21,823 [WARN] PackLoader:240 - Cannot read IP mode file for STMicroelectronics.X-CUBE-SAFEA1.1.2.2
2025-09-07 09:14:21,828 [WARN] PackLoader:240 - Cannot read IP mode file for STMicroelectronics.X-CUBE-NFC4.3.0.0
2025-09-07 09:14:21,834 [WARN] PackLoader:240 - Cannot read IP mode file for EmbeddedOffice.I-CUBE-FS-RTOS.1.0.1
2025-09-07 09:14:21,838 [WARN] PackLoader:240 - Cannot read IP mode file for STMicroelectronics.X-CUBE-WB05N.2.0.0
2025-09-07 09:14:21,841 [WARN] PackLoader:240 - Cannot read IP mode file for wolfSSL.I-CUBE-wolfTPM.3.8.0
2025-09-07 09:14:21,844 [WARN] PackLoader:240 - Cannot read IP mode file for STMicroelectronics.X-CUBE-TCPP.4.2.0
2025-09-07 09:14:21,848 [WARN] PackLoader:240 - Cannot read IP mode file for RealThread.X-CUBE-RT-Thread_Nano.4.1.1
2025-09-07 09:14:21,851 [WARN] PackLoader:240 - Cannot read IP mode file for STMicroelectronics.FP-ATR-SIGFOX1.3.2.0
2025-09-07 09:14:21,855 [WARN] PackLoader:240 - Cannot read IP mode file for ITTIA_DB.I-CUBE-ITTIADB.8.9.0
2025-09-07 09:14:21,859 [WARN] PackLoader:240 - Cannot read IP mode file for STMicroelectronics.X-CUBE-ST67W61.1.0.0
2025-09-07 09:14:21,862 [WARN] PackLoader:240 - Cannot read IP mode file for STMicroelectronics.X-CUBE-AI.10.2.0
2025-09-07 09:14:21,879 [WARN] PackLoader:240 - Cannot read IP mode file for SEGGER.I-CUBE-embOS.1.3.1
2025-09-07 09:14:21,916 [WARN] PackLoader:240 - Cannot read IP mode file for STMicroelectronics.X-CUBE-ALGOBUILD.1.4.0
2025-09-07 09:14:21,946 [WARN] PackLoader:240 - Cannot read IP mode file for STMicroelectronics.X-CUBE-MEMS1.11.3.0
2025-09-07 09:14:22,014 [WARN] PackLoader:240 - Cannot read IP mode file for STMicroelectronics.X-CUBE-PM33A1.1.0.0
2025-09-07 09:14:22,024 [WARN] PackLoader:240 - Cannot read IP mode file for STMicroelectronics.X-CUBE-AZRTOS-F4.1.1.0
2025-09-07 09:14:22,029 [WARN] PackLoader:240 - Cannot read IP mode file for Avnet-IotConnect.X-CUBE-IoTC-DA16k-PMOD.1.0.0
2025-09-07 09:14:22,031 [WARN] PackLoader:240 - Cannot read IP mode file for STMicroelectronics.X-CUBE-ISPU.2.1.0
2025-09-07 09:14:22,036 [WARN] PackLoader:240 - Cannot read IP mode file for STMicroelectronics.X-CUBE-NFC12.1.0.0
2025-09-07 09:14:22,048 [WARN] PackLoader:240 - Cannot read IP mode file for STMicroelectronics.X-CUBE-AZRTOS-L5.2.0.0
2025-09-07 09:14:22,054 [WARN] PackLoader:240 - Cannot read IP mode file for STMicroelectronics.X-CUBE-NFC6.3.1.0
2025-09-07 09:14:22,060 [WARN] PackLoader:240 - Cannot read IP mode file for STMicroelectronics.X-CUBE-FREERTOS.1.3.1
2025-09-07 09:14:22,065 [WARN] PackLoader:240 - Cannot read IP mode file for STMicroelectronics.FP-SNS-STAIOTCFT.1.0.0
2025-09-07 09:14:22,069 [WARN] PackLoader:240 - Cannot read IP mode file for STMicroelectronics.X-CUBE-DPower.1.3.0
2025-09-07 09:14:22,084 [WARN] ConditionMgr:438 - getConditionDescription Invalid condition id : LAN8742 Phy interface Condition cause : null
2025-09-07 09:14:22,084 [WARN] PackLoader:240 - Cannot read IP mode file for STMicroelectronics.X-CUBE-AZRTOS-L4.2.0.0
2025-09-07 09:14:22,086 [WARN] ConditionMgr:1044 - genDependencies : Invalid condition id : LAN8742 Phy interface Condition cause : null
2025-09-07 09:14:22,086 [WARN] ConditionMgr:1044 - genDependencies : Invalid condition id : LAN8742 Phy interface Condition cause : null
2025-09-07 09:14:22,087 [WARN] ConditionMgr:1044 - genDependencies : Invalid condition id : LAN8742 Phy interface Condition cause : null
2025-09-07 09:14:22,093 [WARN] PackLoader:240 - Cannot read IP mode file for STMicroelectronics.X-CUBE-SFXS2LP1.4.0.0
2025-09-07 09:14:22,103 [WARN] PackLoader:240 - Cannot read IP mode file for STMicroelectronics.X-CUBE-BLEMGR.4.1.0
2025-09-07 09:14:22,115 [WARN] ConditionMgr:438 - getConditionDescription Invalid condition id : UX DEVICE CLASS RTOS Condition cause : null
2025-09-07 09:14:22,115 [WARN] ConditionMgr:438 - getConditionDescription Invalid condition id : UX DEVICE CLASS RTOS Condition cause : null
2025-09-07 09:14:22,117 [WARN] PackLoader:240 - Cannot read IP mode file for STMicroelectronics.X-CUBE-AZRTOS-WB.2.0.0
2025-09-07 09:14:22,118 [WARN] ConditionMgr:1044 - genDependencies : Invalid condition id : UX DEVICE CLASS RTOS Condition cause : null
2025-09-07 09:14:22,118 [WARN] ConditionMgr:1044 - genDependencies : Invalid condition id : UX DEVICE CLASS RTOS Condition cause : null
2025-09-07 09:14:22,119 [WARN] ConditionMgr:1044 - genDependencies : Invalid condition id : UX DEVICE CLASS RTOS Condition cause : null
2025-09-07 09:14:22,119 [WARN] ConditionMgr:1044 - genDependencies : Invalid condition id : UX DEVICE CLASS RTOS Condition cause : null
2025-09-07 09:14:22,119 [WARN] ConditionMgr:1044 - genDependencies : Invalid condition id : UX DEVICE CLASS RTOS Condition cause : null
2025-09-07 09:14:22,124 [WARN] PackLoader:240 - Cannot read IP mode file for STMicroelectronics.X-CUBE-GNSS1.7.0.1
2025-09-07 09:14:22,127 [WARN] PackLoader:240 - Cannot read IP mode file for STMicroelectronics.X-CUBE-TOUCHGFX.4.25.0
2025-09-07 09:14:22,131 [WARN] PackLoader:240 - Cannot read IP mode file for STMicroelectronics.FP-SNS-STBOX1.2.0.0
2025-09-07 09:14:22,134 [WARN] ConditionMgr:438 - getConditionDescription Invalid condition id : Cortex-A Device cause : null
2025-09-07 09:14:22,141 [WARN] ConditionMgr:1044 - genDependencies : Invalid condition id : Cortex-A Device cause : null
2025-09-07 09:14:22,141 [WARN] ConditionMgr:1044 - genDependencies : Invalid condition id : Cortex-A Device cause : null
2025-09-07 09:14:22,142 [WARN] ConditionMgr:1044 - genDependencies : Invalid condition id : Cortex-A Device cause : null
2025-09-07 09:14:22,147 [WARN] PackLoader:240 - Cannot read IP mode file for STMicroelectronics.X-CUBE-SUBG2.5.0.0
2025-09-07 09:14:22,160 [WARN] PackLoader:240 - Cannot read IP mode file for STMicroelectronics.X-CUBE-AZRTOS-H7RS.1.1.0
2025-09-07 09:14:22,163 [WARN] PackLoader:240 - Cannot read IP mode file for Cesanta.I-CUBE-Mongoose.7.13.0
2025-09-07 09:14:22,171 [WARN] PackLoader:240 - Cannot read IP mode file for STMicroelectronics.X-CUBE-AZRTOS-G4.2.0.0
2025-09-07 09:14:22,174 [WARN] PackLoader:240 - Cannot read IP mode file for wolfSSL.I-CUBE-wolfSSH.1.4.20
2025-09-07 09:14:22,177 [WARN] PackLoader:240 - Cannot read IP mode file for STMicroelectronics.X-CUBE-NFC7.2.0.0
2025-09-07 09:14:22,184 [WARN] PackLoader:240 - Cannot read IP mode file for STMicroelectronics.X-CUBE-IPS.3.1.0
2025-09-07 09:14:22,189 [WARN] PackLoader:240 - Cannot read IP mode file for STMicroelectronics.X-CUBE-ALS.1.0.2
2025-09-07 09:14:22,193 [WARN] PackLoader:240 - Cannot read IP mode file for STMicroelectronics.X-CUBE-STSE01.1.0.0
2025-09-07 09:14:22,197 [WARN] PackLoader:240 - Cannot read IP mode file for portGmbH.I-Cube-SoM-uGOAL.1.1.0
2025-09-07 09:14:22,206 [WARN] PackLoader:240 - Cannot read IP mode file for STMicroelectronics.X-CUBE-TOF1.3.4.3
2025-09-07 09:14:22,215 [INFO] ThirdParty:978 - Integrity check success = true
2025-09-07 09:14:22,215 [INFO] IntegrityCheckThread:100 - exiting critical section [integrity check]
2025-09-07 09:14:22,215 [INFO] IntegrityCheckThread:103 - End integrity checks thread
2025-09-07 09:14:31,752 [INFO] McuFinderGlobals:63 - Set McuFinder mode to 2 (CubeIDE integrated)
2025-09-07 09:14:31,757 [INFO] MainUpdater:2872 - connection check result : 10
2025-09-07 09:14:31,758 [INFO] MainUpdater:2872 - connection check result : 10
2025-09-07 09:14:31,789 [INFO] MicroXplorer:468 - Change Database Path : 
2025-09-07 09:14:31,789 [INFO] MicroXplorer:498 - Change Database Version : DB.6.0.150
2025-09-07 09:14:31,799 [WARN] ThirdParty:871 - waiting for thirdparty lock release [close project]
2025-09-07 09:14:31,799 [INFO] ThirdParty:873 - entering critical section [close project]
2025-09-07 09:14:31,800 [INFO] ThirdParty:883 - exiting critical section [close project]
2025-09-07 09:14:31,801 [INFO] PinOutPanel:1589 - setPackage(No Configuration,No Configuration)
2025-09-07 09:14:31,802 [INFO] UtilMem:75 - Begin LoadConfig() Used Memory: 204058240 Bytes (665845760)
2025-09-07 09:14:31,803 [INFO] MicroXplorer:468 - Change Database Path : 
2025-09-07 09:14:31,803 [INFO] MicroXplorer:498 - Change Database Version : DB.6.0.150
2025-09-07 09:14:31,803 [INFO] OpenFileManager:355 - Change cursor
2025-09-07 09:14:31,824 [INFO] Mcu:2029 - Initializing MCU STM32F407Z(E-G)Tx STM32F407ZGTx STM32F407ZGT6
2025-09-07 09:14:32,938 [INFO] Context:786 - Trying to add GPIOservice into a context  which must be forbidden
2025-09-07 09:14:33,273 [INFO] ImportTextPane:234 - (OptionalMessage_ERROR) Pin32 (VP_RIF_VS_RIF1) cannot be retrieved for this MCU
2025-09-07 09:14:33,355 [INFO] RtosManager:558 - Registered RTOS mode: class=CMSIS, group=RTOS, mode=CMSIS_V1, owner=FREERTOS
2025-09-07 09:14:33,355 [INFO] RtosManager:558 - Registered RTOS mode: class=CMSIS, group=RTOS2, mode=CMSIS_V2, owner=FREERTOS
2025-09-07 09:14:33,356 [INFO] RtosManager:558 - Registered RTOS mode: class=RTOS, group=Core, mode=CMSIS_V1, owner=FREERTOS
2025-09-07 09:14:33,356 [INFO] RtosManager:558 - Registered RTOS mode: class=RTOS, group=Core, mode=CMSIS_V2, owner=FREERTOS
2025-09-07 09:14:33,356 [WARN] ModelIntegratedComponent:184 - Missing modes for component STMicroelectronics:FreeRTOS:0.0.1:STMicroelectronics:RTOS:FreeRTOS:Core:::10.2.0:
2025-09-07 09:14:33,371 [WARN] ModelIntegratedComponent:63 - No mode defined for component null
2025-09-07 09:14:33,371 [WARN] ModelIntegratedComponent:63 - No mode defined for component null
2025-09-07 09:14:33,371 [WARN] ModelIntegratedComponent:63 - No mode defined for component null
2025-09-07 09:14:33,371 [WARN] ModelIntegratedComponent:63 - No mode defined for component null
2025-09-07 09:14:33,371 [WARN] ModelIntegratedComponent:63 - No mode defined for component null
2025-09-07 09:14:33,371 [WARN] ModelIntegratedComponent:63 - No mode defined for component null
2025-09-07 09:14:33,371 [WARN] ModelIntegratedComponent:63 - No mode defined for component null
2025-09-07 09:14:33,371 [WARN] ModelIntegratedComponent:63 - No mode defined for component null
2025-09-07 09:14:33,371 [WARN] ModelIntegratedComponent:63 - No mode defined for component null
2025-09-07 09:14:33,371 [WARN] ModelIntegratedComponent:63 - No mode defined for component null
2025-09-07 09:14:33,371 [WARN] ModelIntegratedComponent:63 - No mode defined for component null
2025-09-07 09:14:33,371 [WARN] ModelIntegratedComponent:63 - No mode defined for component null
2025-09-07 09:14:33,371 [WARN] ModelIntegratedComponent:63 - No mode defined for component null
2025-09-07 09:14:33,371 [WARN] ModelIntegratedComponent:63 - No mode defined for component null
2025-09-07 09:14:33,371 [WARN] ModelIntegratedComponent:63 - No mode defined for component null
2025-09-07 09:14:33,371 [WARN] ModelIntegratedComponent:63 - No mode defined for component null
2025-09-07 09:14:33,371 [WARN] ModelIntegratedComponent:63 - No mode defined for component null
2025-09-07 09:14:33,371 [WARN] ModelIntegratedComponent:63 - No mode defined for component null
2025-09-07 09:14:33,371 [WARN] ModelIntegratedComponent:63 - No mode defined for component null
2025-09-07 09:14:33,371 [WARN] ModelIntegratedComponent:63 - No mode defined for component null
2025-09-07 09:14:33,372 [WARN] ModelIntegratedComponent:63 - No mode defined for component null
2025-09-07 09:14:33,372 [WARN] ModelIntegratedComponent:63 - No mode defined for component null
2025-09-07 09:14:33,372 [WARN] ModelIntegratedComponent:63 - No mode defined for component null
2025-09-07 09:14:33,372 [WARN] ModelIntegratedComponent:63 - No mode defined for component null
2025-09-07 09:14:33,372 [WARN] ModelIntegratedComponent:63 - No mode defined for component null
2025-09-07 09:14:33,372 [WARN] ModelIntegratedComponent:63 - No mode defined for component null
2025-09-07 09:14:33,372 [WARN] ModelIntegratedComponent:63 - No mode defined for component null
2025-09-07 09:14:33,372 [WARN] ModelIntegratedComponent:63 - No mode defined for component null
2025-09-07 09:14:33,372 [WARN] ModelIntegratedComponent:63 - No mode defined for component null
2025-09-07 09:14:33,372 [WARN] ModelIntegratedComponent:63 - No mode defined for component null
2025-09-07 09:14:33,372 [WARN] ModelIntegratedComponent:63 - No mode defined for component null
2025-09-07 09:14:33,372 [WARN] ModelIntegratedComponent:63 - No mode defined for component null
2025-09-07 09:14:33,372 [WARN] ModelIntegratedComponent:63 - No mode defined for component null
2025-09-07 09:14:33,372 [WARN] ModelIntegratedComponent:63 - No mode defined for component null
2025-09-07 09:14:33,372 [WARN] ModelIntegratedComponent:63 - No mode defined for component null
2025-09-07 09:14:33,372 [WARN] ModelPack:524 - Component already loaded: STMicroelectronics:HAL Drivers:0.0.0:STMicroelectronics:Device:STMicro_Driver:XSPI:HAL::0.0.1:HAL_XSPI
2025-09-07 09:14:33,449 [INFO] ThirdPartyModel:298 - Start build external matchings
2025-09-07 09:14:33,700 [INFO] ThirdPartyModel:316 - End build external matchings
2025-09-07 09:14:33,716 [INFO] ImportTextPane:234 - (OptionalMessage_ERROR) IP (RCC) : Parameter (RTCHSEDivFreq_Value) has invalid value (4000000)
2025-09-07 09:14:33,716 [WARN] IP:2250 - DEVICE_SERIAL0_CDC_FS not found: check if there is a RefParameter without a condition.
2025-09-07 09:14:33,717 [WARN] IP:2250 - DEVICE_SERIAL1_CDC_FS not found: check if there is a RefParameter without a condition.
2025-09-07 09:14:33,717 [WARN] IP:2250 - DEVICE_SERIAL2_CDC_FS not found: check if there is a RefParameter without a condition.
2025-09-07 09:14:33,945 [INFO] ApiDb:581 - Connected to CubeFinder SQLite database (/home/tuna/.stmcufinder/plugins/mcufinder/mcu/cube-finder-db.db)
2025-09-07 09:14:34,002 [INFO] ApiDb:668 - CubeFinder database Data Model version=2.1
2025-09-07 09:14:34,002 [INFO] ApiDb:669 - CubeFinder database Configuration version=3.0.39
2025-09-07 09:14:34,002 [INFO] ApiDb:670 - CubeFinder database generation date=2025-07-24 (1753349077)
2025-09-07 09:14:34,002 [INFO] ApiDb:671 - CubeFinder database FW Pack versions=[FP-ATR-ASTRA1_V2.0.0, FP-SNS-FLIGHT1_V5.1.0, FP-SNS-MOTENV1_V5.0.0, FP-SNS-MOTENVWB1_V1.4.0, FP-SNS-SMARTAG2_V1.2.0, FP-SNS-STBOX1_V2.0.0, STM32Cube_FW_C0_V1.4.0, STM32Cube_FW_F4_V1.28.2, STM32Cube_FW_F7_V1.17.3, STM32Cube_FW_G0_V1.6.2, STM32Cube_FW_G4_V1.6.1, STM32Cube_FW_H5_V1.5.0, STM32Cube_FW_H7RS_V1.2.0, STM32Cube_FW_H7_V1.12.1, STM32Cube_FW_L0_V1.12.2, STM32Cube_FW_L4_V1.18.1, STM32Cube_FW_L5_V1.5.1, STM32Cube_FW_N6_V1.2.0, STM32Cube_FW_U0_V1.3.0, STM32Cube_FW_U3_V1.2.0, STM32Cube_FW_U5_V1.8.0, STM32Cube_FW_WB0_V1.3.0, STM32Cube_FW_WBA_V1.7.0, STM32Cube_FW_WB_V1.23.0, STM32Cube_FW_WL3_V1.2.0, STM32Cube_FW_WL_V1.3.1, X-CUBE-ALGOBUILD_V1.4.0, X-CUBE-ALS_V1.0.2, X-CUBE-AZRTOS-F4_V1.1.0, X-CUBE-AZRTOS-F7_V1.1.0, X-CUBE-AZRTOS-G0_V1.1.0, X-CUBE-AZRTOS-G4_V2.0.0, X-CUBE-AZRTOS-H7RS_V1.1.0, X-CUBE-AZRTOS-H7_V3.4.0, X-CUBE-AZRTOS-L4_V2.0.0, X-CUBE-AZRTOS-L5_V2.0.0, X-CUBE-AZRTOS-WB_V2.0.0, X-CUBE-AZRTOS-WL_V2.0.0, X-CUBE-BLE1_V7.1.0, X-CUBE-BLE2_V3.3.0, X-CUBE-BLEMGR_V4.1.0, X-CUBE-EEPRMA1_V5.2.0, X-CUBE-FREERTOS_V1.3.1, X-CUBE-GNSS1_V6.0.0, X-CUBE-MEMS1_V11.3.0, X-CUBE-NFC4_V3.0.0, X-CUBE-NFC7_V2.0.0, X-CUBE-SFXS2LP1_V4.0.0, X-CUBE-ST67W61_V1.0.0, X-CUBE-SUBG2_V5.0.0, X-CUBE-TOF1_V3.4.3]
2025-09-07 09:14:34,121 [INFO] DbBoardsSqlite:226 - include board P-NUCLEO-WB55-NUCLEO as a kit item of type 'Nucleo-64'
2025-09-07 09:14:34,121 [INFO] DbBoardsSqlite:226 - include board P-NUCLEO-WB55-USBDONGLE as a kit item of type 'Nucleo USB Dongle'
2025-09-07 09:14:34,123 [INFO] DbBoardsSqlite:226 - include board STEVAL-IDP005V1 as a kit item of type 'Evaluation Board'
2025-09-07 09:14:34,124 [INFO] DbBoardsSqlite:226 - include board STEVAL-IDP005V2 as a kit item of type 'Evaluation Board'
2025-09-07 09:14:34,308 [INFO] ApiDb:240 - Found 880 in-development CPN: [B-G473E-ZEST1S, B-WB1M-WPAN1, B-WBA5M-WPAN, B-WL5M-SUBG1, NUCLEO-C031C6, NUCLEO-C051C8, NUCLEO-C071RB, NUCLEO-C092RC, NUCLEO-H503RB, NUCLEO-H533RE, NUCLEO-H563ZI, NUCLEO-H7S3L8, NUCLEO-N657X0-Q, NUCLEO-U031R8, NUCLEO-U083RC, NUCLEO-U385RG-Q, NUCLEO-U545RE-Q, NUCLEO-U5A5ZJ-Q, NUCLEO-WB05KZ, NUCLEO-WB07CC, NUCLEO-WB09KE, NUCLEO-WBA52CG, NUCLEO-WBA55CG, NUCLEO-WL33CC1, NUCLEO-WL33CC2, STEVAL-PROTEUS1, STEVAL-SMARTAG2, STEVAL-STWINBX1, STM320518-EVAL, STM32C0116-DK, STM32C011D6Y3TR, STM32C011D6Y6TR, STM32C011F4P3, STM32C011F4P6, STM32C011F4U3, STM32C011F4U6TR, STM32C011F6P3, STM32C011F6P6, STM32C011F6U3, STM32C011F6U6TR, STM32C011J4M3, STM32C011J4M6, STM32C011J6M3, STM32C011J6M6, STM32C0316-DK, STM32C031C4T3, STM32C031C4T6, STM32C031C4U3, STM32C031C4U6, STM32C031C6T3, STM32C031C6T6, STM32C031C6U3, STM32C031C6U6, STM32C031F4P3, STM32C031F4P6, STM32C031F6P3, STM32C031F6P6, STM32C031G4U3, STM32C031G4U6, STM32C031G6U3, STM32C031G6U6, STM32C031K4T3, STM32C031K4T6, STM32C031K4U3, STM32C031K4U6, STM32C031K6T3, STM32C031K6T6, STM32C031K6U3, STM32C031K6U6, STM32C051C6T6, STM32C051C6U6, STM32C051C8T6, STM32C051C8U6, STM32C051D8Y6TR, STM32C051F6P6, STM32C051F8P6, STM32C051G6U6, STM32C051G8U6, STM32C051K6T6, STM32C051K6U6, STM32C051K8T6, STM32C071C8T6, STM32C071C8T6N, STM32C071C8U6, STM32C071C8U6N, STM32C071CBT6, STM32C071CBT6N, STM32C071CBU6, STM32C071CBU6N, STM32C071F8P6, STM32C071F8P6N, STM32C071FBP6, STM32C071FBP6N, STM32C071FBY6TR, STM32C071G8U6, STM32C071G8U6N, STM32C071GBU6, STM32C071GBU6N, STM32C071K8T6, STM32C071K8T6N, STM32C071K8U6, STM32C071K8U6N, STM32C071KBT6, STM32C071KBT6N, STM32C071KBU6, STM32C071KBU6N, STM32C071R8T6, STM32C071R8T6N, STM32C071RBI6N, STM32C071RBT6, STM32C071RBT6N, STM32C091CBT6, STM32C091CBU6, STM32C091CCT6, STM32C091CCU6, STM32C091ECY6TR, STM32C091FBP6, STM32C091FCP6, STM32C091GBU6, STM32C091GCU6, STM32C091KBT6, STM32C091KBU6, STM32C091KCT6, STM32C091KCU6, STM32C091RBT6, STM32C091RCI6, STM32C091RCT6, STM32C092CBT6, STM32C092CBU6, STM32C092CCT6, STM32C092CCU6, STM32C092ECY6TR, STM32C092FBP6, STM32C092FCP6, STM32C092GBU6, STM32C092GCU6, STM32C092KBT6, STM32C092KBU6, STM32C092KCT6, STM32C092KCU6, STM32C092RBT6, STM32C092RCI6, STM32C092RCT6, STM32G071K8TXN, STM32G071K8UXN, STM32G081GBU6N, STM32G081KBT6N, STM32G081KBUXN, STM32G0B1CCT6N, STM32G0B1KCT6, STM32G0B1NEY6TR, STM32G0B1RCT6N, STM32G0C1CCT6, STM32G0C1CCT6N, STM32G0C1CCU6N, STM32G0C1CET6N, STM32G0C1CEU6N, STM32G0C1KCT6, STM32G0C1NEY6TR, STM32G0C1RCI6N, STM32G0C1RCT6N, STM32G0C1REI6N, STM32G0C1RET6N, STM32G0C1VCI6, STM32G0C1VEI6, STM32G411C6T3, STM32G411C6T6, STM32G411C6U3, STM32G411C6U6, STM32G411C8T3, STM32G411C8T6, STM32G411C8U3, STM32G411C8U6, STM32G411CBT3, STM32G411CBT6, STM32G411CBU3, STM32G411CBU6, STM32G411K6T3, STM32G411K6T6, STM32G411K6U3, STM32G411K6U6, STM32G411K8T3, STM32G411K8T6, STM32G411K8U3, STM32G411K8U6, STM32G411KBT3, STM32G411KBT6, STM32G411KBU3, STM32G411KBU6, STM32G411M6T3, STM32G411M6T6, STM32G411M8T3, STM32G411M8T6, STM32G411MBT3, STM32G411MBT6, STM32G411R6T3, STM32G411R6T6, STM32G411R8T3, STM32G411R8T6, STM32G411RBT3, STM32G411RBT6, STM32G414CBT3, STM32G414CBT6, STM32G414CBU3, STM32G414CBU6, STM32G414CCT3, STM32G414CCT6, STM32G414CCU3, STM32G414CCU6, STM32G414MBT3, STM32G414MBT6, STM32G414MCT3, STM32G414MCT6, STM32G414RBT3, STM32G414RBT6, STM32G414RCT3, STM32G414RCT6, STM32G414VBT3, STM32G414VBT6, STM32G414VCT3, STM32G414VCT6, STM32G431CBT3Z, STM32G431RBT3Z, STM32G471CCT6, STM32G471CCU6, STM32G471CET3, STM32G471CET6, STM32G471CEU3, STM32G471CEU6, STM32G471MCT6, STM32G471MET3, STM32G471MET6, STM32G471MEY6TR, STM32G471QCT6, STM32G471QET3, STM32G471RCT6, STM32G471RET3, STM32G471RET6, STM32G471VCH6, STM32G471VCI6, STM32G471VCT6, STM32G471VEH3, STM32G471VEH6, STM32G471VEI3, STM32G471VEI6, STM32G471VET3, STM32G471VET6, STM32G473QET3Z, STM32G473RET3Z, STM32G474CCT6, STM32G491RET3Z, STM32H503CBT6, STM32H503CBU6, STM32H503EBY6TR, STM32H503KBU6, STM32H503RBT6, STM32H523CCT6, STM32H523CCU6, STM32H523CET6, STM32H523CEU6, STM32H523HEY6TR, STM32H523RCT6, STM32H523RET6, STM32H523VCI6, STM32H523VCT6, STM32H523VEI6, STM32H523VET6, STM32H523ZCJ6, STM32H523ZCT6, STM32H523ZEJ6, STM32H523ZET6, STM32H533CET6, STM32H533CEU6, STM32H533HEY6TR, STM32H533RET6, STM32H533VEI6, STM32H533VET6, STM32H533ZEJ6, STM32H533ZET6, STM32H562AGI6, STM32H562AII6, STM32H562IGK6, STM32H562IGT6, STM32H562IIK6, STM32H562IIT6, STM32H562RGT6, STM32H562RGV6, STM32H562RIT6, STM32H562RIV6, STM32H562VGT6, STM32H562VIT6, STM32H562ZGT6, STM32H562ZIT6, STM32H563AGI6, STM32H563AII3Q, STM32H563AII6, STM32H563IGK6, STM32H563IGT6, STM32H563IIK3Q, STM32H563IIK6, STM32H563IIT3Q, STM32H563IIT6, STM32H563MIY3QTR, STM32H563RGT6, STM32H563RGV6, STM32H563RIT6, STM32H563RIV6, STM32H563VGT6, STM32H563VIT3Q, STM32H563VIT6, STM32H563ZGT6, STM32H563ZIT3Q, STM32H563ZIT6, STM32H573AII3Q, STM32H573AII6, STM32H573I-DK, STM32H573IIK3Q, STM32H573IIK6, STM32H573IIT3Q, STM32H573IIT6, STM32H573MIY3QTR, STM32H573RIT6, STM32H573RIV6, STM32H573VIT3Q, STM32H573VIT6, STM32H573ZIT3Q, STM32H573ZIT6, STM32H7R3A8I6, STM32H7R3I8K6, STM32H7R3I8T6, STM32H7R3L8H6, STM32H7R3L8H6H, STM32H7R3R8V6, STM32H7R3V8H6, STM32H7R3V8T6, STM32H7R3V8Y6TR, STM32H7R3Z8J6, STM32H7R3Z8T6, STM32H7R7A8I6, STM32H7R7I8K6, STM32H7R7I8T6, STM32H7R7L8H6, STM32H7R7L8H6H, STM32H7R7Z8J6, STM32H7S3A8I6, STM32H7S3I8K6, STM32H7S3I8T6, STM32H7S3L8H6, STM32H7S3L8H6H, STM32H7S3R8V6, STM32H7S3V8H6, STM32H7S3V8T6, STM32H7S3V8Y6TR, STM32H7S3Z8J6, STM32H7S3Z8T6, STM32H7S78-DK, STM32H7S7A8I6, STM32H7S7I8K6, STM32H7S7I8T6, STM32H7S7L8H6, STM32H7S7L8H6H, STM32H7S7Z8J6, STM32L4R5QGI6STR, STM32MP131AAE3, STM32MP131AAF3, STM32MP131AAG3, STM32MP131CAE3, STM32MP131CAF3, STM32MP131CAG3, STM32MP131DAE7, STM32MP131DAF7, STM32MP131DAG7, STM32MP131FAE7, STM32MP131FAF7, STM32MP131FAG7, STM32MP133AAE3, STM32MP133AAF3, STM32MP133AAG3, STM32MP133CAE3, STM32MP133CAF3, STM32MP133CAG3, STM32MP133DAE7, STM32MP133DAF7, STM32MP133DAG7, STM32MP133FAE7, STM32MP133FAF7, STM32MP133FAG7, STM32MP135AAE3, STM32MP135AAF3, STM32MP135AAG3, STM32MP135CAE3, STM32MP135CAF3, STM32MP135CAG3, STM32MP135DAE7, STM32MP135DAF7, STM32MP135DAG7, STM32MP135F-DK, STM32MP135FAE7, STM32MP135FAF7, STM32MP135FAF7T, STM32MP135FAF7U, STM32MP135FAG7, STM32MP211AAL3, STM32MP211AAM3, STM32MP211AAN3, STM32MP211AAO3, STM32MP211CAL3, STM32MP211CAM3, STM32MP211CAN3, STM32MP211CAO3, STM32MP211DAL3, STM32MP211DAM3, STM32MP211DAN3, STM32MP211DAO3, STM32MP211FAL3, STM32MP211FAM3, STM32MP211FAN3, STM32MP211FAO3, STM32MP213AAL3, STM32MP213AAM3, STM32MP213AAN3, STM32MP213AAO3, STM32MP213CAL3, STM32MP213CAM3, STM32MP213CAN3, STM32MP213CAO3, STM32MP213DAL3, STM32MP213DAM3, STM32MP213DAN3, STM32MP213DAO3, STM32MP213FAL3, STM32MP213FAM3, STM32MP213FAN3, STM32MP213FAO3, STM32MP215AAL3, STM32MP215AAM3, STM32MP215AAN3, STM32MP215AAO3, STM32MP215CAL3, STM32MP215CAM3, STM32MP215CAN3, STM32MP215CAO3, STM32MP215DAL3, STM32MP215DAM3, STM32MP215DAN3, STM32MP215DAO3, STM32MP215F-DK, STM32MP215FAL3, STM32MP215FAM3, STM32MP215FAN3, STM32MP215FAO3, STM32MP231AAJ3, STM32MP231AAK3, STM32MP231AAL3, STM32MP231CAJ3, STM32MP231CAK3, STM32MP231CAL3, STM32MP231DAJ3, STM32MP231DAK3, STM32MP231DAL3, STM32MP231FAJ3, STM32MP231FAK3, STM32MP231FAL3, STM32MP233AAJ3, STM32MP233AAK3, STM32MP233AAL3, STM32MP233CAJ3, STM32MP233CAK3, STM32MP233CAL3, STM32MP233DAJ3, STM32MP233DAK3, STM32MP233DAL3, STM32MP233FAJ3, STM32MP233FAK3, STM32MP233FAL3, STM32MP235AAJ3, STM32MP235AAK3, STM32MP235AAL3, STM32MP235CAJ3, STM32MP235CAK3, STM32MP235CAL3, STM32MP235DAJ3, STM32MP235DAK3, STM32MP235DAL3, STM32MP235FAJ3, STM32MP235FAK3, STM32MP235FAL3, STM32MP251AAI3, STM32MP251AAK3, STM32MP251AAL3, STM32MP251CAI3, STM32MP251CAK3, STM32MP251CAL3, STM32MP251DAI3, STM32MP251DAK3, STM32MP251DAL3, STM32MP251FAI3, STM32MP251FAK3, STM32MP251FAL3, STM32MP253AAI3, STM32MP253AAK3, STM32MP253AAL3, STM32MP253CAI3, STM32MP253CAK3, STM32MP253CAL3, STM32MP253DAI3, STM32MP253DAK3, STM32MP253DAL3, STM32MP253FAI3, STM32MP253FAK3, STM32MP253FAL3, STM32MP255AAI3, STM32MP255AAK3, STM32MP255AAL3, STM32MP255CAI3, STM32MP255CAK3, STM32MP255CAL3, STM32MP255DAI3, STM32MP255DAK3, STM32MP255DAL3, STM32MP255FAI3, STM32MP255FAK3, STM32MP255FAL3, STM32MP257AAI3, STM32MP257AAK3, STM32MP257AAL3, STM32MP257CAI3, STM32MP257CAK3, STM32MP257CAL3, STM32MP257DAI3, STM32MP257DAK3, STM32MP257DAL3, STM32MP257F-DK, STM32MP257F-EV1, STM32MP257FAI3, STM32MP257FAK3, STM32MP257FAL3, STM32N645A0H3Q, STM32N645B0H3Q, STM32N645I0H3Q, STM32N645L0H3Q, STM32N645X0H3Q, STM32N645Z0H3Q, STM32N647A0H3Q, STM32N647B0H3Q, STM32N647I0H3Q, STM32N647L0H3Q, STM32N647X0H3Q, STM32N647Z0H3Q, STM32N655A0H3Q, STM32N655B0H3Q, STM32N655I0H3Q, STM32N655L0H3Q, STM32N655X0H3Q, STM32N655Z0H3Q, STM32N6570-DK, STM32N657A0H3Q, STM32N657B0H3Q, STM32N657I0H3Q, STM32N657L0H3Q, STM32N657X0H3Q, STM32N657Z0H3Q, STM32U031C6T6, STM32U031C6U6, STM32U031C8T6, STM32U031C8U6, STM32U031F4P6, STM32U031F6P6, STM32U031F8P6, STM32U031G6Y6TR, STM32U031G8Y6TR, STM32U031K4U6, STM32U031K6U6, STM32U031K8U6, STM32U031R6I6, STM32U031R6T6, STM32U031R8I6, STM32U031R8T6, STM32U073C8T6, STM32U073C8U6, STM32U073CBT6, STM32U073CBU6, STM32U073CCT6, STM32U073CCU6, STM32U073H8Y6TR, STM32U073HBY6TR, STM32U073HCY6TR, STM32U073K8U6, STM32U073KBU6, STM32U073KCU6, STM32U073M8I6, STM32U073M8T6, STM32U073MBI6, STM32U073MBT6, STM32U073MCI6, STM32U073MCT6, STM32U073R8I6, STM32U073R8T6, STM32U073RBI6, STM32U073RBT6, STM32U073RCI6, STM32U073RCT6, STM32U083C-DK, STM32U083CCT6, STM32U083CCU6, STM32U083HCY6TR, STM32U083KCU6, STM32U083MCI6, STM32U083MCT6, STM32U083RCI6, STM32U083RCT6, STM32U375CET6, STM32U375CET6Q, STM32U375CEU6, STM32U375CEU6Q, STM32U375CEY6QTR, STM32U375CGT6, STM32U375CGT6Q, STM32U375CGU6, STM32U375CGU6Q, STM32U375CGY6QTR, STM32U375KEU6, STM32U375KGU6, STM32U375REI6, STM32U375REI6Q, STM32U375RET6, STM32U375RET6Q, STM32U375REY6GTR, STM32U375REY6QTR, STM32U375RGI6, STM32U375RGI6Q, STM32U375RGT6, STM32U375RGT6Q, STM32U375RGY6GTR, STM32U375RGY6QTR, STM32U375VEI6, STM32U375VEI6Q, STM32U375VET6, STM32U375VET6Q, STM32U375VGI6, STM32U375VGI6Q, STM32U375VGT6, STM32U375VGT6Q, STM32U385CGT6, STM32U385CGT6Q, STM32U385CGU6, STM32U385CGU6Q, STM32U385CGY6QTR, STM32U385KGU6, STM32U385RGI6, STM32U385RGI6Q, STM32U385RGT6, STM32U385RGT6Q, STM32U385RGY6GTR, STM32U385RGY6QTR, STM32U385VGI6, STM32U385VGI6Q, STM32U385VGT6, STM32U385VGT6Q, STM32U535CBT6, STM32U535CBT6Q, STM32U535CBU6, STM32U535CBU6Q, STM32U535CCT6, STM32U535CCT6Q, STM32U535CCU6, STM32U535CCU6Q, STM32U535CET6, STM32U535CET6Q, STM32U535CEU6, STM32U535CEU6Q, STM32U535JEY6QTR, STM32U535NCY6QTR, STM32U535NEY6QTR, STM32U535RBI6, STM32U535RBI6Q, STM32U535RBT6, STM32U535RBT6Q, STM32U535RCI6, STM32U535RCI6Q, STM32U535RCT6, STM32U535RCT6Q, STM32U535REI6, STM32U535REI6Q, STM32U535RET6, STM32U535RET6Q, STM32U535VCI6, STM32U535VCI6Q, STM32U535VCT6, STM32U535VCT6Q, STM32U535VEI6, STM32U535VEI6Q, STM32U535VET6, STM32U535VET6Q, STM32U545CET6, STM32U545CET6Q, STM32U545CEU6, STM32U545CEU6Q, STM32U545JEY6QTR, STM32U545NEY6QTR, STM32U545REI6, STM32U545REI6Q, STM32U545RET6, STM32U545RET6Q, STM32U545VEI6, STM32U545VEI6Q, STM32U545VET6, STM32U545VET6Q, STM32U595AIH6, STM32U595AIH6Q, STM32U595AJH6, STM32U595AJH6Q, STM32U595QII6, STM32U595QII6Q, STM32U595QJI6, STM32U595QJI6Q, STM32U595RIT6, STM32U595RIT6Q, STM32U595RJT6, STM32U595RJT6Q, STM32U595VIT6, STM32U595VIT6Q, STM32U595VJT6, STM32U595VJT6Q, STM32U595ZIT6, STM32U595ZIT6Q, STM32U595ZIY6QTR, STM32U595ZJT6, STM32U595ZJT6Q, STM32U595ZJY6QTR, STM32U599BJY6QTR, STM32U599NIH6Q, STM32U599NJH6Q, STM32U599VIT6Q, STM32U599VJT6, STM32U599VJT6Q, STM32U599ZIT6Q, STM32U599ZIY6QTR, STM32U599ZJT6Q, STM32U599ZJY6QTR, STM32U5A5AJH6, STM32U5A5AJH6Q, STM32U5A5QII3Q , STM32U5A5QJI6, STM32U5A5QJI6Q, STM32U5A5RJT6, STM32U5A5RJT6Q, STM32U5A5VJT6, STM32U5A5VJT6Q, STM32U5A5ZJT6, STM32U5A5ZJT6Q, STM32U5A5ZJY6QTR, STM32U5A9BJY6QTR, STM32U5A9J-DK, STM32U5A9NJH6Q, STM32U5A9VJT6Q, STM32U5A9ZJT6Q, STM32U5A9ZJY6QTR, STM32U5F7VIT6, STM32U5F7VIT6Q, STM32U5F7VJT6, STM32U5F7VJT6Q, STM32U5F9BJY6QTR, STM32U5F9NJH6Q, STM32U5F9VIT6Q, STM32U5F9VJT6Q, STM32U5F9ZIJ6QTR, STM32U5F9ZIT6Q, STM32U5F9ZJJ6QTR, STM32U5F9ZJT6Q, STM32U5G7VJT6, STM32U5G7VJT6Q, STM32U5G9BJY6QTR, STM32U5G9J-DK1, STM32U5G9J-DK2, STM32U5G9NJH6Q, STM32U5G9VJT6Q, STM32U5G9ZJJ6QTR, STM32U5G9ZJT6Q, STM32WB05KZV6TR, STM32WB05KZV7TR, STM32WB05TZF6TR, STM32WB05TZF7TR, STM32WB06CCF6TR, STM32WB06CCF7TR, STM32WB06CCV6TR, STM32WB06CCV7TR, STM32WB06KCV6TR, STM32WB06KCV7TR, STM32WB07CCF6TR, STM32WB07CCF7TR, STM32WB07CCV6TR, STM32WB07CCV7TR, STM32WB07KCV6TR, STM32WB07KCV7TR, STM32WB09KEV6TR, STM32WB09KEV7TR, STM32WB09TEF6TR, STM32WB09TEF7TR, STM32WB1MMCH6, STM32WBA50KGU6, STM32WBA50KGU6TR, STM32WBA52CEU6, STM32WBA52CEU6TR, STM32WBA52CEU7, STM32WBA52CEU7TR, STM32WBA52CGU6, STM32WBA52CGU6TR, STM32WBA52CGU6U, STM32WBA52CGU7, STM32WBA52CGU7TR, STM32WBA52KEU6, STM32WBA52KEU6TR, STM32WBA52KGU6, STM32WBA52KGU6TR, STM32WBA54CEU6, STM32WBA54CEU6TR, STM32WBA54CEU7, STM32WBA54CEU7TR, STM32WBA54CGU6, STM32WBA54CGU6TR, STM32WBA54CGU7, STM32WBA54CGU7TR, STM32WBA54KEU6, STM32WBA54KEU6TR, STM32WBA54KEU7, STM32WBA54KEU7TR, STM32WBA54KGU6, STM32WBA54KGU6TR, STM32WBA54KGU7, STM32WBA54KGU7TR, STM32WBA55CEU6, STM32WBA55CEU6TR, STM32WBA55CEU7, STM32WBA55CEU7TR, STM32WBA55CGU6, STM32WBA55CGU6TR, STM32WBA55CGU6U, STM32WBA55CGU7, STM32WBA55CGU7TR, STM32WBA55G-DK1, STM32WBA55HEF6, STM32WBA55HEF7, STM32WBA55HGF6, STM32WBA55HGF7, STM32WBA55UEI6, STM32WBA55UEI6TR, STM32WBA55UEI7, STM32WBA55UEI7TR, STM32WBA55UGI6, STM32WBA55UGI6TR, STM32WBA55UGI7, STM32WBA55UGI7TR, STM32WBA5MMGH6TR, STM32WBA62MGF6, STM32WBA62MIF6, STM32WBA65MGF7, STM32WBA65MIF6, STM32WBA65MIF7, STM32WL30K8V6, STM32WL30KBV6, STM32WL31C8V6, STM32WL31CBV6, STM32WL31K8V6, STM32WL31KBV6, STM32WL33C8V6, STM32WL33C8V6X, STM32WL33CBV6, STM32WL33CBV6X, STM32WL33CCV6, STM32WL33CCV6A, STM32WL33CCV6X, STM32WL33K8V7, STM32WL33K8V7X, STM32WL33KBV7 , STM32WL33KBV7X, STM32WL33KCV7, STM32WL33KCV7X, STM32WL5MOCH6, STM32WL5MOCH6TR]
2025-09-07 09:14:34,389 [INFO] BoardInfo:889 - No configuration file found for board P-NUCLEO-WB55
2025-09-07 09:14:34,390 [INFO] DbBoards:161 - Kit is not supported: P-NUCLEO-WB55
2025-09-07 09:14:34,392 [INFO] BoardInfo:889 - No configuration file found for board STEVAL-BFA001V1B
2025-09-07 09:14:34,393 [INFO] DbBoards:161 - Kit is not supported: STEVAL-BFA001V1B
2025-09-07 09:14:34,393 [INFO] BoardInfo:889 - No configuration file found for board STEVAL-BFA001V2B
2025-09-07 09:14:34,393 [INFO] DbBoards:161 - Kit is not supported: STEVAL-BFA001V2B
2025-09-07 09:14:34,463 [INFO] DbBoards:168 - Found 212 boards, 209 are supported
2025-09-07 09:14:34,463 [INFO] DbBoards:169 - Found 212 boards, 43 of them is supported for  Bsp
2025-09-07 09:14:34,465 [INFO] ApiDb:668 - CubeFinder database Data Model version=2.1
2025-09-07 09:14:34,466 [INFO] ApiDb:669 - CubeFinder database Configuration version=3.0.39
2025-09-07 09:14:34,466 [INFO] ApiDb:670 - CubeFinder database generation date=2025-07-24 (1753349077)
2025-09-07 09:14:34,466 [INFO] ApiDb:671 - CubeFinder database FW Pack versions=[FP-ATR-ASTRA1_V2.0.0, FP-SNS-FLIGHT1_V5.1.0, FP-SNS-MOTENV1_V5.0.0, FP-SNS-MOTENVWB1_V1.4.0, FP-SNS-SMARTAG2_V1.2.0, FP-SNS-STBOX1_V2.0.0, STM32Cube_FW_C0_V1.4.0, STM32Cube_FW_F4_V1.28.2, STM32Cube_FW_F7_V1.17.3, STM32Cube_FW_G0_V1.6.2, STM32Cube_FW_G4_V1.6.1, STM32Cube_FW_H5_V1.5.0, STM32Cube_FW_H7RS_V1.2.0, STM32Cube_FW_H7_V1.12.1, STM32Cube_FW_L0_V1.12.2, STM32Cube_FW_L4_V1.18.1, STM32Cube_FW_L5_V1.5.1, STM32Cube_FW_N6_V1.2.0, STM32Cube_FW_U0_V1.3.0, STM32Cube_FW_U3_V1.2.0, STM32Cube_FW_U5_V1.8.0, STM32Cube_FW_WB0_V1.3.0, STM32Cube_FW_WBA_V1.7.0, STM32Cube_FW_WB_V1.23.0, STM32Cube_FW_WL3_V1.2.0, STM32Cube_FW_WL_V1.3.1, X-CUBE-ALGOBUILD_V1.4.0, X-CUBE-ALS_V1.0.2, X-CUBE-AZRTOS-F4_V1.1.0, X-CUBE-AZRTOS-F7_V1.1.0, X-CUBE-AZRTOS-G0_V1.1.0, X-CUBE-AZRTOS-G4_V2.0.0, X-CUBE-AZRTOS-H7RS_V1.1.0, X-CUBE-AZRTOS-H7_V3.4.0, X-CUBE-AZRTOS-L4_V2.0.0, X-CUBE-AZRTOS-L5_V2.0.0, X-CUBE-AZRTOS-WB_V2.0.0, X-CUBE-AZRTOS-WL_V2.0.0, X-CUBE-BLE1_V7.1.0, X-CUBE-BLE2_V3.3.0, X-CUBE-BLEMGR_V4.1.0, X-CUBE-EEPRMA1_V5.2.0, X-CUBE-FREERTOS_V1.3.1, X-CUBE-GNSS1_V6.0.0, X-CUBE-MEMS1_V11.3.0, X-CUBE-NFC4_V3.0.0, X-CUBE-NFC7_V2.0.0, X-CUBE-SFXS2LP1_V4.0.0, X-CUBE-ST67W61_V1.0.0, X-CUBE-SUBG2_V5.0.0, X-CUBE-TOF1_V3.4.3]
2025-09-07 09:14:36,372 [INFO] ApiDb:240 - Found 880 in-development CPN: [B-G473E-ZEST1S, B-WB1M-WPAN1, B-WBA5M-WPAN, B-WL5M-SUBG1, NUCLEO-C031C6, NUCLEO-C051C8, NUCLEO-C071RB, NUCLEO-C092RC, NUCLEO-H503RB, NUCLEO-H533RE, NUCLEO-H563ZI, NUCLEO-H7S3L8, NUCLEO-N657X0-Q, NUCLEO-U031R8, NUCLEO-U083RC, NUCLEO-U385RG-Q, NUCLEO-U545RE-Q, NUCLEO-U5A5ZJ-Q, NUCLEO-WB05KZ, NUCLEO-WB07CC, NUCLEO-WB09KE, NUCLEO-WBA52CG, NUCLEO-WBA55CG, NUCLEO-WL33CC1, NUCLEO-WL33CC2, STEVAL-PROTEUS1, STEVAL-SMARTAG2, STEVAL-STWINBX1, STM320518-EVAL, STM32C0116-DK, STM32C011D6Y3TR, STM32C011D6Y6TR, STM32C011F4P3, STM32C011F4P6, STM32C011F4U3, STM32C011F4U6TR, STM32C011F6P3, STM32C011F6P6, STM32C011F6U3, STM32C011F6U6TR, STM32C011J4M3, STM32C011J4M6, STM32C011J6M3, STM32C011J6M6, STM32C0316-DK, STM32C031C4T3, STM32C031C4T6, STM32C031C4U3, STM32C031C4U6, STM32C031C6T3, STM32C031C6T6, STM32C031C6U3, STM32C031C6U6, STM32C031F4P3, STM32C031F4P6, STM32C031F6P3, STM32C031F6P6, STM32C031G4U3, STM32C031G4U6, STM32C031G6U3, STM32C031G6U6, STM32C031K4T3, STM32C031K4T6, STM32C031K4U3, STM32C031K4U6, STM32C031K6T3, STM32C031K6T6, STM32C031K6U3, STM32C031K6U6, STM32C051C6T6, STM32C051C6U6, STM32C051C8T6, STM32C051C8U6, STM32C051D8Y6TR, STM32C051F6P6, STM32C051F8P6, STM32C051G6U6, STM32C051G8U6, STM32C051K6T6, STM32C051K6U6, STM32C051K8T6, STM32C071C8T6, STM32C071C8T6N, STM32C071C8U6, STM32C071C8U6N, STM32C071CBT6, STM32C071CBT6N, STM32C071CBU6, STM32C071CBU6N, STM32C071F8P6, STM32C071F8P6N, STM32C071FBP6, STM32C071FBP6N, STM32C071FBY6TR, STM32C071G8U6, STM32C071G8U6N, STM32C071GBU6, STM32C071GBU6N, STM32C071K8T6, STM32C071K8T6N, STM32C071K8U6, STM32C071K8U6N, STM32C071KBT6, STM32C071KBT6N, STM32C071KBU6, STM32C071KBU6N, STM32C071R8T6, STM32C071R8T6N, STM32C071RBI6N, STM32C071RBT6, STM32C071RBT6N, STM32C091CBT6, STM32C091CBU6, STM32C091CCT6, STM32C091CCU6, STM32C091ECY6TR, STM32C091FBP6, STM32C091FCP6, STM32C091GBU6, STM32C091GCU6, STM32C091KBT6, STM32C091KBU6, STM32C091KCT6, STM32C091KCU6, STM32C091RBT6, STM32C091RCI6, STM32C091RCT6, STM32C092CBT6, STM32C092CBU6, STM32C092CCT6, STM32C092CCU6, STM32C092ECY6TR, STM32C092FBP6, STM32C092FCP6, STM32C092GBU6, STM32C092GCU6, STM32C092KBT6, STM32C092KBU6, STM32C092KCT6, STM32C092KCU6, STM32C092RBT6, STM32C092RCI6, STM32C092RCT6, STM32G071K8TXN, STM32G071K8UXN, STM32G081GBU6N, STM32G081KBT6N, STM32G081KBUXN, STM32G0B1CCT6N, STM32G0B1KCT6, STM32G0B1NEY6TR, STM32G0B1RCT6N, STM32G0C1CCT6, STM32G0C1CCT6N, STM32G0C1CCU6N, STM32G0C1CET6N, STM32G0C1CEU6N, STM32G0C1KCT6, STM32G0C1NEY6TR, STM32G0C1RCI6N, STM32G0C1RCT6N, STM32G0C1REI6N, STM32G0C1RET6N, STM32G0C1VCI6, STM32G0C1VEI6, STM32G411C6T3, STM32G411C6T6, STM32G411C6U3, STM32G411C6U6, STM32G411C8T3, STM32G411C8T6, STM32G411C8U3, STM32G411C8U6, STM32G411CBT3, STM32G411CBT6, STM32G411CBU3, STM32G411CBU6, STM32G411K6T3, STM32G411K6T6, STM32G411K6U3, STM32G411K6U6, STM32G411K8T3, STM32G411K8T6, STM32G411K8U3, STM32G411K8U6, STM32G411KBT3, STM32G411KBT6, STM32G411KBU3, STM32G411KBU6, STM32G411M6T3, STM32G411M6T6, STM32G411M8T3, STM32G411M8T6, STM32G411MBT3, STM32G411MBT6, STM32G411R6T3, STM32G411R6T6, STM32G411R8T3, STM32G411R8T6, STM32G411RBT3, STM32G411RBT6, STM32G414CBT3, STM32G414CBT6, STM32G414CBU3, STM32G414CBU6, STM32G414CCT3, STM32G414CCT6, STM32G414CCU3, STM32G414CCU6, STM32G414MBT3, STM32G414MBT6, STM32G414MCT3, STM32G414MCT6, STM32G414RBT3, STM32G414RBT6, STM32G414RCT3, STM32G414RCT6, STM32G414VBT3, STM32G414VBT6, STM32G414VCT3, STM32G414VCT6, STM32G431CBT3Z, STM32G431RBT3Z, STM32G471CCT6, STM32G471CCU6, STM32G471CET3, STM32G471CET6, STM32G471CEU3, STM32G471CEU6, STM32G471MCT6, STM32G471MET3, STM32G471MET6, STM32G471MEY6TR, STM32G471QCT6, STM32G471QET3, STM32G471RCT6, STM32G471RET3, STM32G471RET6, STM32G471VCH6, STM32G471VCI6, STM32G471VCT6, STM32G471VEH3, STM32G471VEH6, STM32G471VEI3, STM32G471VEI6, STM32G471VET3, STM32G471VET6, STM32G473QET3Z, STM32G473RET3Z, STM32G474CCT6, STM32G491RET3Z, STM32H503CBT6, STM32H503CBU6, STM32H503EBY6TR, STM32H503KBU6, STM32H503RBT6, STM32H523CCT6, STM32H523CCU6, STM32H523CET6, STM32H523CEU6, STM32H523HEY6TR, STM32H523RCT6, STM32H523RET6, STM32H523VCI6, STM32H523VCT6, STM32H523VEI6, STM32H523VET6, STM32H523ZCJ6, STM32H523ZCT6, STM32H523ZEJ6, STM32H523ZET6, STM32H533CET6, STM32H533CEU6, STM32H533HEY6TR, STM32H533RET6, STM32H533VEI6, STM32H533VET6, STM32H533ZEJ6, STM32H533ZET6, STM32H562AGI6, STM32H562AII6, STM32H562IGK6, STM32H562IGT6, STM32H562IIK6, STM32H562IIT6, STM32H562RGT6, STM32H562RGV6, STM32H562RIT6, STM32H562RIV6, STM32H562VGT6, STM32H562VIT6, STM32H562ZGT6, STM32H562ZIT6, STM32H563AGI6, STM32H563AII3Q, STM32H563AII6, STM32H563IGK6, STM32H563IGT6, STM32H563IIK3Q, STM32H563IIK6, STM32H563IIT3Q, STM32H563IIT6, STM32H563MIY3QTR, STM32H563RGT6, STM32H563RGV6, STM32H563RIT6, STM32H563RIV6, STM32H563VGT6, STM32H563VIT3Q, STM32H563VIT6, STM32H563ZGT6, STM32H563ZIT3Q, STM32H563ZIT6, STM32H573AII3Q, STM32H573AII6, STM32H573I-DK, STM32H573IIK3Q, STM32H573IIK6, STM32H573IIT3Q, STM32H573IIT6, STM32H573MIY3QTR, STM32H573RIT6, STM32H573RIV6, STM32H573VIT3Q, STM32H573VIT6, STM32H573ZIT3Q, STM32H573ZIT6, STM32H7R3A8I6, STM32H7R3I8K6, STM32H7R3I8T6, STM32H7R3L8H6, STM32H7R3L8H6H, STM32H7R3R8V6, STM32H7R3V8H6, STM32H7R3V8T6, STM32H7R3V8Y6TR, STM32H7R3Z8J6, STM32H7R3Z8T6, STM32H7R7A8I6, STM32H7R7I8K6, STM32H7R7I8T6, STM32H7R7L8H6, STM32H7R7L8H6H, STM32H7R7Z8J6, STM32H7S3A8I6, STM32H7S3I8K6, STM32H7S3I8T6, STM32H7S3L8H6, STM32H7S3L8H6H, STM32H7S3R8V6, STM32H7S3V8H6, STM32H7S3V8T6, STM32H7S3V8Y6TR, STM32H7S3Z8J6, STM32H7S3Z8T6, STM32H7S78-DK, STM32H7S7A8I6, STM32H7S7I8K6, STM32H7S7I8T6, STM32H7S7L8H6, STM32H7S7L8H6H, STM32H7S7Z8J6, STM32L4R5QGI6STR, STM32MP131AAE3, STM32MP131AAF3, STM32MP131AAG3, STM32MP131CAE3, STM32MP131CAF3, STM32MP131CAG3, STM32MP131DAE7, STM32MP131DAF7, STM32MP131DAG7, STM32MP131FAE7, STM32MP131FAF7, STM32MP131FAG7, STM32MP133AAE3, STM32MP133AAF3, STM32MP133AAG3, STM32MP133CAE3, STM32MP133CAF3, STM32MP133CAG3, STM32MP133DAE7, STM32MP133DAF7, STM32MP133DAG7, STM32MP133FAE7, STM32MP133FAF7, STM32MP133FAG7, STM32MP135AAE3, STM32MP135AAF3, STM32MP135AAG3, STM32MP135CAE3, STM32MP135CAF3, STM32MP135CAG3, STM32MP135DAE7, STM32MP135DAF7, STM32MP135DAG7, STM32MP135F-DK, STM32MP135FAE7, STM32MP135FAF7, STM32MP135FAF7T, STM32MP135FAF7U, STM32MP135FAG7, STM32MP211AAL3, STM32MP211AAM3, STM32MP211AAN3, STM32MP211AAO3, STM32MP211CAL3, STM32MP211CAM3, STM32MP211CAN3, STM32MP211CAO3, STM32MP211DAL3, STM32MP211DAM3, STM32MP211DAN3, STM32MP211DAO3, STM32MP211FAL3, STM32MP211FAM3, STM32MP211FAN3, STM32MP211FAO3, STM32MP213AAL3, STM32MP213AAM3, STM32MP213AAN3, STM32MP213AAO3, STM32MP213CAL3, STM32MP213CAM3, STM32MP213CAN3, STM32MP213CAO3, STM32MP213DAL3, STM32MP213DAM3, STM32MP213DAN3, STM32MP213DAO3, STM32MP213FAL3, STM32MP213FAM3, STM32MP213FAN3, STM32MP213FAO3, STM32MP215AAL3, STM32MP215AAM3, STM32MP215AAN3, STM32MP215AAO3, STM32MP215CAL3, STM32MP215CAM3, STM32MP215CAN3, STM32MP215CAO3, STM32MP215DAL3, STM32MP215DAM3, STM32MP215DAN3, STM32MP215DAO3, STM32MP215F-DK, STM32MP215FAL3, STM32MP215FAM3, STM32MP215FAN3, STM32MP215FAO3, STM32MP231AAJ3, STM32MP231AAK3, STM32MP231AAL3, STM32MP231CAJ3, STM32MP231CAK3, STM32MP231CAL3, STM32MP231DAJ3, STM32MP231DAK3, STM32MP231DAL3, STM32MP231FAJ3, STM32MP231FAK3, STM32MP231FAL3, STM32MP233AAJ3, STM32MP233AAK3, STM32MP233AAL3, STM32MP233CAJ3, STM32MP233CAK3, STM32MP233CAL3, STM32MP233DAJ3, STM32MP233DAK3, STM32MP233DAL3, STM32MP233FAJ3, STM32MP233FAK3, STM32MP233FAL3, STM32MP235AAJ3, STM32MP235AAK3, STM32MP235AAL3, STM32MP235CAJ3, STM32MP235CAK3, STM32MP235CAL3, STM32MP235DAJ3, STM32MP235DAK3, STM32MP235DAL3, STM32MP235FAJ3, STM32MP235FAK3, STM32MP235FAL3, STM32MP251AAI3, STM32MP251AAK3, STM32MP251AAL3, STM32MP251CAI3, STM32MP251CAK3, STM32MP251CAL3, STM32MP251DAI3, STM32MP251DAK3, STM32MP251DAL3, STM32MP251FAI3, STM32MP251FAK3, STM32MP251FAL3, STM32MP253AAI3, STM32MP253AAK3, STM32MP253AAL3, STM32MP253CAI3, STM32MP253CAK3, STM32MP253CAL3, STM32MP253DAI3, STM32MP253DAK3, STM32MP253DAL3, STM32MP253FAI3, STM32MP253FAK3, STM32MP253FAL3, STM32MP255AAI3, STM32MP255AAK3, STM32MP255AAL3, STM32MP255CAI3, STM32MP255CAK3, STM32MP255CAL3, STM32MP255DAI3, STM32MP255DAK3, STM32MP255DAL3, STM32MP255FAI3, STM32MP255FAK3, STM32MP255FAL3, STM32MP257AAI3, STM32MP257AAK3, STM32MP257AAL3, STM32MP257CAI3, STM32MP257CAK3, STM32MP257CAL3, STM32MP257DAI3, STM32MP257DAK3, STM32MP257DAL3, STM32MP257F-DK, STM32MP257F-EV1, STM32MP257FAI3, STM32MP257FAK3, STM32MP257FAL3, STM32N645A0H3Q, STM32N645B0H3Q, STM32N645I0H3Q, STM32N645L0H3Q, STM32N645X0H3Q, STM32N645Z0H3Q, STM32N647A0H3Q, STM32N647B0H3Q, STM32N647I0H3Q, STM32N647L0H3Q, STM32N647X0H3Q, STM32N647Z0H3Q, STM32N655A0H3Q, STM32N655B0H3Q, STM32N655I0H3Q, STM32N655L0H3Q, STM32N655X0H3Q, STM32N655Z0H3Q, STM32N6570-DK, STM32N657A0H3Q, STM32N657B0H3Q, STM32N657I0H3Q, STM32N657L0H3Q, STM32N657X0H3Q, STM32N657Z0H3Q, STM32U031C6T6, STM32U031C6U6, STM32U031C8T6, STM32U031C8U6, STM32U031F4P6, STM32U031F6P6, STM32U031F8P6, STM32U031G6Y6TR, STM32U031G8Y6TR, STM32U031K4U6, STM32U031K6U6, STM32U031K8U6, STM32U031R6I6, STM32U031R6T6, STM32U031R8I6, STM32U031R8T6, STM32U073C8T6, STM32U073C8U6, STM32U073CBT6, STM32U073CBU6, STM32U073CCT6, STM32U073CCU6, STM32U073H8Y6TR, STM32U073HBY6TR, STM32U073HCY6TR, STM32U073K8U6, STM32U073KBU6, STM32U073KCU6, STM32U073M8I6, STM32U073M8T6, STM32U073MBI6, STM32U073MBT6, STM32U073MCI6, STM32U073MCT6, STM32U073R8I6, STM32U073R8T6, STM32U073RBI6, STM32U073RBT6, STM32U073RCI6, STM32U073RCT6, STM32U083C-DK, STM32U083CCT6, STM32U083CCU6, STM32U083HCY6TR, STM32U083KCU6, STM32U083MCI6, STM32U083MCT6, STM32U083RCI6, STM32U083RCT6, STM32U375CET6, STM32U375CET6Q, STM32U375CEU6, STM32U375CEU6Q, STM32U375CEY6QTR, STM32U375CGT6, STM32U375CGT6Q, STM32U375CGU6, STM32U375CGU6Q, STM32U375CGY6QTR, STM32U375KEU6, STM32U375KGU6, STM32U375REI6, STM32U375REI6Q, STM32U375RET6, STM32U375RET6Q, STM32U375REY6GTR, STM32U375REY6QTR, STM32U375RGI6, STM32U375RGI6Q, STM32U375RGT6, STM32U375RGT6Q, STM32U375RGY6GTR, STM32U375RGY6QTR, STM32U375VEI6, STM32U375VEI6Q, STM32U375VET6, STM32U375VET6Q, STM32U375VGI6, STM32U375VGI6Q, STM32U375VGT6, STM32U375VGT6Q, STM32U385CGT6, STM32U385CGT6Q, STM32U385CGU6, STM32U385CGU6Q, STM32U385CGY6QTR, STM32U385KGU6, STM32U385RGI6, STM32U385RGI6Q, STM32U385RGT6, STM32U385RGT6Q, STM32U385RGY6GTR, STM32U385RGY6QTR, STM32U385VGI6, STM32U385VGI6Q, STM32U385VGT6, STM32U385VGT6Q, STM32U535CBT6, STM32U535CBT6Q, STM32U535CBU6, STM32U535CBU6Q, STM32U535CCT6, STM32U535CCT6Q, STM32U535CCU6, STM32U535CCU6Q, STM32U535CET6, STM32U535CET6Q, STM32U535CEU6, STM32U535CEU6Q, STM32U535JEY6QTR, STM32U535NCY6QTR, STM32U535NEY6QTR, STM32U535RBI6, STM32U535RBI6Q, STM32U535RBT6, STM32U535RBT6Q, STM32U535RCI6, STM32U535RCI6Q, STM32U535RCT6, STM32U535RCT6Q, STM32U535REI6, STM32U535REI6Q, STM32U535RET6, STM32U535RET6Q, STM32U535VCI6, STM32U535VCI6Q, STM32U535VCT6, STM32U535VCT6Q, STM32U535VEI6, STM32U535VEI6Q, STM32U535VET6, STM32U535VET6Q, STM32U545CET6, STM32U545CET6Q, STM32U545CEU6, STM32U545CEU6Q, STM32U545JEY6QTR, STM32U545NEY6QTR, STM32U545REI6, STM32U545REI6Q, STM32U545RET6, STM32U545RET6Q, STM32U545VEI6, STM32U545VEI6Q, STM32U545VET6, STM32U545VET6Q, STM32U595AIH6, STM32U595AIH6Q, STM32U595AJH6, STM32U595AJH6Q, STM32U595QII6, STM32U595QII6Q, STM32U595QJI6, STM32U595QJI6Q, STM32U595RIT6, STM32U595RIT6Q, STM32U595RJT6, STM32U595RJT6Q, STM32U595VIT6, STM32U595VIT6Q, STM32U595VJT6, STM32U595VJT6Q, STM32U595ZIT6, STM32U595ZIT6Q, STM32U595ZIY6QTR, STM32U595ZJT6, STM32U595ZJT6Q, STM32U595ZJY6QTR, STM32U599BJY6QTR, STM32U599NIH6Q, STM32U599NJH6Q, STM32U599VIT6Q, STM32U599VJT6, STM32U599VJT6Q, STM32U599ZIT6Q, STM32U599ZIY6QTR, STM32U599ZJT6Q, STM32U599ZJY6QTR, STM32U5A5AJH6, STM32U5A5AJH6Q, STM32U5A5QII3Q , STM32U5A5QJI6, STM32U5A5QJI6Q, STM32U5A5RJT6, STM32U5A5RJT6Q, STM32U5A5VJT6, STM32U5A5VJT6Q, STM32U5A5ZJT6, STM32U5A5ZJT6Q, STM32U5A5ZJY6QTR, STM32U5A9BJY6QTR, STM32U5A9J-DK, STM32U5A9NJH6Q, STM32U5A9VJT6Q, STM32U5A9ZJT6Q, STM32U5A9ZJY6QTR, STM32U5F7VIT6, STM32U5F7VIT6Q, STM32U5F7VJT6, STM32U5F7VJT6Q, STM32U5F9BJY6QTR, STM32U5F9NJH6Q, STM32U5F9VIT6Q, STM32U5F9VJT6Q, STM32U5F9ZIJ6QTR, STM32U5F9ZIT6Q, STM32U5F9ZJJ6QTR, STM32U5F9ZJT6Q, STM32U5G7VJT6, STM32U5G7VJT6Q, STM32U5G9BJY6QTR, STM32U5G9J-DK1, STM32U5G9J-DK2, STM32U5G9NJH6Q, STM32U5G9VJT6Q, STM32U5G9ZJJ6QTR, STM32U5G9ZJT6Q, STM32WB05KZV6TR, STM32WB05KZV7TR, STM32WB05TZF6TR, STM32WB05TZF7TR, STM32WB06CCF6TR, STM32WB06CCF7TR, STM32WB06CCV6TR, STM32WB06CCV7TR, STM32WB06KCV6TR, STM32WB06KCV7TR, STM32WB07CCF6TR, STM32WB07CCF7TR, STM32WB07CCV6TR, STM32WB07CCV7TR, STM32WB07KCV6TR, STM32WB07KCV7TR, STM32WB09KEV6TR, STM32WB09KEV7TR, STM32WB09TEF6TR, STM32WB09TEF7TR, STM32WB1MMCH6, STM32WBA50KGU6, STM32WBA50KGU6TR, STM32WBA52CEU6, STM32WBA52CEU6TR, STM32WBA52CEU7, STM32WBA52CEU7TR, STM32WBA52CGU6, STM32WBA52CGU6TR, STM32WBA52CGU6U, STM32WBA52CGU7, STM32WBA52CGU7TR, STM32WBA52KEU6, STM32WBA52KEU6TR, STM32WBA52KGU6, STM32WBA52KGU6TR, STM32WBA54CEU6, STM32WBA54CEU6TR, STM32WBA54CEU7, STM32WBA54CEU7TR, STM32WBA54CGU6, STM32WBA54CGU6TR, STM32WBA54CGU7, STM32WBA54CGU7TR, STM32WBA54KEU6, STM32WBA54KEU6TR, STM32WBA54KEU7, STM32WBA54KEU7TR, STM32WBA54KGU6, STM32WBA54KGU6TR, STM32WBA54KGU7, STM32WBA54KGU7TR, STM32WBA55CEU6, STM32WBA55CEU6TR, STM32WBA55CEU7, STM32WBA55CEU7TR, STM32WBA55CGU6, STM32WBA55CGU6TR, STM32WBA55CGU6U, STM32WBA55CGU7, STM32WBA55CGU7TR, STM32WBA55G-DK1, STM32WBA55HEF6, STM32WBA55HEF7, STM32WBA55HGF6, STM32WBA55HGF7, STM32WBA55UEI6, STM32WBA55UEI6TR, STM32WBA55UEI7, STM32WBA55UEI7TR, STM32WBA55UGI6, STM32WBA55UGI6TR, STM32WBA55UGI7, STM32WBA55UGI7TR, STM32WBA5MMGH6TR, STM32WBA62MGF6, STM32WBA62MIF6, STM32WBA65MGF7, STM32WBA65MIF6, STM32WBA65MIF7, STM32WL30K8V6, STM32WL30KBV6, STM32WL31C8V6, STM32WL31CBV6, STM32WL31K8V6, STM32WL31KBV6, STM32WL33C8V6, STM32WL33C8V6X, STM32WL33CBV6, STM32WL33CBV6X, STM32WL33CCV6, STM32WL33CCV6A, STM32WL33CCV6X, STM32WL33K8V7, STM32WL33K8V7X, STM32WL33KBV7 , STM32WL33KBV7X, STM32WL33KCV7, STM32WL33KCV7X, STM32WL5MOCH6, STM32WL5MOCH6TR]
2025-09-07 09:14:36,377 [INFO] DbMcus:218 - Found 4801 MCUs, 4801 are supported
2025-09-07 09:14:36,378 [INFO] ApiDb:423 - Load user favorites file /home/tuna/.stm32cubeide/favorites.mcus.txt: 0 item(s)
2025-09-07 09:14:36,378 [INFO] ApiDb:427 - User favorites MCUs=[]
2025-09-07 09:14:36,378 [INFO] DbMcus:224 - Set 0 / 0 favorites MCUs
2025-09-07 09:14:36,724 [INFO] ApiDb:423 - Load user favorites file /home/tuna/.stm32cubeide/favorites.boards.txt: 0 item(s)
2025-09-07 09:14:36,724 [INFO] ApiDb:427 - User favorites Boards=[]
2025-09-07 09:14:36,725 [INFO] DbBoards:198 - Set 0 / 0 favorites Boards
2025-09-07 09:14:36,767 [INFO] UtilMem:75 - End LoadConfig() Used Memory: 394766496 Bytes (597688320)
2025-09-07 09:14:36,870 [WARN] ThirdParty:833 - waiting for thirdparty lock release [change project]
2025-09-07 09:14:36,871 [INFO] ThirdParty:835 - entering critical section [change project]
2025-09-07 09:14:36,871 [INFO] ThirdParty:1030 - CMSIS Pack Vendor :STMicroelectronics X-CUBE-PM33A1 1.0.0
2025-09-07 09:14:36,871 [INFO] ThirdParty:1030 - CMSIS Pack Vendor :STMicroelectronics USBPD 4.1
2025-09-07 09:14:36,871 [INFO] ThirdParty:1030 - CMSIS Pack Vendor :STMicroelectronics X-CUBE-NFC9 1.0.0
2025-09-07 09:14:36,871 [INFO] ThirdParty:1030 - CMSIS Pack Vendor :STMicroelectronics USB_HOST 2.0.0
2025-09-07 09:14:36,871 [INFO] ThirdParty:1030 - CMSIS Pack Vendor :STMicroelectronics FP-SNS-MOTENVWB1 1.4.0
2025-09-07 09:14:36,871 [INFO] ThirdParty:1030 - CMSIS Pack Vendor :STMicroelectronics X-CUBE-AZRTOS-F4 1.1.0
2025-09-07 09:14:36,871 [INFO] ThirdParty:1030 - CMSIS Pack Vendor :STMicroelectronics LIBJPEG 8.0.0
2025-09-07 09:14:36,871 [INFO] ThirdParty:1030 - CMSIS Pack Vendor :STMicroelectronics FP-ATR-ASTRA1 2.0.2
2025-09-07 09:14:36,871 [INFO] ThirdParty:1030 - CMSIS Pack Vendor :wolfSSL I-CUBE-wolfSSL 5.8.2
2025-09-07 09:14:36,871 [INFO] ThirdParty:1030 - CMSIS Pack Vendor :STMicroelectronics X-CUBE-BLE1 7.1.0
2025-09-07 09:14:36,871 [INFO] ThirdParty:1030 - CMSIS Pack Vendor :Avnet-IotConnect X-CUBE-IoTC-DA16k-PMOD 1.0.0
2025-09-07 09:14:36,871 [INFO] ThirdParty:1030 - CMSIS Pack Vendor :STMicroelectronics X-CUBE-SMBUS 2.1.0
2025-09-07 09:14:36,871 [INFO] ThirdParty:1030 - CMSIS Pack Vendor :wolfSSL I-CUBE-wolfMQTT 1.19.2
2025-09-07 09:14:36,871 [INFO] ThirdParty:1030 - CMSIS Pack Vendor :STMicroelectronics USB_DEVICE 3.0.0
2025-09-07 09:14:36,871 [INFO] ThirdParty:1030 - CMSIS Pack Vendor :STMicroelectronics X-CUBE-ISPU 2.1.0
2025-09-07 09:14:36,871 [INFO] ThirdParty:1030 - CMSIS Pack Vendor :STMicroelectronics X-CUBE-EEPRMA1 5.2.0
2025-09-07 09:14:36,871 [INFO] ThirdParty:1030 - CMSIS Pack Vendor :STMicroelectronics X-CUBE-BLEMGR 4.1.0
2025-09-07 09:14:36,871 [INFO] ThirdParty:1030 - CMSIS Pack Vendor :STMicroelectronics X-CUBE-AZRTOS-WB 2.0.0
2025-09-07 09:14:36,871 [INFO] ThirdParty:1030 - CMSIS Pack Vendor :STMicroelectronics X-CUBE-ST60 1.0.0
2025-09-07 09:14:36,871 [INFO] ThirdParty:1030 - CMSIS Pack Vendor :STMicroelectronics X-CUBE-GNSS1 7.0.1
2025-09-07 09:14:36,871 [INFO] ThirdParty:1030 - CMSIS Pack Vendor :STMicroelectronics X-CUBE-NFC12 1.0.0
2025-09-07 09:14:36,871 [INFO] ThirdParty:1030 - CMSIS Pack Vendor :STMicroelectronics X-CUBE-AZRTOS-F7 1.1.0
2025-09-07 09:14:36,871 [INFO] ThirdParty:1030 - CMSIS Pack Vendor :STMicroelectronics X-CUBE-AZRTOS-L5 2.0.0
2025-09-07 09:14:36,871 [INFO] ThirdParty:1030 - CMSIS Pack Vendor :STMicroelectronics X-CUBE-TOUCHGFX 4.25.0
2025-09-07 09:14:36,871 [INFO] ThirdParty:1030 - CMSIS Pack Vendor :STMicroelectronics USB_DEVICE 2.0.0
2025-09-07 09:14:36,871 [INFO] ThirdParty:1030 - CMSIS Pack Vendor :STMicroelectronics X-CUBE-NFC6 3.1.0
2025-09-07 09:14:36,871 [INFO] ThirdParty:1030 - CMSIS Pack Vendor :STMicroelectronics X-CUBE-AI 10.1.0
2025-09-07 09:14:36,871 [INFO] ThirdParty:1030 - CMSIS Pack Vendor :STMicroelectronics FP-SNS-STBOX1 2.0.0
2025-09-07 09:14:36,871 [INFO] ThirdParty:1030 - CMSIS Pack Vendor :quantropi X-CUBE-qispace-sdk-base 2.1.0
2025-09-07 09:14:36,871 [INFO] ThirdParty:1030 - CMSIS Pack Vendor :STMicroelectronics FreeRTOS 0.0.1
2025-09-07 09:14:36,871 [INFO] ThirdParty:1030 - CMSIS Pack Vendor :STMicroelectronics X-CUBE-AZRTOS-G0 1.1.0
2025-09-07 09:14:36,871 [INFO] ThirdParty:1030 - CMSIS Pack Vendor :STMicroelectronics X-CUBE-SAFEA1 1.2.2
2025-09-07 09:14:36,871 [INFO] ThirdParty:1030 - CMSIS Pack Vendor :STMicroelectronics X-CUBE-NFC4 3.0.0
2025-09-07 09:14:36,871 [INFO] ThirdParty:1030 - CMSIS Pack Vendor :STMicroelectronics X-CUBE-SUBG2 5.0.0
2025-09-07 09:14:36,871 [INFO] ThirdParty:1030 - CMSIS Pack Vendor :STMicroelectronics X-CUBE-AZRTOS-H7RS 1.1.0
2025-09-07 09:14:36,872 [INFO] ThirdParty:1030 - CMSIS Pack Vendor :STMicroelectronics STM32_WPAN 1.0.0
2025-09-07 09:14:36,872 [INFO] ThirdParty:1030 - CMSIS Pack Vendor :EmbeddedOffice I-CUBE-FS-RTOS 1.0.1
2025-09-07 09:14:36,872 [INFO] ThirdParty:1030 - CMSIS Pack Vendor :STMicroelectronics lwIP 2.0.3
2025-09-07 09:14:36,872 [INFO] ThirdParty:1030 - CMSIS Pack Vendor :Cesanta I-CUBE-Mongoose 7.13.0
2025-09-07 09:14:36,872 [INFO] ThirdParty:1030 - CMSIS Pack Vendor :STMicroelectronics USB_HOST 1.0.0
2025-09-07 09:14:36,872 [INFO] ThirdParty:1030 - CMSIS Pack Vendor :Infineon AIROC-Wi-Fi-Bluetooth-STM32 1.7.1
2025-09-07 09:14:36,872 [INFO] ThirdParty:1030 - CMSIS Pack Vendor :STMicroelectronics X-CUBE-AZRTOS-G4 2.0.0
2025-09-07 09:14:36,872 [INFO] ThirdParty:1030 - CMSIS Pack Vendor :STMicroelectronics X-CUBE-WB05N 2.0.0
2025-09-07 09:14:36,872 [INFO] ThirdParty:1030 - CMSIS Pack Vendor :STMicroelectronics PDM2PCM 3.1.0
2025-09-07 09:14:36,872 [INFO] ThirdParty:1030 - CMSIS Pack Vendor :STMicroelectronics PDM2PCM 3.3.0
2025-09-07 09:14:36,872 [INFO] ThirdParty:1030 - CMSIS Pack Vendor :wolfSSL I-CUBE-wolfTPM 3.8.0
2025-09-07 09:14:36,872 [INFO] ThirdParty:1030 - CMSIS Pack Vendor :STMicroelectronics X-CUBE-AZRTOS-H7 3.4.0
2025-09-07 09:14:36,872 [INFO] ThirdParty:1030 - CMSIS Pack Vendor :STMicroelectronics X-CUBE-DISPLAY 3.0.0
2025-09-07 09:14:36,872 [INFO] ThirdParty:1030 - CMSIS Pack Vendor :wolfSSL I-CUBE-wolfSSH 1.4.20
2025-09-07 09:14:36,872 [INFO] ThirdParty:1030 - CMSIS Pack Vendor :STMicroelectronics X-CUBE-NFC7 2.0.0
2025-09-07 09:14:36,872 [INFO] ThirdParty:1030 - CMSIS Pack Vendor :STMicroelectronics X-CUBE-TCPP 4.2.0
2025-09-07 09:14:36,872 [INFO] ThirdParty:1030 - CMSIS Pack Vendor :RealThread X-CUBE-RT-Thread_Nano 4.1.1
2025-09-07 09:14:36,872 [INFO] ThirdParty:1030 - CMSIS Pack Vendor :STMicroelectronics FP-ATR-SIGFOX1 3.2.0
2025-09-07 09:14:36,872 [INFO] ThirdParty:1030 - CMSIS Pack Vendor :STMicroelectronics X-CUBE-NFC10 1.0.0
2025-09-07 09:14:36,872 [INFO] ThirdParty:1030 - CMSIS Pack Vendor :STMicroelectronics X-CUBE-FREERTOS 1.3.1
2025-09-07 09:14:36,872 [INFO] ThirdParty:1030 - CMSIS Pack Vendor :STMicroelectronics HAL Drivers 0.0.0
2025-09-07 09:14:36,872 [INFO] ThirdParty:1030 - CMSIS Pack Vendor :STMicroelectronics MBEDTLS 2.16.2
2025-09-07 09:14:36,872 [INFO] ThirdParty:1030 - CMSIS Pack Vendor :STMicroelectronics X-CUBE-IPS 3.1.0
2025-09-07 09:14:36,872 [INFO] ThirdParty:1030 - CMSIS Pack Vendor :STMicroelectronics X-CUBE-ALS 1.0.2
2025-09-07 09:14:36,872 [INFO] ThirdParty:1030 - CMSIS Pack Vendor :emotas I-CUBE-CANOPEN 1.3.0
2025-09-07 09:14:36,872 [INFO] ThirdParty:1030 - CMSIS Pack Vendor :STMicroelectronics MBEDTLS 2.14.1
2025-09-07 09:14:36,872 [INFO] ThirdParty:1030 - CMSIS Pack Vendor :ITTIA_DB I-CUBE-ITTIADB 8.9.0
2025-09-07 09:14:36,872 [INFO] ThirdParty:1030 - CMSIS Pack Vendor :STMicroelectronics X-CUBE-STSE01 1.0.0
2025-09-07 09:14:36,872 [INFO] ThirdParty:1030 - CMSIS Pack Vendor :portGmbH I-Cube-SoM-uGOAL 1.1.0
2025-09-07 09:14:36,872 [INFO] ThirdParty:1030 - CMSIS Pack Vendor :STMicroelectronics X-CUBE-ST67W61 1.0.0
2025-09-07 09:14:36,872 [INFO] ThirdParty:1030 - CMSIS Pack Vendor :STMicroelectronics FP-SNS-STBOX1 2.1.0
2025-09-07 09:14:36,872 [INFO] ThirdParty:1030 - CMSIS Pack Vendor :STMicroelectronics X-CUBE-AI 10.2.0
2025-09-07 09:14:36,872 [INFO] ThirdParty:1030 - CMSIS Pack Vendor :STMicroelectronics FP-SNS-STAIOTCFT 1.0.0
2025-09-07 09:14:36,872 [INFO] ThirdParty:1030 - CMSIS Pack Vendor :STMicroelectronics ThreadX 1.0.0
2025-09-07 09:14:36,872 [INFO] ThirdParty:1030 - CMSIS Pack Vendor :STMicroelectronics FP-SNS-SMARTAG2 1.2.0
2025-09-07 09:14:36,872 [INFO] ThirdParty:1030 - CMSIS Pack Vendor :STMicroelectronics FP-SNS-FLIGHT1 5.1.0
2025-09-07 09:14:36,872 [INFO] ThirdParty:1030 - CMSIS Pack Vendor :STMicroelectronics X-CUBE-AZRTOS-WL 2.0.0
2025-09-07 09:14:36,872 [INFO] ThirdParty:1030 - CMSIS Pack Vendor :SEGGER I-CUBE-embOS 1.3.1
2025-09-07 09:14:36,872 [INFO] ThirdParty:1030 - CMSIS Pack Vendor :STMicroelectronics X-CUBE-ALGOBUILD 1.4.0
2025-09-07 09:14:36,872 [INFO] ThirdParty:1030 - CMSIS Pack Vendor :STMicroelectronics X-CUBE-DPower 1.3.0
2025-09-07 09:14:36,872 [INFO] ThirdParty:1030 - CMSIS Pack Vendor :STMicroelectronics X-CUBE-MEMS1 11.3.0
2025-09-07 09:14:36,872 [INFO] ThirdParty:1030 - CMSIS Pack Vendor :STMicroelectronics FP-SNS-MOTENV1 5.0.0
2025-09-07 09:14:36,872 [INFO] ThirdParty:1030 - CMSIS Pack Vendor :STMicroelectronics USB_DEVICE 1.0.0
2025-09-07 09:14:36,872 [INFO] ThirdParty:1030 - CMSIS Pack Vendor :STMicroelectronics X-CUBE-AZRTOS-L4 2.0.0
2025-09-07 09:14:36,872 [INFO] ThirdParty:1030 - CMSIS Pack Vendor :STMicroelectronics ThreadX 0.0.2
2025-09-07 09:14:36,872 [INFO] ThirdParty:1030 - CMSIS Pack Vendor :WES I-CUBE-Cesium 1.3.0
2025-09-07 09:14:36,872 [INFO] ThirdParty:1030 - CMSIS Pack Vendor :STMicroelectronics lwIP 2.1.2
2025-09-07 09:14:36,873 [INFO] ThirdParty:1030 - CMSIS Pack Vendor :STMicroelectronics X-CUBE-SFXS2LP1 4.0.0
2025-09-07 09:14:36,873 [INFO] ThirdParty:1030 - CMSIS Pack Vendor :STMicroelectronics X-CUBE-BLE2 3.3.0
2025-09-07 09:14:36,873 [INFO] ThirdParty:1030 - CMSIS Pack Vendor :STMicroelectronics X-CUBE-TOF1 3.4.3
2025-09-07 09:14:36,873 [INFO] ThirdParty:1030 - CMSIS Pack Vendor :STMicroelectronics PDM2PCM 3.2.0
2025-09-07 09:14:36,873 [INFO] ThirdParty:841 - exiting critical section [change project]
2025-09-07 09:14:37,277 [INFO] PinOutPanel:1589 - setPackage(No Configuration,No Configuration)
2025-09-07 09:14:37,278 [INFO] PinOutPanel:1589 - setPackage(STM32F407ZGTx,LQFP144)
2025-09-07 09:14:37,550 [INFO] UtilMem:75 - Before build in PCC Used Memory: 282029472 Bytes (638582784)
2025-09-07 09:14:38,025 [INFO] UtilMem:75 - After build in PCC Used Memory: 414551936 Bytes (638582784)
2025-09-07 09:14:38,070 [INFO] ApiDbMcu:532 - Load IP Config File for USB_DEVICE
2025-09-07 09:14:38,095 [INFO] IPUIPlugin:80 - create IPUIPlugin
2025-09-07 09:14:38,096 [INFO] IPUIPlugin:80 - create IPUIPlugin
2025-09-07 09:14:38,096 [INFO] IPUIPlugin:80 - create IPUIPlugin
2025-09-07 09:14:38,096 [INFO] IPUIPlugin:80 - create IPUIPlugin
2025-09-07 09:14:38,096 [INFO] IPUIPlugin:80 - create IPUIPlugin
2025-09-07 09:14:38,096 [INFO] IPUIPlugin:80 - create IPUIPlugin
2025-09-07 09:14:38,096 [INFO] IPUIPlugin:80 - create IPUIPlugin
2025-09-07 09:14:38,097 [INFO] IPUIPlugin:80 - create IPUIPlugin
2025-09-07 09:14:38,097 [INFO] IPUIPlugin:80 - create IPUIPlugin
2025-09-07 09:14:38,098 [INFO] IPUIPlugin:80 - create IPUIPlugin
2025-09-07 09:14:38,098 [INFO] IPUIPlugin:80 - create IPUIPlugin
2025-09-07 09:14:38,098 [INFO] IPUIPlugin:80 - create IPUIPlugin
2025-09-07 09:14:38,098 [INFO] IPUIPlugin:80 - create IPUIPlugin
2025-09-07 09:14:38,098 [INFO] IPUIPlugin:80 - create IPUIPlugin
2025-09-07 09:14:38,098 [INFO] IPUIPlugin:80 - create IPUIPlugin
2025-09-07 09:14:38,099 [INFO] IPUIPlugin:80 - create IPUIPlugin
2025-09-07 09:14:38,099 [INFO] IPUIPlugin:80 - create IPUIPlugin
2025-09-07 09:14:38,099 [INFO] IPUIPlugin:80 - create IPUIPlugin
2025-09-07 09:14:38,099 [INFO] IPUIPlugin:80 - create IPUIPlugin
2025-09-07 09:14:38,099 [INFO] IPUIPlugin:80 - create IPUIPlugin
2025-09-07 09:14:38,100 [INFO] IPUIPlugin:80 - create IPUIPlugin
2025-09-07 09:14:38,100 [INFO] IPUIPlugin:80 - create IPUIPlugin
2025-09-07 09:14:38,100 [INFO] IPUIPlugin:80 - create IPUIPlugin
2025-09-07 09:14:38,100 [INFO] IPUIPlugin:80 - create IPUIPlugin
2025-09-07 09:14:38,100 [INFO] IPUIPlugin:80 - create IPUIPlugin
2025-09-07 09:14:38,101 [INFO] IPUIPlugin:80 - create IPUIPlugin
2025-09-07 09:14:38,101 [INFO] IPUIPlugin:80 - create IPUIPlugin
2025-09-07 09:14:38,101 [INFO] IPUIPlugin:80 - create IPUIPlugin
2025-09-07 09:14:38,101 [INFO] IPUIPlugin:80 - create IPUIPlugin
2025-09-07 09:14:38,101 [INFO] IPUIPlugin:80 - create IPUIPlugin
2025-09-07 09:14:38,101 [INFO] IPUIPlugin:80 - create IPUIPlugin
2025-09-07 09:14:38,101 [INFO] IPUIPlugin:80 - create IPUIPlugin
2025-09-07 09:14:38,101 [INFO] IPUIPlugin:80 - create IPUIPlugin
2025-09-07 09:14:38,101 [INFO] IPUIPlugin:80 - create IPUIPlugin
2025-09-07 09:14:38,102 [INFO] IPUIPlugin:80 - create IPUIPlugin
2025-09-07 09:14:38,102 [INFO] IPUIPlugin:80 - create IPUIPlugin
2025-09-07 09:14:38,102 [INFO] IPUIPlugin:80 - create IPUIPlugin
2025-09-07 09:14:38,102 [INFO] IPUIPlugin:80 - create IPUIPlugin
2025-09-07 09:14:38,102 [INFO] IPUIPlugin:80 - create IPUIPlugin
2025-09-07 09:14:38,102 [INFO] IPUIPlugin:80 - create IPUIPlugin
2025-09-07 09:14:38,102 [INFO] IPUIPlugin:80 - create IPUIPlugin
2025-09-07 09:14:38,102 [INFO] IPUIPlugin:80 - create IPUIPlugin
2025-09-07 09:14:38,102 [INFO] IPUIPlugin:80 - create IPUIPlugin
2025-09-07 09:14:38,102 [INFO] IPUIPlugin:80 - create IPUIPlugin
2025-09-07 09:14:38,102 [INFO] IPUIPlugin:80 - create IPUIPlugin
2025-09-07 09:14:38,102 [INFO] IPUIPlugin:80 - create IPUIPlugin
2025-09-07 09:14:38,103 [INFO] IPUIPlugin:80 - create IPUIPlugin
2025-09-07 09:14:38,103 [INFO] IPUIPlugin:80 - create IPUIPlugin
2025-09-07 09:14:38,103 [INFO] IPUIPlugin:80 - create IPUIPlugin
2025-09-07 09:14:38,103 [INFO] IPUIPlugin:80 - create IPUIPlugin
2025-09-07 09:14:38,103 [INFO] IPUIPlugin:80 - create IPUIPlugin
2025-09-07 09:14:38,103 [INFO] IPUIPlugin:80 - create IPUIPlugin
2025-09-07 09:14:38,103 [INFO] IPUIPlugin:80 - create IPUIPlugin
2025-09-07 09:14:38,103 [INFO] IPUIPlugin:80 - create IPUIPlugin
2025-09-07 09:14:38,104 [INFO] IPUIPlugin:80 - create IPUIPlugin
2025-09-07 09:14:38,104 [INFO] IPUIPlugin:80 - create IPUIPlugin
2025-09-07 09:14:38,104 [INFO] IPUIPlugin:80 - create IPUIPlugin
2025-09-07 09:14:38,104 [INFO] IPUIPlugin:80 - create IPUIPlugin
2025-09-07 09:14:38,110 [INFO] ApiDbMcu:532 - Load IP Config File for PDM2PCM
2025-09-07 09:14:38,117 [WARN] IP:2250 - I2C_Coeff_DF not found: check if there is a RefParameter without a condition.
2025-09-07 09:14:38,117 [WARN] IP:2250 - Analog_Filter not found: check if there is a RefParameter without a condition.
2025-09-07 09:14:38,243 [INFO] CADModel:165 - CPN selected for project levelSTM32F407ZGT6
2025-09-07 09:14:38,243 [INFO] CADModel:114 - Register for checkConnection events
2025-09-07 09:14:38,281 [INFO] OpenFileManager:386 - Restore cursor
2025-09-07 09:14:38,413 [WARN] IP:2250 - DEVICE_SERIAL0_CDC_FS not found: check if there is a RefParameter without a condition.
2025-09-07 09:14:38,413 [WARN] IP:2250 - DEVICE_SERIAL1_CDC_FS not found: check if there is a RefParameter without a condition.
2025-09-07 09:14:38,413 [WARN] IP:2250 - DEVICE_SERIAL2_CDC_FS not found: check if there is a RefParameter without a condition.
2025-09-07 09:14:38,414 [WARN] IP:2250 - DEVICE_SERIAL0_CDC_FS not found: check if there is a RefParameter without a condition.
2025-09-07 09:14:38,414 [WARN] IP:2250 - DEVICE_SERIAL1_CDC_FS not found: check if there is a RefParameter without a condition.
2025-09-07 09:14:38,414 [WARN] IP:2250 - DEVICE_SERIAL2_CDC_FS not found: check if there is a RefParameter without a condition.
2025-09-07 09:14:38,485 [WARN] IP:2250 - I2C_Coeff_DF not found: check if there is a RefParameter without a condition.
2025-09-07 09:14:38,485 [WARN] IP:2250 - Analog_Filter not found: check if there is a RefParameter without a condition.
2025-09-07 09:14:38,485 [WARN] IP:2250 - I2C_Coeff_DF not found: check if there is a RefParameter without a condition.
2025-09-07 09:14:38,485 [WARN] IP:2250 - Analog_Filter not found: check if there is a RefParameter without a condition.
2025-09-07 09:14:56,267 [WARN] IpParametersView:155 - Warning: This peripheral hasn't parameters
2025-09-07 09:26:53,507 [INFO] UtilMem:75 - End SaveConfig() Used Memory: 555527288 Bytes (1073741824)
2025-09-07 09:26:58,268 [INFO] UtilMem:75 - End SaveConfig() Used Memory: 625480280 Bytes (1073741824)
2025-09-07 09:27:00,559 [INFO] UtilMem:75 - End SaveConfig() Used Memory: 870844416 Bytes (1073741824)
2025-09-07 09:27:01,085 [INFO] BlockDiagram:2775 - set Specific Code input for plugin: FSMC
2025-09-07 09:27:01,086 [INFO] BlockDiagram:2775 - set Specific Code input for plugin: USB_DEVICE
2025-09-07 09:27:01,086 [INFO] BlockDiagram:2775 - set Specific Code input for plugin: SYS
2025-09-07 09:27:01,086 [INFO] BlockDiagram:2775 - set Specific Code input for plugin: ADC
2025-09-07 09:27:01,086 [INFO] BlockDiagram:2775 - set Specific Code input for plugin: RCC
2025-09-07 09:27:01,086 [INFO] BlockDiagram:2775 - set Specific Code input for plugin: I2C
2025-09-07 09:27:01,086 [INFO] BlockDiagram:2775 - set Specific Code input for plugin: USB_OTG_FS
2025-09-07 09:27:01,087 [INFO] BlockDiagram:2775 - set Specific Code input for plugin: NVIC
2025-09-07 09:27:01,088 [INFO] BlockDiagram:2775 - set Specific Code input for plugin: GPIO
2025-09-07 09:27:01,088 [INFO] CodeGenerator:892 - code generatio: config db path: /home/tuna/st/stm32cubeide_1.18.1/plugins/com.st.stm32cube.common.mx_6.15.0.202507011659//db/
2025-09-07 09:27:01,112 [WARN] IP:2250 - I2C_Coeff_DF not found: check if there is a RefParameter without a condition.
2025-09-07 09:27:01,112 [WARN] IP:2250 - Analog_Filter not found: check if there is a RefParameter without a condition.
2025-09-07 09:27:01,125 [WARN] IP:2250 - DEVICE_SERIAL0_CDC_FS not found: check if there is a RefParameter without a condition.
2025-09-07 09:27:01,125 [WARN] IP:2250 - DEVICE_SERIAL1_CDC_FS not found: check if there is a RefParameter without a condition.
2025-09-07 09:27:01,125 [WARN] IP:2250 - DEVICE_SERIAL2_CDC_FS not found: check if there is a RefParameter without a condition.
2025-09-07 09:27:01,239 [INFO] CodeEngine:265 - oldGeneratedFile, /home/tuna/STM32CubeIDE/workspace_1.18.1/stm32f4_dev_board/stm32f4_mobile_base_sim/MXTmpFiles/license.tmp_save
2025-09-07 09:27:01,537 [INFO] CodeEngine:289 - Generated code: /home/tuna/STM32CubeIDE/workspace_1.18.1/stm32f4_dev_board/stm32f4_mobile_base_sim/MXTmpFiles/license.tmp
2025-09-07 09:27:01,607 [INFO] CodeEngine:265 - oldGeneratedFile, /home/tuna/STM32CubeIDE/workspace_1.18.1/stm32f4_dev_board/stm32f4_mobile_base_sim/Core/Src/gpio.c_save
2025-09-07 09:27:01,728 [INFO] CodeEngine:289 - Generated code: /home/tuna/STM32CubeIDE/workspace_1.18.1/stm32f4_dev_board/stm32f4_mobile_base_sim/Core/Src/gpio.c
2025-09-07 09:27:01,730 [INFO] CodeEngine:265 - oldGeneratedFile, /home/tuna/STM32CubeIDE/workspace_1.18.1/stm32f4_dev_board/stm32f4_mobile_base_sim/Core/Inc/gpio.h_save
2025-09-07 09:27:01,804 [INFO] CodeEngine:289 - Generated code: /home/tuna/STM32CubeIDE/workspace_1.18.1/stm32f4_dev_board/stm32f4_mobile_base_sim/Core/Inc/gpio.h
2025-09-07 09:27:01,890 [WARN] IPConfigManager:3238 - Warning: the RefConfig PWREx_EnableUSBVoltageDetector is not available in your config.xml file
2025-09-07 09:27:01,898 [INFO] CodeEngine:265 - oldGeneratedFile, /home/tuna/STM32CubeIDE/workspace_1.18.1/stm32f4_dev_board/stm32f4_mobile_base_sim/MXTmpFiles/usb_otg_fs_vars.tmp_save
2025-09-07 09:27:01,963 [INFO] CodeEngine:289 - Generated code: /home/tuna/STM32CubeIDE/workspace_1.18.1/stm32f4_dev_board/stm32f4_mobile_base_sim/MXTmpFiles/usb_otg_fs_vars.tmp
2025-09-07 09:27:01,965 [INFO] CodeEngine:265 - oldGeneratedFile, /home/tuna/STM32CubeIDE/workspace_1.18.1/stm32f4_dev_board/stm32f4_mobile_base_sim/MXTmpFiles/usb_otg_fs_inc.tmp_save
2025-09-07 09:27:02,011 [INFO] CodeEngine:289 - Generated code: /home/tuna/STM32CubeIDE/workspace_1.18.1/stm32f4_dev_board/stm32f4_mobile_base_sim/MXTmpFiles/usb_otg_fs_inc.tmp
2025-09-07 09:27:02,013 [INFO] CodeEngine:265 - oldGeneratedFile, /home/tuna/STM32CubeIDE/workspace_1.18.1/stm32f4_dev_board/stm32f4_mobile_base_sim/MXTmpFiles/usb_otg_fs_HalInit.tmp_save
2025-09-07 09:27:02,079 [INFO] CodeEngine:289 - Generated code: /home/tuna/STM32CubeIDE/workspace_1.18.1/stm32f4_dev_board/stm32f4_mobile_base_sim/MXTmpFiles/usb_otg_fs_HalInit.tmp
2025-09-07 09:27:02,080 [INFO] CodeEngine:265 - oldGeneratedFile, /home/tuna/STM32CubeIDE/workspace_1.18.1/stm32f4_dev_board/stm32f4_mobile_base_sim/MXTmpFiles/usb_otg_fs_Msp.tmp_save
2025-09-07 09:27:02,161 [INFO] CodeEngine:289 - Generated code: /home/tuna/STM32CubeIDE/workspace_1.18.1/stm32f4_dev_board/stm32f4_mobile_base_sim/MXTmpFiles/usb_otg_fs_Msp.tmp
2025-09-07 09:27:02,371 [INFO] Middleware:1452 - No code input for Bsp Dependency
2025-09-07 09:27:02,377 [INFO] CodeEngine:265 - oldGeneratedFile, /home/tuna/STM32CubeIDE/workspace_1.18.1/stm32f4_dev_board/stm32f4_mobile_base_sim/Core/Src/adc.c_save
2025-09-07 09:27:02,475 [INFO] CodeEngine:289 - Generated code: /home/tuna/STM32CubeIDE/workspace_1.18.1/stm32f4_dev_board/stm32f4_mobile_base_sim/Core/Src/adc.c
2025-09-07 09:27:02,477 [INFO] CodeEngine:265 - oldGeneratedFile, /home/tuna/STM32CubeIDE/workspace_1.18.1/stm32f4_dev_board/stm32f4_mobile_base_sim/Core/Inc/adc.h_save
2025-09-07 09:27:02,527 [INFO] CodeEngine:289 - Generated code: /home/tuna/STM32CubeIDE/workspace_1.18.1/stm32f4_dev_board/stm32f4_mobile_base_sim/Core/Inc/adc.h
2025-09-07 09:27:02,530 [INFO] CodeEngine:265 - oldGeneratedFile, /home/tuna/STM32CubeIDE/workspace_1.18.1/stm32f4_dev_board/stm32f4_mobile_base_sim/Core/Src/fsmc.c_save
2025-09-07 09:27:02,588 [INFO] CodeEngine:289 - Generated code: /home/tuna/STM32CubeIDE/workspace_1.18.1/stm32f4_dev_board/stm32f4_mobile_base_sim/Core/Src/fsmc.c
2025-09-07 09:27:02,590 [INFO] CodeEngine:265 - oldGeneratedFile, /home/tuna/STM32CubeIDE/workspace_1.18.1/stm32f4_dev_board/stm32f4_mobile_base_sim/Core/Inc/fsmc.h_save
2025-09-07 09:27:02,638 [INFO] CodeEngine:289 - Generated code: /home/tuna/STM32CubeIDE/workspace_1.18.1/stm32f4_dev_board/stm32f4_mobile_base_sim/Core/Inc/fsmc.h
2025-09-07 09:27:02,641 [INFO] CodeEngine:265 - oldGeneratedFile, /home/tuna/STM32CubeIDE/workspace_1.18.1/stm32f4_dev_board/stm32f4_mobile_base_sim/Core/Src/i2c.c_save
2025-09-07 09:27:02,705 [INFO] CodeEngine:289 - Generated code: /home/tuna/STM32CubeIDE/workspace_1.18.1/stm32f4_dev_board/stm32f4_mobile_base_sim/Core/Src/i2c.c
2025-09-07 09:27:02,706 [INFO] CodeEngine:265 - oldGeneratedFile, /home/tuna/STM32CubeIDE/workspace_1.18.1/stm32f4_dev_board/stm32f4_mobile_base_sim/Core/Inc/i2c.h_save
2025-09-07 09:27:02,751 [INFO] CodeEngine:289 - Generated code: /home/tuna/STM32CubeIDE/workspace_1.18.1/stm32f4_dev_board/stm32f4_mobile_base_sim/Core/Inc/i2c.h
2025-09-07 09:27:02,773 [INFO] Middleware:1452 - No code input for Bsp Dependency
2025-09-07 09:27:02,778 [INFO] CodeEngine:265 - oldGeneratedFile, /home/tuna/STM32CubeIDE/workspace_1.18.1/stm32f4_dev_board/stm32f4_mobile_base_sim/USB_DEVICE/App/usb_device.c_save
2025-09-07 09:27:02,831 [INFO] CodeEngine:289 - Generated code: /home/tuna/STM32CubeIDE/workspace_1.18.1/stm32f4_dev_board/stm32f4_mobile_base_sim/USB_DEVICE/App/usb_device.c
2025-09-07 09:27:02,832 [INFO] CodeEngine:265 - oldGeneratedFile, /home/tuna/STM32CubeIDE/workspace_1.18.1/stm32f4_dev_board/stm32f4_mobile_base_sim/USB_DEVICE/App/usb_device.h_save
2025-09-07 09:27:02,881 [INFO] CodeEngine:289 - Generated code: /home/tuna/STM32CubeIDE/workspace_1.18.1/stm32f4_dev_board/stm32f4_mobile_base_sim/USB_DEVICE/App/usb_device.h
2025-09-07 09:27:02,882 [INFO] CodeEngine:265 - oldGeneratedFile, /home/tuna/STM32CubeIDE/workspace_1.18.1/stm32f4_dev_board/stm32f4_mobile_base_sim/USB_DEVICE/Target/usbd_conf.h_save
2025-09-07 09:27:02,930 [INFO] CodeEngine:289 - Generated code: /home/tuna/STM32CubeIDE/workspace_1.18.1/stm32f4_dev_board/stm32f4_mobile_base_sim/USB_DEVICE/Target/usbd_conf.h
2025-09-07 09:27:02,932 [INFO] CodeEngine:265 - oldGeneratedFile, /home/tuna/STM32CubeIDE/workspace_1.18.1/stm32f4_dev_board/stm32f4_mobile_base_sim/USB_DEVICE/Target/usbd_conf.c_save
2025-09-07 09:27:02,983 [INFO] CodeEngine:289 - Generated code: /home/tuna/STM32CubeIDE/workspace_1.18.1/stm32f4_dev_board/stm32f4_mobile_base_sim/USB_DEVICE/Target/usbd_conf.c
2025-09-07 09:27:02,984 [INFO] CodeEngine:265 - oldGeneratedFile, /home/tuna/STM32CubeIDE/workspace_1.18.1/stm32f4_dev_board/stm32f4_mobile_base_sim/USB_DEVICE/App/usbd_desc.h_save
2025-09-07 09:27:03,029 [INFO] CodeEngine:289 - Generated code: /home/tuna/STM32CubeIDE/workspace_1.18.1/stm32f4_dev_board/stm32f4_mobile_base_sim/USB_DEVICE/App/usbd_desc.h
2025-09-07 09:27:03,031 [INFO] CodeEngine:265 - oldGeneratedFile, /home/tuna/STM32CubeIDE/workspace_1.18.1/stm32f4_dev_board/stm32f4_mobile_base_sim/USB_DEVICE/App/usbd_desc.c_save
2025-09-07 09:27:03,079 [INFO] CodeEngine:289 - Generated code: /home/tuna/STM32CubeIDE/workspace_1.18.1/stm32f4_dev_board/stm32f4_mobile_base_sim/USB_DEVICE/App/usbd_desc.c
2025-09-07 09:27:03,081 [INFO] CodeEngine:265 - oldGeneratedFile, /home/tuna/STM32CubeIDE/workspace_1.18.1/stm32f4_dev_board/stm32f4_mobile_base_sim/USB_DEVICE/App/usbd_cdc_if.h_save
2025-09-07 09:27:03,128 [INFO] CodeEngine:289 - Generated code: /home/tuna/STM32CubeIDE/workspace_1.18.1/stm32f4_dev_board/stm32f4_mobile_base_sim/USB_DEVICE/App/usbd_cdc_if.h
2025-09-07 09:27:03,130 [INFO] CodeEngine:265 - oldGeneratedFile, /home/tuna/STM32CubeIDE/workspace_1.18.1/stm32f4_dev_board/stm32f4_mobile_base_sim/USB_DEVICE/App/usbd_cdc_if.c_save
2025-09-07 09:27:03,184 [INFO] CodeEngine:289 - Generated code: /home/tuna/STM32CubeIDE/workspace_1.18.1/stm32f4_dev_board/stm32f4_mobile_base_sim/USB_DEVICE/App/usbd_cdc_if.c
2025-09-07 09:27:03,200 [INFO] CodeEngine:265 - oldGeneratedFile, /home/tuna/STM32CubeIDE/workspace_1.18.1/stm32f4_dev_board/stm32f4_mobile_base_sim/Core/Src/stm32f4xx_it.c_save
2025-09-07 09:27:03,266 [INFO] CodeEngine:289 - Generated code: /home/tuna/STM32CubeIDE/workspace_1.18.1/stm32f4_dev_board/stm32f4_mobile_base_sim/Core/Src/stm32f4xx_it.c
2025-09-07 09:27:03,267 [INFO] CodeEngine:265 - oldGeneratedFile, /home/tuna/STM32CubeIDE/workspace_1.18.1/stm32f4_dev_board/stm32f4_mobile_base_sim/Core/Inc/stm32f4xx_it.h_save
2025-09-07 09:27:03,314 [INFO] CodeEngine:289 - Generated code: /home/tuna/STM32CubeIDE/workspace_1.18.1/stm32f4_dev_board/stm32f4_mobile_base_sim/Core/Inc/stm32f4xx_it.h
2025-09-07 09:27:03,322 [INFO] CodeEngine:265 - oldGeneratedFile, /home/tuna/STM32CubeIDE/workspace_1.18.1/stm32f4_dev_board/stm32f4_mobile_base_sim/Core/Src/stm32f4xx_hal_msp.c_save
2025-09-07 09:27:03,387 [INFO] CodeEngine:289 - Generated code: /home/tuna/STM32CubeIDE/workspace_1.18.1/stm32f4_dev_board/stm32f4_mobile_base_sim/Core/Src/stm32f4xx_hal_msp.c
2025-09-07 09:27:03,388 [INFO] CodeEngine:265 - oldGeneratedFile, /home/tuna/STM32CubeIDE/workspace_1.18.1/stm32f4_dev_board/stm32f4_mobile_base_sim/MXTmpFiles/system.tmp_save
2025-09-07 09:27:03,430 [INFO] CodeEngine:289 - Generated code: /home/tuna/STM32CubeIDE/workspace_1.18.1/stm32f4_dev_board/stm32f4_mobile_base_sim/MXTmpFiles/system.tmp
2025-09-07 09:27:03,433 [INFO] CodeEngine:321 - oldGeneratedFile, /home/tuna/STM32CubeIDE/workspace_1.18.1/stm32f4_dev_board/stm32f4_mobile_base_sim/Core/Inc/stm32f4xx_hal_conf.h_save
2025-09-07 09:27:03,482 [INFO] CodeEngine:345 - Generated code: /home/tuna/STM32CubeIDE/workspace_1.18.1/stm32f4_dev_board/stm32f4_mobile_base_sim/Core/Inc/stm32f4xx_hal_conf.h
2025-09-07 09:27:03,506 [INFO] ApiDbMcu:532 - Load IP Config File for ADC1
2025-09-07 09:27:03,510 [INFO] ApiDbMcu:532 - Load IP Config File for FSMC
2025-09-07 09:27:03,512 [INFO] ApiDbMcu:532 - Load IP Config File for I2C2
2025-09-07 09:27:03,515 [INFO] ApiDbMcu:532 - Load IP Config File for RCC
2025-09-07 09:27:03,519 [INFO] CodeEngine:265 - oldGeneratedFile, /home/tuna/STM32CubeIDE/workspace_1.18.1/stm32f4_dev_board/stm32f4_mobile_base_sim/Core/Inc/main.h_save
2025-09-07 09:27:03,581 [INFO] CodeEngine:289 - Generated code: /home/tuna/STM32CubeIDE/workspace_1.18.1/stm32f4_dev_board/stm32f4_mobile_base_sim/Core/Inc/main.h
2025-09-07 09:27:03,583 [INFO] CodeEngine:265 - oldGeneratedFile, /home/tuna/STM32CubeIDE/workspace_1.18.1/stm32f4_dev_board/stm32f4_mobile_base_sim/Core/Src/main.c_save
2025-09-07 09:27:03,661 [INFO] CodeEngine:289 - Generated code: /home/tuna/STM32CubeIDE/workspace_1.18.1/stm32f4_dev_board/stm32f4_mobile_base_sim/Core/Src/main.c
2025-09-07 09:27:03,881 [INFO] ProjectBuilder:3606 - Time for Copy HAL[1] : 79mS.
2025-09-07 09:27:03,887 [INFO] ProjectBuilder:5216 - Project Generator version: 4.7.0-B52
2025-09-07 09:27:03,958 [INFO] ConfigFileManager:1595 - The Die is : DIE413
2025-09-07 09:27:03,963 [INFO] ApiDbMcu:532 - Load IP Config File for FATFS
2025-09-07 09:27:03,967 [INFO] ApiDbMcu:532 - Load IP Config File for FREERTOS
2025-09-07 09:27:03,969 [INFO] ApiDbMcu:532 - Load IP Config File for LIBJPEG
2025-09-07 09:27:03,973 [INFO] ApiDbMcu:532 - Load IP Config File for LWIP
2025-09-07 09:27:03,978 [INFO] ApiDbMcu:532 - Load IP Config File for MBEDTLS
2025-09-07 09:27:03,982 [INFO] ApiDbMcu:532 - Load IP Config File for USB_HOST
2025-09-07 09:27:04,273 [INFO] LogOutputStream:77 - [STDOUT_REDIRECT] 
2025-09-07 09:27:04,975 [INFO] ProjectBuilder:5496 - Time for Generating toolchain IDE Files: 1088mS.
2025-09-07 09:27:04,976 [INFO] ProjectBuilder:3463 - Time for Copy CMSIS : 1mS.
2025-09-07 09:27:04,977 [INFO] ProjectBuilder:3463 - Time for Copy CMSIS : 0mS.
2025-09-07 09:33:38,475 [INFO] UtilMem:75 - End SaveConfig() Used Memory: 788193848 Bytes (979369984)
2025-09-07 09:33:38,590 [INFO] BlockDiagram:2775 - set Specific Code input for plugin: FSMC
2025-09-07 09:33:38,590 [INFO] BlockDiagram:2775 - set Specific Code input for plugin: USB_DEVICE
2025-09-07 09:33:38,590 [INFO] BlockDiagram:2775 - set Specific Code input for plugin: SYS
2025-09-07 09:33:38,590 [INFO] BlockDiagram:2775 - set Specific Code input for plugin: ADC
2025-09-07 09:33:38,590 [INFO] BlockDiagram:2775 - set Specific Code input for plugin: RCC
2025-09-07 09:33:38,590 [INFO] BlockDiagram:2775 - set Specific Code input for plugin: I2C
2025-09-07 09:33:38,590 [INFO] BlockDiagram:2775 - set Specific Code input for plugin: USB_OTG_FS
2025-09-07 09:33:38,590 [INFO] BlockDiagram:2775 - set Specific Code input for plugin: NVIC
2025-09-07 09:33:38,590 [INFO] BlockDiagram:2775 - set Specific Code input for plugin: GPIO
2025-09-07 09:33:38,591 [INFO] CodeGenerator:892 - code generatio: config db path: /home/tuna/st/stm32cubeide_1.18.1/plugins/com.st.stm32cube.common.mx_6.15.0.202507011659//db/
2025-09-07 09:33:38,603 [WARN] IP:2250 - I2C_Coeff_DF not found: check if there is a RefParameter without a condition.
2025-09-07 09:33:38,603 [WARN] IP:2250 - Analog_Filter not found: check if there is a RefParameter without a condition.
2025-09-07 09:33:38,627 [WARN] IP:2250 - DEVICE_SERIAL0_CDC_FS not found: check if there is a RefParameter without a condition.
2025-09-07 09:33:38,627 [WARN] IP:2250 - DEVICE_SERIAL1_CDC_FS not found: check if there is a RefParameter without a condition.
2025-09-07 09:33:38,627 [WARN] IP:2250 - DEVICE_SERIAL2_CDC_FS not found: check if there is a RefParameter without a condition.
2025-09-07 09:33:38,702 [INFO] CodeEngine:265 - oldGeneratedFile, /home/tuna/STM32CubeIDE/workspace_1.18.1/stm32f4_dev_board/stm32f4_mobile_base_sim/MXTmpFiles/license.tmp_save
2025-09-07 09:33:38,779 [INFO] CodeEngine:289 - Generated code: /home/tuna/STM32CubeIDE/workspace_1.18.1/stm32f4_dev_board/stm32f4_mobile_base_sim/MXTmpFiles/license.tmp
2025-09-07 09:33:38,804 [INFO] CodeEngine:265 - oldGeneratedFile, /home/tuna/STM32CubeIDE/workspace_1.18.1/stm32f4_dev_board/stm32f4_mobile_base_sim/Core/Src/gpio.c_save
2025-09-07 09:33:38,858 [INFO] CodeEngine:289 - Generated code: /home/tuna/STM32CubeIDE/workspace_1.18.1/stm32f4_dev_board/stm32f4_mobile_base_sim/Core/Src/gpio.c
2025-09-07 09:33:38,859 [INFO] CodeEngine:265 - oldGeneratedFile, /home/tuna/STM32CubeIDE/workspace_1.18.1/stm32f4_dev_board/stm32f4_mobile_base_sim/Core/Inc/gpio.h_save
2025-09-07 09:33:38,907 [INFO] CodeEngine:289 - Generated code: /home/tuna/STM32CubeIDE/workspace_1.18.1/stm32f4_dev_board/stm32f4_mobile_base_sim/Core/Inc/gpio.h
2025-09-07 09:33:38,946 [WARN] IPConfigManager:3238 - Warning: the RefConfig PWREx_EnableUSBVoltageDetector is not available in your config.xml file
2025-09-07 09:33:38,950 [INFO] CodeEngine:265 - oldGeneratedFile, /home/tuna/STM32CubeIDE/workspace_1.18.1/stm32f4_dev_board/stm32f4_mobile_base_sim/MXTmpFiles/usb_otg_fs_vars.tmp_save
2025-09-07 09:33:38,995 [INFO] CodeEngine:289 - Generated code: /home/tuna/STM32CubeIDE/workspace_1.18.1/stm32f4_dev_board/stm32f4_mobile_base_sim/MXTmpFiles/usb_otg_fs_vars.tmp
2025-09-07 09:33:38,996 [INFO] CodeEngine:265 - oldGeneratedFile, /home/tuna/STM32CubeIDE/workspace_1.18.1/stm32f4_dev_board/stm32f4_mobile_base_sim/MXTmpFiles/usb_otg_fs_inc.tmp_save
2025-09-07 09:33:39,040 [INFO] CodeEngine:289 - Generated code: /home/tuna/STM32CubeIDE/workspace_1.18.1/stm32f4_dev_board/stm32f4_mobile_base_sim/MXTmpFiles/usb_otg_fs_inc.tmp
2025-09-07 09:33:39,041 [INFO] CodeEngine:265 - oldGeneratedFile, /home/tuna/STM32CubeIDE/workspace_1.18.1/stm32f4_dev_board/stm32f4_mobile_base_sim/MXTmpFiles/usb_otg_fs_HalInit.tmp_save
2025-09-07 09:33:39,095 [INFO] CodeEngine:289 - Generated code: /home/tuna/STM32CubeIDE/workspace_1.18.1/stm32f4_dev_board/stm32f4_mobile_base_sim/MXTmpFiles/usb_otg_fs_HalInit.tmp
2025-09-07 09:33:39,096 [INFO] CodeEngine:265 - oldGeneratedFile, /home/tuna/STM32CubeIDE/workspace_1.18.1/stm32f4_dev_board/stm32f4_mobile_base_sim/MXTmpFiles/usb_otg_fs_Msp.tmp_save
2025-09-07 09:33:39,155 [INFO] CodeEngine:289 - Generated code: /home/tuna/STM32CubeIDE/workspace_1.18.1/stm32f4_dev_board/stm32f4_mobile_base_sim/MXTmpFiles/usb_otg_fs_Msp.tmp
2025-09-07 09:33:39,341 [INFO] Middleware:1452 - No code input for Bsp Dependency
2025-09-07 09:33:39,345 [INFO] CodeEngine:265 - oldGeneratedFile, /home/tuna/STM32CubeIDE/workspace_1.18.1/stm32f4_dev_board/stm32f4_mobile_base_sim/Core/Src/adc.c_save
2025-09-07 09:33:39,415 [INFO] CodeEngine:289 - Generated code: /home/tuna/STM32CubeIDE/workspace_1.18.1/stm32f4_dev_board/stm32f4_mobile_base_sim/Core/Src/adc.c
2025-09-07 09:33:39,416 [INFO] CodeEngine:265 - oldGeneratedFile, /home/tuna/STM32CubeIDE/workspace_1.18.1/stm32f4_dev_board/stm32f4_mobile_base_sim/Core/Inc/adc.h_save
2025-09-07 09:33:39,461 [INFO] CodeEngine:289 - Generated code: /home/tuna/STM32CubeIDE/workspace_1.18.1/stm32f4_dev_board/stm32f4_mobile_base_sim/Core/Inc/adc.h
2025-09-07 09:33:39,464 [INFO] CodeEngine:265 - oldGeneratedFile, /home/tuna/STM32CubeIDE/workspace_1.18.1/stm32f4_dev_board/stm32f4_mobile_base_sim/Core/Src/fsmc.c_save
2025-09-07 09:33:39,512 [INFO] CodeEngine:289 - Generated code: /home/tuna/STM32CubeIDE/workspace_1.18.1/stm32f4_dev_board/stm32f4_mobile_base_sim/Core/Src/fsmc.c
2025-09-07 09:33:39,514 [INFO] CodeEngine:265 - oldGeneratedFile, /home/tuna/STM32CubeIDE/workspace_1.18.1/stm32f4_dev_board/stm32f4_mobile_base_sim/Core/Inc/fsmc.h_save
2025-09-07 09:33:39,555 [INFO] CodeEngine:289 - Generated code: /home/tuna/STM32CubeIDE/workspace_1.18.1/stm32f4_dev_board/stm32f4_mobile_base_sim/Core/Inc/fsmc.h
2025-09-07 09:33:39,557 [INFO] CodeEngine:265 - oldGeneratedFile, /home/tuna/STM32CubeIDE/workspace_1.18.1/stm32f4_dev_board/stm32f4_mobile_base_sim/Core/Src/i2c.c_save
2025-09-07 09:33:39,616 [INFO] CodeEngine:289 - Generated code: /home/tuna/STM32CubeIDE/workspace_1.18.1/stm32f4_dev_board/stm32f4_mobile_base_sim/Core/Src/i2c.c
2025-09-07 09:33:39,617 [INFO] CodeEngine:265 - oldGeneratedFile, /home/tuna/STM32CubeIDE/workspace_1.18.1/stm32f4_dev_board/stm32f4_mobile_base_sim/Core/Inc/i2c.h_save
2025-09-07 09:33:39,658 [INFO] CodeEngine:289 - Generated code: /home/tuna/STM32CubeIDE/workspace_1.18.1/stm32f4_dev_board/stm32f4_mobile_base_sim/Core/Inc/i2c.h
2025-09-07 09:33:39,671 [INFO] Middleware:1452 - No code input for Bsp Dependency
2025-09-07 09:33:39,673 [INFO] CodeEngine:265 - oldGeneratedFile, /home/tuna/STM32CubeIDE/workspace_1.18.1/stm32f4_dev_board/stm32f4_mobile_base_sim/USB_DEVICE/App/usb_device.c_save
2025-09-07 09:33:39,719 [INFO] CodeEngine:289 - Generated code: /home/tuna/STM32CubeIDE/workspace_1.18.1/stm32f4_dev_board/stm32f4_mobile_base_sim/USB_DEVICE/App/usb_device.c
2025-09-07 09:33:39,720 [INFO] CodeEngine:265 - oldGeneratedFile, /home/tuna/STM32CubeIDE/workspace_1.18.1/stm32f4_dev_board/stm32f4_mobile_base_sim/USB_DEVICE/App/usb_device.h_save
2025-09-07 09:33:39,762 [INFO] CodeEngine:289 - Generated code: /home/tuna/STM32CubeIDE/workspace_1.18.1/stm32f4_dev_board/stm32f4_mobile_base_sim/USB_DEVICE/App/usb_device.h
2025-09-07 09:33:39,764 [INFO] CodeEngine:265 - oldGeneratedFile, /home/tuna/STM32CubeIDE/workspace_1.18.1/stm32f4_dev_board/stm32f4_mobile_base_sim/USB_DEVICE/Target/usbd_conf.h_save
2025-09-07 09:33:39,805 [INFO] CodeEngine:289 - Generated code: /home/tuna/STM32CubeIDE/workspace_1.18.1/stm32f4_dev_board/stm32f4_mobile_base_sim/USB_DEVICE/Target/usbd_conf.h
2025-09-07 09:33:39,807 [INFO] CodeEngine:265 - oldGeneratedFile, /home/tuna/STM32CubeIDE/workspace_1.18.1/stm32f4_dev_board/stm32f4_mobile_base_sim/USB_DEVICE/Target/usbd_conf.c_save
2025-09-07 09:33:39,853 [INFO] CodeEngine:289 - Generated code: /home/tuna/STM32CubeIDE/workspace_1.18.1/stm32f4_dev_board/stm32f4_mobile_base_sim/USB_DEVICE/Target/usbd_conf.c
2025-09-07 09:33:39,853 [INFO] CodeEngine:265 - oldGeneratedFile, /home/tuna/STM32CubeIDE/workspace_1.18.1/stm32f4_dev_board/stm32f4_mobile_base_sim/USB_DEVICE/App/usbd_desc.h_save
2025-09-07 09:33:39,894 [INFO] CodeEngine:289 - Generated code: /home/tuna/STM32CubeIDE/workspace_1.18.1/stm32f4_dev_board/stm32f4_mobile_base_sim/USB_DEVICE/App/usbd_desc.h
2025-09-07 09:33:39,895 [INFO] CodeEngine:265 - oldGeneratedFile, /home/tuna/STM32CubeIDE/workspace_1.18.1/stm32f4_dev_board/stm32f4_mobile_base_sim/USB_DEVICE/App/usbd_desc.c_save
2025-09-07 09:33:39,941 [INFO] CodeEngine:289 - Generated code: /home/tuna/STM32CubeIDE/workspace_1.18.1/stm32f4_dev_board/stm32f4_mobile_base_sim/USB_DEVICE/App/usbd_desc.c
2025-09-07 09:33:39,942 [INFO] CodeEngine:265 - oldGeneratedFile, /home/tuna/STM32CubeIDE/workspace_1.18.1/stm32f4_dev_board/stm32f4_mobile_base_sim/USB_DEVICE/App/usbd_cdc_if.h_save
2025-09-07 09:33:39,985 [INFO] CodeEngine:289 - Generated code: /home/tuna/STM32CubeIDE/workspace_1.18.1/stm32f4_dev_board/stm32f4_mobile_base_sim/USB_DEVICE/App/usbd_cdc_if.h
2025-09-07 09:33:39,986 [INFO] CodeEngine:265 - oldGeneratedFile, /home/tuna/STM32CubeIDE/workspace_1.18.1/stm32f4_dev_board/stm32f4_mobile_base_sim/USB_DEVICE/App/usbd_cdc_if.c_save
2025-09-07 09:33:40,035 [INFO] CodeEngine:289 - Generated code: /home/tuna/STM32CubeIDE/workspace_1.18.1/stm32f4_dev_board/stm32f4_mobile_base_sim/USB_DEVICE/App/usbd_cdc_if.c
2025-09-07 09:33:40,040 [INFO] CodeEngine:265 - oldGeneratedFile, /home/tuna/STM32CubeIDE/workspace_1.18.1/stm32f4_dev_board/stm32f4_mobile_base_sim/Core/Src/stm32f4xx_it.c_save
2025-09-07 09:33:40,087 [INFO] CodeEngine:289 - Generated code: /home/tuna/STM32CubeIDE/workspace_1.18.1/stm32f4_dev_board/stm32f4_mobile_base_sim/Core/Src/stm32f4xx_it.c
2025-09-07 09:33:40,088 [INFO] CodeEngine:265 - oldGeneratedFile, /home/tuna/STM32CubeIDE/workspace_1.18.1/stm32f4_dev_board/stm32f4_mobile_base_sim/Core/Inc/stm32f4xx_it.h_save
2025-09-07 09:33:40,129 [INFO] CodeEngine:289 - Generated code: /home/tuna/STM32CubeIDE/workspace_1.18.1/stm32f4_dev_board/stm32f4_mobile_base_sim/Core/Inc/stm32f4xx_it.h
2025-09-07 09:33:40,135 [INFO] CodeEngine:265 - oldGeneratedFile, /home/tuna/STM32CubeIDE/workspace_1.18.1/stm32f4_dev_board/stm32f4_mobile_base_sim/Core/Src/stm32f4xx_hal_msp.c_save
2025-09-07 09:33:40,196 [INFO] CodeEngine:289 - Generated code: /home/tuna/STM32CubeIDE/workspace_1.18.1/stm32f4_dev_board/stm32f4_mobile_base_sim/Core/Src/stm32f4xx_hal_msp.c
2025-09-07 09:33:40,197 [INFO] CodeEngine:265 - oldGeneratedFile, /home/tuna/STM32CubeIDE/workspace_1.18.1/stm32f4_dev_board/stm32f4_mobile_base_sim/MXTmpFiles/system.tmp_save
2025-09-07 09:33:40,237 [INFO] CodeEngine:289 - Generated code: /home/tuna/STM32CubeIDE/workspace_1.18.1/stm32f4_dev_board/stm32f4_mobile_base_sim/MXTmpFiles/system.tmp
2025-09-07 09:33:40,240 [INFO] CodeEngine:321 - oldGeneratedFile, /home/tuna/STM32CubeIDE/workspace_1.18.1/stm32f4_dev_board/stm32f4_mobile_base_sim/Core/Inc/stm32f4xx_hal_conf.h_save
2025-09-07 09:33:40,287 [INFO] CodeEngine:345 - Generated code: /home/tuna/STM32CubeIDE/workspace_1.18.1/stm32f4_dev_board/stm32f4_mobile_base_sim/Core/Inc/stm32f4xx_hal_conf.h
2025-09-07 09:33:40,302 [INFO] CodeEngine:265 - oldGeneratedFile, /home/tuna/STM32CubeIDE/workspace_1.18.1/stm32f4_dev_board/stm32f4_mobile_base_sim/Core/Inc/main.h_save
2025-09-07 09:33:40,358 [INFO] CodeEngine:289 - Generated code: /home/tuna/STM32CubeIDE/workspace_1.18.1/stm32f4_dev_board/stm32f4_mobile_base_sim/Core/Inc/main.h
2025-09-07 09:33:40,359 [INFO] CodeEngine:265 - oldGeneratedFile, /home/tuna/STM32CubeIDE/workspace_1.18.1/stm32f4_dev_board/stm32f4_mobile_base_sim/Core/Src/main.c_save
2025-09-07 09:33:40,421 [INFO] CodeEngine:289 - Generated code: /home/tuna/STM32CubeIDE/workspace_1.18.1/stm32f4_dev_board/stm32f4_mobile_base_sim/Core/Src/main.c
2025-09-07 09:33:40,574 [INFO] ProjectBuilder:3606 - Time for Copy HAL[1] : 28mS.
2025-09-07 09:33:40,576 [INFO] ProjectBuilder:5216 - Project Generator version: 4.7.0-B52
2025-09-07 09:33:40,640 [INFO] ConfigFileManager:1595 - The Die is : DIE413
2025-09-07 09:33:41,067 [INFO] ProjectBuilder:5496 - Time for Generating toolchain IDE Files: 491mS.
2025-09-07 09:33:41,068 [INFO] ProjectBuilder:3463 - Time for Copy CMSIS : 0mS.
2025-09-07 09:33:41,068 [INFO] ProjectBuilder:3463 - Time for Copy CMSIS : 0mS.
2025-09-07 09:34:15,168 [INFO] UtilMem:75 - End SaveConfig() Used Memory: 381042688 Bytes (943718400)
2025-09-07 09:34:15,247 [INFO] BlockDiagram:2775 - set Specific Code input for plugin: FSMC
2025-09-07 09:34:15,247 [INFO] BlockDiagram:2775 - set Specific Code input for plugin: USB_DEVICE
2025-09-07 09:34:15,247 [INFO] BlockDiagram:2775 - set Specific Code input for plugin: SYS
2025-09-07 09:34:15,247 [INFO] BlockDiagram:2775 - set Specific Code input for plugin: ADC
2025-09-07 09:34:15,247 [INFO] BlockDiagram:2775 - set Specific Code input for plugin: RCC
2025-09-07 09:34:15,247 [INFO] BlockDiagram:2775 - set Specific Code input for plugin: I2C
2025-09-07 09:34:15,247 [INFO] BlockDiagram:2775 - set Specific Code input for plugin: USB_OTG_FS
2025-09-07 09:34:15,247 [INFO] BlockDiagram:2775 - set Specific Code input for plugin: NVIC
2025-09-07 09:34:15,247 [INFO] BlockDiagram:2775 - set Specific Code input for plugin: GPIO
2025-09-07 09:34:15,248 [INFO] CodeGenerator:892 - code generatio: config db path: /home/tuna/st/stm32cubeide_1.18.1/plugins/com.st.stm32cube.common.mx_6.15.0.202507011659//db/
2025-09-07 09:34:15,256 [WARN] IP:2250 - I2C_Coeff_DF not found: check if there is a RefParameter without a condition.
2025-09-07 09:34:15,256 [WARN] IP:2250 - Analog_Filter not found: check if there is a RefParameter without a condition.
2025-09-07 09:34:15,262 [WARN] IP:2250 - DEVICE_SERIAL0_CDC_FS not found: check if there is a RefParameter without a condition.
2025-09-07 09:34:15,262 [WARN] IP:2250 - DEVICE_SERIAL1_CDC_FS not found: check if there is a RefParameter without a condition.
2025-09-07 09:34:15,262 [WARN] IP:2250 - DEVICE_SERIAL2_CDC_FS not found: check if there is a RefParameter without a condition.
2025-09-07 09:34:15,314 [INFO] CodeEngine:265 - oldGeneratedFile, /home/tuna/STM32CubeIDE/workspace_1.18.1/stm32f4_dev_board/stm32f4_mobile_base_sim/MXTmpFiles/license.tmp_save
2025-09-07 09:34:15,360 [INFO] CodeEngine:289 - Generated code: /home/tuna/STM32CubeIDE/workspace_1.18.1/stm32f4_dev_board/stm32f4_mobile_base_sim/MXTmpFiles/license.tmp
2025-09-07 09:34:15,374 [INFO] CodeEngine:265 - oldGeneratedFile, /home/tuna/STM32CubeIDE/workspace_1.18.1/stm32f4_dev_board/stm32f4_mobile_base_sim/Core/Src/gpio.c_save
2025-09-07 09:34:15,421 [INFO] CodeEngine:289 - Generated code: /home/tuna/STM32CubeIDE/workspace_1.18.1/stm32f4_dev_board/stm32f4_mobile_base_sim/Core/Src/gpio.c
2025-09-07 09:34:15,422 [INFO] CodeEngine:265 - oldGeneratedFile, /home/tuna/STM32CubeIDE/workspace_1.18.1/stm32f4_dev_board/stm32f4_mobile_base_sim/Core/Inc/gpio.h_save
2025-09-07 09:34:15,469 [INFO] CodeEngine:289 - Generated code: /home/tuna/STM32CubeIDE/workspace_1.18.1/stm32f4_dev_board/stm32f4_mobile_base_sim/Core/Inc/gpio.h
2025-09-07 09:34:15,496 [WARN] IPConfigManager:3238 - Warning: the RefConfig PWREx_EnableUSBVoltageDetector is not available in your config.xml file
2025-09-07 09:34:15,500 [INFO] CodeEngine:265 - oldGeneratedFile, /home/tuna/STM32CubeIDE/workspace_1.18.1/stm32f4_dev_board/stm32f4_mobile_base_sim/MXTmpFiles/usb_otg_fs_vars.tmp_save
2025-09-07 09:34:15,542 [INFO] CodeEngine:289 - Generated code: /home/tuna/STM32CubeIDE/workspace_1.18.1/stm32f4_dev_board/stm32f4_mobile_base_sim/MXTmpFiles/usb_otg_fs_vars.tmp
2025-09-07 09:34:15,543 [INFO] CodeEngine:265 - oldGeneratedFile, /home/tuna/STM32CubeIDE/workspace_1.18.1/stm32f4_dev_board/stm32f4_mobile_base_sim/MXTmpFiles/usb_otg_fs_inc.tmp_save
2025-09-07 09:34:15,584 [INFO] CodeEngine:289 - Generated code: /home/tuna/STM32CubeIDE/workspace_1.18.1/stm32f4_dev_board/stm32f4_mobile_base_sim/MXTmpFiles/usb_otg_fs_inc.tmp
2025-09-07 09:34:15,585 [INFO] CodeEngine:265 - oldGeneratedFile, /home/tuna/STM32CubeIDE/workspace_1.18.1/stm32f4_dev_board/stm32f4_mobile_base_sim/MXTmpFiles/usb_otg_fs_HalInit.tmp_save
2025-09-07 09:34:15,632 [INFO] CodeEngine:289 - Generated code: /home/tuna/STM32CubeIDE/workspace_1.18.1/stm32f4_dev_board/stm32f4_mobile_base_sim/MXTmpFiles/usb_otg_fs_HalInit.tmp
2025-09-07 09:34:15,633 [INFO] CodeEngine:265 - oldGeneratedFile, /home/tuna/STM32CubeIDE/workspace_1.18.1/stm32f4_dev_board/stm32f4_mobile_base_sim/MXTmpFiles/usb_otg_fs_Msp.tmp_save
2025-09-07 09:34:15,683 [INFO] CodeEngine:289 - Generated code: /home/tuna/STM32CubeIDE/workspace_1.18.1/stm32f4_dev_board/stm32f4_mobile_base_sim/MXTmpFiles/usb_otg_fs_Msp.tmp
2025-09-07 09:34:15,783 [INFO] Middleware:1452 - No code input for Bsp Dependency
2025-09-07 09:34:15,786 [INFO] CodeEngine:265 - oldGeneratedFile, /home/tuna/STM32CubeIDE/workspace_1.18.1/stm32f4_dev_board/stm32f4_mobile_base_sim/Core/Src/adc.c_save
2025-09-07 09:34:15,846 [INFO] CodeEngine:289 - Generated code: /home/tuna/STM32CubeIDE/workspace_1.18.1/stm32f4_dev_board/stm32f4_mobile_base_sim/Core/Src/adc.c
2025-09-07 09:34:15,847 [INFO] CodeEngine:265 - oldGeneratedFile, /home/tuna/STM32CubeIDE/workspace_1.18.1/stm32f4_dev_board/stm32f4_mobile_base_sim/Core/Inc/adc.h_save
2025-09-07 09:34:15,888 [INFO] CodeEngine:289 - Generated code: /home/tuna/STM32CubeIDE/workspace_1.18.1/stm32f4_dev_board/stm32f4_mobile_base_sim/Core/Inc/adc.h
2025-09-07 09:34:15,890 [INFO] CodeEngine:265 - oldGeneratedFile, /home/tuna/STM32CubeIDE/workspace_1.18.1/stm32f4_dev_board/stm32f4_mobile_base_sim/Core/Src/fsmc.c_save
2025-09-07 09:34:15,937 [INFO] CodeEngine:289 - Generated code: /home/tuna/STM32CubeIDE/workspace_1.18.1/stm32f4_dev_board/stm32f4_mobile_base_sim/Core/Src/fsmc.c
2025-09-07 09:34:15,938 [INFO] CodeEngine:265 - oldGeneratedFile, /home/tuna/STM32CubeIDE/workspace_1.18.1/stm32f4_dev_board/stm32f4_mobile_base_sim/Core/Inc/fsmc.h_save
2025-09-07 09:34:15,992 [INFO] CodeEngine:289 - Generated code: /home/tuna/STM32CubeIDE/workspace_1.18.1/stm32f4_dev_board/stm32f4_mobile_base_sim/Core/Inc/fsmc.h
2025-09-07 09:34:15,994 [INFO] CodeEngine:265 - oldGeneratedFile, /home/tuna/STM32CubeIDE/workspace_1.18.1/stm32f4_dev_board/stm32f4_mobile_base_sim/Core/Src/i2c.c_save
2025-09-07 09:34:16,054 [INFO] CodeEngine:289 - Generated code: /home/tuna/STM32CubeIDE/workspace_1.18.1/stm32f4_dev_board/stm32f4_mobile_base_sim/Core/Src/i2c.c
2025-09-07 09:34:16,055 [INFO] CodeEngine:265 - oldGeneratedFile, /home/tuna/STM32CubeIDE/workspace_1.18.1/stm32f4_dev_board/stm32f4_mobile_base_sim/Core/Inc/i2c.h_save
2025-09-07 09:34:16,097 [INFO] CodeEngine:289 - Generated code: /home/tuna/STM32CubeIDE/workspace_1.18.1/stm32f4_dev_board/stm32f4_mobile_base_sim/Core/Inc/i2c.h
2025-09-07 09:34:16,108 [INFO] Middleware:1452 - No code input for Bsp Dependency
2025-09-07 09:34:16,111 [INFO] CodeEngine:265 - oldGeneratedFile, /home/tuna/STM32CubeIDE/workspace_1.18.1/stm32f4_dev_board/stm32f4_mobile_base_sim/USB_DEVICE/App/usb_device.c_save
2025-09-07 09:34:16,156 [INFO] CodeEngine:289 - Generated code: /home/tuna/STM32CubeIDE/workspace_1.18.1/stm32f4_dev_board/stm32f4_mobile_base_sim/USB_DEVICE/App/usb_device.c
2025-09-07 09:34:16,158 [INFO] CodeEngine:265 - oldGeneratedFile, /home/tuna/STM32CubeIDE/workspace_1.18.1/stm32f4_dev_board/stm32f4_mobile_base_sim/USB_DEVICE/App/usb_device.h_save
2025-09-07 09:34:16,201 [INFO] CodeEngine:289 - Generated code: /home/tuna/STM32CubeIDE/workspace_1.18.1/stm32f4_dev_board/stm32f4_mobile_base_sim/USB_DEVICE/App/usb_device.h
2025-09-07 09:34:16,202 [INFO] CodeEngine:265 - oldGeneratedFile, /home/tuna/STM32CubeIDE/workspace_1.18.1/stm32f4_dev_board/stm32f4_mobile_base_sim/USB_DEVICE/Target/usbd_conf.h_save
2025-09-07 09:34:16,244 [INFO] CodeEngine:289 - Generated code: /home/tuna/STM32CubeIDE/workspace_1.18.1/stm32f4_dev_board/stm32f4_mobile_base_sim/USB_DEVICE/Target/usbd_conf.h
2025-09-07 09:34:16,245 [INFO] CodeEngine:265 - oldGeneratedFile, /home/tuna/STM32CubeIDE/workspace_1.18.1/stm32f4_dev_board/stm32f4_mobile_base_sim/USB_DEVICE/Target/usbd_conf.c_save
2025-09-07 09:34:16,292 [INFO] CodeEngine:289 - Generated code: /home/tuna/STM32CubeIDE/workspace_1.18.1/stm32f4_dev_board/stm32f4_mobile_base_sim/USB_DEVICE/Target/usbd_conf.c
2025-09-07 09:34:16,293 [INFO] CodeEngine:265 - oldGeneratedFile, /home/tuna/STM32CubeIDE/workspace_1.18.1/stm32f4_dev_board/stm32f4_mobile_base_sim/USB_DEVICE/App/usbd_desc.h_save
2025-09-07 09:34:16,335 [INFO] CodeEngine:289 - Generated code: /home/tuna/STM32CubeIDE/workspace_1.18.1/stm32f4_dev_board/stm32f4_mobile_base_sim/USB_DEVICE/App/usbd_desc.h
2025-09-07 09:34:16,336 [INFO] CodeEngine:265 - oldGeneratedFile, /home/tuna/STM32CubeIDE/workspace_1.18.1/stm32f4_dev_board/stm32f4_mobile_base_sim/USB_DEVICE/App/usbd_desc.c_save
2025-09-07 09:34:16,382 [INFO] CodeEngine:289 - Generated code: /home/tuna/STM32CubeIDE/workspace_1.18.1/stm32f4_dev_board/stm32f4_mobile_base_sim/USB_DEVICE/App/usbd_desc.c
2025-09-07 09:34:16,383 [INFO] CodeEngine:265 - oldGeneratedFile, /home/tuna/STM32CubeIDE/workspace_1.18.1/stm32f4_dev_board/stm32f4_mobile_base_sim/USB_DEVICE/App/usbd_cdc_if.h_save
2025-09-07 09:34:16,426 [INFO] CodeEngine:289 - Generated code: /home/tuna/STM32CubeIDE/workspace_1.18.1/stm32f4_dev_board/stm32f4_mobile_base_sim/USB_DEVICE/App/usbd_cdc_if.h
2025-09-07 09:34:16,427 [INFO] CodeEngine:265 - oldGeneratedFile, /home/tuna/STM32CubeIDE/workspace_1.18.1/stm32f4_dev_board/stm32f4_mobile_base_sim/USB_DEVICE/App/usbd_cdc_if.c_save
2025-09-07 09:34:16,476 [INFO] CodeEngine:289 - Generated code: /home/tuna/STM32CubeIDE/workspace_1.18.1/stm32f4_dev_board/stm32f4_mobile_base_sim/USB_DEVICE/App/usbd_cdc_if.c
2025-09-07 09:34:16,481 [INFO] CodeEngine:265 - oldGeneratedFile, /home/tuna/STM32CubeIDE/workspace_1.18.1/stm32f4_dev_board/stm32f4_mobile_base_sim/Core/Src/stm32f4xx_it.c_save
2025-09-07 09:34:16,526 [INFO] CodeEngine:289 - Generated code: /home/tuna/STM32CubeIDE/workspace_1.18.1/stm32f4_dev_board/stm32f4_mobile_base_sim/Core/Src/stm32f4xx_it.c
2025-09-07 09:34:16,527 [INFO] CodeEngine:265 - oldGeneratedFile, /home/tuna/STM32CubeIDE/workspace_1.18.1/stm32f4_dev_board/stm32f4_mobile_base_sim/Core/Inc/stm32f4xx_it.h_save
2025-09-07 09:34:16,567 [INFO] CodeEngine:289 - Generated code: /home/tuna/STM32CubeIDE/workspace_1.18.1/stm32f4_dev_board/stm32f4_mobile_base_sim/Core/Inc/stm32f4xx_it.h
2025-09-07 09:34:16,573 [INFO] CodeEngine:265 - oldGeneratedFile, /home/tuna/STM32CubeIDE/workspace_1.18.1/stm32f4_dev_board/stm32f4_mobile_base_sim/Core/Src/stm32f4xx_hal_msp.c_save
2025-09-07 09:34:16,633 [INFO] CodeEngine:289 - Generated code: /home/tuna/STM32CubeIDE/workspace_1.18.1/stm32f4_dev_board/stm32f4_mobile_base_sim/Core/Src/stm32f4xx_hal_msp.c
2025-09-07 09:34:16,634 [INFO] CodeEngine:265 - oldGeneratedFile, /home/tuna/STM32CubeIDE/workspace_1.18.1/stm32f4_dev_board/stm32f4_mobile_base_sim/MXTmpFiles/system.tmp_save
2025-09-07 09:34:16,675 [INFO] CodeEngine:289 - Generated code: /home/tuna/STM32CubeIDE/workspace_1.18.1/stm32f4_dev_board/stm32f4_mobile_base_sim/MXTmpFiles/system.tmp
2025-09-07 09:34:16,677 [INFO] CodeEngine:321 - oldGeneratedFile, /home/tuna/STM32CubeIDE/workspace_1.18.1/stm32f4_dev_board/stm32f4_mobile_base_sim/Core/Inc/stm32f4xx_hal_conf.h_save
2025-09-07 09:34:16,724 [INFO] CodeEngine:345 - Generated code: /home/tuna/STM32CubeIDE/workspace_1.18.1/stm32f4_dev_board/stm32f4_mobile_base_sim/Core/Inc/stm32f4xx_hal_conf.h
2025-09-07 09:34:16,737 [INFO] CodeEngine:265 - oldGeneratedFile, /home/tuna/STM32CubeIDE/workspace_1.18.1/stm32f4_dev_board/stm32f4_mobile_base_sim/Core/Inc/main.h_save
2025-09-07 09:34:16,781 [INFO] CodeEngine:289 - Generated code: /home/tuna/STM32CubeIDE/workspace_1.18.1/stm32f4_dev_board/stm32f4_mobile_base_sim/Core/Inc/main.h
2025-09-07 09:34:16,782 [INFO] CodeEngine:265 - oldGeneratedFile, /home/tuna/STM32CubeIDE/workspace_1.18.1/stm32f4_dev_board/stm32f4_mobile_base_sim/Core/Src/main.c_save
2025-09-07 09:34:16,844 [INFO] CodeEngine:289 - Generated code: /home/tuna/STM32CubeIDE/workspace_1.18.1/stm32f4_dev_board/stm32f4_mobile_base_sim/Core/Src/main.c
2025-09-07 09:34:16,998 [INFO] ProjectBuilder:3606 - Time for Copy HAL[1] : 27mS.
2025-09-07 09:34:16,999 [INFO] ProjectBuilder:5216 - Project Generator version: 4.7.0-B52
2025-09-07 09:34:17,059 [INFO] ConfigFileManager:1595 - The Die is : DIE413
2025-09-07 09:34:17,488 [INFO] ProjectBuilder:5496 - Time for Generating toolchain IDE Files: 489mS.
2025-09-07 09:34:17,489 [INFO] ProjectBuilder:3463 - Time for Copy CMSIS : 1mS.
2025-09-07 09:34:17,490 [INFO] ProjectBuilder:3463 - Time for Copy CMSIS : 0mS.
2025-09-07 09:35:24,096 [INFO] UtilMem:75 - End SaveConfig() Used Memory: 306911760 Bytes (943718400)
2025-09-07 09:35:24,208 [INFO] BlockDiagram:2775 - set Specific Code input for plugin: FSMC
2025-09-07 09:35:24,209 [INFO] BlockDiagram:2775 - set Specific Code input for plugin: USB_DEVICE
2025-09-07 09:35:24,209 [INFO] BlockDiagram:2775 - set Specific Code input for plugin: SYS
2025-09-07 09:35:24,209 [INFO] BlockDiagram:2775 - set Specific Code input for plugin: ADC
2025-09-07 09:35:24,209 [INFO] BlockDiagram:2775 - set Specific Code input for plugin: RCC
2025-09-07 09:35:24,209 [INFO] BlockDiagram:2775 - set Specific Code input for plugin: I2C
2025-09-07 09:35:24,209 [INFO] BlockDiagram:2775 - set Specific Code input for plugin: USB_OTG_FS
2025-09-07 09:35:24,209 [INFO] BlockDiagram:2775 - set Specific Code input for plugin: NVIC
2025-09-07 09:35:24,209 [INFO] BlockDiagram:2775 - set Specific Code input for plugin: GPIO
2025-09-07 09:35:24,209 [INFO] CodeGenerator:892 - code generatio: config db path: /home/tuna/st/stm32cubeide_1.18.1/plugins/com.st.stm32cube.common.mx_6.15.0.202507011659//db/
2025-09-07 09:35:24,219 [WARN] IP:2250 - I2C_Coeff_DF not found: check if there is a RefParameter without a condition.
2025-09-07 09:35:24,219 [WARN] IP:2250 - Analog_Filter not found: check if there is a RefParameter without a condition.
2025-09-07 09:35:24,241 [WARN] IP:2250 - DEVICE_SERIAL0_CDC_FS not found: check if there is a RefParameter without a condition.
2025-09-07 09:35:24,242 [WARN] IP:2250 - DEVICE_SERIAL1_CDC_FS not found: check if there is a RefParameter without a condition.
2025-09-07 09:35:24,242 [WARN] IP:2250 - DEVICE_SERIAL2_CDC_FS not found: check if there is a RefParameter without a condition.
2025-09-07 09:35:24,298 [INFO] CodeEngine:265 - oldGeneratedFile, /home/tuna/STM32CubeIDE/workspace_1.18.1/stm32f4_dev_board/stm32f4_mobile_base_sim/MXTmpFiles/license.tmp_save
2025-09-07 09:35:24,344 [INFO] CodeEngine:289 - Generated code: /home/tuna/STM32CubeIDE/workspace_1.18.1/stm32f4_dev_board/stm32f4_mobile_base_sim/MXTmpFiles/license.tmp
2025-09-07 09:35:24,361 [INFO] CodeEngine:265 - oldGeneratedFile, /home/tuna/STM32CubeIDE/workspace_1.18.1/stm32f4_dev_board/stm32f4_mobile_base_sim/Core/Src/gpio.c_save
2025-09-07 09:35:24,412 [INFO] CodeEngine:289 - Generated code: /home/tuna/STM32CubeIDE/workspace_1.18.1/stm32f4_dev_board/stm32f4_mobile_base_sim/Core/Src/gpio.c
2025-09-07 09:35:24,413 [INFO] CodeEngine:265 - oldGeneratedFile, /home/tuna/STM32CubeIDE/workspace_1.18.1/stm32f4_dev_board/stm32f4_mobile_base_sim/Core/Inc/gpio.h_save
2025-09-07 09:35:24,461 [INFO] CodeEngine:289 - Generated code: /home/tuna/STM32CubeIDE/workspace_1.18.1/stm32f4_dev_board/stm32f4_mobile_base_sim/Core/Inc/gpio.h
2025-09-07 09:35:24,498 [WARN] IPConfigManager:3238 - Warning: the RefConfig PWREx_EnableUSBVoltageDetector is not available in your config.xml file
2025-09-07 09:35:24,501 [INFO] CodeEngine:265 - oldGeneratedFile, /home/tuna/STM32CubeIDE/workspace_1.18.1/stm32f4_dev_board/stm32f4_mobile_base_sim/MXTmpFiles/usb_otg_fs_vars.tmp_save
2025-09-07 09:35:24,545 [INFO] CodeEngine:289 - Generated code: /home/tuna/STM32CubeIDE/workspace_1.18.1/stm32f4_dev_board/stm32f4_mobile_base_sim/MXTmpFiles/usb_otg_fs_vars.tmp
2025-09-07 09:35:24,546 [INFO] CodeEngine:265 - oldGeneratedFile, /home/tuna/STM32CubeIDE/workspace_1.18.1/stm32f4_dev_board/stm32f4_mobile_base_sim/MXTmpFiles/usb_otg_fs_inc.tmp_save
2025-09-07 09:35:24,589 [INFO] CodeEngine:289 - Generated code: /home/tuna/STM32CubeIDE/workspace_1.18.1/stm32f4_dev_board/stm32f4_mobile_base_sim/MXTmpFiles/usb_otg_fs_inc.tmp
2025-09-07 09:35:24,590 [INFO] CodeEngine:265 - oldGeneratedFile, /home/tuna/STM32CubeIDE/workspace_1.18.1/stm32f4_dev_board/stm32f4_mobile_base_sim/MXTmpFiles/usb_otg_fs_HalInit.tmp_save
2025-09-07 09:35:24,641 [INFO] CodeEngine:289 - Generated code: /home/tuna/STM32CubeIDE/workspace_1.18.1/stm32f4_dev_board/stm32f4_mobile_base_sim/MXTmpFiles/usb_otg_fs_HalInit.tmp
2025-09-07 09:35:24,642 [INFO] CodeEngine:265 - oldGeneratedFile, /home/tuna/STM32CubeIDE/workspace_1.18.1/stm32f4_dev_board/stm32f4_mobile_base_sim/MXTmpFiles/usb_otg_fs_Msp.tmp_save
2025-09-07 09:35:24,697 [INFO] CodeEngine:289 - Generated code: /home/tuna/STM32CubeIDE/workspace_1.18.1/stm32f4_dev_board/stm32f4_mobile_base_sim/MXTmpFiles/usb_otg_fs_Msp.tmp
2025-09-07 09:35:24,840 [INFO] Middleware:1452 - No code input for Bsp Dependency
2025-09-07 09:35:24,843 [INFO] CodeEngine:265 - oldGeneratedFile, /home/tuna/STM32CubeIDE/workspace_1.18.1/stm32f4_dev_board/stm32f4_mobile_base_sim/Core/Src/adc.c_save
2025-09-07 09:35:24,910 [INFO] CodeEngine:289 - Generated code: /home/tuna/STM32CubeIDE/workspace_1.18.1/stm32f4_dev_board/stm32f4_mobile_base_sim/Core/Src/adc.c
2025-09-07 09:35:24,911 [INFO] CodeEngine:265 - oldGeneratedFile, /home/tuna/STM32CubeIDE/workspace_1.18.1/stm32f4_dev_board/stm32f4_mobile_base_sim/Core/Inc/adc.h_save
2025-09-07 09:35:24,955 [INFO] CodeEngine:289 - Generated code: /home/tuna/STM32CubeIDE/workspace_1.18.1/stm32f4_dev_board/stm32f4_mobile_base_sim/Core/Inc/adc.h
2025-09-07 09:35:24,958 [INFO] CodeEngine:265 - oldGeneratedFile, /home/tuna/STM32CubeIDE/workspace_1.18.1/stm32f4_dev_board/stm32f4_mobile_base_sim/Core/Src/fsmc.c_save
2025-09-07 09:35:25,011 [INFO] CodeEngine:289 - Generated code: /home/tuna/STM32CubeIDE/workspace_1.18.1/stm32f4_dev_board/stm32f4_mobile_base_sim/Core/Src/fsmc.c
2025-09-07 09:35:25,012 [INFO] CodeEngine:265 - oldGeneratedFile, /home/tuna/STM32CubeIDE/workspace_1.18.1/stm32f4_dev_board/stm32f4_mobile_base_sim/Core/Inc/fsmc.h_save
2025-09-07 09:35:25,056 [INFO] CodeEngine:289 - Generated code: /home/tuna/STM32CubeIDE/workspace_1.18.1/stm32f4_dev_board/stm32f4_mobile_base_sim/Core/Inc/fsmc.h
2025-09-07 09:35:25,059 [INFO] CodeEngine:265 - oldGeneratedFile, /home/tuna/STM32CubeIDE/workspace_1.18.1/stm32f4_dev_board/stm32f4_mobile_base_sim/Core/Src/i2c.c_save
2025-09-07 09:35:25,118 [INFO] CodeEngine:289 - Generated code: /home/tuna/STM32CubeIDE/workspace_1.18.1/stm32f4_dev_board/stm32f4_mobile_base_sim/Core/Src/i2c.c
2025-09-07 09:35:25,119 [INFO] CodeEngine:265 - oldGeneratedFile, /home/tuna/STM32CubeIDE/workspace_1.18.1/stm32f4_dev_board/stm32f4_mobile_base_sim/Core/Inc/i2c.h_save
2025-09-07 09:35:25,160 [INFO] CodeEngine:289 - Generated code: /home/tuna/STM32CubeIDE/workspace_1.18.1/stm32f4_dev_board/stm32f4_mobile_base_sim/Core/Inc/i2c.h
2025-09-07 09:35:25,176 [INFO] Middleware:1452 - No code input for Bsp Dependency
2025-09-07 09:35:25,179 [INFO] CodeEngine:265 - oldGeneratedFile, /home/tuna/STM32CubeIDE/workspace_1.18.1/stm32f4_dev_board/stm32f4_mobile_base_sim/USB_DEVICE/App/usb_device.c_save
2025-09-07 09:35:25,223 [INFO] CodeEngine:289 - Generated code: /home/tuna/STM32CubeIDE/workspace_1.18.1/stm32f4_dev_board/stm32f4_mobile_base_sim/USB_DEVICE/App/usb_device.c
2025-09-07 09:35:25,224 [INFO] CodeEngine:265 - oldGeneratedFile, /home/tuna/STM32CubeIDE/workspace_1.18.1/stm32f4_dev_board/stm32f4_mobile_base_sim/USB_DEVICE/App/usb_device.h_save
2025-09-07 09:35:25,273 [INFO] CodeEngine:289 - Generated code: /home/tuna/STM32CubeIDE/workspace_1.18.1/stm32f4_dev_board/stm32f4_mobile_base_sim/USB_DEVICE/App/usb_device.h
2025-09-07 09:35:25,274 [INFO] CodeEngine:265 - oldGeneratedFile, /home/tuna/STM32CubeIDE/workspace_1.18.1/stm32f4_dev_board/stm32f4_mobile_base_sim/USB_DEVICE/Target/usbd_conf.h_save
2025-09-07 09:35:25,319 [INFO] CodeEngine:289 - Generated code: /home/tuna/STM32CubeIDE/workspace_1.18.1/stm32f4_dev_board/stm32f4_mobile_base_sim/USB_DEVICE/Target/usbd_conf.h
2025-09-07 09:35:25,320 [INFO] CodeEngine:265 - oldGeneratedFile, /home/tuna/STM32CubeIDE/workspace_1.18.1/stm32f4_dev_board/stm32f4_mobile_base_sim/USB_DEVICE/Target/usbd_conf.c_save
2025-09-07 09:35:25,366 [INFO] CodeEngine:289 - Generated code: /home/tuna/STM32CubeIDE/workspace_1.18.1/stm32f4_dev_board/stm32f4_mobile_base_sim/USB_DEVICE/Target/usbd_conf.c
2025-09-07 09:35:25,366 [INFO] CodeEngine:265 - oldGeneratedFile, /home/tuna/STM32CubeIDE/workspace_1.18.1/stm32f4_dev_board/stm32f4_mobile_base_sim/USB_DEVICE/App/usbd_desc.h_save
2025-09-07 09:35:25,408 [INFO] CodeEngine:289 - Generated code: /home/tuna/STM32CubeIDE/workspace_1.18.1/stm32f4_dev_board/stm32f4_mobile_base_sim/USB_DEVICE/App/usbd_desc.h
2025-09-07 09:35:25,409 [INFO] CodeEngine:265 - oldGeneratedFile, /home/tuna/STM32CubeIDE/workspace_1.18.1/stm32f4_dev_board/stm32f4_mobile_base_sim/USB_DEVICE/App/usbd_desc.c_save
2025-09-07 09:35:25,453 [INFO] CodeEngine:289 - Generated code: /home/tuna/STM32CubeIDE/workspace_1.18.1/stm32f4_dev_board/stm32f4_mobile_base_sim/USB_DEVICE/App/usbd_desc.c
2025-09-07 09:35:25,454 [INFO] CodeEngine:265 - oldGeneratedFile, /home/tuna/STM32CubeIDE/workspace_1.18.1/stm32f4_dev_board/stm32f4_mobile_base_sim/USB_DEVICE/App/usbd_cdc_if.h_save
2025-09-07 09:35:25,496 [INFO] CodeEngine:289 - Generated code: /home/tuna/STM32CubeIDE/workspace_1.18.1/stm32f4_dev_board/stm32f4_mobile_base_sim/USB_DEVICE/App/usbd_cdc_if.h
2025-09-07 09:35:25,497 [INFO] CodeEngine:265 - oldGeneratedFile, /home/tuna/STM32CubeIDE/workspace_1.18.1/stm32f4_dev_board/stm32f4_mobile_base_sim/USB_DEVICE/App/usbd_cdc_if.c_save
2025-09-07 09:35:25,547 [INFO] CodeEngine:289 - Generated code: /home/tuna/STM32CubeIDE/workspace_1.18.1/stm32f4_dev_board/stm32f4_mobile_base_sim/USB_DEVICE/App/usbd_cdc_if.c
2025-09-07 09:35:25,552 [INFO] CodeEngine:265 - oldGeneratedFile, /home/tuna/STM32CubeIDE/workspace_1.18.1/stm32f4_dev_board/stm32f4_mobile_base_sim/Core/Src/stm32f4xx_it.c_save
2025-09-07 09:35:25,598 [INFO] CodeEngine:289 - Generated code: /home/tuna/STM32CubeIDE/workspace_1.18.1/stm32f4_dev_board/stm32f4_mobile_base_sim/Core/Src/stm32f4xx_it.c
2025-09-07 09:35:25,599 [INFO] CodeEngine:265 - oldGeneratedFile, /home/tuna/STM32CubeIDE/workspace_1.18.1/stm32f4_dev_board/stm32f4_mobile_base_sim/Core/Inc/stm32f4xx_it.h_save
2025-09-07 09:35:25,640 [INFO] CodeEngine:289 - Generated code: /home/tuna/STM32CubeIDE/workspace_1.18.1/stm32f4_dev_board/stm32f4_mobile_base_sim/Core/Inc/stm32f4xx_it.h
2025-09-07 09:35:25,645 [INFO] CodeEngine:265 - oldGeneratedFile, /home/tuna/STM32CubeIDE/workspace_1.18.1/stm32f4_dev_board/stm32f4_mobile_base_sim/Core/Src/stm32f4xx_hal_msp.c_save
2025-09-07 09:35:25,707 [INFO] CodeEngine:289 - Generated code: /home/tuna/STM32CubeIDE/workspace_1.18.1/stm32f4_dev_board/stm32f4_mobile_base_sim/Core/Src/stm32f4xx_hal_msp.c
2025-09-07 09:35:25,707 [INFO] CodeEngine:265 - oldGeneratedFile, /home/tuna/STM32CubeIDE/workspace_1.18.1/stm32f4_dev_board/stm32f4_mobile_base_sim/MXTmpFiles/system.tmp_save
2025-09-07 09:35:25,746 [INFO] CodeEngine:289 - Generated code: /home/tuna/STM32CubeIDE/workspace_1.18.1/stm32f4_dev_board/stm32f4_mobile_base_sim/MXTmpFiles/system.tmp
2025-09-07 09:35:25,749 [INFO] CodeEngine:321 - oldGeneratedFile, /home/tuna/STM32CubeIDE/workspace_1.18.1/stm32f4_dev_board/stm32f4_mobile_base_sim/Core/Inc/stm32f4xx_hal_conf.h_save
2025-09-07 09:35:25,794 [INFO] CodeEngine:345 - Generated code: /home/tuna/STM32CubeIDE/workspace_1.18.1/stm32f4_dev_board/stm32f4_mobile_base_sim/Core/Inc/stm32f4xx_hal_conf.h
2025-09-07 09:35:25,805 [INFO] CodeEngine:265 - oldGeneratedFile, /home/tuna/STM32CubeIDE/workspace_1.18.1/stm32f4_dev_board/stm32f4_mobile_base_sim/Core/Inc/main.h_save
2025-09-07 09:35:25,850 [INFO] CodeEngine:289 - Generated code: /home/tuna/STM32CubeIDE/workspace_1.18.1/stm32f4_dev_board/stm32f4_mobile_base_sim/Core/Inc/main.h
2025-09-07 09:35:25,851 [INFO] CodeEngine:265 - oldGeneratedFile, /home/tuna/STM32CubeIDE/workspace_1.18.1/stm32f4_dev_board/stm32f4_mobile_base_sim/Core/Src/main.c_save
2025-09-07 09:35:25,915 [INFO] CodeEngine:289 - Generated code: /home/tuna/STM32CubeIDE/workspace_1.18.1/stm32f4_dev_board/stm32f4_mobile_base_sim/Core/Src/main.c
2025-09-07 09:35:26,064 [INFO] ProjectBuilder:3606 - Time for Copy HAL[1] : 25mS.
2025-09-07 09:35:26,066 [INFO] ProjectBuilder:5216 - Project Generator version: 4.7.0-B52
2025-09-07 09:35:26,123 [INFO] ConfigFileManager:1595 - The Die is : DIE413
2025-09-07 09:35:26,502 [INFO] ProjectBuilder:5496 - Time for Generating toolchain IDE Files: 436mS.
2025-09-07 09:35:26,502 [INFO] ProjectBuilder:3463 - Time for Copy CMSIS : 0mS.
2025-09-07 09:35:26,503 [INFO] ProjectBuilder:3463 - Time for Copy CMSIS : 0mS.
2025-09-07 09:36:22,436 [INFO] UtilMem:75 - End SaveConfig() Used Memory: 512709512 Bytes (943718400)
2025-09-07 09:36:22,514 [INFO] BlockDiagram:2775 - set Specific Code input for plugin: FSMC
2025-09-07 09:36:22,514 [INFO] BlockDiagram:2775 - set Specific Code input for plugin: USB_DEVICE
2025-09-07 09:36:22,514 [INFO] BlockDiagram:2775 - set Specific Code input for plugin: SYS
2025-09-07 09:36:22,514 [INFO] BlockDiagram:2775 - set Specific Code input for plugin: ADC
2025-09-07 09:36:22,514 [INFO] BlockDiagram:2775 - set Specific Code input for plugin: RCC
2025-09-07 09:36:22,514 [INFO] BlockDiagram:2775 - set Specific Code input for plugin: I2C
2025-09-07 09:36:22,514 [INFO] BlockDiagram:2775 - set Specific Code input for plugin: USB_OTG_FS
2025-09-07 09:36:22,514 [INFO] BlockDiagram:2775 - set Specific Code input for plugin: NVIC
2025-09-07 09:36:22,514 [INFO] BlockDiagram:2775 - set Specific Code input for plugin: GPIO
2025-09-07 09:36:22,515 [INFO] CodeGenerator:892 - code generatio: config db path: /home/tuna/st/stm32cubeide_1.18.1/plugins/com.st.stm32cube.common.mx_6.15.0.202507011659//db/
2025-09-07 09:36:22,522 [WARN] IP:2250 - I2C_Coeff_DF not found: check if there is a RefParameter without a condition.
2025-09-07 09:36:22,522 [WARN] IP:2250 - Analog_Filter not found: check if there is a RefParameter without a condition.
2025-09-07 09:36:22,528 [WARN] IP:2250 - DEVICE_SERIAL0_CDC_FS not found: check if there is a RefParameter without a condition.
2025-09-07 09:36:22,528 [WARN] IP:2250 - DEVICE_SERIAL1_CDC_FS not found: check if there is a RefParameter without a condition.
2025-09-07 09:36:22,528 [WARN] IP:2250 - DEVICE_SERIAL2_CDC_FS not found: check if there is a RefParameter without a condition.
2025-09-07 09:36:22,581 [INFO] CodeEngine:265 - oldGeneratedFile, /home/tuna/STM32CubeIDE/workspace_1.18.1/stm32f4_dev_board/stm32f4_mobile_base_sim/MXTmpFiles/license.tmp_save
2025-09-07 09:36:22,623 [INFO] CodeEngine:289 - Generated code: /home/tuna/STM32CubeIDE/workspace_1.18.1/stm32f4_dev_board/stm32f4_mobile_base_sim/MXTmpFiles/license.tmp
2025-09-07 09:36:22,637 [INFO] CodeEngine:265 - oldGeneratedFile, /home/tuna/STM32CubeIDE/workspace_1.18.1/stm32f4_dev_board/stm32f4_mobile_base_sim/Core/Src/gpio.c_save
2025-09-07 09:36:22,683 [INFO] CodeEngine:289 - Generated code: /home/tuna/STM32CubeIDE/workspace_1.18.1/stm32f4_dev_board/stm32f4_mobile_base_sim/Core/Src/gpio.c
2025-09-07 09:36:22,684 [INFO] CodeEngine:265 - oldGeneratedFile, /home/tuna/STM32CubeIDE/workspace_1.18.1/stm32f4_dev_board/stm32f4_mobile_base_sim/Core/Inc/gpio.h_save
2025-09-07 09:36:22,727 [INFO] CodeEngine:289 - Generated code: /home/tuna/STM32CubeIDE/workspace_1.18.1/stm32f4_dev_board/stm32f4_mobile_base_sim/Core/Inc/gpio.h
2025-09-07 09:36:22,752 [WARN] IPConfigManager:3238 - Warning: the RefConfig PWREx_EnableUSBVoltageDetector is not available in your config.xml file
2025-09-07 09:36:22,754 [INFO] CodeEngine:265 - oldGeneratedFile, /home/tuna/STM32CubeIDE/workspace_1.18.1/stm32f4_dev_board/stm32f4_mobile_base_sim/MXTmpFiles/usb_otg_fs_vars.tmp_save
2025-09-07 09:36:22,793 [INFO] CodeEngine:289 - Generated code: /home/tuna/STM32CubeIDE/workspace_1.18.1/stm32f4_dev_board/stm32f4_mobile_base_sim/MXTmpFiles/usb_otg_fs_vars.tmp
2025-09-07 09:36:22,793 [INFO] CodeEngine:265 - oldGeneratedFile, /home/tuna/STM32CubeIDE/workspace_1.18.1/stm32f4_dev_board/stm32f4_mobile_base_sim/MXTmpFiles/usb_otg_fs_inc.tmp_save
2025-09-07 09:36:22,832 [INFO] CodeEngine:289 - Generated code: /home/tuna/STM32CubeIDE/workspace_1.18.1/stm32f4_dev_board/stm32f4_mobile_base_sim/MXTmpFiles/usb_otg_fs_inc.tmp
2025-09-07 09:36:22,833 [INFO] CodeEngine:265 - oldGeneratedFile, /home/tuna/STM32CubeIDE/workspace_1.18.1/stm32f4_dev_board/stm32f4_mobile_base_sim/MXTmpFiles/usb_otg_fs_HalInit.tmp_save
2025-09-07 09:36:22,879 [INFO] CodeEngine:289 - Generated code: /home/tuna/STM32CubeIDE/workspace_1.18.1/stm32f4_dev_board/stm32f4_mobile_base_sim/MXTmpFiles/usb_otg_fs_HalInit.tmp
2025-09-07 09:36:22,879 [INFO] CodeEngine:265 - oldGeneratedFile, /home/tuna/STM32CubeIDE/workspace_1.18.1/stm32f4_dev_board/stm32f4_mobile_base_sim/MXTmpFiles/usb_otg_fs_Msp.tmp_save
2025-09-07 09:36:22,931 [INFO] CodeEngine:289 - Generated code: /home/tuna/STM32CubeIDE/workspace_1.18.1/stm32f4_dev_board/stm32f4_mobile_base_sim/MXTmpFiles/usb_otg_fs_Msp.tmp
2025-09-07 09:36:23,037 [INFO] Middleware:1452 - No code input for Bsp Dependency
2025-09-07 09:36:23,040 [INFO] CodeEngine:265 - oldGeneratedFile, /home/tuna/STM32CubeIDE/workspace_1.18.1/stm32f4_dev_board/stm32f4_mobile_base_sim/Core/Src/adc.c_save
2025-09-07 09:36:23,100 [INFO] CodeEngine:289 - Generated code: /home/tuna/STM32CubeIDE/workspace_1.18.1/stm32f4_dev_board/stm32f4_mobile_base_sim/Core/Src/adc.c
2025-09-07 09:36:23,101 [INFO] CodeEngine:265 - oldGeneratedFile, /home/tuna/STM32CubeIDE/workspace_1.18.1/stm32f4_dev_board/stm32f4_mobile_base_sim/Core/Inc/adc.h_save
2025-09-07 09:36:23,142 [INFO] CodeEngine:289 - Generated code: /home/tuna/STM32CubeIDE/workspace_1.18.1/stm32f4_dev_board/stm32f4_mobile_base_sim/Core/Inc/adc.h
2025-09-07 09:36:23,144 [INFO] CodeEngine:265 - oldGeneratedFile, /home/tuna/STM32CubeIDE/workspace_1.18.1/stm32f4_dev_board/stm32f4_mobile_base_sim/Core/Src/fsmc.c_save
2025-09-07 09:36:23,191 [INFO] CodeEngine:289 - Generated code: /home/tuna/STM32CubeIDE/workspace_1.18.1/stm32f4_dev_board/stm32f4_mobile_base_sim/Core/Src/fsmc.c
2025-09-07 09:36:23,192 [INFO] CodeEngine:265 - oldGeneratedFile, /home/tuna/STM32CubeIDE/workspace_1.18.1/stm32f4_dev_board/stm32f4_mobile_base_sim/Core/Inc/fsmc.h_save
2025-09-07 09:36:23,232 [INFO] CodeEngine:289 - Generated code: /home/tuna/STM32CubeIDE/workspace_1.18.1/stm32f4_dev_board/stm32f4_mobile_base_sim/Core/Inc/fsmc.h
2025-09-07 09:36:23,235 [INFO] CodeEngine:265 - oldGeneratedFile, /home/tuna/STM32CubeIDE/workspace_1.18.1/stm32f4_dev_board/stm32f4_mobile_base_sim/Core/Src/i2c.c_save
2025-09-07 09:36:23,291 [INFO] CodeEngine:289 - Generated code: /home/tuna/STM32CubeIDE/workspace_1.18.1/stm32f4_dev_board/stm32f4_mobile_base_sim/Core/Src/i2c.c
2025-09-07 09:36:23,292 [INFO] CodeEngine:265 - oldGeneratedFile, /home/tuna/STM32CubeIDE/workspace_1.18.1/stm32f4_dev_board/stm32f4_mobile_base_sim/Core/Inc/i2c.h_save
2025-09-07 09:36:23,332 [INFO] CodeEngine:289 - Generated code: /home/tuna/STM32CubeIDE/workspace_1.18.1/stm32f4_dev_board/stm32f4_mobile_base_sim/Core/Inc/i2c.h
2025-09-07 09:36:23,342 [INFO] Middleware:1452 - No code input for Bsp Dependency
2025-09-07 09:36:23,344 [INFO] CodeEngine:265 - oldGeneratedFile, /home/tuna/STM32CubeIDE/workspace_1.18.1/stm32f4_dev_board/stm32f4_mobile_base_sim/USB_DEVICE/App/usb_device.c_save
2025-09-07 09:36:23,389 [INFO] CodeEngine:289 - Generated code: /home/tuna/STM32CubeIDE/workspace_1.18.1/stm32f4_dev_board/stm32f4_mobile_base_sim/USB_DEVICE/App/usb_device.c
2025-09-07 09:36:23,390 [INFO] CodeEngine:265 - oldGeneratedFile, /home/tuna/STM32CubeIDE/workspace_1.18.1/stm32f4_dev_board/stm32f4_mobile_base_sim/USB_DEVICE/App/usb_device.h_save
2025-09-07 09:36:23,431 [INFO] CodeEngine:289 - Generated code: /home/tuna/STM32CubeIDE/workspace_1.18.1/stm32f4_dev_board/stm32f4_mobile_base_sim/USB_DEVICE/App/usb_device.h
2025-09-07 09:36:23,432 [INFO] CodeEngine:265 - oldGeneratedFile, /home/tuna/STM32CubeIDE/workspace_1.18.1/stm32f4_dev_board/stm32f4_mobile_base_sim/USB_DEVICE/Target/usbd_conf.h_save
2025-09-07 09:36:23,473 [INFO] CodeEngine:289 - Generated code: /home/tuna/STM32CubeIDE/workspace_1.18.1/stm32f4_dev_board/stm32f4_mobile_base_sim/USB_DEVICE/Target/usbd_conf.h
2025-09-07 09:36:23,474 [INFO] CodeEngine:265 - oldGeneratedFile, /home/tuna/STM32CubeIDE/workspace_1.18.1/stm32f4_dev_board/stm32f4_mobile_base_sim/USB_DEVICE/Target/usbd_conf.c_save
2025-09-07 09:36:23,519 [INFO] CodeEngine:289 - Generated code: /home/tuna/STM32CubeIDE/workspace_1.18.1/stm32f4_dev_board/stm32f4_mobile_base_sim/USB_DEVICE/Target/usbd_conf.c
2025-09-07 09:36:23,520 [INFO] CodeEngine:265 - oldGeneratedFile, /home/tuna/STM32CubeIDE/workspace_1.18.1/stm32f4_dev_board/stm32f4_mobile_base_sim/USB_DEVICE/App/usbd_desc.h_save
2025-09-07 09:36:23,561 [INFO] CodeEngine:289 - Generated code: /home/tuna/STM32CubeIDE/workspace_1.18.1/stm32f4_dev_board/stm32f4_mobile_base_sim/USB_DEVICE/App/usbd_desc.h
2025-09-07 09:36:23,562 [INFO] CodeEngine:265 - oldGeneratedFile, /home/tuna/STM32CubeIDE/workspace_1.18.1/stm32f4_dev_board/stm32f4_mobile_base_sim/USB_DEVICE/App/usbd_desc.c_save
2025-09-07 09:36:23,607 [INFO] CodeEngine:289 - Generated code: /home/tuna/STM32CubeIDE/workspace_1.18.1/stm32f4_dev_board/stm32f4_mobile_base_sim/USB_DEVICE/App/usbd_desc.c
2025-09-07 09:36:23,608 [INFO] CodeEngine:265 - oldGeneratedFile, /home/tuna/STM32CubeIDE/workspace_1.18.1/stm32f4_dev_board/stm32f4_mobile_base_sim/USB_DEVICE/App/usbd_cdc_if.h_save
2025-09-07 09:36:23,649 [INFO] CodeEngine:289 - Generated code: /home/tuna/STM32CubeIDE/workspace_1.18.1/stm32f4_dev_board/stm32f4_mobile_base_sim/USB_DEVICE/App/usbd_cdc_if.h
2025-09-07 09:36:23,650 [INFO] CodeEngine:265 - oldGeneratedFile, /home/tuna/STM32CubeIDE/workspace_1.18.1/stm32f4_dev_board/stm32f4_mobile_base_sim/USB_DEVICE/App/usbd_cdc_if.c_save
2025-09-07 09:36:23,697 [INFO] CodeEngine:289 - Generated code: /home/tuna/STM32CubeIDE/workspace_1.18.1/stm32f4_dev_board/stm32f4_mobile_base_sim/USB_DEVICE/App/usbd_cdc_if.c
2025-09-07 09:36:23,701 [INFO] CodeEngine:265 - oldGeneratedFile, /home/tuna/STM32CubeIDE/workspace_1.18.1/stm32f4_dev_board/stm32f4_mobile_base_sim/Core/Src/stm32f4xx_it.c_save
2025-09-07 09:36:23,744 [INFO] CodeEngine:289 - Generated code: /home/tuna/STM32CubeIDE/workspace_1.18.1/stm32f4_dev_board/stm32f4_mobile_base_sim/Core/Src/stm32f4xx_it.c
2025-09-07 09:36:23,745 [INFO] CodeEngine:265 - oldGeneratedFile, /home/tuna/STM32CubeIDE/workspace_1.18.1/stm32f4_dev_board/stm32f4_mobile_base_sim/Core/Inc/stm32f4xx_it.h_save
2025-09-07 09:36:23,784 [INFO] CodeEngine:289 - Generated code: /home/tuna/STM32CubeIDE/workspace_1.18.1/stm32f4_dev_board/stm32f4_mobile_base_sim/Core/Inc/stm32f4xx_it.h
2025-09-07 09:36:23,789 [INFO] CodeEngine:265 - oldGeneratedFile, /home/tuna/STM32CubeIDE/workspace_1.18.1/stm32f4_dev_board/stm32f4_mobile_base_sim/Core/Src/stm32f4xx_hal_msp.c_save
2025-09-07 09:36:23,848 [INFO] CodeEngine:289 - Generated code: /home/tuna/STM32CubeIDE/workspace_1.18.1/stm32f4_dev_board/stm32f4_mobile_base_sim/Core/Src/stm32f4xx_hal_msp.c
2025-09-07 09:36:23,849 [INFO] CodeEngine:265 - oldGeneratedFile, /home/tuna/STM32CubeIDE/workspace_1.18.1/stm32f4_dev_board/stm32f4_mobile_base_sim/MXTmpFiles/system.tmp_save
2025-09-07 09:36:23,887 [INFO] CodeEngine:289 - Generated code: /home/tuna/STM32CubeIDE/workspace_1.18.1/stm32f4_dev_board/stm32f4_mobile_base_sim/MXTmpFiles/system.tmp
2025-09-07 09:36:23,890 [INFO] CodeEngine:321 - oldGeneratedFile, /home/tuna/STM32CubeIDE/workspace_1.18.1/stm32f4_dev_board/stm32f4_mobile_base_sim/Core/Inc/stm32f4xx_hal_conf.h_save
2025-09-07 09:36:23,934 [INFO] CodeEngine:345 - Generated code: /home/tuna/STM32CubeIDE/workspace_1.18.1/stm32f4_dev_board/stm32f4_mobile_base_sim/Core/Inc/stm32f4xx_hal_conf.h
2025-09-07 09:36:23,946 [INFO] CodeEngine:265 - oldGeneratedFile, /home/tuna/STM32CubeIDE/workspace_1.18.1/stm32f4_dev_board/stm32f4_mobile_base_sim/Core/Inc/main.h_save
2025-09-07 09:36:23,990 [INFO] CodeEngine:289 - Generated code: /home/tuna/STM32CubeIDE/workspace_1.18.1/stm32f4_dev_board/stm32f4_mobile_base_sim/Core/Inc/main.h
2025-09-07 09:36:23,991 [INFO] CodeEngine:265 - oldGeneratedFile, /home/tuna/STM32CubeIDE/workspace_1.18.1/stm32f4_dev_board/stm32f4_mobile_base_sim/Core/Src/main.c_save
2025-09-07 09:36:24,051 [INFO] CodeEngine:289 - Generated code: /home/tuna/STM32CubeIDE/workspace_1.18.1/stm32f4_dev_board/stm32f4_mobile_base_sim/Core/Src/main.c
2025-09-07 09:36:24,237 [INFO] ProjectBuilder:3606 - Time for Copy HAL[1] : 27mS.
2025-09-07 09:36:24,238 [INFO] ProjectBuilder:5216 - Project Generator version: 4.7.0-B52
2025-09-07 09:36:24,298 [INFO] ConfigFileManager:1595 - The Die is : DIE413
2025-09-07 09:36:24,656 [INFO] ProjectBuilder:5496 - Time for Generating toolchain IDE Files: 417mS.
2025-09-07 09:36:24,656 [INFO] ProjectBuilder:3463 - Time for Copy CMSIS : 0mS.
2025-09-07 09:36:24,657 [INFO] ProjectBuilder:3463 - Time for Copy CMSIS : 0mS.
2025-09-07 09:37:13,055 [INFO] UtilMem:75 - End SaveConfig() Used Memory: 609263936 Bytes (943718400)
2025-09-07 09:37:13,149 [INFO] BlockDiagram:2775 - set Specific Code input for plugin: FSMC
2025-09-07 09:37:13,149 [INFO] BlockDiagram:2775 - set Specific Code input for plugin: USB_DEVICE
2025-09-07 09:37:13,149 [INFO] BlockDiagram:2775 - set Specific Code input for plugin: SYS
2025-09-07 09:37:13,149 [INFO] BlockDiagram:2775 - set Specific Code input for plugin: ADC
2025-09-07 09:37:13,149 [INFO] BlockDiagram:2775 - set Specific Code input for plugin: RCC
2025-09-07 09:37:13,149 [INFO] BlockDiagram:2775 - set Specific Code input for plugin: I2C
2025-09-07 09:37:13,149 [INFO] BlockDiagram:2775 - set Specific Code input for plugin: USB_OTG_FS
2025-09-07 09:37:13,149 [INFO] BlockDiagram:2775 - set Specific Code input for plugin: NVIC
2025-09-07 09:37:13,150 [INFO] BlockDiagram:2775 - set Specific Code input for plugin: GPIO
2025-09-07 09:37:13,150 [INFO] CodeGenerator:892 - code generatio: config db path: /home/tuna/st/stm32cubeide_1.18.1/plugins/com.st.stm32cube.common.mx_6.15.0.202507011659//db/
2025-09-07 09:37:13,159 [WARN] IP:2250 - I2C_Coeff_DF not found: check if there is a RefParameter without a condition.
2025-09-07 09:37:13,159 [WARN] IP:2250 - Analog_Filter not found: check if there is a RefParameter without a condition.
2025-09-07 09:37:13,165 [WARN] IP:2250 - DEVICE_SERIAL0_CDC_FS not found: check if there is a RefParameter without a condition.
2025-09-07 09:37:13,165 [WARN] IP:2250 - DEVICE_SERIAL1_CDC_FS not found: check if there is a RefParameter without a condition.
2025-09-07 09:37:13,165 [WARN] IP:2250 - DEVICE_SERIAL2_CDC_FS not found: check if there is a RefParameter without a condition.
2025-09-07 09:37:13,230 [INFO] CodeEngine:265 - oldGeneratedFile, /home/tuna/STM32CubeIDE/workspace_1.18.1/stm32f4_dev_board/stm32f4_mobile_base_sim/MXTmpFiles/license.tmp_save
2025-09-07 09:37:13,274 [INFO] CodeEngine:289 - Generated code: /home/tuna/STM32CubeIDE/workspace_1.18.1/stm32f4_dev_board/stm32f4_mobile_base_sim/MXTmpFiles/license.tmp
2025-09-07 09:37:13,288 [INFO] CodeEngine:265 - oldGeneratedFile, /home/tuna/STM32CubeIDE/workspace_1.18.1/stm32f4_dev_board/stm32f4_mobile_base_sim/Core/Src/gpio.c_save
2025-09-07 09:37:13,333 [INFO] CodeEngine:289 - Generated code: /home/tuna/STM32CubeIDE/workspace_1.18.1/stm32f4_dev_board/stm32f4_mobile_base_sim/Core/Src/gpio.c
2025-09-07 09:37:13,334 [INFO] CodeEngine:265 - oldGeneratedFile, /home/tuna/STM32CubeIDE/workspace_1.18.1/stm32f4_dev_board/stm32f4_mobile_base_sim/Core/Inc/gpio.h_save
2025-09-07 09:37:13,375 [INFO] CodeEngine:289 - Generated code: /home/tuna/STM32CubeIDE/workspace_1.18.1/stm32f4_dev_board/stm32f4_mobile_base_sim/Core/Inc/gpio.h
2025-09-07 09:37:13,403 [WARN] IPConfigManager:3238 - Warning: the RefConfig PWREx_EnableUSBVoltageDetector is not available in your config.xml file
2025-09-07 09:37:13,406 [INFO] CodeEngine:265 - oldGeneratedFile, /home/tuna/STM32CubeIDE/workspace_1.18.1/stm32f4_dev_board/stm32f4_mobile_base_sim/MXTmpFiles/usb_otg_fs_vars.tmp_save
2025-09-07 09:37:13,448 [INFO] CodeEngine:289 - Generated code: /home/tuna/STM32CubeIDE/workspace_1.18.1/stm32f4_dev_board/stm32f4_mobile_base_sim/MXTmpFiles/usb_otg_fs_vars.tmp
2025-09-07 09:37:13,448 [INFO] CodeEngine:265 - oldGeneratedFile, /home/tuna/STM32CubeIDE/workspace_1.18.1/stm32f4_dev_board/stm32f4_mobile_base_sim/MXTmpFiles/usb_otg_fs_inc.tmp_save
2025-09-07 09:37:13,486 [INFO] CodeEngine:289 - Generated code: /home/tuna/STM32CubeIDE/workspace_1.18.1/stm32f4_dev_board/stm32f4_mobile_base_sim/MXTmpFiles/usb_otg_fs_inc.tmp
2025-09-07 09:37:13,487 [INFO] CodeEngine:265 - oldGeneratedFile, /home/tuna/STM32CubeIDE/workspace_1.18.1/stm32f4_dev_board/stm32f4_mobile_base_sim/MXTmpFiles/usb_otg_fs_HalInit.tmp_save
2025-09-07 09:37:13,536 [INFO] CodeEngine:289 - Generated code: /home/tuna/STM32CubeIDE/workspace_1.18.1/stm32f4_dev_board/stm32f4_mobile_base_sim/MXTmpFiles/usb_otg_fs_HalInit.tmp
2025-09-07 09:37:13,537 [INFO] CodeEngine:265 - oldGeneratedFile, /home/tuna/STM32CubeIDE/workspace_1.18.1/stm32f4_dev_board/stm32f4_mobile_base_sim/MXTmpFiles/usb_otg_fs_Msp.tmp_save
2025-09-07 09:37:13,588 [INFO] CodeEngine:289 - Generated code: /home/tuna/STM32CubeIDE/workspace_1.18.1/stm32f4_dev_board/stm32f4_mobile_base_sim/MXTmpFiles/usb_otg_fs_Msp.tmp
2025-09-07 09:37:13,685 [INFO] Middleware:1452 - No code input for Bsp Dependency
2025-09-07 09:37:13,688 [INFO] CodeEngine:265 - oldGeneratedFile, /home/tuna/STM32CubeIDE/workspace_1.18.1/stm32f4_dev_board/stm32f4_mobile_base_sim/Core/Src/adc.c_save
2025-09-07 09:37:13,746 [INFO] CodeEngine:289 - Generated code: /home/tuna/STM32CubeIDE/workspace_1.18.1/stm32f4_dev_board/stm32f4_mobile_base_sim/Core/Src/adc.c
2025-09-07 09:37:13,748 [INFO] CodeEngine:265 - oldGeneratedFile, /home/tuna/STM32CubeIDE/workspace_1.18.1/stm32f4_dev_board/stm32f4_mobile_base_sim/Core/Inc/adc.h_save
2025-09-07 09:37:13,788 [INFO] CodeEngine:289 - Generated code: /home/tuna/STM32CubeIDE/workspace_1.18.1/stm32f4_dev_board/stm32f4_mobile_base_sim/Core/Inc/adc.h
2025-09-07 09:37:13,790 [INFO] CodeEngine:265 - oldGeneratedFile, /home/tuna/STM32CubeIDE/workspace_1.18.1/stm32f4_dev_board/stm32f4_mobile_base_sim/Core/Src/fsmc.c_save
2025-09-07 09:37:13,840 [INFO] CodeEngine:289 - Generated code: /home/tuna/STM32CubeIDE/workspace_1.18.1/stm32f4_dev_board/stm32f4_mobile_base_sim/Core/Src/fsmc.c
2025-09-07 09:37:13,841 [INFO] CodeEngine:265 - oldGeneratedFile, /home/tuna/STM32CubeIDE/workspace_1.18.1/stm32f4_dev_board/stm32f4_mobile_base_sim/Core/Inc/fsmc.h_save
2025-09-07 09:37:13,885 [INFO] CodeEngine:289 - Generated code: /home/tuna/STM32CubeIDE/workspace_1.18.1/stm32f4_dev_board/stm32f4_mobile_base_sim/Core/Inc/fsmc.h
2025-09-07 09:37:13,888 [INFO] CodeEngine:265 - oldGeneratedFile, /home/tuna/STM32CubeIDE/workspace_1.18.1/stm32f4_dev_board/stm32f4_mobile_base_sim/Core/Src/i2c.c_save
2025-09-07 09:37:13,946 [INFO] CodeEngine:289 - Generated code: /home/tuna/STM32CubeIDE/workspace_1.18.1/stm32f4_dev_board/stm32f4_mobile_base_sim/Core/Src/i2c.c
2025-09-07 09:37:13,947 [INFO] CodeEngine:265 - oldGeneratedFile, /home/tuna/STM32CubeIDE/workspace_1.18.1/stm32f4_dev_board/stm32f4_mobile_base_sim/Core/Inc/i2c.h_save
2025-09-07 09:37:13,986 [INFO] CodeEngine:289 - Generated code: /home/tuna/STM32CubeIDE/workspace_1.18.1/stm32f4_dev_board/stm32f4_mobile_base_sim/Core/Inc/i2c.h
2025-09-07 09:37:13,997 [INFO] Middleware:1452 - No code input for Bsp Dependency
2025-09-07 09:37:13,999 [INFO] CodeEngine:265 - oldGeneratedFile, /home/tuna/STM32CubeIDE/workspace_1.18.1/stm32f4_dev_board/stm32f4_mobile_base_sim/USB_DEVICE/App/usb_device.c_save
2025-09-07 09:37:14,045 [INFO] CodeEngine:289 - Generated code: /home/tuna/STM32CubeIDE/workspace_1.18.1/stm32f4_dev_board/stm32f4_mobile_base_sim/USB_DEVICE/App/usb_device.c
2025-09-07 09:37:14,046 [INFO] CodeEngine:265 - oldGeneratedFile, /home/tuna/STM32CubeIDE/workspace_1.18.1/stm32f4_dev_board/stm32f4_mobile_base_sim/USB_DEVICE/App/usb_device.h_save
2025-09-07 09:37:14,090 [INFO] CodeEngine:289 - Generated code: /home/tuna/STM32CubeIDE/workspace_1.18.1/stm32f4_dev_board/stm32f4_mobile_base_sim/USB_DEVICE/App/usb_device.h
2025-09-07 09:37:14,091 [INFO] CodeEngine:265 - oldGeneratedFile, /home/tuna/STM32CubeIDE/workspace_1.18.1/stm32f4_dev_board/stm32f4_mobile_base_sim/USB_DEVICE/Target/usbd_conf.h_save
2025-09-07 09:37:14,131 [INFO] CodeEngine:289 - Generated code: /home/tuna/STM32CubeIDE/workspace_1.18.1/stm32f4_dev_board/stm32f4_mobile_base_sim/USB_DEVICE/Target/usbd_conf.h
2025-09-07 09:37:14,132 [INFO] CodeEngine:265 - oldGeneratedFile, /home/tuna/STM32CubeIDE/workspace_1.18.1/stm32f4_dev_board/stm32f4_mobile_base_sim/USB_DEVICE/Target/usbd_conf.c_save
2025-09-07 09:37:14,180 [INFO] CodeEngine:289 - Generated code: /home/tuna/STM32CubeIDE/workspace_1.18.1/stm32f4_dev_board/stm32f4_mobile_base_sim/USB_DEVICE/Target/usbd_conf.c
2025-09-07 09:37:14,180 [INFO] CodeEngine:265 - oldGeneratedFile, /home/tuna/STM32CubeIDE/workspace_1.18.1/stm32f4_dev_board/stm32f4_mobile_base_sim/USB_DEVICE/App/usbd_desc.h_save
2025-09-07 09:37:14,222 [INFO] CodeEngine:289 - Generated code: /home/tuna/STM32CubeIDE/workspace_1.18.1/stm32f4_dev_board/stm32f4_mobile_base_sim/USB_DEVICE/App/usbd_desc.h
2025-09-07 09:37:14,223 [INFO] CodeEngine:265 - oldGeneratedFile, /home/tuna/STM32CubeIDE/workspace_1.18.1/stm32f4_dev_board/stm32f4_mobile_base_sim/USB_DEVICE/App/usbd_desc.c_save
2025-09-07 09:37:14,269 [INFO] CodeEngine:289 - Generated code: /home/tuna/STM32CubeIDE/workspace_1.18.1/stm32f4_dev_board/stm32f4_mobile_base_sim/USB_DEVICE/App/usbd_desc.c
2025-09-07 09:37:14,270 [INFO] CodeEngine:265 - oldGeneratedFile, /home/tuna/STM32CubeIDE/workspace_1.18.1/stm32f4_dev_board/stm32f4_mobile_base_sim/USB_DEVICE/App/usbd_cdc_if.h_save
2025-09-07 09:37:14,320 [INFO] CodeEngine:289 - Generated code: /home/tuna/STM32CubeIDE/workspace_1.18.1/stm32f4_dev_board/stm32f4_mobile_base_sim/USB_DEVICE/App/usbd_cdc_if.h
2025-09-07 09:37:14,321 [INFO] CodeEngine:265 - oldGeneratedFile, /home/tuna/STM32CubeIDE/workspace_1.18.1/stm32f4_dev_board/stm32f4_mobile_base_sim/USB_DEVICE/App/usbd_cdc_if.c_save
2025-09-07 09:37:14,370 [INFO] CodeEngine:289 - Generated code: /home/tuna/STM32CubeIDE/workspace_1.18.1/stm32f4_dev_board/stm32f4_mobile_base_sim/USB_DEVICE/App/usbd_cdc_if.c
2025-09-07 09:37:14,374 [INFO] CodeEngine:265 - oldGeneratedFile, /home/tuna/STM32CubeIDE/workspace_1.18.1/stm32f4_dev_board/stm32f4_mobile_base_sim/Core/Src/stm32f4xx_it.c_save
2025-09-07 09:37:14,418 [INFO] CodeEngine:289 - Generated code: /home/tuna/STM32CubeIDE/workspace_1.18.1/stm32f4_dev_board/stm32f4_mobile_base_sim/Core/Src/stm32f4xx_it.c
2025-09-07 09:37:14,419 [INFO] CodeEngine:265 - oldGeneratedFile, /home/tuna/STM32CubeIDE/workspace_1.18.1/stm32f4_dev_board/stm32f4_mobile_base_sim/Core/Inc/stm32f4xx_it.h_save
2025-09-07 09:37:14,459 [INFO] CodeEngine:289 - Generated code: /home/tuna/STM32CubeIDE/workspace_1.18.1/stm32f4_dev_board/stm32f4_mobile_base_sim/Core/Inc/stm32f4xx_it.h
2025-09-07 09:37:14,465 [INFO] CodeEngine:265 - oldGeneratedFile, /home/tuna/STM32CubeIDE/workspace_1.18.1/stm32f4_dev_board/stm32f4_mobile_base_sim/Core/Src/stm32f4xx_hal_msp.c_save
2025-09-07 09:37:14,523 [INFO] CodeEngine:289 - Generated code: /home/tuna/STM32CubeIDE/workspace_1.18.1/stm32f4_dev_board/stm32f4_mobile_base_sim/Core/Src/stm32f4xx_hal_msp.c
2025-09-07 09:37:14,524 [INFO] CodeEngine:265 - oldGeneratedFile, /home/tuna/STM32CubeIDE/workspace_1.18.1/stm32f4_dev_board/stm32f4_mobile_base_sim/MXTmpFiles/system.tmp_save
2025-09-07 09:37:14,565 [INFO] CodeEngine:289 - Generated code: /home/tuna/STM32CubeIDE/workspace_1.18.1/stm32f4_dev_board/stm32f4_mobile_base_sim/MXTmpFiles/system.tmp
2025-09-07 09:37:14,568 [INFO] CodeEngine:321 - oldGeneratedFile, /home/tuna/STM32CubeIDE/workspace_1.18.1/stm32f4_dev_board/stm32f4_mobile_base_sim/Core/Inc/stm32f4xx_hal_conf.h_save
2025-09-07 09:37:14,613 [INFO] CodeEngine:345 - Generated code: /home/tuna/STM32CubeIDE/workspace_1.18.1/stm32f4_dev_board/stm32f4_mobile_base_sim/Core/Inc/stm32f4xx_hal_conf.h
2025-09-07 09:37:14,626 [INFO] CodeEngine:265 - oldGeneratedFile, /home/tuna/STM32CubeIDE/workspace_1.18.1/stm32f4_dev_board/stm32f4_mobile_base_sim/Core/Inc/main.h_save
2025-09-07 09:37:14,670 [INFO] CodeEngine:289 - Generated code: /home/tuna/STM32CubeIDE/workspace_1.18.1/stm32f4_dev_board/stm32f4_mobile_base_sim/Core/Inc/main.h
2025-09-07 09:37:14,671 [INFO] CodeEngine:265 - oldGeneratedFile, /home/tuna/STM32CubeIDE/workspace_1.18.1/stm32f4_dev_board/stm32f4_mobile_base_sim/Core/Src/main.c_save
2025-09-07 09:37:14,731 [INFO] CodeEngine:289 - Generated code: /home/tuna/STM32CubeIDE/workspace_1.18.1/stm32f4_dev_board/stm32f4_mobile_base_sim/Core/Src/main.c
2025-09-07 09:37:14,879 [INFO] ProjectBuilder:3606 - Time for Copy HAL[1] : 25mS.
2025-09-07 09:37:14,880 [INFO] ProjectBuilder:5216 - Project Generator version: 4.7.0-B52
2025-09-07 09:37:14,939 [INFO] ConfigFileManager:1595 - The Die is : DIE413
2025-09-07 09:37:15,295 [INFO] ProjectBuilder:5496 - Time for Generating toolchain IDE Files: 415mS.
2025-09-07 09:37:15,295 [INFO] ProjectBuilder:3463 - Time for Copy CMSIS : 0mS.
2025-09-07 09:37:15,296 [INFO] ProjectBuilder:3463 - Time for Copy CMSIS : 0mS.
2025-09-07 09:37:34,950 [INFO] UtilMem:75 - End SaveConfig() Used Memory: 764106848 Bytes (943718400)
2025-09-07 09:37:35,042 [INFO] BlockDiagram:2775 - set Specific Code input for plugin: FSMC
2025-09-07 09:37:35,043 [INFO] BlockDiagram:2775 - set Specific Code input for plugin: USB_DEVICE
2025-09-07 09:37:35,043 [INFO] BlockDiagram:2775 - set Specific Code input for plugin: SYS
2025-09-07 09:37:35,043 [INFO] BlockDiagram:2775 - set Specific Code input for plugin: ADC
2025-09-07 09:37:35,043 [INFO] BlockDiagram:2775 - set Specific Code input for plugin: RCC
2025-09-07 09:37:35,043 [INFO] BlockDiagram:2775 - set Specific Code input for plugin: I2C
2025-09-07 09:37:35,043 [INFO] BlockDiagram:2775 - set Specific Code input for plugin: USB_OTG_FS
2025-09-07 09:37:35,043 [INFO] BlockDiagram:2775 - set Specific Code input for plugin: NVIC
2025-09-07 09:37:35,043 [INFO] BlockDiagram:2775 - set Specific Code input for plugin: GPIO
2025-09-07 09:37:35,044 [INFO] CodeGenerator:892 - code generatio: config db path: /home/tuna/st/stm32cubeide_1.18.1/plugins/com.st.stm32cube.common.mx_6.15.0.202507011659//db/
2025-09-07 09:37:35,061 [WARN] IP:2250 - I2C_Coeff_DF not found: check if there is a RefParameter without a condition.
2025-09-07 09:37:35,061 [WARN] IP:2250 - Analog_Filter not found: check if there is a RefParameter without a condition.
2025-09-07 09:37:35,069 [WARN] IP:2250 - DEVICE_SERIAL0_CDC_FS not found: check if there is a RefParameter without a condition.
2025-09-07 09:37:35,069 [WARN] IP:2250 - DEVICE_SERIAL1_CDC_FS not found: check if there is a RefParameter without a condition.
2025-09-07 09:37:35,069 [WARN] IP:2250 - DEVICE_SERIAL2_CDC_FS not found: check if there is a RefParameter without a condition.
2025-09-07 09:37:35,127 [INFO] CodeEngine:265 - oldGeneratedFile, /home/tuna/STM32CubeIDE/workspace_1.18.1/stm32f4_dev_board/stm32f4_mobile_base_sim/MXTmpFiles/license.tmp_save
2025-09-07 09:37:35,172 [INFO] CodeEngine:289 - Generated code: /home/tuna/STM32CubeIDE/workspace_1.18.1/stm32f4_dev_board/stm32f4_mobile_base_sim/MXTmpFiles/license.tmp
2025-09-07 09:37:35,189 [INFO] CodeEngine:265 - oldGeneratedFile, /home/tuna/STM32CubeIDE/workspace_1.18.1/stm32f4_dev_board/stm32f4_mobile_base_sim/Core/Src/gpio.c_save
2025-09-07 09:37:35,235 [INFO] CodeEngine:289 - Generated code: /home/tuna/STM32CubeIDE/workspace_1.18.1/stm32f4_dev_board/stm32f4_mobile_base_sim/Core/Src/gpio.c
2025-09-07 09:37:35,236 [INFO] CodeEngine:265 - oldGeneratedFile, /home/tuna/STM32CubeIDE/workspace_1.18.1/stm32f4_dev_board/stm32f4_mobile_base_sim/Core/Inc/gpio.h_save
2025-09-07 09:37:35,279 [INFO] CodeEngine:289 - Generated code: /home/tuna/STM32CubeIDE/workspace_1.18.1/stm32f4_dev_board/stm32f4_mobile_base_sim/Core/Inc/gpio.h
2025-09-07 09:37:35,315 [WARN] IPConfigManager:3238 - Warning: the RefConfig PWREx_EnableUSBVoltageDetector is not available in your config.xml file
2025-09-07 09:37:35,318 [INFO] CodeEngine:265 - oldGeneratedFile, /home/tuna/STM32CubeIDE/workspace_1.18.1/stm32f4_dev_board/stm32f4_mobile_base_sim/MXTmpFiles/usb_otg_fs_vars.tmp_save
2025-09-07 09:37:35,360 [INFO] CodeEngine:289 - Generated code: /home/tuna/STM32CubeIDE/workspace_1.18.1/stm32f4_dev_board/stm32f4_mobile_base_sim/MXTmpFiles/usb_otg_fs_vars.tmp
2025-09-07 09:37:35,361 [INFO] CodeEngine:265 - oldGeneratedFile, /home/tuna/STM32CubeIDE/workspace_1.18.1/stm32f4_dev_board/stm32f4_mobile_base_sim/MXTmpFiles/usb_otg_fs_inc.tmp_save
2025-09-07 09:37:35,402 [INFO] CodeEngine:289 - Generated code: /home/tuna/STM32CubeIDE/workspace_1.18.1/stm32f4_dev_board/stm32f4_mobile_base_sim/MXTmpFiles/usb_otg_fs_inc.tmp
2025-09-07 09:37:35,403 [INFO] CodeEngine:265 - oldGeneratedFile, /home/tuna/STM32CubeIDE/workspace_1.18.1/stm32f4_dev_board/stm32f4_mobile_base_sim/MXTmpFiles/usb_otg_fs_HalInit.tmp_save
2025-09-07 09:37:35,451 [INFO] CodeEngine:289 - Generated code: /home/tuna/STM32CubeIDE/workspace_1.18.1/stm32f4_dev_board/stm32f4_mobile_base_sim/MXTmpFiles/usb_otg_fs_HalInit.tmp
2025-09-07 09:37:35,452 [INFO] CodeEngine:265 - oldGeneratedFile, /home/tuna/STM32CubeIDE/workspace_1.18.1/stm32f4_dev_board/stm32f4_mobile_base_sim/MXTmpFiles/usb_otg_fs_Msp.tmp_save
2025-09-07 09:37:35,505 [INFO] CodeEngine:289 - Generated code: /home/tuna/STM32CubeIDE/workspace_1.18.1/stm32f4_dev_board/stm32f4_mobile_base_sim/MXTmpFiles/usb_otg_fs_Msp.tmp
2025-09-07 09:37:35,639 [INFO] Middleware:1452 - No code input for Bsp Dependency
2025-09-07 09:37:35,642 [INFO] CodeEngine:265 - oldGeneratedFile, /home/tuna/STM32CubeIDE/workspace_1.18.1/stm32f4_dev_board/stm32f4_mobile_base_sim/Core/Src/adc.c_save
2025-09-07 09:37:35,703 [INFO] CodeEngine:289 - Generated code: /home/tuna/STM32CubeIDE/workspace_1.18.1/stm32f4_dev_board/stm32f4_mobile_base_sim/Core/Src/adc.c
2025-09-07 09:37:35,704 [INFO] CodeEngine:265 - oldGeneratedFile, /home/tuna/STM32CubeIDE/workspace_1.18.1/stm32f4_dev_board/stm32f4_mobile_base_sim/Core/Inc/adc.h_save
2025-09-07 09:37:35,746 [INFO] CodeEngine:289 - Generated code: /home/tuna/STM32CubeIDE/workspace_1.18.1/stm32f4_dev_board/stm32f4_mobile_base_sim/Core/Inc/adc.h
2025-09-07 09:37:35,749 [INFO] CodeEngine:265 - oldGeneratedFile, /home/tuna/STM32CubeIDE/workspace_1.18.1/stm32f4_dev_board/stm32f4_mobile_base_sim/Core/Src/fsmc.c_save
2025-09-07 09:37:35,797 [INFO] CodeEngine:289 - Generated code: /home/tuna/STM32CubeIDE/workspace_1.18.1/stm32f4_dev_board/stm32f4_mobile_base_sim/Core/Src/fsmc.c
2025-09-07 09:37:35,798 [INFO] CodeEngine:265 - oldGeneratedFile, /home/tuna/STM32CubeIDE/workspace_1.18.1/stm32f4_dev_board/stm32f4_mobile_base_sim/Core/Inc/fsmc.h_save
2025-09-07 09:37:35,839 [INFO] CodeEngine:289 - Generated code: /home/tuna/STM32CubeIDE/workspace_1.18.1/stm32f4_dev_board/stm32f4_mobile_base_sim/Core/Inc/fsmc.h
2025-09-07 09:37:35,842 [INFO] CodeEngine:265 - oldGeneratedFile, /home/tuna/STM32CubeIDE/workspace_1.18.1/stm32f4_dev_board/stm32f4_mobile_base_sim/Core/Src/i2c.c_save
2025-09-07 09:37:35,900 [INFO] CodeEngine:289 - Generated code: /home/tuna/STM32CubeIDE/workspace_1.18.1/stm32f4_dev_board/stm32f4_mobile_base_sim/Core/Src/i2c.c
2025-09-07 09:37:35,901 [INFO] CodeEngine:265 - oldGeneratedFile, /home/tuna/STM32CubeIDE/workspace_1.18.1/stm32f4_dev_board/stm32f4_mobile_base_sim/Core/Inc/i2c.h_save
2025-09-07 09:37:35,941 [INFO] CodeEngine:289 - Generated code: /home/tuna/STM32CubeIDE/workspace_1.18.1/stm32f4_dev_board/stm32f4_mobile_base_sim/Core/Inc/i2c.h
2025-09-07 09:37:35,951 [INFO] Middleware:1452 - No code input for Bsp Dependency
2025-09-07 09:37:35,953 [INFO] CodeEngine:265 - oldGeneratedFile, /home/tuna/STM32CubeIDE/workspace_1.18.1/stm32f4_dev_board/stm32f4_mobile_base_sim/USB_DEVICE/App/usb_device.c_save
2025-09-07 09:37:35,997 [INFO] CodeEngine:289 - Generated code: /home/tuna/STM32CubeIDE/workspace_1.18.1/stm32f4_dev_board/stm32f4_mobile_base_sim/USB_DEVICE/App/usb_device.c
2025-09-07 09:37:35,998 [INFO] CodeEngine:265 - oldGeneratedFile, /home/tuna/STM32CubeIDE/workspace_1.18.1/stm32f4_dev_board/stm32f4_mobile_base_sim/USB_DEVICE/App/usb_device.h_save
2025-09-07 09:37:36,041 [INFO] CodeEngine:289 - Generated code: /home/tuna/STM32CubeIDE/workspace_1.18.1/stm32f4_dev_board/stm32f4_mobile_base_sim/USB_DEVICE/App/usb_device.h
2025-09-07 09:37:36,042 [INFO] CodeEngine:265 - oldGeneratedFile, /home/tuna/STM32CubeIDE/workspace_1.18.1/stm32f4_dev_board/stm32f4_mobile_base_sim/USB_DEVICE/Target/usbd_conf.h_save
2025-09-07 09:37:36,083 [INFO] CodeEngine:289 - Generated code: /home/tuna/STM32CubeIDE/workspace_1.18.1/stm32f4_dev_board/stm32f4_mobile_base_sim/USB_DEVICE/Target/usbd_conf.h
2025-09-07 09:37:36,084 [INFO] CodeEngine:265 - oldGeneratedFile, /home/tuna/STM32CubeIDE/workspace_1.18.1/stm32f4_dev_board/stm32f4_mobile_base_sim/USB_DEVICE/Target/usbd_conf.c_save
2025-09-07 09:37:36,130 [INFO] CodeEngine:289 - Generated code: /home/tuna/STM32CubeIDE/workspace_1.18.1/stm32f4_dev_board/stm32f4_mobile_base_sim/USB_DEVICE/Target/usbd_conf.c
2025-09-07 09:37:36,131 [INFO] CodeEngine:265 - oldGeneratedFile, /home/tuna/STM32CubeIDE/workspace_1.18.1/stm32f4_dev_board/stm32f4_mobile_base_sim/USB_DEVICE/App/usbd_desc.h_save
2025-09-07 09:37:36,174 [INFO] CodeEngine:289 - Generated code: /home/tuna/STM32CubeIDE/workspace_1.18.1/stm32f4_dev_board/stm32f4_mobile_base_sim/USB_DEVICE/App/usbd_desc.h
2025-09-07 09:37:36,175 [INFO] CodeEngine:265 - oldGeneratedFile, /home/tuna/STM32CubeIDE/workspace_1.18.1/stm32f4_dev_board/stm32f4_mobile_base_sim/USB_DEVICE/App/usbd_desc.c_save
2025-09-07 09:37:36,222 [INFO] CodeEngine:289 - Generated code: /home/tuna/STM32CubeIDE/workspace_1.18.1/stm32f4_dev_board/stm32f4_mobile_base_sim/USB_DEVICE/App/usbd_desc.c
2025-09-07 09:37:36,223 [INFO] CodeEngine:265 - oldGeneratedFile, /home/tuna/STM32CubeIDE/workspace_1.18.1/stm32f4_dev_board/stm32f4_mobile_base_sim/USB_DEVICE/App/usbd_cdc_if.h_save
2025-09-07 09:37:36,264 [INFO] CodeEngine:289 - Generated code: /home/tuna/STM32CubeIDE/workspace_1.18.1/stm32f4_dev_board/stm32f4_mobile_base_sim/USB_DEVICE/App/usbd_cdc_if.h
2025-09-07 09:37:36,265 [INFO] CodeEngine:265 - oldGeneratedFile, /home/tuna/STM32CubeIDE/workspace_1.18.1/stm32f4_dev_board/stm32f4_mobile_base_sim/USB_DEVICE/App/usbd_cdc_if.c_save
2025-09-07 09:37:36,314 [INFO] CodeEngine:289 - Generated code: /home/tuna/STM32CubeIDE/workspace_1.18.1/stm32f4_dev_board/stm32f4_mobile_base_sim/USB_DEVICE/App/usbd_cdc_if.c
2025-09-07 09:37:36,318 [INFO] CodeEngine:265 - oldGeneratedFile, /home/tuna/STM32CubeIDE/workspace_1.18.1/stm32f4_dev_board/stm32f4_mobile_base_sim/Core/Src/stm32f4xx_it.c_save
2025-09-07 09:37:36,365 [INFO] CodeEngine:289 - Generated code: /home/tuna/STM32CubeIDE/workspace_1.18.1/stm32f4_dev_board/stm32f4_mobile_base_sim/Core/Src/stm32f4xx_it.c
2025-09-07 09:37:36,366 [INFO] CodeEngine:265 - oldGeneratedFile, /home/tuna/STM32CubeIDE/workspace_1.18.1/stm32f4_dev_board/stm32f4_mobile_base_sim/Core/Inc/stm32f4xx_it.h_save
2025-09-07 09:37:36,409 [INFO] CodeEngine:289 - Generated code: /home/tuna/STM32CubeIDE/workspace_1.18.1/stm32f4_dev_board/stm32f4_mobile_base_sim/Core/Inc/stm32f4xx_it.h
2025-09-07 09:37:36,414 [INFO] CodeEngine:265 - oldGeneratedFile, /home/tuna/STM32CubeIDE/workspace_1.18.1/stm32f4_dev_board/stm32f4_mobile_base_sim/Core/Src/stm32f4xx_hal_msp.c_save
2025-09-07 09:37:36,473 [INFO] CodeEngine:289 - Generated code: /home/tuna/STM32CubeIDE/workspace_1.18.1/stm32f4_dev_board/stm32f4_mobile_base_sim/Core/Src/stm32f4xx_hal_msp.c
2025-09-07 09:37:36,474 [INFO] CodeEngine:265 - oldGeneratedFile, /home/tuna/STM32CubeIDE/workspace_1.18.1/stm32f4_dev_board/stm32f4_mobile_base_sim/MXTmpFiles/system.tmp_save
2025-09-07 09:37:36,523 [INFO] CodeEngine:289 - Generated code: /home/tuna/STM32CubeIDE/workspace_1.18.1/stm32f4_dev_board/stm32f4_mobile_base_sim/MXTmpFiles/system.tmp
2025-09-07 09:37:36,525 [INFO] CodeEngine:321 - oldGeneratedFile, /home/tuna/STM32CubeIDE/workspace_1.18.1/stm32f4_dev_board/stm32f4_mobile_base_sim/Core/Inc/stm32f4xx_hal_conf.h_save
2025-09-07 09:37:36,572 [INFO] CodeEngine:345 - Generated code: /home/tuna/STM32CubeIDE/workspace_1.18.1/stm32f4_dev_board/stm32f4_mobile_base_sim/Core/Inc/stm32f4xx_hal_conf.h
2025-09-07 09:37:36,585 [INFO] CodeEngine:265 - oldGeneratedFile, /home/tuna/STM32CubeIDE/workspace_1.18.1/stm32f4_dev_board/stm32f4_mobile_base_sim/Core/Inc/main.h_save
2025-09-07 09:37:36,629 [INFO] CodeEngine:289 - Generated code: /home/tuna/STM32CubeIDE/workspace_1.18.1/stm32f4_dev_board/stm32f4_mobile_base_sim/Core/Inc/main.h
2025-09-07 09:37:36,630 [INFO] CodeEngine:265 - oldGeneratedFile, /home/tuna/STM32CubeIDE/workspace_1.18.1/stm32f4_dev_board/stm32f4_mobile_base_sim/Core/Src/main.c_save
2025-09-07 09:37:36,689 [INFO] CodeEngine:289 - Generated code: /home/tuna/STM32CubeIDE/workspace_1.18.1/stm32f4_dev_board/stm32f4_mobile_base_sim/Core/Src/main.c
2025-09-07 09:37:36,865 [INFO] ProjectBuilder:3606 - Time for Copy HAL[1] : 26mS.
2025-09-07 09:37:36,866 [INFO] ProjectBuilder:5216 - Project Generator version: 4.7.0-B52
2025-09-07 09:37:36,924 [INFO] ConfigFileManager:1595 - The Die is : DIE413
2025-09-07 09:37:37,280 [INFO] ProjectBuilder:5496 - Time for Generating toolchain IDE Files: 414mS.
2025-09-07 09:37:37,280 [INFO] ProjectBuilder:3463 - Time for Copy CMSIS : 0mS.
2025-09-07 09:37:37,281 [INFO] ProjectBuilder:3463 - Time for Copy CMSIS : 0mS.
2025-09-07 09:38:03,580 [INFO] UtilMem:75 - End SaveConfig() Used Memory: 492263728 Bytes (943718400)
2025-09-07 09:38:03,669 [INFO] BlockDiagram:2775 - set Specific Code input for plugin: FSMC
2025-09-07 09:38:03,669 [INFO] BlockDiagram:2775 - set Specific Code input for plugin: USB_DEVICE
2025-09-07 09:38:03,669 [INFO] BlockDiagram:2775 - set Specific Code input for plugin: SYS
2025-09-07 09:38:03,669 [INFO] BlockDiagram:2775 - set Specific Code input for plugin: ADC
2025-09-07 09:38:03,669 [INFO] BlockDiagram:2775 - set Specific Code input for plugin: RCC
2025-09-07 09:38:03,669 [INFO] BlockDiagram:2775 - set Specific Code input for plugin: I2C
2025-09-07 09:38:03,669 [INFO] BlockDiagram:2775 - set Specific Code input for plugin: USB_OTG_FS
2025-09-07 09:38:03,669 [INFO] BlockDiagram:2775 - set Specific Code input for plugin: NVIC
2025-09-07 09:38:03,670 [INFO] BlockDiagram:2775 - set Specific Code input for plugin: GPIO
2025-09-07 09:38:03,670 [INFO] CodeGenerator:892 - code generatio: config db path: /home/tuna/st/stm32cubeide_1.18.1/plugins/com.st.stm32cube.common.mx_6.15.0.202507011659//db/
2025-09-07 09:38:03,678 [WARN] IP:2250 - I2C_Coeff_DF not found: check if there is a RefParameter without a condition.
2025-09-07 09:38:03,678 [WARN] IP:2250 - Analog_Filter not found: check if there is a RefParameter without a condition.
2025-09-07 09:38:03,684 [WARN] IP:2250 - DEVICE_SERIAL0_CDC_FS not found: check if there is a RefParameter without a condition.
2025-09-07 09:38:03,685 [WARN] IP:2250 - DEVICE_SERIAL1_CDC_FS not found: check if there is a RefParameter without a condition.
2025-09-07 09:38:03,685 [WARN] IP:2250 - DEVICE_SERIAL2_CDC_FS not found: check if there is a RefParameter without a condition.
2025-09-07 09:38:03,750 [INFO] CodeEngine:265 - oldGeneratedFile, /home/tuna/STM32CubeIDE/workspace_1.18.1/stm32f4_dev_board/stm32f4_mobile_base_sim/MXTmpFiles/license.tmp_save
2025-09-07 09:38:03,794 [INFO] CodeEngine:289 - Generated code: /home/tuna/STM32CubeIDE/workspace_1.18.1/stm32f4_dev_board/stm32f4_mobile_base_sim/MXTmpFiles/license.tmp
2025-09-07 09:38:03,808 [INFO] CodeEngine:265 - oldGeneratedFile, /home/tuna/STM32CubeIDE/workspace_1.18.1/stm32f4_dev_board/stm32f4_mobile_base_sim/Core/Src/gpio.c_save
2025-09-07 09:38:03,853 [INFO] CodeEngine:289 - Generated code: /home/tuna/STM32CubeIDE/workspace_1.18.1/stm32f4_dev_board/stm32f4_mobile_base_sim/Core/Src/gpio.c
2025-09-07 09:38:03,854 [INFO] CodeEngine:265 - oldGeneratedFile, /home/tuna/STM32CubeIDE/workspace_1.18.1/stm32f4_dev_board/stm32f4_mobile_base_sim/Core/Inc/gpio.h_save
2025-09-07 09:38:03,893 [INFO] CodeEngine:289 - Generated code: /home/tuna/STM32CubeIDE/workspace_1.18.1/stm32f4_dev_board/stm32f4_mobile_base_sim/Core/Inc/gpio.h
2025-09-07 09:38:03,921 [WARN] IPConfigManager:3238 - Warning: the RefConfig PWREx_EnableUSBVoltageDetector is not available in your config.xml file
2025-09-07 09:38:03,923 [INFO] CodeEngine:265 - oldGeneratedFile, /home/tuna/STM32CubeIDE/workspace_1.18.1/stm32f4_dev_board/stm32f4_mobile_base_sim/MXTmpFiles/usb_otg_fs_vars.tmp_save
2025-09-07 09:38:03,963 [INFO] CodeEngine:289 - Generated code: /home/tuna/STM32CubeIDE/workspace_1.18.1/stm32f4_dev_board/stm32f4_mobile_base_sim/MXTmpFiles/usb_otg_fs_vars.tmp
2025-09-07 09:38:03,964 [INFO] CodeEngine:265 - oldGeneratedFile, /home/tuna/STM32CubeIDE/workspace_1.18.1/stm32f4_dev_board/stm32f4_mobile_base_sim/MXTmpFiles/usb_otg_fs_inc.tmp_save
2025-09-07 09:38:04,003 [INFO] CodeEngine:289 - Generated code: /home/tuna/STM32CubeIDE/workspace_1.18.1/stm32f4_dev_board/stm32f4_mobile_base_sim/MXTmpFiles/usb_otg_fs_inc.tmp
2025-09-07 09:38:04,004 [INFO] CodeEngine:265 - oldGeneratedFile, /home/tuna/STM32CubeIDE/workspace_1.18.1/stm32f4_dev_board/stm32f4_mobile_base_sim/MXTmpFiles/usb_otg_fs_HalInit.tmp_save
2025-09-07 09:38:04,050 [INFO] CodeEngine:289 - Generated code: /home/tuna/STM32CubeIDE/workspace_1.18.1/stm32f4_dev_board/stm32f4_mobile_base_sim/MXTmpFiles/usb_otg_fs_HalInit.tmp
2025-09-07 09:38:04,051 [INFO] CodeEngine:265 - oldGeneratedFile, /home/tuna/STM32CubeIDE/workspace_1.18.1/stm32f4_dev_board/stm32f4_mobile_base_sim/MXTmpFiles/usb_otg_fs_Msp.tmp_save
2025-09-07 09:38:04,103 [INFO] CodeEngine:289 - Generated code: /home/tuna/STM32CubeIDE/workspace_1.18.1/stm32f4_dev_board/stm32f4_mobile_base_sim/MXTmpFiles/usb_otg_fs_Msp.tmp
2025-09-07 09:38:04,202 [INFO] Middleware:1452 - No code input for Bsp Dependency
2025-09-07 09:38:04,205 [INFO] CodeEngine:265 - oldGeneratedFile, /home/tuna/STM32CubeIDE/workspace_1.18.1/stm32f4_dev_board/stm32f4_mobile_base_sim/Core/Src/adc.c_save
2025-09-07 09:38:04,261 [INFO] CodeEngine:289 - Generated code: /home/tuna/STM32CubeIDE/workspace_1.18.1/stm32f4_dev_board/stm32f4_mobile_base_sim/Core/Src/adc.c
2025-09-07 09:38:04,261 [INFO] CodeEngine:265 - oldGeneratedFile, /home/tuna/STM32CubeIDE/workspace_1.18.1/stm32f4_dev_board/stm32f4_mobile_base_sim/Core/Inc/adc.h_save
2025-09-07 09:38:04,300 [INFO] CodeEngine:289 - Generated code: /home/tuna/STM32CubeIDE/workspace_1.18.1/stm32f4_dev_board/stm32f4_mobile_base_sim/Core/Inc/adc.h
2025-09-07 09:38:04,302 [INFO] CodeEngine:265 - oldGeneratedFile, /home/tuna/STM32CubeIDE/workspace_1.18.1/stm32f4_dev_board/stm32f4_mobile_base_sim/Core/Src/fsmc.c_save
2025-09-07 09:38:04,347 [INFO] CodeEngine:289 - Generated code: /home/tuna/STM32CubeIDE/workspace_1.18.1/stm32f4_dev_board/stm32f4_mobile_base_sim/Core/Src/fsmc.c
2025-09-07 09:38:04,348 [INFO] CodeEngine:265 - oldGeneratedFile, /home/tuna/STM32CubeIDE/workspace_1.18.1/stm32f4_dev_board/stm32f4_mobile_base_sim/Core/Inc/fsmc.h_save
2025-09-07 09:38:04,387 [INFO] CodeEngine:289 - Generated code: /home/tuna/STM32CubeIDE/workspace_1.18.1/stm32f4_dev_board/stm32f4_mobile_base_sim/Core/Inc/fsmc.h
2025-09-07 09:38:04,390 [INFO] CodeEngine:265 - oldGeneratedFile, /home/tuna/STM32CubeIDE/workspace_1.18.1/stm32f4_dev_board/stm32f4_mobile_base_sim/Core/Src/i2c.c_save
2025-09-07 09:38:04,452 [INFO] CodeEngine:289 - Generated code: /home/tuna/STM32CubeIDE/workspace_1.18.1/stm32f4_dev_board/stm32f4_mobile_base_sim/Core/Src/i2c.c
2025-09-07 09:38:04,453 [INFO] CodeEngine:265 - oldGeneratedFile, /home/tuna/STM32CubeIDE/workspace_1.18.1/stm32f4_dev_board/stm32f4_mobile_base_sim/Core/Inc/i2c.h_save
2025-09-07 09:38:04,494 [INFO] CodeEngine:289 - Generated code: /home/tuna/STM32CubeIDE/workspace_1.18.1/stm32f4_dev_board/stm32f4_mobile_base_sim/Core/Inc/i2c.h
2025-09-07 09:38:04,503 [INFO] Middleware:1452 - No code input for Bsp Dependency
2025-09-07 09:38:04,505 [INFO] CodeEngine:265 - oldGeneratedFile, /home/tuna/STM32CubeIDE/workspace_1.18.1/stm32f4_dev_board/stm32f4_mobile_base_sim/USB_DEVICE/App/usb_device.c_save
2025-09-07 09:38:04,549 [INFO] CodeEngine:289 - Generated code: /home/tuna/STM32CubeIDE/workspace_1.18.1/stm32f4_dev_board/stm32f4_mobile_base_sim/USB_DEVICE/App/usb_device.c
2025-09-07 09:38:04,550 [INFO] CodeEngine:265 - oldGeneratedFile, /home/tuna/STM32CubeIDE/workspace_1.18.1/stm32f4_dev_board/stm32f4_mobile_base_sim/USB_DEVICE/App/usb_device.h_save
2025-09-07 09:38:04,590 [INFO] CodeEngine:289 - Generated code: /home/tuna/STM32CubeIDE/workspace_1.18.1/stm32f4_dev_board/stm32f4_mobile_base_sim/USB_DEVICE/App/usb_device.h
2025-09-07 09:38:04,591 [INFO] CodeEngine:265 - oldGeneratedFile, /home/tuna/STM32CubeIDE/workspace_1.18.1/stm32f4_dev_board/stm32f4_mobile_base_sim/USB_DEVICE/Target/usbd_conf.h_save
2025-09-07 09:38:04,632 [INFO] CodeEngine:289 - Generated code: /home/tuna/STM32CubeIDE/workspace_1.18.1/stm32f4_dev_board/stm32f4_mobile_base_sim/USB_DEVICE/Target/usbd_conf.h
2025-09-07 09:38:04,633 [INFO] CodeEngine:265 - oldGeneratedFile, /home/tuna/STM32CubeIDE/workspace_1.18.1/stm32f4_dev_board/stm32f4_mobile_base_sim/USB_DEVICE/Target/usbd_conf.c_save
2025-09-07 09:38:04,678 [INFO] CodeEngine:289 - Generated code: /home/tuna/STM32CubeIDE/workspace_1.18.1/stm32f4_dev_board/stm32f4_mobile_base_sim/USB_DEVICE/Target/usbd_conf.c
2025-09-07 09:38:04,678 [INFO] CodeEngine:265 - oldGeneratedFile, /home/tuna/STM32CubeIDE/workspace_1.18.1/stm32f4_dev_board/stm32f4_mobile_base_sim/USB_DEVICE/App/usbd_desc.h_save
2025-09-07 09:38:04,718 [INFO] CodeEngine:289 - Generated code: /home/tuna/STM32CubeIDE/workspace_1.18.1/stm32f4_dev_board/stm32f4_mobile_base_sim/USB_DEVICE/App/usbd_desc.h
2025-09-07 09:38:04,719 [INFO] CodeEngine:265 - oldGeneratedFile, /home/tuna/STM32CubeIDE/workspace_1.18.1/stm32f4_dev_board/stm32f4_mobile_base_sim/USB_DEVICE/App/usbd_desc.c_save
2025-09-07 09:38:04,762 [INFO] CodeEngine:289 - Generated code: /home/tuna/STM32CubeIDE/workspace_1.18.1/stm32f4_dev_board/stm32f4_mobile_base_sim/USB_DEVICE/App/usbd_desc.c
2025-09-07 09:38:04,763 [INFO] CodeEngine:265 - oldGeneratedFile, /home/tuna/STM32CubeIDE/workspace_1.18.1/stm32f4_dev_board/stm32f4_mobile_base_sim/USB_DEVICE/App/usbd_cdc_if.h_save
2025-09-07 09:38:04,804 [INFO] CodeEngine:289 - Generated code: /home/tuna/STM32CubeIDE/workspace_1.18.1/stm32f4_dev_board/stm32f4_mobile_base_sim/USB_DEVICE/App/usbd_cdc_if.h
2025-09-07 09:38:04,805 [INFO] CodeEngine:265 - oldGeneratedFile, /home/tuna/STM32CubeIDE/workspace_1.18.1/stm32f4_dev_board/stm32f4_mobile_base_sim/USB_DEVICE/App/usbd_cdc_if.c_save
2025-09-07 09:38:04,858 [INFO] CodeEngine:289 - Generated code: /home/tuna/STM32CubeIDE/workspace_1.18.1/stm32f4_dev_board/stm32f4_mobile_base_sim/USB_DEVICE/App/usbd_cdc_if.c
2025-09-07 09:38:04,862 [INFO] CodeEngine:265 - oldGeneratedFile, /home/tuna/STM32CubeIDE/workspace_1.18.1/stm32f4_dev_board/stm32f4_mobile_base_sim/Core/Src/stm32f4xx_it.c_save
2025-09-07 09:38:04,907 [INFO] CodeEngine:289 - Generated code: /home/tuna/STM32CubeIDE/workspace_1.18.1/stm32f4_dev_board/stm32f4_mobile_base_sim/Core/Src/stm32f4xx_it.c
2025-09-07 09:38:04,907 [INFO] CodeEngine:265 - oldGeneratedFile, /home/tuna/STM32CubeIDE/workspace_1.18.1/stm32f4_dev_board/stm32f4_mobile_base_sim/Core/Inc/stm32f4xx_it.h_save
2025-09-07 09:38:04,949 [INFO] CodeEngine:289 - Generated code: /home/tuna/STM32CubeIDE/workspace_1.18.1/stm32f4_dev_board/stm32f4_mobile_base_sim/Core/Inc/stm32f4xx_it.h
2025-09-07 09:38:04,955 [INFO] CodeEngine:265 - oldGeneratedFile, /home/tuna/STM32CubeIDE/workspace_1.18.1/stm32f4_dev_board/stm32f4_mobile_base_sim/Core/Src/stm32f4xx_hal_msp.c_save
2025-09-07 09:38:05,014 [INFO] CodeEngine:289 - Generated code: /home/tuna/STM32CubeIDE/workspace_1.18.1/stm32f4_dev_board/stm32f4_mobile_base_sim/Core/Src/stm32f4xx_hal_msp.c
2025-09-07 09:38:05,015 [INFO] CodeEngine:265 - oldGeneratedFile, /home/tuna/STM32CubeIDE/workspace_1.18.1/stm32f4_dev_board/stm32f4_mobile_base_sim/MXTmpFiles/system.tmp_save
2025-09-07 09:38:05,054 [INFO] CodeEngine:289 - Generated code: /home/tuna/STM32CubeIDE/workspace_1.18.1/stm32f4_dev_board/stm32f4_mobile_base_sim/MXTmpFiles/system.tmp
2025-09-07 09:38:05,056 [INFO] CodeEngine:321 - oldGeneratedFile, /home/tuna/STM32CubeIDE/workspace_1.18.1/stm32f4_dev_board/stm32f4_mobile_base_sim/Core/Inc/stm32f4xx_hal_conf.h_save
2025-09-07 09:38:05,101 [INFO] CodeEngine:345 - Generated code: /home/tuna/STM32CubeIDE/workspace_1.18.1/stm32f4_dev_board/stm32f4_mobile_base_sim/Core/Inc/stm32f4xx_hal_conf.h
2025-09-07 09:38:05,112 [INFO] CodeEngine:265 - oldGeneratedFile, /home/tuna/STM32CubeIDE/workspace_1.18.1/stm32f4_dev_board/stm32f4_mobile_base_sim/Core/Inc/main.h_save
2025-09-07 09:38:05,156 [INFO] CodeEngine:289 - Generated code: /home/tuna/STM32CubeIDE/workspace_1.18.1/stm32f4_dev_board/stm32f4_mobile_base_sim/Core/Inc/main.h
2025-09-07 09:38:05,157 [INFO] CodeEngine:265 - oldGeneratedFile, /home/tuna/STM32CubeIDE/workspace_1.18.1/stm32f4_dev_board/stm32f4_mobile_base_sim/Core/Src/main.c_save
2025-09-07 09:38:05,214 [INFO] CodeEngine:289 - Generated code: /home/tuna/STM32CubeIDE/workspace_1.18.1/stm32f4_dev_board/stm32f4_mobile_base_sim/Core/Src/main.c
2025-09-07 09:38:05,365 [INFO] ProjectBuilder:3606 - Time for Copy HAL[1] : 25mS.
2025-09-07 09:38:05,366 [INFO] ProjectBuilder:5216 - Project Generator version: 4.7.0-B52
2025-09-07 09:38:05,425 [INFO] ConfigFileManager:1595 - The Die is : DIE413
2025-09-07 09:38:05,773 [INFO] ProjectBuilder:5496 - Time for Generating toolchain IDE Files: 407mS.
2025-09-07 09:38:05,773 [INFO] ProjectBuilder:3463 - Time for Copy CMSIS : 0mS.
2025-09-07 09:38:05,774 [INFO] ProjectBuilder:3463 - Time for Copy CMSIS : 0mS.
2025-09-07 09:45:53,690 [INFO] UtilMem:75 - End SaveConfig() Used Memory: 477372000 Bytes (884998144)
2025-09-07 09:46:00,993 [INFO] UtilMem:75 - End SaveConfig() Used Memory: 607119896 Bytes (884998144)
2025-09-07 09:46:01,238 [INFO] UtilMem:75 - End SaveConfig() Used Memory: 683143704 Bytes (884998144)
2025-09-07 09:46:01,379 [INFO] BlockDiagram:2775 - set Specific Code input for plugin: FSMC
2025-09-07 09:46:01,379 [INFO] BlockDiagram:2775 - set Specific Code input for plugin: USB_DEVICE
2025-09-07 09:46:01,379 [INFO] BlockDiagram:2775 - set Specific Code input for plugin: SYS
2025-09-07 09:46:01,379 [INFO] BlockDiagram:2775 - set Specific Code input for plugin: ADC
2025-09-07 09:46:01,380 [INFO] BlockDiagram:2775 - set Specific Code input for plugin: RCC
2025-09-07 09:46:01,380 [INFO] BlockDiagram:2775 - set Specific Code input for plugin: I2C
2025-09-07 09:46:01,380 [INFO] BlockDiagram:2775 - set Specific Code input for plugin: USB_OTG_FS
2025-09-07 09:46:01,380 [INFO] BlockDiagram:2775 - set Specific Code input for plugin: NVIC
2025-09-07 09:46:01,381 [INFO] BlockDiagram:2775 - set Specific Code input for plugin: GPIO
2025-09-07 09:46:01,381 [INFO] CodeGenerator:892 - code generatio: config db path: /home/tuna/st/stm32cubeide_1.18.1/plugins/com.st.stm32cube.common.mx_6.15.0.202507011659//db/
2025-09-07 09:46:01,409 [WARN] IP:2250 - I2C_Coeff_DF not found: check if there is a RefParameter without a condition.
2025-09-07 09:46:01,409 [WARN] IP:2250 - Analog_Filter not found: check if there is a RefParameter without a condition.
2025-09-07 09:46:01,425 [WARN] IP:2250 - DEVICE_SERIAL0_CDC_FS not found: check if there is a RefParameter without a condition.
2025-09-07 09:46:01,426 [WARN] IP:2250 - DEVICE_SERIAL1_CDC_FS not found: check if there is a RefParameter without a condition.
2025-09-07 09:46:01,426 [WARN] IP:2250 - DEVICE_SERIAL2_CDC_FS not found: check if there is a RefParameter without a condition.
2025-09-07 09:46:01,517 [INFO] CodeEngine:265 - oldGeneratedFile, /home/tuna/STM32CubeIDE/workspace_1.18.1/stm32f4_dev_board/stm32f4_mobile_base_sim/MXTmpFiles/license.tmp_save
2025-09-07 09:46:01,702 [INFO] CodeEngine:289 - Generated code: /home/tuna/STM32CubeIDE/workspace_1.18.1/stm32f4_dev_board/stm32f4_mobile_base_sim/MXTmpFiles/license.tmp
2025-09-07 09:46:01,754 [INFO] CodeEngine:265 - oldGeneratedFile, /home/tuna/STM32CubeIDE/workspace_1.18.1/stm32f4_dev_board/stm32f4_mobile_base_sim/Core/Src/gpio.c_save
2025-09-07 09:46:01,856 [INFO] CodeEngine:289 - Generated code: /home/tuna/STM32CubeIDE/workspace_1.18.1/stm32f4_dev_board/stm32f4_mobile_base_sim/Core/Src/gpio.c
2025-09-07 09:46:01,858 [INFO] CodeEngine:265 - oldGeneratedFile, /home/tuna/STM32CubeIDE/workspace_1.18.1/stm32f4_dev_board/stm32f4_mobile_base_sim/Core/Inc/gpio.h_save
2025-09-07 09:46:01,930 [INFO] CodeEngine:289 - Generated code: /home/tuna/STM32CubeIDE/workspace_1.18.1/stm32f4_dev_board/stm32f4_mobile_base_sim/Core/Inc/gpio.h
2025-09-07 09:46:01,994 [WARN] IPConfigManager:3238 - Warning: the RefConfig PWREx_EnableUSBVoltageDetector is not available in your config.xml file
2025-09-07 09:46:02,001 [INFO] CodeEngine:265 - oldGeneratedFile, /home/tuna/STM32CubeIDE/workspace_1.18.1/stm32f4_dev_board/stm32f4_mobile_base_sim/MXTmpFiles/usb_otg_fs_vars.tmp_save
2025-09-07 09:46:02,069 [INFO] CodeEngine:289 - Generated code: /home/tuna/STM32CubeIDE/workspace_1.18.1/stm32f4_dev_board/stm32f4_mobile_base_sim/MXTmpFiles/usb_otg_fs_vars.tmp
2025-09-07 09:46:02,070 [INFO] CodeEngine:265 - oldGeneratedFile, /home/tuna/STM32CubeIDE/workspace_1.18.1/stm32f4_dev_board/stm32f4_mobile_base_sim/MXTmpFiles/usb_otg_fs_inc.tmp_save
2025-09-07 09:46:02,142 [INFO] CodeEngine:289 - Generated code: /home/tuna/STM32CubeIDE/workspace_1.18.1/stm32f4_dev_board/stm32f4_mobile_base_sim/MXTmpFiles/usb_otg_fs_inc.tmp
2025-09-07 09:46:02,144 [INFO] CodeEngine:265 - oldGeneratedFile, /home/tuna/STM32CubeIDE/workspace_1.18.1/stm32f4_dev_board/stm32f4_mobile_base_sim/MXTmpFiles/usb_otg_fs_HalInit.tmp_save
2025-09-07 09:46:02,233 [INFO] CodeEngine:289 - Generated code: /home/tuna/STM32CubeIDE/workspace_1.18.1/stm32f4_dev_board/stm32f4_mobile_base_sim/MXTmpFiles/usb_otg_fs_HalInit.tmp
2025-09-07 09:46:02,235 [INFO] CodeEngine:265 - oldGeneratedFile, /home/tuna/STM32CubeIDE/workspace_1.18.1/stm32f4_dev_board/stm32f4_mobile_base_sim/MXTmpFiles/usb_otg_fs_Msp.tmp_save
2025-09-07 09:46:02,305 [INFO] CodeEngine:289 - Generated code: /home/tuna/STM32CubeIDE/workspace_1.18.1/stm32f4_dev_board/stm32f4_mobile_base_sim/MXTmpFiles/usb_otg_fs_Msp.tmp
2025-09-07 09:46:02,483 [INFO] Middleware:1452 - No code input for Bsp Dependency
2025-09-07 09:46:02,488 [INFO] CodeEngine:265 - oldGeneratedFile, /home/tuna/STM32CubeIDE/workspace_1.18.1/stm32f4_dev_board/stm32f4_mobile_base_sim/Core/Src/adc.c_save
2025-09-07 09:46:02,565 [INFO] CodeEngine:289 - Generated code: /home/tuna/STM32CubeIDE/workspace_1.18.1/stm32f4_dev_board/stm32f4_mobile_base_sim/Core/Src/adc.c
2025-09-07 09:46:02,567 [INFO] CodeEngine:265 - oldGeneratedFile, /home/tuna/STM32CubeIDE/workspace_1.18.1/stm32f4_dev_board/stm32f4_mobile_base_sim/Core/Inc/adc.h_save
2025-09-07 09:46:02,624 [INFO] CodeEngine:289 - Generated code: /home/tuna/STM32CubeIDE/workspace_1.18.1/stm32f4_dev_board/stm32f4_mobile_base_sim/Core/Inc/adc.h
2025-09-07 09:46:02,628 [INFO] CodeEngine:265 - oldGeneratedFile, /home/tuna/STM32CubeIDE/workspace_1.18.1/stm32f4_dev_board/stm32f4_mobile_base_sim/Core/Src/fsmc.c_save
2025-09-07 09:46:02,682 [INFO] CodeEngine:289 - Generated code: /home/tuna/STM32CubeIDE/workspace_1.18.1/stm32f4_dev_board/stm32f4_mobile_base_sim/Core/Src/fsmc.c
2025-09-07 09:46:02,685 [INFO] CodeEngine:265 - oldGeneratedFile, /home/tuna/STM32CubeIDE/workspace_1.18.1/stm32f4_dev_board/stm32f4_mobile_base_sim/Core/Inc/fsmc.h_save
2025-09-07 09:46:02,731 [INFO] CodeEngine:289 - Generated code: /home/tuna/STM32CubeIDE/workspace_1.18.1/stm32f4_dev_board/stm32f4_mobile_base_sim/Core/Inc/fsmc.h
2025-09-07 09:46:02,735 [INFO] CodeEngine:265 - oldGeneratedFile, /home/tuna/STM32CubeIDE/workspace_1.18.1/stm32f4_dev_board/stm32f4_mobile_base_sim/Core/Src/i2c.c_save
2025-09-07 09:46:02,799 [INFO] CodeEngine:289 - Generated code: /home/tuna/STM32CubeIDE/workspace_1.18.1/stm32f4_dev_board/stm32f4_mobile_base_sim/Core/Src/i2c.c
2025-09-07 09:46:02,801 [INFO] CodeEngine:265 - oldGeneratedFile, /home/tuna/STM32CubeIDE/workspace_1.18.1/stm32f4_dev_board/stm32f4_mobile_base_sim/Core/Inc/i2c.h_save
2025-09-07 09:46:02,845 [INFO] CodeEngine:289 - Generated code: /home/tuna/STM32CubeIDE/workspace_1.18.1/stm32f4_dev_board/stm32f4_mobile_base_sim/Core/Inc/i2c.h
2025-09-07 09:46:02,865 [INFO] Middleware:1452 - No code input for Bsp Dependency
2025-09-07 09:46:02,868 [INFO] CodeEngine:265 - oldGeneratedFile, /home/tuna/STM32CubeIDE/workspace_1.18.1/stm32f4_dev_board/stm32f4_mobile_base_sim/USB_DEVICE/App/usb_device.c_save
2025-09-07 09:46:02,921 [INFO] CodeEngine:289 - Generated code: /home/tuna/STM32CubeIDE/workspace_1.18.1/stm32f4_dev_board/stm32f4_mobile_base_sim/USB_DEVICE/App/usb_device.c
2025-09-07 09:46:02,923 [INFO] CodeEngine:265 - oldGeneratedFile, /home/tuna/STM32CubeIDE/workspace_1.18.1/stm32f4_dev_board/stm32f4_mobile_base_sim/USB_DEVICE/App/usb_device.h_save
2025-09-07 09:46:02,968 [INFO] CodeEngine:289 - Generated code: /home/tuna/STM32CubeIDE/workspace_1.18.1/stm32f4_dev_board/stm32f4_mobile_base_sim/USB_DEVICE/App/usb_device.h
2025-09-07 09:46:02,970 [INFO] CodeEngine:265 - oldGeneratedFile, /home/tuna/STM32CubeIDE/workspace_1.18.1/stm32f4_dev_board/stm32f4_mobile_base_sim/USB_DEVICE/Target/usbd_conf.h_save
2025-09-07 09:46:03,014 [INFO] CodeEngine:289 - Generated code: /home/tuna/STM32CubeIDE/workspace_1.18.1/stm32f4_dev_board/stm32f4_mobile_base_sim/USB_DEVICE/Target/usbd_conf.h
2025-09-07 09:46:03,016 [INFO] CodeEngine:265 - oldGeneratedFile, /home/tuna/STM32CubeIDE/workspace_1.18.1/stm32f4_dev_board/stm32f4_mobile_base_sim/USB_DEVICE/Target/usbd_conf.c_save
2025-09-07 09:46:03,065 [INFO] CodeEngine:289 - Generated code: /home/tuna/STM32CubeIDE/workspace_1.18.1/stm32f4_dev_board/stm32f4_mobile_base_sim/USB_DEVICE/Target/usbd_conf.c
2025-09-07 09:46:03,067 [INFO] CodeEngine:265 - oldGeneratedFile, /home/tuna/STM32CubeIDE/workspace_1.18.1/stm32f4_dev_board/stm32f4_mobile_base_sim/USB_DEVICE/App/usbd_desc.h_save
2025-09-07 09:46:03,112 [INFO] CodeEngine:289 - Generated code: /home/tuna/STM32CubeIDE/workspace_1.18.1/stm32f4_dev_board/stm32f4_mobile_base_sim/USB_DEVICE/App/usbd_desc.h
2025-09-07 09:46:03,113 [INFO] CodeEngine:265 - oldGeneratedFile, /home/tuna/STM32CubeIDE/workspace_1.18.1/stm32f4_dev_board/stm32f4_mobile_base_sim/USB_DEVICE/App/usbd_desc.c_save
2025-09-07 09:46:03,162 [INFO] CodeEngine:289 - Generated code: /home/tuna/STM32CubeIDE/workspace_1.18.1/stm32f4_dev_board/stm32f4_mobile_base_sim/USB_DEVICE/App/usbd_desc.c
2025-09-07 09:46:03,163 [INFO] CodeEngine:265 - oldGeneratedFile, /home/tuna/STM32CubeIDE/workspace_1.18.1/stm32f4_dev_board/stm32f4_mobile_base_sim/USB_DEVICE/App/usbd_cdc_if.h_save
2025-09-07 09:46:03,207 [INFO] CodeEngine:289 - Generated code: /home/tuna/STM32CubeIDE/workspace_1.18.1/stm32f4_dev_board/stm32f4_mobile_base_sim/USB_DEVICE/App/usbd_cdc_if.h
2025-09-07 09:46:03,209 [INFO] CodeEngine:265 - oldGeneratedFile, /home/tuna/STM32CubeIDE/workspace_1.18.1/stm32f4_dev_board/stm32f4_mobile_base_sim/USB_DEVICE/App/usbd_cdc_if.c_save
2025-09-07 09:46:03,257 [INFO] CodeEngine:289 - Generated code: /home/tuna/STM32CubeIDE/workspace_1.18.1/stm32f4_dev_board/stm32f4_mobile_base_sim/USB_DEVICE/App/usbd_cdc_if.c
2025-09-07 09:46:03,262 [INFO] CodeEngine:265 - oldGeneratedFile, /home/tuna/STM32CubeIDE/workspace_1.18.1/stm32f4_dev_board/stm32f4_mobile_base_sim/Core/Src/stm32f4xx_it.c_save
2025-09-07 09:46:03,309 [INFO] CodeEngine:289 - Generated code: /home/tuna/STM32CubeIDE/workspace_1.18.1/stm32f4_dev_board/stm32f4_mobile_base_sim/Core/Src/stm32f4xx_it.c
2025-09-07 09:46:03,311 [INFO] CodeEngine:265 - oldGeneratedFile, /home/tuna/STM32CubeIDE/workspace_1.18.1/stm32f4_dev_board/stm32f4_mobile_base_sim/Core/Inc/stm32f4xx_it.h_save
2025-09-07 09:46:03,355 [INFO] CodeEngine:289 - Generated code: /home/tuna/STM32CubeIDE/workspace_1.18.1/stm32f4_dev_board/stm32f4_mobile_base_sim/Core/Inc/stm32f4xx_it.h
2025-09-07 09:46:03,361 [INFO] CodeEngine:265 - oldGeneratedFile, /home/tuna/STM32CubeIDE/workspace_1.18.1/stm32f4_dev_board/stm32f4_mobile_base_sim/Core/Src/stm32f4xx_hal_msp.c_save
2025-09-07 09:46:03,421 [INFO] CodeEngine:289 - Generated code: /home/tuna/STM32CubeIDE/workspace_1.18.1/stm32f4_dev_board/stm32f4_mobile_base_sim/Core/Src/stm32f4xx_hal_msp.c
2025-09-07 09:46:03,422 [INFO] CodeEngine:265 - oldGeneratedFile, /home/tuna/STM32CubeIDE/workspace_1.18.1/stm32f4_dev_board/stm32f4_mobile_base_sim/MXTmpFiles/system.tmp_save
2025-09-07 09:46:03,463 [INFO] CodeEngine:289 - Generated code: /home/tuna/STM32CubeIDE/workspace_1.18.1/stm32f4_dev_board/stm32f4_mobile_base_sim/MXTmpFiles/system.tmp
2025-09-07 09:46:03,466 [INFO] CodeEngine:321 - oldGeneratedFile, /home/tuna/STM32CubeIDE/workspace_1.18.1/stm32f4_dev_board/stm32f4_mobile_base_sim/Core/Inc/stm32f4xx_hal_conf.h_save
2025-09-07 09:46:03,513 [INFO] CodeEngine:345 - Generated code: /home/tuna/STM32CubeIDE/workspace_1.18.1/stm32f4_dev_board/stm32f4_mobile_base_sim/Core/Inc/stm32f4xx_hal_conf.h
2025-09-07 09:46:03,530 [INFO] CodeEngine:265 - oldGeneratedFile, /home/tuna/STM32CubeIDE/workspace_1.18.1/stm32f4_dev_board/stm32f4_mobile_base_sim/Core/Inc/main.h_save
2025-09-07 09:46:03,578 [INFO] CodeEngine:289 - Generated code: /home/tuna/STM32CubeIDE/workspace_1.18.1/stm32f4_dev_board/stm32f4_mobile_base_sim/Core/Inc/main.h
2025-09-07 09:46:03,579 [INFO] CodeEngine:265 - oldGeneratedFile, /home/tuna/STM32CubeIDE/workspace_1.18.1/stm32f4_dev_board/stm32f4_mobile_base_sim/Core/Src/main.c_save
2025-09-07 09:46:03,645 [INFO] CodeEngine:289 - Generated code: /home/tuna/STM32CubeIDE/workspace_1.18.1/stm32f4_dev_board/stm32f4_mobile_base_sim/Core/Src/main.c
2025-09-07 09:46:03,816 [INFO] ProjectBuilder:3606 - Time for Copy HAL[1] : 28mS.
2025-09-07 09:46:03,818 [INFO] ProjectBuilder:5216 - Project Generator version: 4.7.0-B52
2025-09-07 09:46:03,882 [INFO] ConfigFileManager:1595 - The Die is : DIE413
2025-09-07 09:46:04,686 [INFO] ProjectBuilder:5496 - Time for Generating toolchain IDE Files: 867mS.
2025-09-07 09:46:04,687 [INFO] ProjectBuilder:3463 - Time for Copy CMSIS : 1mS.
2025-09-07 09:46:04,690 [INFO] ProjectBuilder:3463 - Time for Copy CMSIS : 0mS.
2025-09-07 09:58:19,351 [ERROR] ConfigurationRetriever:142 - IOException on connection: Read timed out
2025-09-07 11:12:32,290 [INFO] UtilMem:75 - End SaveConfig() Used Memory: 488561512 Bytes (884998144)
2025-09-07 11:12:34,568 [INFO] UtilMem:75 - End SaveConfig() Used Memory: 554621800 Bytes (884998144)
2025-09-07 11:12:34,809 [INFO] BlockDiagram:2775 - set Specific Code input for plugin: FSMC
2025-09-07 11:12:34,809 [INFO] BlockDiagram:2775 - set Specific Code input for plugin: USB_DEVICE
2025-09-07 11:12:34,809 [INFO] BlockDiagram:2775 - set Specific Code input for plugin: SYS
2025-09-07 11:12:34,809 [INFO] BlockDiagram:2775 - set Specific Code input for plugin: ADC
2025-09-07 11:12:34,809 [INFO] BlockDiagram:2775 - set Specific Code input for plugin: RCC
2025-09-07 11:12:34,810 [INFO] BlockDiagram:2775 - set Specific Code input for plugin: I2C
2025-09-07 11:12:34,810 [INFO] BlockDiagram:2775 - set Specific Code input for plugin: USB_OTG_FS
2025-09-07 11:12:34,810 [INFO] BlockDiagram:2775 - set Specific Code input for plugin: NVIC
2025-09-07 11:12:34,810 [INFO] BlockDiagram:2775 - set Specific Code input for plugin: UART
2025-09-07 11:12:34,810 [INFO] BlockDiagram:2775 - set Specific Code input for plugin: GPIO
2025-09-07 11:12:34,811 [INFO] CodeGenerator:892 - code generatio: config db path: /home/tuna/st/stm32cubeide_1.18.1/plugins/com.st.stm32cube.common.mx_6.15.0.202507011659//db/
2025-09-07 11:12:34,829 [WARN] IP:2250 - I2C_Coeff_DF not found: check if there is a RefParameter without a condition.
2025-09-07 11:12:34,830 [WARN] IP:2250 - Analog_Filter not found: check if there is a RefParameter without a condition.
2025-09-07 11:12:34,840 [WARN] IP:2250 - DEVICE_SERIAL0_CDC_FS not found: check if there is a RefParameter without a condition.
2025-09-07 11:12:34,840 [WARN] IP:2250 - DEVICE_SERIAL1_CDC_FS not found: check if there is a RefParameter without a condition.
2025-09-07 11:12:34,840 [WARN] IP:2250 - DEVICE_SERIAL2_CDC_FS not found: check if there is a RefParameter without a condition.
2025-09-07 11:12:34,905 [INFO] CodeEngine:265 - oldGeneratedFile, /home/tuna/STM32CubeIDE/workspace_1.18.1/stm32f4_dev_board/stm32f4_mobile_base_sim/MXTmpFiles/license.tmp_save
2025-09-07 11:12:35,136 [INFO] CodeEngine:289 - Generated code: /home/tuna/STM32CubeIDE/workspace_1.18.1/stm32f4_dev_board/stm32f4_mobile_base_sim/MXTmpFiles/license.tmp
2025-09-07 11:12:35,202 [INFO] CodeEngine:265 - oldGeneratedFile, /home/tuna/STM32CubeIDE/workspace_1.18.1/stm32f4_dev_board/stm32f4_mobile_base_sim/Core/Src/gpio.c_save
2025-09-07 11:12:35,318 [INFO] CodeEngine:289 - Generated code: /home/tuna/STM32CubeIDE/workspace_1.18.1/stm32f4_dev_board/stm32f4_mobile_base_sim/Core/Src/gpio.c
2025-09-07 11:12:35,320 [INFO] CodeEngine:265 - oldGeneratedFile, /home/tuna/STM32CubeIDE/workspace_1.18.1/stm32f4_dev_board/stm32f4_mobile_base_sim/Core/Inc/gpio.h_save
2025-09-07 11:12:35,385 [INFO] CodeEngine:289 - Generated code: /home/tuna/STM32CubeIDE/workspace_1.18.1/stm32f4_dev_board/stm32f4_mobile_base_sim/Core/Inc/gpio.h
2025-09-07 11:12:35,482 [WARN] IPConfigManager:3238 - Warning: the RefConfig PWREx_EnableUSBVoltageDetector is not available in your config.xml file
2025-09-07 11:12:35,489 [INFO] CodeEngine:265 - oldGeneratedFile, /home/tuna/STM32CubeIDE/workspace_1.18.1/stm32f4_dev_board/stm32f4_mobile_base_sim/MXTmpFiles/usb_otg_fs_vars.tmp_save
2025-09-07 11:12:35,580 [INFO] CodeEngine:289 - Generated code: /home/tuna/STM32CubeIDE/workspace_1.18.1/stm32f4_dev_board/stm32f4_mobile_base_sim/MXTmpFiles/usb_otg_fs_vars.tmp
2025-09-07 11:12:35,582 [INFO] CodeEngine:265 - oldGeneratedFile, /home/tuna/STM32CubeIDE/workspace_1.18.1/stm32f4_dev_board/stm32f4_mobile_base_sim/MXTmpFiles/usb_otg_fs_inc.tmp_save
2025-09-07 11:12:35,646 [INFO] CodeEngine:289 - Generated code: /home/tuna/STM32CubeIDE/workspace_1.18.1/stm32f4_dev_board/stm32f4_mobile_base_sim/MXTmpFiles/usb_otg_fs_inc.tmp
2025-09-07 11:12:35,648 [INFO] CodeEngine:265 - oldGeneratedFile, /home/tuna/STM32CubeIDE/workspace_1.18.1/stm32f4_dev_board/stm32f4_mobile_base_sim/MXTmpFiles/usb_otg_fs_HalInit.tmp_save
2025-09-07 11:12:35,721 [INFO] CodeEngine:289 - Generated code: /home/tuna/STM32CubeIDE/workspace_1.18.1/stm32f4_dev_board/stm32f4_mobile_base_sim/MXTmpFiles/usb_otg_fs_HalInit.tmp
2025-09-07 11:12:35,724 [INFO] CodeEngine:265 - oldGeneratedFile, /home/tuna/STM32CubeIDE/workspace_1.18.1/stm32f4_dev_board/stm32f4_mobile_base_sim/MXTmpFiles/usb_otg_fs_Msp.tmp_save
2025-09-07 11:12:35,795 [INFO] CodeEngine:289 - Generated code: /home/tuna/STM32CubeIDE/workspace_1.18.1/stm32f4_dev_board/stm32f4_mobile_base_sim/MXTmpFiles/usb_otg_fs_Msp.tmp
2025-09-07 11:12:36,048 [INFO] Middleware:1452 - No code input for Bsp Dependency
2025-09-07 11:12:36,056 [INFO] CodeEngine:265 - oldGeneratedFile, /home/tuna/STM32CubeIDE/workspace_1.18.1/stm32f4_dev_board/stm32f4_mobile_base_sim/Core/Src/adc.c_save
2025-09-07 11:12:36,138 [INFO] CodeEngine:289 - Generated code: /home/tuna/STM32CubeIDE/workspace_1.18.1/stm32f4_dev_board/stm32f4_mobile_base_sim/Core/Src/adc.c
2025-09-07 11:12:36,140 [INFO] CodeEngine:265 - oldGeneratedFile, /home/tuna/STM32CubeIDE/workspace_1.18.1/stm32f4_dev_board/stm32f4_mobile_base_sim/Core/Inc/adc.h_save
2025-09-07 11:12:36,192 [INFO] CodeEngine:289 - Generated code: /home/tuna/STM32CubeIDE/workspace_1.18.1/stm32f4_dev_board/stm32f4_mobile_base_sim/Core/Inc/adc.h
2025-09-07 11:12:36,195 [INFO] CodeEngine:265 - oldGeneratedFile, /home/tuna/STM32CubeIDE/workspace_1.18.1/stm32f4_dev_board/stm32f4_mobile_base_sim/Core/Src/fsmc.c_save
2025-09-07 11:12:36,248 [INFO] CodeEngine:289 - Generated code: /home/tuna/STM32CubeIDE/workspace_1.18.1/stm32f4_dev_board/stm32f4_mobile_base_sim/Core/Src/fsmc.c
2025-09-07 11:12:36,249 [INFO] CodeEngine:265 - oldGeneratedFile, /home/tuna/STM32CubeIDE/workspace_1.18.1/stm32f4_dev_board/stm32f4_mobile_base_sim/Core/Inc/fsmc.h_save
2025-09-07 11:12:36,294 [INFO] CodeEngine:289 - Generated code: /home/tuna/STM32CubeIDE/workspace_1.18.1/stm32f4_dev_board/stm32f4_mobile_base_sim/Core/Inc/fsmc.h
2025-09-07 11:12:36,296 [INFO] CodeEngine:265 - oldGeneratedFile, /home/tuna/STM32CubeIDE/workspace_1.18.1/stm32f4_dev_board/stm32f4_mobile_base_sim/Core/Src/i2c.c_save
2025-09-07 11:12:36,362 [INFO] CodeEngine:289 - Generated code: /home/tuna/STM32CubeIDE/workspace_1.18.1/stm32f4_dev_board/stm32f4_mobile_base_sim/Core/Src/i2c.c
2025-09-07 11:12:36,363 [INFO] CodeEngine:265 - oldGeneratedFile, /home/tuna/STM32CubeIDE/workspace_1.18.1/stm32f4_dev_board/stm32f4_mobile_base_sim/Core/Inc/i2c.h_save
2025-09-07 11:12:36,411 [INFO] CodeEngine:289 - Generated code: /home/tuna/STM32CubeIDE/workspace_1.18.1/stm32f4_dev_board/stm32f4_mobile_base_sim/Core/Inc/i2c.h
2025-09-07 11:12:36,413 [INFO] CodeEngine:265 - oldGeneratedFile, /home/tuna/STM32CubeIDE/workspace_1.18.1/stm32f4_dev_board/stm32f4_mobile_base_sim/Core/Src/usart.c_save
2025-09-07 11:12:36,476 [INFO] CodeEngine:289 - Generated code: /home/tuna/STM32CubeIDE/workspace_1.18.1/stm32f4_dev_board/stm32f4_mobile_base_sim/Core/Src/usart.c
2025-09-07 11:12:36,477 [INFO] CodeEngine:265 - oldGeneratedFile, /home/tuna/STM32CubeIDE/workspace_1.18.1/stm32f4_dev_board/stm32f4_mobile_base_sim/Core/Inc/usart.h_save
2025-09-07 11:12:36,520 [INFO] CodeEngine:289 - Generated code: /home/tuna/STM32CubeIDE/workspace_1.18.1/stm32f4_dev_board/stm32f4_mobile_base_sim/Core/Inc/usart.h
2025-09-07 11:12:36,533 [INFO] Middleware:1452 - No code input for Bsp Dependency
2025-09-07 11:12:36,536 [INFO] CodeEngine:265 - oldGeneratedFile, /home/tuna/STM32CubeIDE/workspace_1.18.1/stm32f4_dev_board/stm32f4_mobile_base_sim/USB_DEVICE/App/usb_device.c_save
2025-09-07 11:12:36,589 [INFO] CodeEngine:289 - Generated code: /home/tuna/STM32CubeIDE/workspace_1.18.1/stm32f4_dev_board/stm32f4_mobile_base_sim/USB_DEVICE/App/usb_device.c
2025-09-07 11:12:36,591 [INFO] CodeEngine:265 - oldGeneratedFile, /home/tuna/STM32CubeIDE/workspace_1.18.1/stm32f4_dev_board/stm32f4_mobile_base_sim/USB_DEVICE/App/usb_device.h_save
2025-09-07 11:12:36,637 [INFO] CodeEngine:289 - Generated code: /home/tuna/STM32CubeIDE/workspace_1.18.1/stm32f4_dev_board/stm32f4_mobile_base_sim/USB_DEVICE/App/usb_device.h
2025-09-07 11:12:36,638 [INFO] CodeEngine:265 - oldGeneratedFile, /home/tuna/STM32CubeIDE/workspace_1.18.1/stm32f4_dev_board/stm32f4_mobile_base_sim/USB_DEVICE/Target/usbd_conf.h_save
2025-09-07 11:12:36,682 [INFO] CodeEngine:289 - Generated code: /home/tuna/STM32CubeIDE/workspace_1.18.1/stm32f4_dev_board/stm32f4_mobile_base_sim/USB_DEVICE/Target/usbd_conf.h
2025-09-07 11:12:36,683 [INFO] CodeEngine:265 - oldGeneratedFile, /home/tuna/STM32CubeIDE/workspace_1.18.1/stm32f4_dev_board/stm32f4_mobile_base_sim/USB_DEVICE/Target/usbd_conf.c_save
2025-09-07 11:12:36,733 [INFO] CodeEngine:289 - Generated code: /home/tuna/STM32CubeIDE/workspace_1.18.1/stm32f4_dev_board/stm32f4_mobile_base_sim/USB_DEVICE/Target/usbd_conf.c
2025-09-07 11:12:36,734 [INFO] CodeEngine:265 - oldGeneratedFile, /home/tuna/STM32CubeIDE/workspace_1.18.1/stm32f4_dev_board/stm32f4_mobile_base_sim/USB_DEVICE/App/usbd_desc.h_save
2025-09-07 11:12:36,776 [INFO] CodeEngine:289 - Generated code: /home/tuna/STM32CubeIDE/workspace_1.18.1/stm32f4_dev_board/stm32f4_mobile_base_sim/USB_DEVICE/App/usbd_desc.h
2025-09-07 11:12:36,778 [INFO] CodeEngine:265 - oldGeneratedFile, /home/tuna/STM32CubeIDE/workspace_1.18.1/stm32f4_dev_board/stm32f4_mobile_base_sim/USB_DEVICE/App/usbd_desc.c_save
2025-09-07 11:12:36,825 [INFO] CodeEngine:289 - Generated code: /home/tuna/STM32CubeIDE/workspace_1.18.1/stm32f4_dev_board/stm32f4_mobile_base_sim/USB_DEVICE/App/usbd_desc.c
2025-09-07 11:12:36,827 [INFO] CodeEngine:265 - oldGeneratedFile, /home/tuna/STM32CubeIDE/workspace_1.18.1/stm32f4_dev_board/stm32f4_mobile_base_sim/USB_DEVICE/App/usbd_cdc_if.h_save
2025-09-07 11:12:36,870 [INFO] CodeEngine:289 - Generated code: /home/tuna/STM32CubeIDE/workspace_1.18.1/stm32f4_dev_board/stm32f4_mobile_base_sim/USB_DEVICE/App/usbd_cdc_if.h
2025-09-07 11:12:36,872 [INFO] CodeEngine:265 - oldGeneratedFile, /home/tuna/STM32CubeIDE/workspace_1.18.1/stm32f4_dev_board/stm32f4_mobile_base_sim/USB_DEVICE/App/usbd_cdc_if.c_save
2025-09-07 11:12:36,924 [INFO] CodeEngine:289 - Generated code: /home/tuna/STM32CubeIDE/workspace_1.18.1/stm32f4_dev_board/stm32f4_mobile_base_sim/USB_DEVICE/App/usbd_cdc_if.c
2025-09-07 11:12:36,930 [INFO] CodeEngine:265 - oldGeneratedFile, /home/tuna/STM32CubeIDE/workspace_1.18.1/stm32f4_dev_board/stm32f4_mobile_base_sim/Core/Src/stm32f4xx_it.c_save
2025-09-07 11:12:37,073 [INFO] CodeEngine:289 - Generated code: /home/tuna/STM32CubeIDE/workspace_1.18.1/stm32f4_dev_board/stm32f4_mobile_base_sim/Core/Src/stm32f4xx_it.c
2025-09-07 11:12:37,075 [INFO] CodeEngine:265 - oldGeneratedFile, /home/tuna/STM32CubeIDE/workspace_1.18.1/stm32f4_dev_board/stm32f4_mobile_base_sim/Core/Inc/stm32f4xx_it.h_save
2025-09-07 11:12:37,119 [INFO] CodeEngine:289 - Generated code: /home/tuna/STM32CubeIDE/workspace_1.18.1/stm32f4_dev_board/stm32f4_mobile_base_sim/Core/Inc/stm32f4xx_it.h
2025-09-07 11:12:37,130 [INFO] CodeEngine:265 - oldGeneratedFile, /home/tuna/STM32CubeIDE/workspace_1.18.1/stm32f4_dev_board/stm32f4_mobile_base_sim/Core/Src/stm32f4xx_hal_msp.c_save
2025-09-07 11:12:37,192 [INFO] CodeEngine:289 - Generated code: /home/tuna/STM32CubeIDE/workspace_1.18.1/stm32f4_dev_board/stm32f4_mobile_base_sim/Core/Src/stm32f4xx_hal_msp.c
2025-09-07 11:12:37,193 [INFO] CodeEngine:265 - oldGeneratedFile, /home/tuna/STM32CubeIDE/workspace_1.18.1/stm32f4_dev_board/stm32f4_mobile_base_sim/MXTmpFiles/system.tmp_save
2025-09-07 11:12:37,233 [INFO] CodeEngine:289 - Generated code: /home/tuna/STM32CubeIDE/workspace_1.18.1/stm32f4_dev_board/stm32f4_mobile_base_sim/MXTmpFiles/system.tmp
2025-09-07 11:12:37,236 [INFO] CodeEngine:321 - oldGeneratedFile, /home/tuna/STM32CubeIDE/workspace_1.18.1/stm32f4_dev_board/stm32f4_mobile_base_sim/Core/Inc/stm32f4xx_hal_conf.h_save
2025-09-07 11:12:37,282 [INFO] CodeEngine:345 - Generated code: /home/tuna/STM32CubeIDE/workspace_1.18.1/stm32f4_dev_board/stm32f4_mobile_base_sim/Core/Inc/stm32f4xx_hal_conf.h
2025-09-07 11:12:37,296 [INFO] ApiDbMcu:532 - Load IP Config File for UART4
2025-09-07 11:12:37,300 [INFO] CodeEngine:265 - oldGeneratedFile, /home/tuna/STM32CubeIDE/workspace_1.18.1/stm32f4_dev_board/stm32f4_mobile_base_sim/Core/Inc/main.h_save
2025-09-07 11:12:37,361 [INFO] CodeEngine:289 - Generated code: /home/tuna/STM32CubeIDE/workspace_1.18.1/stm32f4_dev_board/stm32f4_mobile_base_sim/Core/Inc/main.h
2025-09-07 11:12:37,362 [INFO] CodeEngine:265 - oldGeneratedFile, /home/tuna/STM32CubeIDE/workspace_1.18.1/stm32f4_dev_board/stm32f4_mobile_base_sim/Core/Src/main.c_save
2025-09-07 11:12:37,427 [INFO] CodeEngine:289 - Generated code: /home/tuna/STM32CubeIDE/workspace_1.18.1/stm32f4_dev_board/stm32f4_mobile_base_sim/Core/Src/main.c
2025-09-07 11:12:37,590 [INFO] ProjectBuilder:3606 - Time for Copy HAL[1] : 28mS.
2025-09-07 11:12:37,592 [INFO] ProjectBuilder:5216 - Project Generator version: 4.7.0-B52
2025-09-07 11:12:37,656 [INFO] ConfigFileManager:1595 - The Die is : DIE413
2025-09-07 11:12:38,199 [INFO] ProjectBuilder:5496 - Time for Generating toolchain IDE Files: 607mS.
2025-09-07 11:12:38,200 [INFO] ProjectBuilder:3463 - Time for Copy CMSIS : 0mS.
2025-09-07 11:12:38,202 [INFO] ProjectBuilder:3463 - Time for Copy CMSIS : 0mS.
2025-09-07 12:02:39,238 [WARN] IP:2250 - DEVICE_SERIAL0_CDC_FS not found: check if there is a RefParameter without a condition.
2025-09-07 12:02:39,239 [WARN] IP:2250 - DEVICE_SERIAL1_CDC_FS not found: check if there is a RefParameter without a condition.
2025-09-07 12:02:39,240 [WARN] IP:2250 - DEVICE_SERIAL2_CDC_FS not found: check if there is a RefParameter without a condition.
2025-09-07 12:02:39,241 [WARN] IP:2250 - DEVICE_SERIAL0_CDC_FS not found: check if there is a RefParameter without a condition.
2025-09-07 12:02:39,241 [WARN] IP:2250 - DEVICE_SERIAL1_CDC_FS not found: check if there is a RefParameter without a condition.
2025-09-07 12:02:39,241 [WARN] IP:2250 - DEVICE_SERIAL2_CDC_FS not found: check if there is a RefParameter without a condition.
2025-09-07 12:02:39,324 [WARN] IP:2250 - I2C_Coeff_DF not found: check if there is a RefParameter without a condition.
2025-09-07 12:02:39,324 [WARN] IP:2250 - Analog_Filter not found: check if there is a RefParameter without a condition.
2025-09-07 12:02:39,325 [WARN] IP:2250 - I2C_Coeff_DF not found: check if there is a RefParameter without a condition.
2025-09-07 12:02:39,325 [WARN] IP:2250 - Analog_Filter not found: check if there is a RefParameter without a condition.
2025-09-07 12:03:05,604 [WARN] IP:2250 - DEVICE_SERIAL0_CDC_FS not found: check if there is a RefParameter without a condition.
2025-09-07 12:03:05,605 [WARN] IP:2250 - DEVICE_SERIAL1_CDC_FS not found: check if there is a RefParameter without a condition.
2025-09-07 12:03:05,605 [WARN] IP:2250 - DEVICE_SERIAL2_CDC_FS not found: check if there is a RefParameter without a condition.
2025-09-07 12:03:05,606 [WARN] IP:2250 - DEVICE_SERIAL0_CDC_FS not found: check if there is a RefParameter without a condition.
2025-09-07 12:03:05,607 [WARN] IP:2250 - DEVICE_SERIAL1_CDC_FS not found: check if there is a RefParameter without a condition.
2025-09-07 12:03:05,607 [WARN] IP:2250 - DEVICE_SERIAL2_CDC_FS not found: check if there is a RefParameter without a condition.
2025-09-07 12:03:05,665 [WARN] IP:2250 - I2C_Coeff_DF not found: check if there is a RefParameter without a condition.
2025-09-07 12:03:05,665 [WARN] IP:2250 - Analog_Filter not found: check if there is a RefParameter without a condition.
2025-09-07 12:03:05,665 [WARN] IP:2250 - I2C_Coeff_DF not found: check if there is a RefParameter without a condition.
2025-09-07 12:03:05,665 [WARN] IP:2250 - Analog_Filter not found: check if there is a RefParameter without a condition.
2025-09-07 12:03:16,699 [INFO] Gpio:278 - dependency for GPIO [ADC1, FSMC, I2C2, RCC, UART4, USB_OTG_FS]
2025-09-07 12:03:20,906 [INFO] DmaTabbedPanel:205 - Cannot restore the selected Tab for DMA
2025-09-07 12:04:04,877 [INFO] Gpio:278 - dependency for GPIO [ADC1, FSMC, I2C2, RCC, UART4, USB_OTG_FS]
2025-09-07 12:04:07,169 [INFO] DmaTabbedPanel:205 - Cannot restore the selected Tab for DMA
2025-09-07 12:04:57,403 [INFO] Gpio:278 - dependency for GPIO [ADC1, FSMC, I2C2, RCC, UART4, USB_OTG_FS]
2025-09-07 12:05:04,485 [INFO] DmaTabbedPanel:205 - Cannot restore the selected Tab for DMA
2025-09-07 12:05:06,959 [INFO] Gpio:278 - dependency for GPIO [ADC1, FSMC, I2C2, RCC, UART4, USB_OTG_FS]
2025-09-07 12:19:48,142 [INFO] Gpio:278 - dependency for GPIO [ADC1, FSMC, I2C2, RCC, UART4, USB_OTG_FS]
2025-09-07 12:19:55,478 [INFO] DmaTabbedPanel:205 - Cannot restore the selected Tab for DMA
2025-09-07 12:20:45,487 [INFO] RtosManager:1018 - Current active RTOS is FREERTOS [Cortex-M4NS]
2025-09-07 12:20:46,036 [ERROR] RtosPanel:558 - Can not restore the selected Tab for FREERTOS(A reason can be that the tab is no more available.)
2025-09-07 12:20:46,078 [ERROR] RtosPanel:558 - Can not restore the selected Tab for FREERTOS(A reason can be that the tab is no more available.)
2025-09-07 12:22:29,106 [INFO] UtilMem:75 - End SaveConfig() Used Memory: 546924104 Bytes (884998144)
2025-09-07 12:22:30,851 [INFO] UtilMem:75 - End SaveConfig() Used Memory: 606692936 Bytes (884998144)
2025-09-07 12:22:54,332 [INFO] BlockDiagram:2775 - set Specific Code input for plugin: FSMC
2025-09-07 12:22:54,332 [INFO] BlockDiagram:2775 - set Specific Code input for plugin: FREERTOS
2025-09-07 12:22:54,332 [INFO] BlockDiagram:2775 - set Specific Code input for plugin: USB_DEVICE
2025-09-07 12:22:54,332 [INFO] BlockDiagram:2775 - set Specific Code input for plugin: SYS
2025-09-07 12:22:54,332 [INFO] BlockDiagram:2775 - set Specific Code input for plugin: ADC
2025-09-07 12:22:54,332 [INFO] BlockDiagram:2775 - set Specific Code input for plugin: RCC
2025-09-07 12:22:54,332 [INFO] BlockDiagram:2775 - set Specific Code input for plugin: I2C
2025-09-07 12:22:54,332 [INFO] BlockDiagram:2775 - set Specific Code input for plugin: USB_OTG_FS
2025-09-07 12:22:54,332 [INFO] BlockDiagram:2775 - set Specific Code input for plugin: NVIC
2025-09-07 12:22:54,332 [INFO] BlockDiagram:2775 - set Specific Code input for plugin: UART
2025-09-07 12:22:54,333 [INFO] BlockDiagram:2775 - set Specific Code input for plugin: GPIO
2025-09-07 12:22:54,335 [INFO] CodeGenerator:892 - code generatio: config db path: /home/tuna/st/stm32cubeide_1.18.1/plugins/com.st.stm32cube.common.mx_6.15.0.202507011659//db/
2025-09-07 12:22:54,349 [WARN] IP:2250 - I2C_Coeff_DF not found: check if there is a RefParameter without a condition.
2025-09-07 12:22:54,349 [WARN] IP:2250 - Analog_Filter not found: check if there is a RefParameter without a condition.
2025-09-07 12:22:54,371 [WARN] IP:2250 - DEVICE_SERIAL0_CDC_FS not found: check if there is a RefParameter without a condition.
2025-09-07 12:22:54,372 [WARN] IP:2250 - DEVICE_SERIAL1_CDC_FS not found: check if there is a RefParameter without a condition.
2025-09-07 12:22:54,372 [WARN] IP:2250 - DEVICE_SERIAL2_CDC_FS not found: check if there is a RefParameter without a condition.
2025-09-07 12:22:54,462 [INFO] CodeEngine:265 - oldGeneratedFile, /home/tuna/STM32CubeIDE/workspace_1.18.1/stm32f4_dev_board/stm32f4_mobile_base_sim/MXTmpFiles/license.tmp_save
2025-09-07 12:22:54,765 [INFO] CodeEngine:289 - Generated code: /home/tuna/STM32CubeIDE/workspace_1.18.1/stm32f4_dev_board/stm32f4_mobile_base_sim/MXTmpFiles/license.tmp
2025-09-07 12:22:54,816 [INFO] CodeEngine:265 - oldGeneratedFile, /home/tuna/STM32CubeIDE/workspace_1.18.1/stm32f4_dev_board/stm32f4_mobile_base_sim/Core/Src/gpio.c_save
2025-09-07 12:22:54,900 [INFO] CodeEngine:289 - Generated code: /home/tuna/STM32CubeIDE/workspace_1.18.1/stm32f4_dev_board/stm32f4_mobile_base_sim/Core/Src/gpio.c
2025-09-07 12:22:54,903 [INFO] CodeEngine:265 - oldGeneratedFile, /home/tuna/STM32CubeIDE/workspace_1.18.1/stm32f4_dev_board/stm32f4_mobile_base_sim/Core/Inc/gpio.h_save
2025-09-07 12:22:54,965 [INFO] CodeEngine:289 - Generated code: /home/tuna/STM32CubeIDE/workspace_1.18.1/stm32f4_dev_board/stm32f4_mobile_base_sim/Core/Inc/gpio.h
2025-09-07 12:22:55,022 [WARN] IPConfigManager:3238 - Warning: the RefConfig PWREx_EnableUSBVoltageDetector is not available in your config.xml file
2025-09-07 12:22:55,029 [INFO] CodeEngine:265 - oldGeneratedFile, /home/tuna/STM32CubeIDE/workspace_1.18.1/stm32f4_dev_board/stm32f4_mobile_base_sim/MXTmpFiles/usb_otg_fs_vars.tmp_save
2025-09-07 12:22:55,110 [INFO] CodeEngine:289 - Generated code: /home/tuna/STM32CubeIDE/workspace_1.18.1/stm32f4_dev_board/stm32f4_mobile_base_sim/MXTmpFiles/usb_otg_fs_vars.tmp
2025-09-07 12:22:55,112 [INFO] CodeEngine:265 - oldGeneratedFile, /home/tuna/STM32CubeIDE/workspace_1.18.1/stm32f4_dev_board/stm32f4_mobile_base_sim/MXTmpFiles/usb_otg_fs_inc.tmp_save
2025-09-07 12:22:55,173 [INFO] CodeEngine:289 - Generated code: /home/tuna/STM32CubeIDE/workspace_1.18.1/stm32f4_dev_board/stm32f4_mobile_base_sim/MXTmpFiles/usb_otg_fs_inc.tmp
2025-09-07 12:22:55,175 [INFO] CodeEngine:265 - oldGeneratedFile, /home/tuna/STM32CubeIDE/workspace_1.18.1/stm32f4_dev_board/stm32f4_mobile_base_sim/MXTmpFiles/usb_otg_fs_HalInit.tmp_save
2025-09-07 12:22:55,246 [INFO] CodeEngine:289 - Generated code: /home/tuna/STM32CubeIDE/workspace_1.18.1/stm32f4_dev_board/stm32f4_mobile_base_sim/MXTmpFiles/usb_otg_fs_HalInit.tmp
2025-09-07 12:22:55,247 [INFO] CodeEngine:265 - oldGeneratedFile, /home/tuna/STM32CubeIDE/workspace_1.18.1/stm32f4_dev_board/stm32f4_mobile_base_sim/MXTmpFiles/usb_otg_fs_Msp.tmp_save
2025-09-07 12:22:55,305 [INFO] CodeEngine:289 - Generated code: /home/tuna/STM32CubeIDE/workspace_1.18.1/stm32f4_dev_board/stm32f4_mobile_base_sim/MXTmpFiles/usb_otg_fs_Msp.tmp
2025-09-07 12:22:55,492 [INFO] Middleware:1452 - No code input for Bsp Dependency
2025-09-07 12:22:55,495 [INFO] CodeEngine:265 - oldGeneratedFile, /home/tuna/STM32CubeIDE/workspace_1.18.1/stm32f4_dev_board/stm32f4_mobile_base_sim/MXTmpFiles/rtos_inc.tmp_save
2025-09-07 12:22:55,541 [INFO] CodeEngine:289 - Generated code: /home/tuna/STM32CubeIDE/workspace_1.18.1/stm32f4_dev_board/stm32f4_mobile_base_sim/MXTmpFiles/rtos_inc.tmp
2025-09-07 12:22:55,543 [INFO] CodeEngine:265 - oldGeneratedFile, /home/tuna/STM32CubeIDE/workspace_1.18.1/stm32f4_dev_board/stm32f4_mobile_base_sim/MXTmpFiles/rtos_vars.tmp_save
2025-09-07 12:22:55,585 [INFO] CodeEngine:289 - Generated code: /home/tuna/STM32CubeIDE/workspace_1.18.1/stm32f4_dev_board/stm32f4_mobile_base_sim/MXTmpFiles/rtos_vars.tmp
2025-09-07 12:22:55,586 [INFO] CodeEngine:265 - oldGeneratedFile, /home/tuna/STM32CubeIDE/workspace_1.18.1/stm32f4_dev_board/stm32f4_mobile_base_sim/MXTmpFiles/rtos_pfp.tmp_save
2025-09-07 12:22:55,630 [INFO] CodeEngine:289 - Generated code: /home/tuna/STM32CubeIDE/workspace_1.18.1/stm32f4_dev_board/stm32f4_mobile_base_sim/MXTmpFiles/rtos_pfp.tmp
2025-09-07 12:22:55,632 [INFO] CodeEngine:265 - oldGeneratedFile, /home/tuna/STM32CubeIDE/workspace_1.18.1/stm32f4_dev_board/stm32f4_mobile_base_sim/MXTmpFiles/rtos_obj_creat.tmp_save
2025-09-07 12:22:55,675 [INFO] CodeEngine:289 - Generated code: /home/tuna/STM32CubeIDE/workspace_1.18.1/stm32f4_dev_board/stm32f4_mobile_base_sim/MXTmpFiles/rtos_obj_creat.tmp
2025-09-07 12:22:55,676 [INFO] CodeEngine:265 - oldGeneratedFile, /home/tuna/STM32CubeIDE/workspace_1.18.1/stm32f4_dev_board/stm32f4_mobile_base_sim/MXTmpFiles/rtos_kernelStart.tmp_save
2025-09-07 12:22:55,716 [INFO] CodeEngine:289 - Generated code: /home/tuna/STM32CubeIDE/workspace_1.18.1/stm32f4_dev_board/stm32f4_mobile_base_sim/MXTmpFiles/rtos_kernelStart.tmp
2025-09-07 12:22:55,718 [INFO] CodeEngine:265 - oldGeneratedFile, /home/tuna/STM32CubeIDE/workspace_1.18.1/stm32f4_dev_board/stm32f4_mobile_base_sim/MXTmpFiles/rtos_default_thread.tmp_save
2025-09-07 12:22:55,759 [INFO] CodeEngine:289 - Generated code: /home/tuna/STM32CubeIDE/workspace_1.18.1/stm32f4_dev_board/stm32f4_mobile_base_sim/MXTmpFiles/rtos_default_thread.tmp
2025-09-07 12:22:55,760 [INFO] CodeEngine:265 - oldGeneratedFile, /home/tuna/STM32CubeIDE/workspace_1.18.1/stm32f4_dev_board/stm32f4_mobile_base_sim/MXTmpFiles/rtos_threads.tmp_save
2025-09-07 12:22:55,801 [INFO] CodeEngine:289 - Generated code: /home/tuna/STM32CubeIDE/workspace_1.18.1/stm32f4_dev_board/stm32f4_mobile_base_sim/MXTmpFiles/rtos_threads.tmp
2025-09-07 12:22:55,817 [INFO] Middleware:1452 - No code input for Bsp Dependency
2025-09-07 12:22:55,824 [INFO] Middleware:1452 - No code input for Bsp Dependency
2025-09-07 12:22:55,827 [INFO] CodeEngine:265 - oldGeneratedFile, /home/tuna/STM32CubeIDE/workspace_1.18.1/stm32f4_dev_board/stm32f4_mobile_base_sim/MXTmpFiles/rtos_inc.tmp_save
2025-09-07 12:22:55,870 [INFO] CodeEngine:289 - Generated code: /home/tuna/STM32CubeIDE/workspace_1.18.1/stm32f4_dev_board/stm32f4_mobile_base_sim/MXTmpFiles/rtos_inc.tmp
2025-09-07 12:22:55,871 [INFO] CodeEngine:265 - oldGeneratedFile, /home/tuna/STM32CubeIDE/workspace_1.18.1/stm32f4_dev_board/stm32f4_mobile_base_sim/MXTmpFiles/rtos_vars.tmp_save
2025-09-07 12:22:55,916 [INFO] CodeEngine:289 - Generated code: /home/tuna/STM32CubeIDE/workspace_1.18.1/stm32f4_dev_board/stm32f4_mobile_base_sim/MXTmpFiles/rtos_vars.tmp
2025-09-07 12:22:55,917 [INFO] CodeEngine:265 - oldGeneratedFile, /home/tuna/STM32CubeIDE/workspace_1.18.1/stm32f4_dev_board/stm32f4_mobile_base_sim/MXTmpFiles/rtos_pfp.tmp_save
2025-09-07 12:22:55,965 [INFO] CodeEngine:289 - Generated code: /home/tuna/STM32CubeIDE/workspace_1.18.1/stm32f4_dev_board/stm32f4_mobile_base_sim/MXTmpFiles/rtos_pfp.tmp
2025-09-07 12:22:55,966 [INFO] CodeEngine:265 - oldGeneratedFile, /home/tuna/STM32CubeIDE/workspace_1.18.1/stm32f4_dev_board/stm32f4_mobile_base_sim/MXTmpFiles/rtos_obj_creat.tmp_save
2025-09-07 12:22:56,009 [INFO] CodeEngine:289 - Generated code: /home/tuna/STM32CubeIDE/workspace_1.18.1/stm32f4_dev_board/stm32f4_mobile_base_sim/MXTmpFiles/rtos_obj_creat.tmp
2025-09-07 12:22:56,010 [INFO] CodeEngine:265 - oldGeneratedFile, /home/tuna/STM32CubeIDE/workspace_1.18.1/stm32f4_dev_board/stm32f4_mobile_base_sim/MXTmpFiles/rtos_kernelStart.tmp_save
2025-09-07 12:22:56,047 [INFO] CodeEngine:289 - Generated code: /home/tuna/STM32CubeIDE/workspace_1.18.1/stm32f4_dev_board/stm32f4_mobile_base_sim/MXTmpFiles/rtos_kernelStart.tmp
2025-09-07 12:22:56,048 [INFO] CodeEngine:265 - oldGeneratedFile, /home/tuna/STM32CubeIDE/workspace_1.18.1/stm32f4_dev_board/stm32f4_mobile_base_sim/MXTmpFiles/rtos_default_thread.tmp_save
2025-09-07 12:22:56,087 [INFO] CodeEngine:289 - Generated code: /home/tuna/STM32CubeIDE/workspace_1.18.1/stm32f4_dev_board/stm32f4_mobile_base_sim/MXTmpFiles/rtos_default_thread.tmp
2025-09-07 12:22:56,087 [INFO] CodeEngine:265 - oldGeneratedFile, /home/tuna/STM32CubeIDE/workspace_1.18.1/stm32f4_dev_board/stm32f4_mobile_base_sim/MXTmpFiles/rtos_threads.tmp_save
2025-09-07 12:22:56,125 [INFO] CodeEngine:289 - Generated code: /home/tuna/STM32CubeIDE/workspace_1.18.1/stm32f4_dev_board/stm32f4_mobile_base_sim/MXTmpFiles/rtos_threads.tmp
2025-09-07 12:22:56,126 [INFO] CodeEngine:265 - oldGeneratedFile, /home/tuna/STM32CubeIDE/workspace_1.18.1/stm32f4_dev_board/stm32f4_mobile_base_sim/Core/Inc/FreeRTOSConfig.h_save
2025-09-07 12:22:56,174 [INFO] CodeEngine:289 - Generated code: /home/tuna/STM32CubeIDE/workspace_1.18.1/stm32f4_dev_board/stm32f4_mobile_base_sim/Core/Inc/FreeRTOSConfig.h
2025-09-07 12:22:56,175 [INFO] CodeEngine:265 - oldGeneratedFile, /home/tuna/STM32CubeIDE/workspace_1.18.1/stm32f4_dev_board/stm32f4_mobile_base_sim/Core/Src/freertos.c_save
2025-09-07 12:22:56,220 [INFO] CodeEngine:289 - Generated code: /home/tuna/STM32CubeIDE/workspace_1.18.1/stm32f4_dev_board/stm32f4_mobile_base_sim/Core/Src/freertos.c
2025-09-07 12:22:56,224 [INFO] CodeEngine:265 - oldGeneratedFile, /home/tuna/STM32CubeIDE/workspace_1.18.1/stm32f4_dev_board/stm32f4_mobile_base_sim/Core/Src/adc.c_save
2025-09-07 12:22:56,287 [INFO] CodeEngine:289 - Generated code: /home/tuna/STM32CubeIDE/workspace_1.18.1/stm32f4_dev_board/stm32f4_mobile_base_sim/Core/Src/adc.c
2025-09-07 12:22:56,289 [INFO] CodeEngine:265 - oldGeneratedFile, /home/tuna/STM32CubeIDE/workspace_1.18.1/stm32f4_dev_board/stm32f4_mobile_base_sim/Core/Inc/adc.h_save
2025-09-07 12:22:56,332 [INFO] CodeEngine:289 - Generated code: /home/tuna/STM32CubeIDE/workspace_1.18.1/stm32f4_dev_board/stm32f4_mobile_base_sim/Core/Inc/adc.h
2025-09-07 12:22:56,334 [INFO] CodeEngine:265 - oldGeneratedFile, /home/tuna/STM32CubeIDE/workspace_1.18.1/stm32f4_dev_board/stm32f4_mobile_base_sim/Core/Src/fsmc.c_save
2025-09-07 12:22:56,384 [INFO] CodeEngine:289 - Generated code: /home/tuna/STM32CubeIDE/workspace_1.18.1/stm32f4_dev_board/stm32f4_mobile_base_sim/Core/Src/fsmc.c
2025-09-07 12:22:56,385 [INFO] CodeEngine:265 - oldGeneratedFile, /home/tuna/STM32CubeIDE/workspace_1.18.1/stm32f4_dev_board/stm32f4_mobile_base_sim/Core/Inc/fsmc.h_save
2025-09-07 12:22:56,425 [INFO] CodeEngine:289 - Generated code: /home/tuna/STM32CubeIDE/workspace_1.18.1/stm32f4_dev_board/stm32f4_mobile_base_sim/Core/Inc/fsmc.h
2025-09-07 12:22:56,428 [INFO] CodeEngine:265 - oldGeneratedFile, /home/tuna/STM32CubeIDE/workspace_1.18.1/stm32f4_dev_board/stm32f4_mobile_base_sim/Core/Src/i2c.c_save
2025-09-07 12:22:56,483 [INFO] CodeEngine:289 - Generated code: /home/tuna/STM32CubeIDE/workspace_1.18.1/stm32f4_dev_board/stm32f4_mobile_base_sim/Core/Src/i2c.c
2025-09-07 12:22:56,484 [INFO] CodeEngine:265 - oldGeneratedFile, /home/tuna/STM32CubeIDE/workspace_1.18.1/stm32f4_dev_board/stm32f4_mobile_base_sim/Core/Inc/i2c.h_save
2025-09-07 12:22:56,524 [INFO] CodeEngine:289 - Generated code: /home/tuna/STM32CubeIDE/workspace_1.18.1/stm32f4_dev_board/stm32f4_mobile_base_sim/Core/Inc/i2c.h
2025-09-07 12:22:56,527 [INFO] CodeEngine:265 - oldGeneratedFile, /home/tuna/STM32CubeIDE/workspace_1.18.1/stm32f4_dev_board/stm32f4_mobile_base_sim/Core/Src/usart.c_save
2025-09-07 12:22:56,582 [INFO] CodeEngine:289 - Generated code: /home/tuna/STM32CubeIDE/workspace_1.18.1/stm32f4_dev_board/stm32f4_mobile_base_sim/Core/Src/usart.c
2025-09-07 12:22:56,583 [INFO] CodeEngine:265 - oldGeneratedFile, /home/tuna/STM32CubeIDE/workspace_1.18.1/stm32f4_dev_board/stm32f4_mobile_base_sim/Core/Inc/usart.h_save
2025-09-07 12:22:56,624 [INFO] CodeEngine:289 - Generated code: /home/tuna/STM32CubeIDE/workspace_1.18.1/stm32f4_dev_board/stm32f4_mobile_base_sim/Core/Inc/usart.h
2025-09-07 12:22:56,634 [INFO] Middleware:1452 - No code input for Bsp Dependency
2025-09-07 12:22:56,637 [INFO] CodeEngine:265 - oldGeneratedFile, /home/tuna/STM32CubeIDE/workspace_1.18.1/stm32f4_dev_board/stm32f4_mobile_base_sim/USB_DEVICE/App/usb_device.c_save
2025-09-07 12:22:56,679 [INFO] CodeEngine:289 - Generated code: /home/tuna/STM32CubeIDE/workspace_1.18.1/stm32f4_dev_board/stm32f4_mobile_base_sim/USB_DEVICE/App/usb_device.c
2025-09-07 12:22:56,680 [INFO] CodeEngine:265 - oldGeneratedFile, /home/tuna/STM32CubeIDE/workspace_1.18.1/stm32f4_dev_board/stm32f4_mobile_base_sim/USB_DEVICE/App/usb_device.h_save
2025-09-07 12:22:56,721 [INFO] CodeEngine:289 - Generated code: /home/tuna/STM32CubeIDE/workspace_1.18.1/stm32f4_dev_board/stm32f4_mobile_base_sim/USB_DEVICE/App/usb_device.h
2025-09-07 12:22:56,722 [INFO] CodeEngine:265 - oldGeneratedFile, /home/tuna/STM32CubeIDE/workspace_1.18.1/stm32f4_dev_board/stm32f4_mobile_base_sim/USB_DEVICE/Target/usbd_conf.h_save
2025-09-07 12:22:56,763 [INFO] CodeEngine:289 - Generated code: /home/tuna/STM32CubeIDE/workspace_1.18.1/stm32f4_dev_board/stm32f4_mobile_base_sim/USB_DEVICE/Target/usbd_conf.h
2025-09-07 12:22:56,765 [INFO] CodeEngine:265 - oldGeneratedFile, /home/tuna/STM32CubeIDE/workspace_1.18.1/stm32f4_dev_board/stm32f4_mobile_base_sim/USB_DEVICE/Target/usbd_conf.c_save
2025-09-07 12:22:56,813 [INFO] CodeEngine:289 - Generated code: /home/tuna/STM32CubeIDE/workspace_1.18.1/stm32f4_dev_board/stm32f4_mobile_base_sim/USB_DEVICE/Target/usbd_conf.c
2025-09-07 12:22:56,815 [INFO] CodeEngine:265 - oldGeneratedFile, /home/tuna/STM32CubeIDE/workspace_1.18.1/stm32f4_dev_board/stm32f4_mobile_base_sim/USB_DEVICE/App/usbd_desc.h_save
2025-09-07 12:22:56,855 [INFO] CodeEngine:289 - Generated code: /home/tuna/STM32CubeIDE/workspace_1.18.1/stm32f4_dev_board/stm32f4_mobile_base_sim/USB_DEVICE/App/usbd_desc.h
2025-09-07 12:22:56,856 [INFO] CodeEngine:265 - oldGeneratedFile, /home/tuna/STM32CubeIDE/workspace_1.18.1/stm32f4_dev_board/stm32f4_mobile_base_sim/USB_DEVICE/App/usbd_desc.c_save
2025-09-07 12:22:56,898 [INFO] CodeEngine:289 - Generated code: /home/tuna/STM32CubeIDE/workspace_1.18.1/stm32f4_dev_board/stm32f4_mobile_base_sim/USB_DEVICE/App/usbd_desc.c
2025-09-07 12:22:56,899 [INFO] CodeEngine:265 - oldGeneratedFile, /home/tuna/STM32CubeIDE/workspace_1.18.1/stm32f4_dev_board/stm32f4_mobile_base_sim/USB_DEVICE/App/usbd_cdc_if.h_save
2025-09-07 12:22:56,939 [INFO] CodeEngine:289 - Generated code: /home/tuna/STM32CubeIDE/workspace_1.18.1/stm32f4_dev_board/stm32f4_mobile_base_sim/USB_DEVICE/App/usbd_cdc_if.h
2025-09-07 12:22:56,940 [INFO] CodeEngine:265 - oldGeneratedFile, /home/tuna/STM32CubeIDE/workspace_1.18.1/stm32f4_dev_board/stm32f4_mobile_base_sim/USB_DEVICE/App/usbd_cdc_if.c_save
2025-09-07 12:22:56,985 [INFO] CodeEngine:289 - Generated code: /home/tuna/STM32CubeIDE/workspace_1.18.1/stm32f4_dev_board/stm32f4_mobile_base_sim/USB_DEVICE/App/usbd_cdc_if.c
2025-09-07 12:22:56,989 [INFO] CodeEngine:265 - oldGeneratedFile, /home/tuna/STM32CubeIDE/workspace_1.18.1/stm32f4_dev_board/stm32f4_mobile_base_sim/Core/Src/stm32f4xx_it.c_save
2025-09-07 12:22:57,075 [INFO] CodeEngine:289 - Generated code: /home/tuna/STM32CubeIDE/workspace_1.18.1/stm32f4_dev_board/stm32f4_mobile_base_sim/Core/Src/stm32f4xx_it.c
2025-09-07 12:22:57,076 [INFO] CodeEngine:265 - oldGeneratedFile, /home/tuna/STM32CubeIDE/workspace_1.18.1/stm32f4_dev_board/stm32f4_mobile_base_sim/Core/Inc/stm32f4xx_it.h_save
2025-09-07 12:22:57,115 [INFO] CodeEngine:289 - Generated code: /home/tuna/STM32CubeIDE/workspace_1.18.1/stm32f4_dev_board/stm32f4_mobile_base_sim/Core/Inc/stm32f4xx_it.h
2025-09-07 12:22:57,120 [INFO] CodeEngine:265 - oldGeneratedFile, /home/tuna/STM32CubeIDE/workspace_1.18.1/stm32f4_dev_board/stm32f4_mobile_base_sim/Core/Src/stm32f4xx_hal_msp.c_save
2025-09-07 12:22:57,176 [INFO] CodeEngine:289 - Generated code: /home/tuna/STM32CubeIDE/workspace_1.18.1/stm32f4_dev_board/stm32f4_mobile_base_sim/Core/Src/stm32f4xx_hal_msp.c
2025-09-07 12:22:57,177 [INFO] CodeEngine:265 - oldGeneratedFile, /home/tuna/STM32CubeIDE/workspace_1.18.1/stm32f4_dev_board/stm32f4_mobile_base_sim/MXTmpFiles/system.tmp_save
2025-09-07 12:22:57,214 [INFO] CodeEngine:289 - Generated code: /home/tuna/STM32CubeIDE/workspace_1.18.1/stm32f4_dev_board/stm32f4_mobile_base_sim/MXTmpFiles/system.tmp
2025-09-07 12:22:57,216 [INFO] CodeEngine:321 - oldGeneratedFile, /home/tuna/STM32CubeIDE/workspace_1.18.1/stm32f4_dev_board/stm32f4_mobile_base_sim/Core/Inc/stm32f4xx_hal_conf.h_save
2025-09-07 12:22:57,257 [INFO] CodeEngine:345 - Generated code: /home/tuna/STM32CubeIDE/workspace_1.18.1/stm32f4_dev_board/stm32f4_mobile_base_sim/Core/Inc/stm32f4xx_hal_conf.h
2025-09-07 12:22:57,272 [INFO] CodeEngine:265 - oldGeneratedFile, /home/tuna/STM32CubeIDE/workspace_1.18.1/stm32f4_dev_board/stm32f4_mobile_base_sim/Core/Inc/main.h_save
2025-09-07 12:22:57,335 [INFO] CodeEngine:289 - Generated code: /home/tuna/STM32CubeIDE/workspace_1.18.1/stm32f4_dev_board/stm32f4_mobile_base_sim/Core/Inc/main.h
2025-09-07 12:22:57,336 [INFO] CodeEngine:265 - oldGeneratedFile, /home/tuna/STM32CubeIDE/workspace_1.18.1/stm32f4_dev_board/stm32f4_mobile_base_sim/Core/Src/main.c_save
2025-09-07 12:22:57,395 [INFO] CodeEngine:289 - Generated code: /home/tuna/STM32CubeIDE/workspace_1.18.1/stm32f4_dev_board/stm32f4_mobile_base_sim/Core/Src/main.c
2025-09-07 12:22:57,642 [INFO] ProjectBuilder:3606 - Time for Copy HAL[1] : 64mS.
2025-09-07 12:22:57,644 [INFO] ProjectBuilder:5216 - Project Generator version: 4.7.0-B52
2025-09-07 12:22:57,704 [INFO] ConfigFileManager:1595 - The Die is : DIE413
2025-09-07 12:22:58,375 [INFO] ProjectBuilder:5496 - Time for Generating toolchain IDE Files: 730mS.
2025-09-07 12:22:58,375 [INFO] ProjectBuilder:3463 - Time for Copy CMSIS : 0mS.
2025-09-07 12:22:58,377 [INFO] ProjectBuilder:3463 - Time for Copy CMSIS : 1mS.
2025-09-07 12:23:36,647 [INFO] RtosManager:1029 - There is no active RTOS [Cortex-M4NS]
2025-09-07 12:23:40,291 [INFO] UtilMem:75 - End SaveConfig() Used Memory: 424359288 Bytes (884998144)
2025-09-07 12:23:41,854 [INFO] UtilMem:75 - End SaveConfig() Used Memory: 494091640 Bytes (884998144)
2025-09-07 12:23:41,933 [INFO] BlockDiagram:2775 - set Specific Code input for plugin: FSMC
2025-09-07 12:23:41,933 [INFO] BlockDiagram:2775 - set Specific Code input for plugin: USB_DEVICE
2025-09-07 12:23:41,933 [INFO] BlockDiagram:2775 - set Specific Code input for plugin: SYS
2025-09-07 12:23:41,933 [INFO] BlockDiagram:2775 - set Specific Code input for plugin: ADC
2025-09-07 12:23:41,933 [INFO] BlockDiagram:2775 - set Specific Code input for plugin: RCC
2025-09-07 12:23:41,933 [INFO] BlockDiagram:2775 - set Specific Code input for plugin: I2C
2025-09-07 12:23:41,933 [INFO] BlockDiagram:2775 - set Specific Code input for plugin: USB_OTG_FS
2025-09-07 12:23:41,933 [INFO] BlockDiagram:2775 - set Specific Code input for plugin: NVIC
2025-09-07 12:23:41,933 [INFO] BlockDiagram:2775 - set Specific Code input for plugin: UART
2025-09-07 12:23:41,933 [INFO] BlockDiagram:2775 - set Specific Code input for plugin: GPIO
2025-09-07 12:23:41,933 [INFO] CodeGenerator:892 - code generatio: config db path: /home/tuna/st/stm32cubeide_1.18.1/plugins/com.st.stm32cube.common.mx_6.15.0.202507011659//db/
2025-09-07 12:23:41,941 [WARN] IP:2250 - I2C_Coeff_DF not found: check if there is a RefParameter without a condition.
2025-09-07 12:23:41,941 [WARN] IP:2250 - Analog_Filter not found: check if there is a RefParameter without a condition.
2025-09-07 12:23:41,947 [WARN] IP:2250 - DEVICE_SERIAL0_CDC_FS not found: check if there is a RefParameter without a condition.
2025-09-07 12:23:41,947 [WARN] IP:2250 - DEVICE_SERIAL1_CDC_FS not found: check if there is a RefParameter without a condition.
2025-09-07 12:23:41,947 [WARN] IP:2250 - DEVICE_SERIAL2_CDC_FS not found: check if there is a RefParameter without a condition.
2025-09-07 12:23:41,999 [INFO] CodeEngine:265 - oldGeneratedFile, /home/tuna/STM32CubeIDE/workspace_1.18.1/stm32f4_dev_board/stm32f4_mobile_base_sim/MXTmpFiles/license.tmp_save
2025-09-07 12:23:42,040 [INFO] CodeEngine:289 - Generated code: /home/tuna/STM32CubeIDE/workspace_1.18.1/stm32f4_dev_board/stm32f4_mobile_base_sim/MXTmpFiles/license.tmp
2025-09-07 12:23:42,054 [INFO] CodeEngine:265 - oldGeneratedFile, /home/tuna/STM32CubeIDE/workspace_1.18.1/stm32f4_dev_board/stm32f4_mobile_base_sim/Core/Src/gpio.c_save
2025-09-07 12:23:42,100 [INFO] CodeEngine:289 - Generated code: /home/tuna/STM32CubeIDE/workspace_1.18.1/stm32f4_dev_board/stm32f4_mobile_base_sim/Core/Src/gpio.c
2025-09-07 12:23:42,101 [INFO] CodeEngine:265 - oldGeneratedFile, /home/tuna/STM32CubeIDE/workspace_1.18.1/stm32f4_dev_board/stm32f4_mobile_base_sim/Core/Inc/gpio.h_save
2025-09-07 12:23:42,141 [INFO] CodeEngine:289 - Generated code: /home/tuna/STM32CubeIDE/workspace_1.18.1/stm32f4_dev_board/stm32f4_mobile_base_sim/Core/Inc/gpio.h
2025-09-07 12:23:42,171 [WARN] IPConfigManager:3238 - Warning: the RefConfig PWREx_EnableUSBVoltageDetector is not available in your config.xml file
2025-09-07 12:23:42,174 [INFO] CodeEngine:265 - oldGeneratedFile, /home/tuna/STM32CubeIDE/workspace_1.18.1/stm32f4_dev_board/stm32f4_mobile_base_sim/MXTmpFiles/usb_otg_fs_vars.tmp_save
2025-09-07 12:23:42,212 [INFO] CodeEngine:289 - Generated code: /home/tuna/STM32CubeIDE/workspace_1.18.1/stm32f4_dev_board/stm32f4_mobile_base_sim/MXTmpFiles/usb_otg_fs_vars.tmp
2025-09-07 12:23:42,212 [INFO] CodeEngine:265 - oldGeneratedFile, /home/tuna/STM32CubeIDE/workspace_1.18.1/stm32f4_dev_board/stm32f4_mobile_base_sim/MXTmpFiles/usb_otg_fs_inc.tmp_save
2025-09-07 12:23:42,253 [INFO] CodeEngine:289 - Generated code: /home/tuna/STM32CubeIDE/workspace_1.18.1/stm32f4_dev_board/stm32f4_mobile_base_sim/MXTmpFiles/usb_otg_fs_inc.tmp
2025-09-07 12:23:42,254 [INFO] CodeEngine:265 - oldGeneratedFile, /home/tuna/STM32CubeIDE/workspace_1.18.1/stm32f4_dev_board/stm32f4_mobile_base_sim/MXTmpFiles/usb_otg_fs_HalInit.tmp_save
2025-09-07 12:23:42,303 [INFO] CodeEngine:289 - Generated code: /home/tuna/STM32CubeIDE/workspace_1.18.1/stm32f4_dev_board/stm32f4_mobile_base_sim/MXTmpFiles/usb_otg_fs_HalInit.tmp
2025-09-07 12:23:42,304 [INFO] CodeEngine:265 - oldGeneratedFile, /home/tuna/STM32CubeIDE/workspace_1.18.1/stm32f4_dev_board/stm32f4_mobile_base_sim/MXTmpFiles/usb_otg_fs_Msp.tmp_save
2025-09-07 12:23:42,354 [INFO] CodeEngine:289 - Generated code: /home/tuna/STM32CubeIDE/workspace_1.18.1/stm32f4_dev_board/stm32f4_mobile_base_sim/MXTmpFiles/usb_otg_fs_Msp.tmp
2025-09-07 12:23:42,486 [INFO] Middleware:1452 - No code input for Bsp Dependency
2025-09-07 12:23:42,488 [INFO] CodeEngine:265 - oldGeneratedFile, /home/tuna/STM32CubeIDE/workspace_1.18.1/stm32f4_dev_board/stm32f4_mobile_base_sim/Core/Src/adc.c_save
2025-09-07 12:23:42,556 [INFO] CodeEngine:289 - Generated code: /home/tuna/STM32CubeIDE/workspace_1.18.1/stm32f4_dev_board/stm32f4_mobile_base_sim/Core/Src/adc.c
2025-09-07 12:23:42,557 [INFO] CodeEngine:265 - oldGeneratedFile, /home/tuna/STM32CubeIDE/workspace_1.18.1/stm32f4_dev_board/stm32f4_mobile_base_sim/Core/Inc/adc.h_save
2025-09-07 12:23:42,599 [INFO] CodeEngine:289 - Generated code: /home/tuna/STM32CubeIDE/workspace_1.18.1/stm32f4_dev_board/stm32f4_mobile_base_sim/Core/Inc/adc.h
2025-09-07 12:23:42,601 [INFO] CodeEngine:265 - oldGeneratedFile, /home/tuna/STM32CubeIDE/workspace_1.18.1/stm32f4_dev_board/stm32f4_mobile_base_sim/Core/Src/fsmc.c_save
2025-09-07 12:23:42,645 [INFO] CodeEngine:289 - Generated code: /home/tuna/STM32CubeIDE/workspace_1.18.1/stm32f4_dev_board/stm32f4_mobile_base_sim/Core/Src/fsmc.c
2025-09-07 12:23:42,646 [INFO] CodeEngine:265 - oldGeneratedFile, /home/tuna/STM32CubeIDE/workspace_1.18.1/stm32f4_dev_board/stm32f4_mobile_base_sim/Core/Inc/fsmc.h_save
2025-09-07 12:23:42,686 [INFO] CodeEngine:289 - Generated code: /home/tuna/STM32CubeIDE/workspace_1.18.1/stm32f4_dev_board/stm32f4_mobile_base_sim/Core/Inc/fsmc.h
2025-09-07 12:23:42,689 [INFO] CodeEngine:265 - oldGeneratedFile, /home/tuna/STM32CubeIDE/workspace_1.18.1/stm32f4_dev_board/stm32f4_mobile_base_sim/Core/Src/i2c.c_save
2025-09-07 12:23:42,744 [INFO] CodeEngine:289 - Generated code: /home/tuna/STM32CubeIDE/workspace_1.18.1/stm32f4_dev_board/stm32f4_mobile_base_sim/Core/Src/i2c.c
2025-09-07 12:23:42,745 [INFO] CodeEngine:265 - oldGeneratedFile, /home/tuna/STM32CubeIDE/workspace_1.18.1/stm32f4_dev_board/stm32f4_mobile_base_sim/Core/Inc/i2c.h_save
2025-09-07 12:23:42,785 [INFO] CodeEngine:289 - Generated code: /home/tuna/STM32CubeIDE/workspace_1.18.1/stm32f4_dev_board/stm32f4_mobile_base_sim/Core/Inc/i2c.h
2025-09-07 12:23:42,788 [INFO] CodeEngine:265 - oldGeneratedFile, /home/tuna/STM32CubeIDE/workspace_1.18.1/stm32f4_dev_board/stm32f4_mobile_base_sim/Core/Src/usart.c_save
2025-09-07 12:23:42,844 [INFO] CodeEngine:289 - Generated code: /home/tuna/STM32CubeIDE/workspace_1.18.1/stm32f4_dev_board/stm32f4_mobile_base_sim/Core/Src/usart.c
2025-09-07 12:23:42,844 [INFO] CodeEngine:265 - oldGeneratedFile, /home/tuna/STM32CubeIDE/workspace_1.18.1/stm32f4_dev_board/stm32f4_mobile_base_sim/Core/Inc/usart.h_save
2025-09-07 12:23:42,886 [INFO] CodeEngine:289 - Generated code: /home/tuna/STM32CubeIDE/workspace_1.18.1/stm32f4_dev_board/stm32f4_mobile_base_sim/Core/Inc/usart.h
2025-09-07 12:23:42,896 [INFO] Middleware:1452 - No code input for Bsp Dependency
2025-09-07 12:23:42,898 [INFO] CodeEngine:265 - oldGeneratedFile, /home/tuna/STM32CubeIDE/workspace_1.18.1/stm32f4_dev_board/stm32f4_mobile_base_sim/USB_DEVICE/App/usb_device.c_save
2025-09-07 12:23:42,943 [INFO] CodeEngine:289 - Generated code: /home/tuna/STM32CubeIDE/workspace_1.18.1/stm32f4_dev_board/stm32f4_mobile_base_sim/USB_DEVICE/App/usb_device.c
2025-09-07 12:23:42,944 [INFO] CodeEngine:265 - oldGeneratedFile, /home/tuna/STM32CubeIDE/workspace_1.18.1/stm32f4_dev_board/stm32f4_mobile_base_sim/USB_DEVICE/App/usb_device.h_save
2025-09-07 12:23:42,987 [INFO] CodeEngine:289 - Generated code: /home/tuna/STM32CubeIDE/workspace_1.18.1/stm32f4_dev_board/stm32f4_mobile_base_sim/USB_DEVICE/App/usb_device.h
2025-09-07 12:23:42,988 [INFO] CodeEngine:265 - oldGeneratedFile, /home/tuna/STM32CubeIDE/workspace_1.18.1/stm32f4_dev_board/stm32f4_mobile_base_sim/USB_DEVICE/Target/usbd_conf.h_save
2025-09-07 12:23:43,030 [INFO] CodeEngine:289 - Generated code: /home/tuna/STM32CubeIDE/workspace_1.18.1/stm32f4_dev_board/stm32f4_mobile_base_sim/USB_DEVICE/Target/usbd_conf.h
2025-09-07 12:23:43,031 [INFO] CodeEngine:265 - oldGeneratedFile, /home/tuna/STM32CubeIDE/workspace_1.18.1/stm32f4_dev_board/stm32f4_mobile_base_sim/USB_DEVICE/Target/usbd_conf.c_save
2025-09-07 12:23:43,080 [INFO] CodeEngine:289 - Generated code: /home/tuna/STM32CubeIDE/workspace_1.18.1/stm32f4_dev_board/stm32f4_mobile_base_sim/USB_DEVICE/Target/usbd_conf.c
2025-09-07 12:23:43,081 [INFO] CodeEngine:265 - oldGeneratedFile, /home/tuna/STM32CubeIDE/workspace_1.18.1/stm32f4_dev_board/stm32f4_mobile_base_sim/USB_DEVICE/App/usbd_desc.h_save
2025-09-07 12:23:43,119 [INFO] CodeEngine:289 - Generated code: /home/tuna/STM32CubeIDE/workspace_1.18.1/stm32f4_dev_board/stm32f4_mobile_base_sim/USB_DEVICE/App/usbd_desc.h
2025-09-07 12:23:43,119 [INFO] CodeEngine:265 - oldGeneratedFile, /home/tuna/STM32CubeIDE/workspace_1.18.1/stm32f4_dev_board/stm32f4_mobile_base_sim/USB_DEVICE/App/usbd_desc.c_save
2025-09-07 12:23:43,162 [INFO] CodeEngine:289 - Generated code: /home/tuna/STM32CubeIDE/workspace_1.18.1/stm32f4_dev_board/stm32f4_mobile_base_sim/USB_DEVICE/App/usbd_desc.c
2025-09-07 12:23:43,163 [INFO] CodeEngine:265 - oldGeneratedFile, /home/tuna/STM32CubeIDE/workspace_1.18.1/stm32f4_dev_board/stm32f4_mobile_base_sim/USB_DEVICE/App/usbd_cdc_if.h_save
2025-09-07 12:23:43,201 [INFO] CodeEngine:289 - Generated code: /home/tuna/STM32CubeIDE/workspace_1.18.1/stm32f4_dev_board/stm32f4_mobile_base_sim/USB_DEVICE/App/usbd_cdc_if.h
2025-09-07 12:23:43,202 [INFO] CodeEngine:265 - oldGeneratedFile, /home/tuna/STM32CubeIDE/workspace_1.18.1/stm32f4_dev_board/stm32f4_mobile_base_sim/USB_DEVICE/App/usbd_cdc_if.c_save
2025-09-07 12:23:43,248 [INFO] CodeEngine:289 - Generated code: /home/tuna/STM32CubeIDE/workspace_1.18.1/stm32f4_dev_board/stm32f4_mobile_base_sim/USB_DEVICE/App/usbd_cdc_if.c
2025-09-07 12:23:43,252 [INFO] CodeEngine:265 - oldGeneratedFile, /home/tuna/STM32CubeIDE/workspace_1.18.1/stm32f4_dev_board/stm32f4_mobile_base_sim/Core/Src/stm32f4xx_it.c_save
2025-09-07 12:23:43,298 [INFO] CodeEngine:289 - Generated code: /home/tuna/STM32CubeIDE/workspace_1.18.1/stm32f4_dev_board/stm32f4_mobile_base_sim/Core/Src/stm32f4xx_it.c
2025-09-07 12:23:43,299 [INFO] CodeEngine:265 - oldGeneratedFile, /home/tuna/STM32CubeIDE/workspace_1.18.1/stm32f4_dev_board/stm32f4_mobile_base_sim/Core/Inc/stm32f4xx_it.h_save
2025-09-07 12:23:43,337 [INFO] CodeEngine:289 - Generated code: /home/tuna/STM32CubeIDE/workspace_1.18.1/stm32f4_dev_board/stm32f4_mobile_base_sim/Core/Inc/stm32f4xx_it.h
2025-09-07 12:23:43,342 [INFO] CodeEngine:265 - oldGeneratedFile, /home/tuna/STM32CubeIDE/workspace_1.18.1/stm32f4_dev_board/stm32f4_mobile_base_sim/Core/Src/stm32f4xx_hal_msp.c_save
2025-09-07 12:23:43,399 [INFO] CodeEngine:289 - Generated code: /home/tuna/STM32CubeIDE/workspace_1.18.1/stm32f4_dev_board/stm32f4_mobile_base_sim/Core/Src/stm32f4xx_hal_msp.c
2025-09-07 12:23:43,400 [INFO] CodeEngine:265 - oldGeneratedFile, /home/tuna/STM32CubeIDE/workspace_1.18.1/stm32f4_dev_board/stm32f4_mobile_base_sim/MXTmpFiles/system.tmp_save
2025-09-07 12:23:43,438 [INFO] CodeEngine:289 - Generated code: /home/tuna/STM32CubeIDE/workspace_1.18.1/stm32f4_dev_board/stm32f4_mobile_base_sim/MXTmpFiles/system.tmp
2025-09-07 12:23:43,441 [INFO] CodeEngine:321 - oldGeneratedFile, /home/tuna/STM32CubeIDE/workspace_1.18.1/stm32f4_dev_board/stm32f4_mobile_base_sim/Core/Inc/stm32f4xx_hal_conf.h_save
2025-09-07 12:23:43,483 [INFO] CodeEngine:345 - Generated code: /home/tuna/STM32CubeIDE/workspace_1.18.1/stm32f4_dev_board/stm32f4_mobile_base_sim/Core/Inc/stm32f4xx_hal_conf.h
2025-09-07 12:23:43,493 [INFO] CodeEngine:265 - oldGeneratedFile, /home/tuna/STM32CubeIDE/workspace_1.18.1/stm32f4_dev_board/stm32f4_mobile_base_sim/Core/Inc/main.h_save
2025-09-07 12:23:43,537 [INFO] CodeEngine:289 - Generated code: /home/tuna/STM32CubeIDE/workspace_1.18.1/stm32f4_dev_board/stm32f4_mobile_base_sim/Core/Inc/main.h
2025-09-07 12:23:43,537 [INFO] CodeEngine:265 - oldGeneratedFile, /home/tuna/STM32CubeIDE/workspace_1.18.1/stm32f4_dev_board/stm32f4_mobile_base_sim/Core/Src/main.c_save
2025-09-07 12:23:43,593 [INFO] CodeEngine:289 - Generated code: /home/tuna/STM32CubeIDE/workspace_1.18.1/stm32f4_dev_board/stm32f4_mobile_base_sim/Core/Src/main.c
2025-09-07 12:23:43,798 [INFO] ProjectBuilder:4221 - Deleted empty folder: /home/tuna/STM32CubeIDE/workspace_1.18.1/stm32f4_dev_board/stm32f4_mobile_base_sim/Middlewares/Third_Party/FreeRTOS/Source/include
2025-09-07 12:23:43,798 [INFO] ProjectBuilder:4221 - Deleted empty folder: /home/tuna/STM32CubeIDE/workspace_1.18.1/stm32f4_dev_board/stm32f4_mobile_base_sim/Middlewares/Third_Party/FreeRTOS/Source/CMSIS_RTOS
2025-09-07 12:23:43,799 [INFO] ProjectBuilder:4221 - Deleted empty folder: /home/tuna/STM32CubeIDE/workspace_1.18.1/stm32f4_dev_board/stm32f4_mobile_base_sim/Middlewares/Third_Party/FreeRTOS/Source/portable/GCC/ARM_CM4F
2025-09-07 12:23:43,799 [INFO] ProjectBuilder:4221 - Deleted empty folder: /home/tuna/STM32CubeIDE/workspace_1.18.1/stm32f4_dev_board/stm32f4_mobile_base_sim/Middlewares/Third_Party/FreeRTOS/Source/portable/GCC
2025-09-07 12:23:43,799 [INFO] ProjectBuilder:4221 - Deleted empty folder: /home/tuna/STM32CubeIDE/workspace_1.18.1/stm32f4_dev_board/stm32f4_mobile_base_sim/Middlewares/Third_Party/FreeRTOS/Source/portable/MemMang
2025-09-07 12:23:43,799 [INFO] ProjectBuilder:4221 - Deleted empty folder: /home/tuna/STM32CubeIDE/workspace_1.18.1/stm32f4_dev_board/stm32f4_mobile_base_sim/Middlewares/Third_Party/FreeRTOS/Source/portable
2025-09-07 12:23:43,799 [INFO] ProjectBuilder:3606 - Time for Copy HAL[1] : 31mS.
2025-09-07 12:23:43,801 [INFO] ProjectBuilder:5216 - Project Generator version: 4.7.0-B52
2025-09-07 12:23:43,864 [INFO] ConfigFileManager:1595 - The Die is : DIE413
2025-09-07 12:23:44,338 [INFO] ProjectBuilder:5496 - Time for Generating toolchain IDE Files: 537mS.
2025-09-07 12:23:44,339 [INFO] ProjectBuilder:3463 - Time for Copy CMSIS : 0mS.
2025-09-07 12:23:44,340 [INFO] ProjectBuilder:3463 - Time for Copy CMSIS : 0mS.
2025-09-07 13:04:29,158 [INFO] UtilMem:75 - End SaveConfig() Used Memory: 731370848 Bytes (884998144)
2025-09-07 13:04:31,675 [INFO] UtilMem:75 - End SaveConfig() Used Memory: 345036088 Bytes (884998144)
2025-09-07 13:04:33,319 [INFO] UtilMem:75 - End SaveConfig() Used Memory: 549508408 Bytes (884998144)
2025-09-07 13:04:33,731 [INFO] BlockDiagram:2775 - set Specific Code input for plugin: FSMC
2025-09-07 13:04:33,731 [INFO] BlockDiagram:2775 - set Specific Code input for plugin: USB_DEVICE
2025-09-07 13:04:33,732 [INFO] BlockDiagram:2775 - set Specific Code input for plugin: SYS
2025-09-07 13:04:33,733 [INFO] BlockDiagram:2775 - set Specific Code input for plugin: ADC
2025-09-07 13:04:33,733 [INFO] BlockDiagram:2775 - set Specific Code input for plugin: RCC
2025-09-07 13:04:33,733 [INFO] BlockDiagram:2775 - set Specific Code input for plugin: I2C
2025-09-07 13:04:33,733 [INFO] BlockDiagram:2775 - set Specific Code input for plugin: USB_OTG_FS
2025-09-07 13:04:33,734 [INFO] BlockDiagram:2775 - set Specific Code input for plugin: NVIC
2025-09-07 13:04:33,734 [INFO] BlockDiagram:2775 - set Specific Code input for plugin: UART
2025-09-07 13:04:33,735 [INFO] BlockDiagram:2775 - set Specific Code input for plugin: GPIO
2025-09-07 13:04:33,736 [INFO] CodeGenerator:892 - code generatio: config db path: /home/tuna/st/stm32cubeide_1.18.1/plugins/com.st.stm32cube.common.mx_6.15.0.202507011659//db/
2025-09-07 13:04:33,765 [WARN] IP:2250 - I2C_Coeff_DF not found: check if there is a RefParameter without a condition.
2025-09-07 13:04:33,765 [WARN] IP:2250 - Analog_Filter not found: check if there is a RefParameter without a condition.
2025-09-07 13:04:33,781 [WARN] IP:2250 - DEVICE_SERIAL0_CDC_FS not found: check if there is a RefParameter without a condition.
2025-09-07 13:04:33,782 [WARN] IP:2250 - DEVICE_SERIAL1_CDC_FS not found: check if there is a RefParameter without a condition.
2025-09-07 13:04:33,782 [WARN] IP:2250 - DEVICE_SERIAL2_CDC_FS not found: check if there is a RefParameter without a condition.
2025-09-07 13:04:33,885 [INFO] CodeEngine:265 - oldGeneratedFile, /home/tuna/STM32CubeIDE/workspace_1.18.1/stm32f4_dev_board/stm32f4_mobile_base_sim/MXTmpFiles/license.tmp_save
2025-09-07 13:04:34,189 [INFO] CodeEngine:289 - Generated code: /home/tuna/STM32CubeIDE/workspace_1.18.1/stm32f4_dev_board/stm32f4_mobile_base_sim/MXTmpFiles/license.tmp
2025-09-07 13:04:34,250 [INFO] CodeEngine:265 - oldGeneratedFile, /home/tuna/STM32CubeIDE/workspace_1.18.1/stm32f4_dev_board/stm32f4_mobile_base_sim/Core/Src/gpio.c_save
2025-09-07 13:04:34,383 [INFO] CodeEngine:289 - Generated code: /home/tuna/STM32CubeIDE/workspace_1.18.1/stm32f4_dev_board/stm32f4_mobile_base_sim/Core/Src/gpio.c
2025-09-07 13:04:34,385 [INFO] CodeEngine:265 - oldGeneratedFile, /home/tuna/STM32CubeIDE/workspace_1.18.1/stm32f4_dev_board/stm32f4_mobile_base_sim/Core/Inc/gpio.h_save
2025-09-07 13:04:34,484 [INFO] CodeEngine:289 - Generated code: /home/tuna/STM32CubeIDE/workspace_1.18.1/stm32f4_dev_board/stm32f4_mobile_base_sim/Core/Inc/gpio.h
2025-09-07 13:04:34,563 [WARN] IPConfigManager:3238 - Warning: the RefConfig PWREx_EnableUSBVoltageDetector is not available in your config.xml file
2025-09-07 13:04:34,569 [INFO] CodeEngine:265 - oldGeneratedFile, /home/tuna/STM32CubeIDE/workspace_1.18.1/stm32f4_dev_board/stm32f4_mobile_base_sim/MXTmpFiles/usb_otg_fs_vars.tmp_save
2025-09-07 13:04:34,664 [INFO] CodeEngine:289 - Generated code: /home/tuna/STM32CubeIDE/workspace_1.18.1/stm32f4_dev_board/stm32f4_mobile_base_sim/MXTmpFiles/usb_otg_fs_vars.tmp
2025-09-07 13:04:34,666 [INFO] CodeEngine:265 - oldGeneratedFile, /home/tuna/STM32CubeIDE/workspace_1.18.1/stm32f4_dev_board/stm32f4_mobile_base_sim/MXTmpFiles/usb_otg_fs_inc.tmp_save
2025-09-07 13:04:34,734 [INFO] CodeEngine:289 - Generated code: /home/tuna/STM32CubeIDE/workspace_1.18.1/stm32f4_dev_board/stm32f4_mobile_base_sim/MXTmpFiles/usb_otg_fs_inc.tmp
2025-09-07 13:04:34,737 [INFO] CodeEngine:265 - oldGeneratedFile, /home/tuna/STM32CubeIDE/workspace_1.18.1/stm32f4_dev_board/stm32f4_mobile_base_sim/MXTmpFiles/usb_otg_fs_HalInit.tmp_save
2025-09-07 13:04:34,827 [INFO] CodeEngine:289 - Generated code: /home/tuna/STM32CubeIDE/workspace_1.18.1/stm32f4_dev_board/stm32f4_mobile_base_sim/MXTmpFiles/usb_otg_fs_HalInit.tmp
2025-09-07 13:04:34,829 [INFO] CodeEngine:265 - oldGeneratedFile, /home/tuna/STM32CubeIDE/workspace_1.18.1/stm32f4_dev_board/stm32f4_mobile_base_sim/MXTmpFiles/usb_otg_fs_Msp.tmp_save
2025-09-07 13:04:34,903 [INFO] CodeEngine:289 - Generated code: /home/tuna/STM32CubeIDE/workspace_1.18.1/stm32f4_dev_board/stm32f4_mobile_base_sim/MXTmpFiles/usb_otg_fs_Msp.tmp
2025-09-07 13:04:35,120 [INFO] Middleware:1452 - No code input for Bsp Dependency
2025-09-07 13:04:35,126 [INFO] CodeEngine:265 - oldGeneratedFile, /home/tuna/STM32CubeIDE/workspace_1.18.1/stm32f4_dev_board/stm32f4_mobile_base_sim/Core/Src/adc.c_save
2025-09-07 13:04:35,214 [INFO] CodeEngine:289 - Generated code: /home/tuna/STM32CubeIDE/workspace_1.18.1/stm32f4_dev_board/stm32f4_mobile_base_sim/Core/Src/adc.c
2025-09-07 13:04:35,217 [INFO] CodeEngine:265 - oldGeneratedFile, /home/tuna/STM32CubeIDE/workspace_1.18.1/stm32f4_dev_board/stm32f4_mobile_base_sim/Core/Inc/adc.h_save
2025-09-07 13:04:35,267 [INFO] CodeEngine:289 - Generated code: /home/tuna/STM32CubeIDE/workspace_1.18.1/stm32f4_dev_board/stm32f4_mobile_base_sim/Core/Inc/adc.h
2025-09-07 13:04:35,270 [INFO] CodeEngine:265 - oldGeneratedFile, /home/tuna/STM32CubeIDE/workspace_1.18.1/stm32f4_dev_board/stm32f4_mobile_base_sim/Core/Src/fsmc.c_save
2025-09-07 13:04:35,325 [INFO] CodeEngine:289 - Generated code: /home/tuna/STM32CubeIDE/workspace_1.18.1/stm32f4_dev_board/stm32f4_mobile_base_sim/Core/Src/fsmc.c
2025-09-07 13:04:35,326 [INFO] CodeEngine:265 - oldGeneratedFile, /home/tuna/STM32CubeIDE/workspace_1.18.1/stm32f4_dev_board/stm32f4_mobile_base_sim/Core/Inc/fsmc.h_save
2025-09-07 13:04:35,380 [INFO] CodeEngine:289 - Generated code: /home/tuna/STM32CubeIDE/workspace_1.18.1/stm32f4_dev_board/stm32f4_mobile_base_sim/Core/Inc/fsmc.h
2025-09-07 13:04:35,386 [INFO] CodeEngine:265 - oldGeneratedFile, /home/tuna/STM32CubeIDE/workspace_1.18.1/stm32f4_dev_board/stm32f4_mobile_base_sim/Core/Src/i2c.c_save
2025-09-07 13:04:35,466 [INFO] CodeEngine:289 - Generated code: /home/tuna/STM32CubeIDE/workspace_1.18.1/stm32f4_dev_board/stm32f4_mobile_base_sim/Core/Src/i2c.c
2025-09-07 13:04:35,467 [INFO] CodeEngine:265 - oldGeneratedFile, /home/tuna/STM32CubeIDE/workspace_1.18.1/stm32f4_dev_board/stm32f4_mobile_base_sim/Core/Inc/i2c.h_save
2025-09-07 13:04:35,512 [INFO] CodeEngine:289 - Generated code: /home/tuna/STM32CubeIDE/workspace_1.18.1/stm32f4_dev_board/stm32f4_mobile_base_sim/Core/Inc/i2c.h
2025-09-07 13:04:35,515 [INFO] CodeEngine:265 - oldGeneratedFile, /home/tuna/STM32CubeIDE/workspace_1.18.1/stm32f4_dev_board/stm32f4_mobile_base_sim/Core/Src/usart.c_save
2025-09-07 13:04:35,574 [INFO] CodeEngine:289 - Generated code: /home/tuna/STM32CubeIDE/workspace_1.18.1/stm32f4_dev_board/stm32f4_mobile_base_sim/Core/Src/usart.c
2025-09-07 13:04:35,575 [INFO] CodeEngine:265 - oldGeneratedFile, /home/tuna/STM32CubeIDE/workspace_1.18.1/stm32f4_dev_board/stm32f4_mobile_base_sim/Core/Inc/usart.h_save
2025-09-07 13:04:35,617 [INFO] CodeEngine:289 - Generated code: /home/tuna/STM32CubeIDE/workspace_1.18.1/stm32f4_dev_board/stm32f4_mobile_base_sim/Core/Inc/usart.h
2025-09-07 13:04:35,630 [INFO] Middleware:1452 - No code input for Bsp Dependency
2025-09-07 13:04:35,634 [INFO] CodeEngine:265 - oldGeneratedFile, /home/tuna/STM32CubeIDE/workspace_1.18.1/stm32f4_dev_board/stm32f4_mobile_base_sim/USB_DEVICE/App/usb_device.c_save
2025-09-07 13:04:35,680 [INFO] CodeEngine:289 - Generated code: /home/tuna/STM32CubeIDE/workspace_1.18.1/stm32f4_dev_board/stm32f4_mobile_base_sim/USB_DEVICE/App/usb_device.c
2025-09-07 13:04:35,682 [INFO] CodeEngine:265 - oldGeneratedFile, /home/tuna/STM32CubeIDE/workspace_1.18.1/stm32f4_dev_board/stm32f4_mobile_base_sim/USB_DEVICE/App/usb_device.h_save
2025-09-07 13:04:35,726 [INFO] CodeEngine:289 - Generated code: /home/tuna/STM32CubeIDE/workspace_1.18.1/stm32f4_dev_board/stm32f4_mobile_base_sim/USB_DEVICE/App/usb_device.h
2025-09-07 13:04:35,728 [INFO] CodeEngine:265 - oldGeneratedFile, /home/tuna/STM32CubeIDE/workspace_1.18.1/stm32f4_dev_board/stm32f4_mobile_base_sim/USB_DEVICE/Target/usbd_conf.h_save
2025-09-07 13:04:35,773 [INFO] CodeEngine:289 - Generated code: /home/tuna/STM32CubeIDE/workspace_1.18.1/stm32f4_dev_board/stm32f4_mobile_base_sim/USB_DEVICE/Target/usbd_conf.h
2025-09-07 13:04:35,775 [INFO] CodeEngine:265 - oldGeneratedFile, /home/tuna/STM32CubeIDE/workspace_1.18.1/stm32f4_dev_board/stm32f4_mobile_base_sim/USB_DEVICE/Target/usbd_conf.c_save
2025-09-07 13:04:35,828 [INFO] CodeEngine:289 - Generated code: /home/tuna/STM32CubeIDE/workspace_1.18.1/stm32f4_dev_board/stm32f4_mobile_base_sim/USB_DEVICE/Target/usbd_conf.c
2025-09-07 13:04:35,829 [INFO] CodeEngine:265 - oldGeneratedFile, /home/tuna/STM32CubeIDE/workspace_1.18.1/stm32f4_dev_board/stm32f4_mobile_base_sim/USB_DEVICE/App/usbd_desc.h_save
2025-09-07 13:04:35,872 [INFO] CodeEngine:289 - Generated code: /home/tuna/STM32CubeIDE/workspace_1.18.1/stm32f4_dev_board/stm32f4_mobile_base_sim/USB_DEVICE/App/usbd_desc.h
2025-09-07 13:04:35,873 [INFO] CodeEngine:265 - oldGeneratedFile, /home/tuna/STM32CubeIDE/workspace_1.18.1/stm32f4_dev_board/stm32f4_mobile_base_sim/USB_DEVICE/App/usbd_desc.c_save
2025-09-07 13:04:35,919 [INFO] CodeEngine:289 - Generated code: /home/tuna/STM32CubeIDE/workspace_1.18.1/stm32f4_dev_board/stm32f4_mobile_base_sim/USB_DEVICE/App/usbd_desc.c
2025-09-07 13:04:35,920 [INFO] CodeEngine:265 - oldGeneratedFile, /home/tuna/STM32CubeIDE/workspace_1.18.1/stm32f4_dev_board/stm32f4_mobile_base_sim/USB_DEVICE/App/usbd_cdc_if.h_save
2025-09-07 13:04:35,963 [INFO] CodeEngine:289 - Generated code: /home/tuna/STM32CubeIDE/workspace_1.18.1/stm32f4_dev_board/stm32f4_mobile_base_sim/USB_DEVICE/App/usbd_cdc_if.h
2025-09-07 13:04:35,964 [INFO] CodeEngine:265 - oldGeneratedFile, /home/tuna/STM32CubeIDE/workspace_1.18.1/stm32f4_dev_board/stm32f4_mobile_base_sim/USB_DEVICE/App/usbd_cdc_if.c_save
2025-09-07 13:04:36,010 [INFO] CodeEngine:289 - Generated code: /home/tuna/STM32CubeIDE/workspace_1.18.1/stm32f4_dev_board/stm32f4_mobile_base_sim/USB_DEVICE/App/usbd_cdc_if.c
2025-09-07 13:04:36,016 [INFO] CodeEngine:265 - oldGeneratedFile, /home/tuna/STM32CubeIDE/workspace_1.18.1/stm32f4_dev_board/stm32f4_mobile_base_sim/Core/Src/stm32f4xx_it.c_save
2025-09-07 13:04:36,102 [INFO] CodeEngine:289 - Generated code: /home/tuna/STM32CubeIDE/workspace_1.18.1/stm32f4_dev_board/stm32f4_mobile_base_sim/Core/Src/stm32f4xx_it.c
2025-09-07 13:04:36,103 [INFO] CodeEngine:265 - oldGeneratedFile, /home/tuna/STM32CubeIDE/workspace_1.18.1/stm32f4_dev_board/stm32f4_mobile_base_sim/Core/Inc/stm32f4xx_it.h_save
2025-09-07 13:04:36,143 [INFO] CodeEngine:289 - Generated code: /home/tuna/STM32CubeIDE/workspace_1.18.1/stm32f4_dev_board/stm32f4_mobile_base_sim/Core/Inc/stm32f4xx_it.h
2025-09-07 13:04:36,148 [INFO] CodeEngine:265 - oldGeneratedFile, /home/tuna/STM32CubeIDE/workspace_1.18.1/stm32f4_dev_board/stm32f4_mobile_base_sim/Core/Src/stm32f4xx_hal_msp.c_save
2025-09-07 13:04:36,203 [INFO] CodeEngine:289 - Generated code: /home/tuna/STM32CubeIDE/workspace_1.18.1/stm32f4_dev_board/stm32f4_mobile_base_sim/Core/Src/stm32f4xx_hal_msp.c
2025-09-07 13:04:36,204 [INFO] CodeEngine:265 - oldGeneratedFile, /home/tuna/STM32CubeIDE/workspace_1.18.1/stm32f4_dev_board/stm32f4_mobile_base_sim/MXTmpFiles/system.tmp_save
2025-09-07 13:04:36,243 [INFO] CodeEngine:289 - Generated code: /home/tuna/STM32CubeIDE/workspace_1.18.1/stm32f4_dev_board/stm32f4_mobile_base_sim/MXTmpFiles/system.tmp
2025-09-07 13:04:36,246 [INFO] CodeEngine:321 - oldGeneratedFile, /home/tuna/STM32CubeIDE/workspace_1.18.1/stm32f4_dev_board/stm32f4_mobile_base_sim/Core/Inc/stm32f4xx_hal_conf.h_save
2025-09-07 13:04:36,289 [INFO] CodeEngine:345 - Generated code: /home/tuna/STM32CubeIDE/workspace_1.18.1/stm32f4_dev_board/stm32f4_mobile_base_sim/Core/Inc/stm32f4xx_hal_conf.h
2025-09-07 13:04:36,314 [INFO] CodeEngine:265 - oldGeneratedFile, /home/tuna/STM32CubeIDE/workspace_1.18.1/stm32f4_dev_board/stm32f4_mobile_base_sim/Core/Inc/main.h_save
2025-09-07 13:04:36,374 [INFO] CodeEngine:289 - Generated code: /home/tuna/STM32CubeIDE/workspace_1.18.1/stm32f4_dev_board/stm32f4_mobile_base_sim/Core/Inc/main.h
2025-09-07 13:04:36,375 [INFO] CodeEngine:265 - oldGeneratedFile, /home/tuna/STM32CubeIDE/workspace_1.18.1/stm32f4_dev_board/stm32f4_mobile_base_sim/Core/Src/main.c_save
2025-09-07 13:04:36,440 [INFO] CodeEngine:289 - Generated code: /home/tuna/STM32CubeIDE/workspace_1.18.1/stm32f4_dev_board/stm32f4_mobile_base_sim/Core/Src/main.c
2025-09-07 13:04:36,647 [INFO] ProjectBuilder:3606 - Time for Copy HAL[1] : 32mS.
2025-09-07 13:04:36,649 [INFO] ProjectBuilder:5216 - Project Generator version: 4.7.0-B52
2025-09-07 13:04:36,728 [INFO] ConfigFileManager:1595 - The Die is : DIE413
2025-09-07 13:04:37,559 [INFO] ProjectBuilder:5496 - Time for Generating toolchain IDE Files: 910mS.
2025-09-07 13:04:37,560 [INFO] ProjectBuilder:3463 - Time for Copy CMSIS : 0mS.
2025-09-07 13:04:37,562 [INFO] ProjectBuilder:3463 - Time for Copy CMSIS : 0mS.
2025-09-07 13:46:56,540 [INFO] WebApp:194 - Connection lost
2025-09-07 13:47:12,058 [INFO] WebApp:191 - Connection restablished
2025-09-07 14:15:08,924 [INFO] WebApp:194 - Connection lost
2025-09-07 14:31:50,796 [INFO] WebApp:191 - Connection restablished
2025-09-07 14:47:00,781 [INFO] WebApp:194 - Connection lost
2025-09-07 14:47:19,310 [INFO] WebApp:191 - Connection restablished
2025-09-07 15:31:15,858 [INFO] WebApp:194 - Connection lost
2025-09-07 15:31:21,446 [INFO] WebApp:191 - Connection restablished
2025-09-07 15:31:23,059 [INFO] WebApp:194 - Connection lost
2025-09-07 15:31:23,226 [INFO] WebApp:191 - Connection restablished
2025-09-07 15:48:55,269 [INFO] MainUpdater:2872 - connection check result : 10
2025-09-07 15:48:55,269 [INFO] MainUpdater:2872 - connection check result : 10
2025-09-07 15:48:55,352 [INFO] MicroXplorer:468 - Change Database Path : 
2025-09-07 15:48:55,353 [INFO] MicroXplorer:498 - Change Database Version : DB.6.0.150
2025-09-07 15:48:55,414 [ERROR] ProjectManagerView:395 - 
java.lang.NullPointerException: Cannot invoke "javax.swing.JTextField.getText()" because the return value of "java.util.List.get(int)" is null
	at com.st.microxplorer.plugins.projectmanager.gui.ProjectChoiceTab$9.caretUpdate(ProjectChoiceTab.java:2706) ~[filemanager.jar:?]
	at javax.swing.text.JTextComponent.fireCaretUpdate(JTextComponent.java:408) ~[?:?]
	at javax.swing.text.JTextComponent$MutableCaretEvent.fire(JTextComponent.java:4484) ~[?:?]
	at javax.swing.text.JTextComponent$MutableCaretEvent.stateChanged(JTextComponent.java:4506) ~[?:?]
	at javax.swing.text.DefaultCaret.fireStateChanged(DefaultCaret.java:857) ~[?:?]
	at javax.swing.text.DefaultCaret.changeCaretPosition(DefaultCaret.java:1343) ~[?:?]
	at javax.swing.text.DefaultCaret.handleSetDot(DefaultCaret.java:1242) ~[?:?]
	at javax.swing.text.DefaultCaret.setDot(DefaultCaret.java:1223) ~[?:?]
	at javax.swing.text.DefaultCaret$Handler.insertUpdate(DefaultCaret.java:1819) ~[?:?]
	at javax.swing.text.AbstractDocument.fireInsertUpdate(AbstractDocument.java:227) ~[?:?]
	at javax.swing.text.AbstractDocument.handleInsertString(AbstractDocument.java:781) ~[?:?]
	at javax.swing.text.AbstractDocument.insertString(AbstractDocument.java:740) ~[?:?]
	at javax.swing.text.PlainDocument.insertString(PlainDocument.java:131) ~[?:?]
	at javax.swing.text.AbstractDocument.replace(AbstractDocument.java:699) ~[?:?]
	at javax.swing.text.JTextComponent.setText(JTextComponent.java:1725) ~[?:?]
	at com.st.microxplorer.plugins.projectmanager.gui.ProjectChoiceTab.createHeapStackFields(ProjectChoiceTab.java:993) ~[filemanager.jar:?]
	at com.st.microxplorer.plugins.projectmanager.gui.ProjectChoiceTab.buildLinkSettingsPanel(ProjectChoiceTab.java:3813) ~[filemanager.jar:?]
	at com.st.microxplorer.plugins.projectmanager.gui.ProjectChoiceTab.defineWindowsFields(ProjectChoiceTab.java:1987) ~[filemanager.jar:?]
	at com.st.microxplorer.plugins.projectmanager.gui.ProjectChoiceTab.updateSettings(ProjectChoiceTab.java:558) ~[filemanager.jar:?]
	at com.st.microxplorer.plugins.projectmanager.gui.ProjectSettingsPanel.UpdateDialog(ProjectSettingsPanel.java:247) ~[filemanager.jar:?]
	at com.st.microxplorer.plugins.projectmanager.ProjectManagerView.propertyChange(ProjectManagerView.java:392) ~[filemanager.jar:?]
	at java.beans.PropertyChangeSupport.fire(PropertyChangeSupport.java:343) ~[?:?]
	at java.beans.PropertyChangeSupport.firePropertyChange(PropertyChangeSupport.java:335) ~[?:?]
	at java.beans.PropertyChangeSupport.firePropertyChange(PropertyChangeSupport.java:268) ~[?:?]
	at com.st.microxplorer.util.MXPropertyChangeSupport.firePropertyChange(MXPropertyChangeSupport.java:54) ~[STM32CubeMX.jar:?]
	at com.st.microxplorer.mxsystem.MxSystem.closeConfig(MxSystem.java:899) ~[STM32CubeMX.jar:?]
	at com.st.microxplorer.maingui.MainPanel.closeConfig(MainPanel.java:792) ~[STM32CubeMX.jar:?]
	at com.st.microxplorer.plugins.filemanager.engine.OpenFileManager.loadConfigurationFile(OpenFileManager.java:288) ~[filemanager.jar:?]
	at com.st.microxplorer.plugins.filemanager.engine.MainFileManager.userLoadConfig(MainFileManager.java:364) ~[filemanager.jar:?]
	at com.st.microxplorer.plugins.filemanager.engine.MainFileManager.userLoadConfig(MainFileManager.java:342) ~[filemanager.jar:?]
	at com.st.microxplorer.plugins.filemanager.FileManagerView.getSpecificTask(FileManagerView.java:264) ~[filemanager.jar:?]
	at com.st.stm32cube.common.mx.editor.CubeMxEditor.getMxTabbedPaneInstance(CubeMxEditor.java:1198) ~[com.st.stm32cube.common.mx_6.15.0.202507011659/:?]
	at com.st.stm32cube.common.mx.editor.CubeMxEditor$12$1.createSwingComponent(CubeMxEditor.java:1068) ~[com.st.stm32cube.common.mx_6.15.0.202507011659/:?]
	at com.st.stm32cube.common.mx.oss.core.awtswtbridge.EmbeddedSwingComposite.doComponentCreation(EmbeddedSwingComposite.java:492) ~[com.st.stm32cube.common.mx.oss_6.15.0.202507011659/:?]
	at com.st.stm32cube.common.mx.oss.core.awtswtbridge.EmbeddedSwingComposite$4.run(EmbeddedSwingComposite.java:291) ~[com.st.stm32cube.common.mx.oss_6.15.0.202507011659/:?]
	at com.st.stm32cube.common.mx.oss.core.awtswtbridge.AwtEnvironment$2.run(AwtEnvironment.java:166) ~[com.st.stm32cube.common.mx.oss_6.15.0.202507011659/:?]
	at java.awt.event.InvocationEvent.dispatch(InvocationEvent.java:318) ~[?:?]
	at java.awt.EventQueue.dispatchEventImpl(EventQueue.java:773) ~[?:?]
	at java.awt.EventQueue$4.run(EventQueue.java:720) ~[?:?]
	at java.awt.EventQueue$4.run(EventQueue.java:714) ~[?:?]
	at java.security.AccessController.doPrivileged(AccessController.java:400) ~[?:?]
	at java.security.ProtectionDomain$JavaSecurityAccessImpl.doIntersectionPrivilege(ProtectionDomain.java:87) ~[?:?]
	at java.awt.EventQueue.dispatchEvent(EventQueue.java:742) ~[?:?]
	at java.awt.EventDispatchThread.pumpOneEventForFilters(EventDispatchThread.java:203) ~[?:?]
	at java.awt.EventDispatchThread.pumpEventsForFilter(EventDispatchThread.java:124) ~[?:?]
	at java.awt.EventDispatchThread.pumpEventsForHierarchy(EventDispatchThread.java:113) ~[?:?]
	at java.awt.EventDispatchThread.pumpEvents(EventDispatchThread.java:109) ~[?:?]
	at java.awt.EventDispatchThread.pumpEvents(EventDispatchThread.java:101) ~[?:?]
	at java.awt.EventDispatchThread.run(EventDispatchThread.java:90) ~[?:?]
2025-09-07 15:48:55,433 [WARN] ThirdParty:871 - waiting for thirdparty lock release [close project]
2025-09-07 15:48:55,433 [INFO] ThirdParty:873 - entering critical section [close project]
2025-09-07 15:48:55,434 [INFO] ThirdParty:883 - exiting critical section [close project]
2025-09-07 15:48:55,441 [INFO] PinOutPanel:1589 - setPackage(No Configuration,No Configuration)
2025-09-07 15:48:55,460 [WARN] IpParametersView:155 - Warning: This peripheral hasn't parameters
2025-09-07 15:48:55,479 [WARN] MainPanel:289 - <html><b><center>Warning: This peripheral has no parameters to be configured<br></b></html>
2025-09-07 15:48:55,485 [INFO] UtilMem:75 - Begin LoadConfig() Used Memory: 514338512 Bytes (884998144)
2025-09-07 15:49:35,615 [INFO] MicroXplorer:468 - Change Database Path : 
2025-09-07 15:49:35,615 [INFO] MicroXplorer:498 - Change Database Version : DB.6.0.150
2025-09-07 15:49:35,616 [INFO] OpenFileManager:355 - Change cursor
2025-09-07 15:49:35,665 [INFO] RulesReader:64 - Compatibility file has been processed (317 Rules)
2025-09-07 15:49:35,678 [INFO] Mcu:2029 - Initializing MCU STM32F407Z(E-G)Tx STM32F407ZGTx 
2025-09-07 15:49:35,680 [INFO] Mcu:2044 - No CPN specified => set CPN to STM32F407ZGT6
2025-09-07 15:49:37,608 [INFO] Context:786 - Trying to add GPIOservice into a context  which must be forbidden
2025-09-07 15:49:38,074 [INFO] Rule:233 - rule 117617 - U5Cobra4M][GTZC] default value MPCBB3 and MPCBB5 - Not Secured memory - MPCBB1 is applicable
2025-09-07 15:49:38,074 [INFO] Rule:233 - rule 117617 - U5Cobra4M][GTZC] default value MPCBB3 and MPCBB5 - Not Secured memory - MPCBB1 is applicable
2025-09-07 15:49:38,074 [INFO] Rule:233 - rule 117617 - U5Cobra4M][GTZC] default value MPCBB3 and MPCBB5 - Not Secured memory - MPCBB2 is applicable
2025-09-07 15:49:38,074 [INFO] Rule:233 - rule 117617 - U5Cobra4M][GTZC] default value MPCBB3 and MPCBB5 - Not Secured memory - MPCBB2 is applicable
2025-09-07 15:49:38,074 [INFO] Rule:233 - rule 117617 - U5Cobra4M][GTZC] default value MPCBB3 and MPCBB5 - Not Secured memory - MPCBB3 is applicable
2025-09-07 15:49:38,074 [INFO] Rule:233 - rule 117617 - U5Cobra4M][GTZC] default value MPCBB3 and MPCBB5 - Not Secured memory - MPCBB3 is applicable
2025-09-07 15:49:38,075 [INFO] Rule:233 - rule 117617 - U5Cobra4M][GTZC] default value MPCBB3 and MPCBB5 - Not Secured memory - MPCBB4 is applicable
2025-09-07 15:49:38,075 [INFO] Rule:233 - rule 117617 - U5Cobra4M][GTZC] default value MPCBB3 and MPCBB5 - Not Secured memory - MPCBB4 is applicable
2025-09-07 15:49:38,075 [INFO] Rule:233 - rule 117617 - U5Cobra4M][GTZC] default value MPCBB3 and MPCBB5 - Secured memory - MPCBB1 is applicable
2025-09-07 15:49:38,075 [INFO] Rule:233 - rule 117617 - U5Cobra4M][GTZC] default value MPCBB3 and MPCBB5 - Secured memory - MPCBB2 is applicable
2025-09-07 15:49:38,075 [INFO] Rule:233 - rule 117617 - U5Cobra4M][GTZC] default value MPCBB3 and MPCBB5 - Secured memory - MPCBB3 is applicable
2025-09-07 15:49:38,076 [INFO] Rule:233 - rule 117617 - U5Cobra4M][GTZC] default value MPCBB3 and MPCBB5 - Secured memory - MPCBB4 is applicable
2025-09-07 15:49:38,076 [INFO] Rule:233 - rule 117617 - U5Cobra4M][GTZC] default value MPCBB3 and MPCBB5 - Privileged memory - MPCBB1 is applicable
2025-09-07 15:49:38,076 [INFO] Rule:233 - rule 117617 - U5Cobra4M][GTZC] default value MPCBB3 and MPCBB5 - Privileged memory - MPCBB2 is applicable
2025-09-07 15:49:38,076 [INFO] Rule:233 - rule 117617 - U5Cobra4M][GTZC] default value MPCBB3 and MPCBB5 - Privileged memory - MPCBB3 is applicable
2025-09-07 15:49:38,076 [INFO] Rule:233 - rule 117617 - U5Cobra4M][GTZC] default value MPCBB3 and MPCBB5 - Privileged memory - MPCBB4 is applicable
2025-09-07 15:49:38,076 [INFO] Rule:233 - rule 117617 - U5Cobra4M][GTZC] default value MPCBB3 and MPCBB5 - Not Privileged memory - MPCBB1 is applicable
2025-09-07 15:49:38,076 [INFO] Rule:233 - rule 117617 - U5Cobra4M][GTZC] default value MPCBB3 and MPCBB5 - Not Privileged memory - MPCBB2 is applicable
2025-09-07 15:49:38,077 [INFO] Rule:233 - rule 117617 - U5Cobra4M][GTZC] default value MPCBB3 and MPCBB5 - Not Privileged memory - MPCBB3 is applicable
2025-09-07 15:49:38,077 [INFO] Rule:233 - rule 117617 - U5Cobra4M][GTZC] default value MPCBB3 and MPCBB5 - Not Privileged memory - MPCBB4 is applicable
2025-09-07 15:49:38,077 [INFO] Rule:233 - rule 117617 - U5Cobra4M][GTZC] default value MPCBB3 and MPCBB5 - Privileged memory - MPCBB1 is applicable
2025-09-07 15:49:38,077 [INFO] Rule:233 - rule 117617 - U5Cobra4M][GTZC] default value MPCBB3 and MPCBB5 - Privileged memory - MPCBB2 is applicable
2025-09-07 15:49:38,077 [INFO] Rule:233 - rule 117617 - U5Cobra4M][GTZC] default value MPCBB3 and MPCBB5 - Privileged memory - MPCBB3 is applicable
2025-09-07 15:49:38,077 [INFO] Rule:233 - rule 117617 - U5Cobra4M][GTZC] default value MPCBB3 and MPCBB5 - Privileged memory - MPCBB4 is applicable
2025-09-07 15:49:38,077 [INFO] Rule:233 - rule 117617 - U5Cobra4M][GTZC] default value MPCBB3 and MPCBB5 - Privileged memory - MPCBB1 is applicable
2025-09-07 15:49:38,077 [INFO] Rule:233 - rule 117617 - U5Cobra4M][GTZC] default value MPCBB3 and MPCBB5 - Privileged memory - MPCBB2 is applicable
2025-09-07 15:49:38,077 [INFO] Rule:233 - rule 117617 - U5Cobra4M][GTZC] default value MPCBB3 and MPCBB5 - Privileged memory - MPCBB3 is applicable
2025-09-07 15:49:38,077 [INFO] Rule:233 - rule 117617 - U5Cobra4M][GTZC] default value MPCBB3 and MPCBB5 - Privileged memory - MPCBB4 is applicable
2025-09-07 15:49:38,077 [INFO] Rule:233 - rule 117617 - U5Cobra4M][GTZC] default value MPCBB3 and MPCBB5 - Not Privileged memory - MPCBB1 is applicable
2025-09-07 15:49:38,077 [INFO] Rule:233 - rule 117617 - U5Cobra4M][GTZC] default value MPCBB3 and MPCBB5 - Not Privileged memory - MPCBB2 is applicable
2025-09-07 15:49:38,078 [INFO] Rule:233 - rule 117617 - U5Cobra4M][GTZC] default value MPCBB3 and MPCBB5 - Not Privileged memory - MPCBB3 is applicable
2025-09-07 15:49:38,078 [INFO] Rule:233 - rule 117617 - U5Cobra4M][GTZC] default value MPCBB3 and MPCBB5 - Not Privileged memory - MPCBB4 is applicable
2025-09-07 15:49:38,078 [INFO] Rule:233 - rule 117617 - U5Cobra4M][GTZC] default value MPCBB3 and MPCBB5 - Privileged memory - MPCBB1 is applicable
2025-09-07 15:49:38,078 [INFO] Rule:233 - rule 117617 - U5Cobra4M][GTZC] default value MPCBB3 and MPCBB5 - Privileged memory - MPCBB2 is applicable
2025-09-07 15:49:38,078 [INFO] Rule:233 - rule 117617 - U5Cobra4M][GTZC] default value MPCBB3 and MPCBB5 - Privileged memory - MPCBB3 is applicable
2025-09-07 15:49:38,078 [INFO] Rule:233 - rule 117617 - U5Cobra4M][GTZC] default value MPCBB3 and MPCBB5 - Privileged memory - MPCBB4 is applicable
2025-09-07 15:49:38,078 [INFO] Rule:233 - rule WakeUp0 Mode is applicable
2025-09-07 15:49:38,078 [INFO] Rule:233 - rule WakeUp0 SIGNAL is applicable
2025-09-07 15:49:38,078 [INFO] Rule:233 - rule WakeUp1 Mode is applicable
2025-09-07 15:49:38,078 [INFO] Rule:233 - rule WakeUp1 SIGNAL is applicable
2025-09-07 15:49:38,078 [INFO] Rule:233 - rule WakeUp2 Mode is applicable
2025-09-07 15:49:38,078 [INFO] Rule:233 - rule WakeUp2 SIGNAL is applicable
2025-09-07 15:49:38,078 [INFO] Rule:233 - rule WakeUp4 Mode is applicable
2025-09-07 15:49:38,078 [INFO] Rule:233 - rule WakeUp4 SIGNAL is applicable
2025-09-07 15:49:38,078 [INFO] Rule:233 - rule WakeUp5 Mode is applicable
2025-09-07 15:49:38,078 [INFO] Rule:233 - rule WakeUp5 SIGNAL is applicable
2025-09-07 15:49:38,079 [INFO] Rule:233 - rule Change Default Value for LSE Drive Capability for WB family is applicable
2025-09-07 15:49:38,079 [INFO] Rule:233 - rule change FDCAN default value is applicable
2025-09-07 15:49:38,079 [INFO] Rule:233 - rule Adapt Old IOC before rework replace old CORTEX_M33/CORTEX_M55 attributes by the new one. is applicable
2025-09-07 15:49:38,079 [INFO] Rule:233 - rule Rename parametre of RCC RCC_APBDBG_DIV2 to RCC_TIMPRES_DIV2 is applicable
2025-09-07 15:49:38,079 [INFO] Rule:233 - rule Rename DIE493 pin PA10 [PA12] -> PA10 is applicable
2025-09-07 15:49:38,079 [INFO] Rule:233 - rule Rename DIE493 pin PA9 [PA11] -> PA9 is applicable
2025-09-07 15:49:38,079 [INFO] Rule:233 - rule Rename DIE492 PartNumber CPN STM32WBA5MJGHx -> STM32WBA5MMGHx is applicable
2025-09-07 15:49:38,079 [INFO] Rule:233 - rule Rename DIE492 PartNumber  Name STM32WBA5MJGHx -> STM32WBA5MMGHx is applicable
2025-09-07 15:49:38,079 [INFO] Rule:233 - rule Rename DIE492 PartNumber UserName STM32WBA5MJGHx -> STM32WBA5MMGHx is applicable
2025-09-07 15:49:38,079 [INFO] Rule:233 - rule Rename DIE492 PartNumber DeviceId STM32WBA5MJGHx -> STM32WBA5MMGHx is applicable
2025-09-07 15:49:38,079 [INFO] Rule:233 - rule Adapt Old IOC CSI. is applicable
2025-09-07 15:49:38,079 [INFO] Rule:233 - rule Adapt Old IOC DCMIPP. is applicable
2025-09-07 15:49:38,079 [INFO] Rule:233 - rule Adapt Old IOC DCMIPP Mode Parallel. is applicable
2025-09-07 15:49:38,079 [INFO] Rule:233 - rule Adapt Old IOC LTDC. is applicable
2025-09-07 15:49:38,079 [INFO] Rule:233 - rule Rename STM32MP2 RIF Peripheral LTDC RIF.RISUP.LTDC_L0L1.Privilege -> RIF.RISUP.LTDC_L1L2.Privilege is applicable
2025-09-07 15:49:38,079 [INFO] Rule:233 - rule Rename STM32MP2 RIF Peripheral LTDC RIF.RISUP.LTDC_L0L1.Privilege -> RIF.RISUP.LTDC_L1L2.Privilege is applicable
2025-09-07 15:49:38,079 [INFO] Rule:233 - rule Rename STM32MP2 RIF Peripheral LTDC RIF.RISUP.LTDC_L0L1.Lock -> RIF.RISUP.LTDC_L1L2.Lock is applicable
2025-09-07 15:49:38,079 [INFO] Rule:233 - rule Rename STM32MP2 RIF Peripheral LTDC RIF.RISUP.LTDC_L2.Lock -> RIF.RISUP.LTDC_L3.Lock is applicable
2025-09-07 15:49:38,080 [INFO] Rule:233 - rule Adapt the old IOC example for updating the SYS when it is misconfigured. is applicable
2025-09-07 15:49:38,080 [INFO] Rule:233 - rule Rename STM32C09 Mcu.Package LQFP64 -> LQFP48 is applicable
2025-09-07 15:49:38,080 [INFO] Rule:233 - rule Adapt the old IOC example for updating the SYS when it is misconfigured. is applicable
2025-09-07 15:49:38,080 [INFO] Rule:233 - rule Adapt the old IOC example for updating the SYS when it is misconfigured. is applicable
2025-09-07 15:49:38,085 [INFO] DbConfProperties:307 - Apply Compatibility (5/68 Rules)
2025-09-07 15:49:38,110 [INFO] ImportTextPane:234 - (OptionalMessage_ERROR) Pin90 (VP_RIF_VS_RIF1) cannot be retrieved for this MCU
2025-09-07 15:49:38,159 [INFO] RtosManager:558 - Registered RTOS mode: class=CMSIS, group=RTOS, mode=CMSIS_V1, owner=FREERTOS
2025-09-07 15:49:38,159 [INFO] RtosManager:558 - Registered RTOS mode: class=CMSIS, group=RTOS2, mode=CMSIS_V2, owner=FREERTOS
2025-09-07 15:49:38,159 [INFO] RtosManager:558 - Registered RTOS mode: class=RTOS, group=Core, mode=CMSIS_V1, owner=FREERTOS
2025-09-07 15:49:38,159 [INFO] RtosManager:558 - Registered RTOS mode: class=RTOS, group=Core, mode=CMSIS_V2, owner=FREERTOS
2025-09-07 15:49:38,159 [WARN] ModelIntegratedComponent:184 - Missing modes for component STMicroelectronics:FreeRTOS:0.0.1:STMicroelectronics:RTOS:FreeRTOS:Core:::10.2.0:
2025-09-07 15:49:38,173 [WARN] ModelIntegratedComponent:63 - No mode defined for component null
2025-09-07 15:49:38,173 [WARN] ModelIntegratedComponent:63 - No mode defined for component null
2025-09-07 15:49:38,173 [WARN] ModelIntegratedComponent:63 - No mode defined for component null
2025-09-07 15:49:38,173 [WARN] ModelIntegratedComponent:63 - No mode defined for component null
2025-09-07 15:49:38,173 [WARN] ModelIntegratedComponent:63 - No mode defined for component null
2025-09-07 15:49:38,173 [WARN] ModelIntegratedComponent:63 - No mode defined for component null
2025-09-07 15:49:38,173 [WARN] ModelIntegratedComponent:63 - No mode defined for component null
2025-09-07 15:49:38,173 [WARN] ModelIntegratedComponent:63 - No mode defined for component null
2025-09-07 15:49:38,173 [WARN] ModelIntegratedComponent:63 - No mode defined for component null
2025-09-07 15:49:38,173 [WARN] ModelIntegratedComponent:63 - No mode defined for component null
2025-09-07 15:49:38,174 [WARN] ModelIntegratedComponent:63 - No mode defined for component null
2025-09-07 15:49:38,174 [WARN] ModelIntegratedComponent:63 - No mode defined for component null
2025-09-07 15:49:38,174 [WARN] ModelIntegratedComponent:63 - No mode defined for component null
2025-09-07 15:49:38,174 [WARN] ModelIntegratedComponent:63 - No mode defined for component null
2025-09-07 15:49:38,174 [WARN] ModelIntegratedComponent:63 - No mode defined for component null
2025-09-07 15:49:38,175 [WARN] ModelIntegratedComponent:63 - No mode defined for component null
2025-09-07 15:49:38,175 [WARN] ModelIntegratedComponent:63 - No mode defined for component null
2025-09-07 15:49:38,175 [WARN] ModelIntegratedComponent:63 - No mode defined for component null
2025-09-07 15:49:38,176 [WARN] ModelIntegratedComponent:63 - No mode defined for component null
2025-09-07 15:49:38,176 [WARN] ModelIntegratedComponent:63 - No mode defined for component null
2025-09-07 15:49:38,176 [WARN] ModelIntegratedComponent:63 - No mode defined for component null
2025-09-07 15:49:38,176 [WARN] ModelIntegratedComponent:63 - No mode defined for component null
2025-09-07 15:49:38,177 [WARN] ModelIntegratedComponent:63 - No mode defined for component null
2025-09-07 15:49:38,178 [WARN] ModelIntegratedComponent:63 - No mode defined for component null
2025-09-07 15:49:38,178 [WARN] ModelIntegratedComponent:63 - No mode defined for component null
2025-09-07 15:49:38,178 [WARN] ModelIntegratedComponent:63 - No mode defined for component null
2025-09-07 15:49:38,178 [WARN] ModelIntegratedComponent:63 - No mode defined for component null
2025-09-07 15:49:38,178 [WARN] ModelIntegratedComponent:63 - No mode defined for component null
2025-09-07 15:49:38,178 [WARN] ModelIntegratedComponent:63 - No mode defined for component null
2025-09-07 15:49:38,178 [WARN] ModelIntegratedComponent:63 - No mode defined for component null
2025-09-07 15:49:38,178 [WARN] ModelIntegratedComponent:63 - No mode defined for component null
2025-09-07 15:49:38,178 [WARN] ModelIntegratedComponent:63 - No mode defined for component null
2025-09-07 15:49:38,178 [WARN] ModelIntegratedComponent:63 - No mode defined for component null
2025-09-07 15:49:38,178 [WARN] ModelIntegratedComponent:63 - No mode defined for component null
2025-09-07 15:49:38,179 [WARN] ModelIntegratedComponent:63 - No mode defined for component null
2025-09-07 15:49:38,179 [WARN] ModelPack:524 - Component already loaded: STMicroelectronics:HAL Drivers:0.0.0:STMicroelectronics:Device:STMicro_Driver:XSPI:HAL::0.0.1:HAL_XSPI
2025-09-07 15:49:38,252 [INFO] ThirdPartyModel:298 - Start build external matchings
2025-09-07 15:49:38,510 [INFO] ThirdPartyModel:316 - End build external matchings
2025-09-07 15:49:38,533 [INFO] ImportTextPane:234 - (OptionalMessage_ERROR) IP (ADC1) : Parameter (InjectedDiscontinuousConvMode) has invalid value (null)
2025-09-07 15:49:38,535 [INFO] ImportTextPane:234 - (OptionalMessage_ERROR) IP (DMA) : Parameter (Instance) has Id (SDIO_RX) currently not set
2025-09-07 15:49:38,535 [INFO] ImportTextPane:234 - (OptionalMessage_ERROR) IP (DMA) : Parameter (Channel) has Id (SDIO_RX) currently not set
2025-09-07 15:49:38,535 [INFO] ImportTextPane:234 - (OptionalMessage_ERROR) IP (DMA) : Parameter (Direction) has Id (SDIO_RX) currently not set
2025-09-07 15:49:38,535 [INFO] ImportTextPane:234 - (OptionalMessage_ERROR) IP (DMA) : Parameter (PeriphInc) has Id (SDIO_RX) currently not set
2025-09-07 15:49:38,536 [INFO] ImportTextPane:234 - (OptionalMessage_ERROR) IP (DMA) : Parameter (MemInc) has Id (SDIO_RX) currently not set
2025-09-07 15:49:38,536 [INFO] ImportTextPane:234 - (OptionalMessage_ERROR) IP (DMA) : Parameter (PeriphDataAlignment) has Id (SDIO_RX) currently not set
2025-09-07 15:49:38,536 [INFO] ImportTextPane:234 - (OptionalMessage_ERROR) IP (DMA) : Parameter (MemDataAlignment) has Id (SDIO_RX) currently not set
2025-09-07 15:49:38,536 [INFO] ImportTextPane:234 - (OptionalMessage_ERROR) IP (DMA) : Parameter (Mode) has Id (SDIO_RX) currently not set
2025-09-07 15:49:38,536 [INFO] ImportTextPane:234 - (OptionalMessage_ERROR) IP (DMA) : Parameter (Priority) has Id (SDIO_RX) currently not set
2025-09-07 15:49:38,536 [INFO] ImportTextPane:234 - (OptionalMessage_ERROR) IP (DMA) : Parameter (FIFOMode) has Id (SDIO_RX) currently not set
2025-09-07 15:49:38,536 [INFO] ImportTextPane:234 - (OptionalMessage_ERROR) IP (DMA) : Parameter (FIFOThreshold) has Id (SDIO_RX) currently not set
2025-09-07 15:49:38,536 [INFO] ImportTextPane:234 - (OptionalMessage_ERROR) IP (DMA) : Parameter (FIFOThreshold) has invalid value (null)
2025-09-07 15:49:38,536 [INFO] ImportTextPane:234 - (OptionalMessage_ERROR) IP (DMA) : Parameter (MemBurst) has Id (SDIO_RX) currently not set
2025-09-07 15:49:38,536 [INFO] ImportTextPane:234 - (OptionalMessage_ERROR) IP (DMA) : Parameter (MemBurst) has invalid value (null)
2025-09-07 15:49:38,536 [INFO] ImportTextPane:234 - (OptionalMessage_ERROR) IP (DMA) : Parameter (PeriphBurst) has Id (SDIO_RX) currently not set
2025-09-07 15:49:38,536 [INFO] ImportTextPane:234 - (OptionalMessage_ERROR) IP (DMA) : Parameter (PeriphBurst) has invalid value (null)
2025-09-07 15:49:38,536 [INFO] ImportTextPane:234 - (OptionalMessage_ERROR) IP (DMA) : Parameter (Instance) has Id (SDIO_TX) currently not set
2025-09-07 15:49:38,536 [INFO] ImportTextPane:234 - (OptionalMessage_ERROR) IP (DMA) : Parameter (Channel) has Id (SDIO_TX) currently not set
2025-09-07 15:49:38,536 [INFO] ImportTextPane:234 - (OptionalMessage_ERROR) IP (DMA) : Parameter (Direction) has Id (SDIO_TX) currently not set
2025-09-07 15:49:38,536 [INFO] ImportTextPane:234 - (OptionalMessage_ERROR) IP (DMA) : Parameter (PeriphInc) has Id (SDIO_TX) currently not set
2025-09-07 15:49:38,536 [INFO] ImportTextPane:234 - (OptionalMessage_ERROR) IP (DMA) : Parameter (MemInc) has Id (SDIO_TX) currently not set
2025-09-07 15:49:38,536 [INFO] ImportTextPane:234 - (OptionalMessage_ERROR) IP (DMA) : Parameter (PeriphDataAlignment) has Id (SDIO_TX) currently not set
2025-09-07 15:49:38,536 [INFO] ImportTextPane:234 - (OptionalMessage_ERROR) IP (DMA) : Parameter (MemDataAlignment) has Id (SDIO_TX) currently not set
2025-09-07 15:49:38,536 [INFO] ImportTextPane:234 - (OptionalMessage_ERROR) IP (DMA) : Parameter (Mode) has Id (SDIO_TX) currently not set
2025-09-07 15:49:38,536 [INFO] ImportTextPane:234 - (OptionalMessage_ERROR) IP (DMA) : Parameter (Priority) has Id (SDIO_TX) currently not set
2025-09-07 15:49:38,536 [INFO] ImportTextPane:234 - (OptionalMessage_ERROR) IP (DMA) : Parameter (FIFOMode) has Id (SDIO_TX) currently not set
2025-09-07 15:49:38,536 [INFO] ImportTextPane:234 - (OptionalMessage_ERROR) IP (DMA) : Parameter (FIFOThreshold) has Id (SDIO_TX) currently not set
2025-09-07 15:49:38,536 [INFO] ImportTextPane:234 - (OptionalMessage_ERROR) IP (DMA) : Parameter (FIFOThreshold) has invalid value (null)
2025-09-07 15:49:38,536 [INFO] ImportTextPane:234 - (OptionalMessage_ERROR) IP (DMA) : Parameter (MemBurst) has Id (SDIO_TX) currently not set
2025-09-07 15:49:38,536 [INFO] ImportTextPane:234 - (OptionalMessage_ERROR) IP (DMA) : Parameter (MemBurst) has invalid value (null)
2025-09-07 15:49:38,536 [INFO] ImportTextPane:234 - (OptionalMessage_ERROR) IP (DMA) : Parameter (PeriphBurst) has Id (SDIO_TX) currently not set
2025-09-07 15:49:38,536 [INFO] ImportTextPane:234 - (OptionalMessage_ERROR) IP (DMA) : Parameter (PeriphBurst) has invalid value (null)
2025-09-07 15:49:38,542 [WARN] IP:2250 - I2C_Coeff_DF not found: check if there is a RefParameter without a condition.
2025-09-07 15:49:38,542 [WARN] IP:2250 - Analog_Filter not found: check if there is a RefParameter without a condition.
2025-09-07 15:49:38,543 [INFO] ImportTextPane:234 - (OptionalMessage_ERROR) IP (RCC) : Parameter (RTCHSEDivFreq_Value) has invalid value (4000000)
2025-09-07 15:49:38,755 [INFO] UtilMem:75 - End LoadConfig() Used Memory: 679837064 Bytes (884998144)
2025-09-07 15:49:38,769 [WARN] ThirdParty:833 - waiting for thirdparty lock release [change project]
2025-09-07 15:49:38,770 [INFO] ThirdParty:835 - entering critical section [change project]
2025-09-07 15:49:38,770 [INFO] ThirdParty:1030 - CMSIS Pack Vendor :STMicroelectronics X-CUBE-PM33A1 1.0.0
2025-09-07 15:49:38,770 [INFO] ThirdParty:1030 - CMSIS Pack Vendor :STMicroelectronics USBPD 4.1
2025-09-07 15:49:38,770 [INFO] ThirdParty:1030 - CMSIS Pack Vendor :STMicroelectronics X-CUBE-NFC9 1.0.0
2025-09-07 15:49:38,770 [INFO] ThirdParty:1030 - CMSIS Pack Vendor :STMicroelectronics USB_HOST 2.0.0
2025-09-07 15:49:38,770 [INFO] ThirdParty:1030 - CMSIS Pack Vendor :STMicroelectronics FP-SNS-MOTENVWB1 1.4.0
2025-09-07 15:49:38,770 [INFO] ThirdParty:1030 - CMSIS Pack Vendor :STMicroelectronics X-CUBE-AZRTOS-F4 1.1.0
2025-09-07 15:49:38,770 [INFO] ThirdParty:1030 - CMSIS Pack Vendor :STMicroelectronics LIBJPEG 8.0.0
2025-09-07 15:49:38,770 [INFO] ThirdParty:1030 - CMSIS Pack Vendor :STMicroelectronics FP-ATR-ASTRA1 2.0.2
2025-09-07 15:49:38,770 [INFO] ThirdParty:1030 - CMSIS Pack Vendor :wolfSSL I-CUBE-wolfSSL 5.8.2
2025-09-07 15:49:38,770 [INFO] ThirdParty:1030 - CMSIS Pack Vendor :STMicroelectronics X-CUBE-BLE1 7.1.0
2025-09-07 15:49:38,770 [INFO] ThirdParty:1030 - CMSIS Pack Vendor :Avnet-IotConnect X-CUBE-IoTC-DA16k-PMOD 1.0.0
2025-09-07 15:49:38,770 [INFO] ThirdParty:1030 - CMSIS Pack Vendor :STMicroelectronics X-CUBE-SMBUS 2.1.0
2025-09-07 15:49:38,770 [INFO] ThirdParty:1030 - CMSIS Pack Vendor :wolfSSL I-CUBE-wolfMQTT 1.19.2
2025-09-07 15:49:38,770 [INFO] ThirdParty:1030 - CMSIS Pack Vendor :STMicroelectronics USB_DEVICE 3.0.0
2025-09-07 15:49:38,770 [INFO] ThirdParty:1030 - CMSIS Pack Vendor :STMicroelectronics X-CUBE-ISPU 2.1.0
2025-09-07 15:49:38,770 [INFO] ThirdParty:1030 - CMSIS Pack Vendor :STMicroelectronics X-CUBE-EEPRMA1 5.2.0
2025-09-07 15:49:38,770 [INFO] ThirdParty:1030 - CMSIS Pack Vendor :STMicroelectronics X-CUBE-BLEMGR 4.1.0
2025-09-07 15:49:38,770 [INFO] ThirdParty:1030 - CMSIS Pack Vendor :STMicroelectronics X-CUBE-AZRTOS-WB 2.0.0
2025-09-07 15:49:38,770 [INFO] ThirdParty:1030 - CMSIS Pack Vendor :STMicroelectronics X-CUBE-ST60 1.0.0
2025-09-07 15:49:38,770 [INFO] ThirdParty:1030 - CMSIS Pack Vendor :STMicroelectronics X-CUBE-GNSS1 7.0.1
2025-09-07 15:49:38,770 [INFO] ThirdParty:1030 - CMSIS Pack Vendor :STMicroelectronics X-CUBE-NFC12 1.0.0
2025-09-07 15:49:38,770 [INFO] ThirdParty:1030 - CMSIS Pack Vendor :STMicroelectronics X-CUBE-AZRTOS-F7 1.1.0
2025-09-07 15:49:38,770 [INFO] ThirdParty:1030 - CMSIS Pack Vendor :STMicroelectronics X-CUBE-AZRTOS-L5 2.0.0
2025-09-07 15:49:38,770 [INFO] ThirdParty:1030 - CMSIS Pack Vendor :STMicroelectronics X-CUBE-TOUCHGFX 4.25.0
2025-09-07 15:49:38,770 [INFO] ThirdParty:1030 - CMSIS Pack Vendor :STMicroelectronics USB_DEVICE 2.0.0
2025-09-07 15:49:38,770 [INFO] ThirdParty:1030 - CMSIS Pack Vendor :STMicroelectronics X-CUBE-NFC6 3.1.0
2025-09-07 15:49:38,770 [INFO] ThirdParty:1030 - CMSIS Pack Vendor :STMicroelectronics X-CUBE-AI 10.1.0
2025-09-07 15:49:38,770 [INFO] ThirdParty:1030 - CMSIS Pack Vendor :STMicroelectronics FP-SNS-STBOX1 2.0.0
2025-09-07 15:49:38,770 [INFO] ThirdParty:1030 - CMSIS Pack Vendor :quantropi X-CUBE-qispace-sdk-base 2.1.0
2025-09-07 15:49:38,770 [INFO] ThirdParty:1030 - CMSIS Pack Vendor :STMicroelectronics FreeRTOS 0.0.1
2025-09-07 15:49:38,770 [INFO] ThirdParty:1030 - CMSIS Pack Vendor :STMicroelectronics X-CUBE-AZRTOS-G0 1.1.0
2025-09-07 15:49:38,770 [INFO] ThirdParty:1030 - CMSIS Pack Vendor :STMicroelectronics X-CUBE-SAFEA1 1.2.2
2025-09-07 15:49:38,770 [INFO] ThirdParty:1030 - CMSIS Pack Vendor :STMicroelectronics X-CUBE-NFC4 3.0.0
2025-09-07 15:49:38,770 [INFO] ThirdParty:1030 - CMSIS Pack Vendor :STMicroelectronics X-CUBE-SUBG2 5.0.0
2025-09-07 15:49:38,770 [INFO] ThirdParty:1030 - CMSIS Pack Vendor :STMicroelectronics X-CUBE-AZRTOS-H7RS 1.1.0
2025-09-07 15:49:38,770 [INFO] ThirdParty:1030 - CMSIS Pack Vendor :STMicroelectronics STM32_WPAN 1.0.0
2025-09-07 15:49:38,770 [INFO] ThirdParty:1030 - CMSIS Pack Vendor :EmbeddedOffice I-CUBE-FS-RTOS 1.0.1
2025-09-07 15:49:38,770 [INFO] ThirdParty:1030 - CMSIS Pack Vendor :STMicroelectronics lwIP 2.0.3
2025-09-07 15:49:38,770 [INFO] ThirdParty:1030 - CMSIS Pack Vendor :Cesanta I-CUBE-Mongoose 7.13.0
2025-09-07 15:49:38,770 [INFO] ThirdParty:1030 - CMSIS Pack Vendor :STMicroelectronics USB_HOST 1.0.0
2025-09-07 15:49:38,770 [INFO] ThirdParty:1030 - CMSIS Pack Vendor :Infineon AIROC-Wi-Fi-Bluetooth-STM32 1.7.1
2025-09-07 15:49:38,770 [INFO] ThirdParty:1030 - CMSIS Pack Vendor :STMicroelectronics X-CUBE-AZRTOS-G4 2.0.0
2025-09-07 15:49:38,770 [INFO] ThirdParty:1030 - CMSIS Pack Vendor :STMicroelectronics X-CUBE-WB05N 2.0.0
2025-09-07 15:49:38,770 [INFO] ThirdParty:1030 - CMSIS Pack Vendor :STMicroelectronics PDM2PCM 3.1.0
2025-09-07 15:49:38,770 [INFO] ThirdParty:1030 - CMSIS Pack Vendor :STMicroelectronics PDM2PCM 3.3.0
2025-09-07 15:49:38,770 [INFO] ThirdParty:1030 - CMSIS Pack Vendor :wolfSSL I-CUBE-wolfTPM 3.8.0
2025-09-07 15:49:38,770 [INFO] ThirdParty:1030 - CMSIS Pack Vendor :STMicroelectronics X-CUBE-AZRTOS-H7 3.4.0
2025-09-07 15:49:38,770 [INFO] ThirdParty:1030 - CMSIS Pack Vendor :STMicroelectronics X-CUBE-DISPLAY 3.0.0
2025-09-07 15:49:38,770 [INFO] ThirdParty:1030 - CMSIS Pack Vendor :wolfSSL I-CUBE-wolfSSH 1.4.20
2025-09-07 15:49:38,770 [INFO] ThirdParty:1030 - CMSIS Pack Vendor :STMicroelectronics X-CUBE-NFC7 2.0.0
2025-09-07 15:49:38,770 [INFO] ThirdParty:1030 - CMSIS Pack Vendor :STMicroelectronics X-CUBE-TCPP 4.2.0
2025-09-07 15:49:38,770 [INFO] ThirdParty:1030 - CMSIS Pack Vendor :RealThread X-CUBE-RT-Thread_Nano 4.1.1
2025-09-07 15:49:38,770 [INFO] ThirdParty:1030 - CMSIS Pack Vendor :STMicroelectronics FP-ATR-SIGFOX1 3.2.0
2025-09-07 15:49:38,770 [INFO] ThirdParty:1030 - CMSIS Pack Vendor :STMicroelectronics X-CUBE-NFC10 1.0.0
2025-09-07 15:49:38,770 [INFO] ThirdParty:1030 - CMSIS Pack Vendor :STMicroelectronics X-CUBE-FREERTOS 1.3.1
2025-09-07 15:49:38,770 [INFO] ThirdParty:1030 - CMSIS Pack Vendor :STMicroelectronics HAL Drivers 0.0.0
2025-09-07 15:49:38,770 [INFO] ThirdParty:1030 - CMSIS Pack Vendor :STMicroelectronics MBEDTLS 2.16.2
2025-09-07 15:49:38,770 [INFO] ThirdParty:1030 - CMSIS Pack Vendor :STMicroelectronics X-CUBE-IPS 3.1.0
2025-09-07 15:49:38,770 [INFO] ThirdParty:1030 - CMSIS Pack Vendor :STMicroelectronics X-CUBE-ALS 1.0.2
2025-09-07 15:49:38,770 [INFO] ThirdParty:1030 - CMSIS Pack Vendor :emotas I-CUBE-CANOPEN 1.3.0
2025-09-07 15:49:38,770 [INFO] ThirdParty:1030 - CMSIS Pack Vendor :STMicroelectronics MBEDTLS 2.14.1
2025-09-07 15:49:38,770 [INFO] ThirdParty:1030 - CMSIS Pack Vendor :ITTIA_DB I-CUBE-ITTIADB 8.9.0
2025-09-07 15:49:38,770 [INFO] ThirdParty:1030 - CMSIS Pack Vendor :STMicroelectronics X-CUBE-STSE01 1.0.0
2025-09-07 15:49:38,770 [INFO] ThirdParty:1030 - CMSIS Pack Vendor :portGmbH I-Cube-SoM-uGOAL 1.1.0
2025-09-07 15:49:38,770 [INFO] ThirdParty:1030 - CMSIS Pack Vendor :STMicroelectronics X-CUBE-ST67W61 1.0.0
2025-09-07 15:49:38,770 [INFO] ThirdParty:1030 - CMSIS Pack Vendor :STMicroelectronics FP-SNS-STBOX1 2.1.0
2025-09-07 15:49:38,770 [INFO] ThirdParty:1030 - CMSIS Pack Vendor :STMicroelectronics X-CUBE-AI 10.2.0
2025-09-07 15:49:38,770 [INFO] ThirdParty:1030 - CMSIS Pack Vendor :STMicroelectronics FP-SNS-STAIOTCFT 1.0.0
2025-09-07 15:49:38,770 [INFO] ThirdParty:1030 - CMSIS Pack Vendor :STMicroelectronics ThreadX 1.0.0
2025-09-07 15:49:38,770 [INFO] ThirdParty:1030 - CMSIS Pack Vendor :STMicroelectronics FP-SNS-SMARTAG2 1.2.0
2025-09-07 15:49:38,770 [INFO] ThirdParty:1030 - CMSIS Pack Vendor :STMicroelectronics FP-SNS-FLIGHT1 5.1.0
2025-09-07 15:49:38,770 [INFO] ThirdParty:1030 - CMSIS Pack Vendor :STMicroelectronics X-CUBE-AZRTOS-WL 2.0.0
2025-09-07 15:49:38,770 [INFO] ThirdParty:1030 - CMSIS Pack Vendor :SEGGER I-CUBE-embOS 1.3.1
2025-09-07 15:49:38,770 [INFO] ThirdParty:1030 - CMSIS Pack Vendor :STMicroelectronics X-CUBE-ALGOBUILD 1.4.0
2025-09-07 15:49:38,770 [INFO] ThirdParty:1030 - CMSIS Pack Vendor :STMicroelectronics X-CUBE-DPower 1.3.0
2025-09-07 15:49:38,770 [INFO] ThirdParty:1030 - CMSIS Pack Vendor :STMicroelectronics X-CUBE-MEMS1 11.3.0
2025-09-07 15:49:38,771 [INFO] ThirdParty:1030 - CMSIS Pack Vendor :STMicroelectronics FP-SNS-MOTENV1 5.0.0
2025-09-07 15:49:38,771 [INFO] ThirdParty:1030 - CMSIS Pack Vendor :STMicroelectronics USB_DEVICE 1.0.0
2025-09-07 15:49:38,771 [INFO] ThirdParty:1030 - CMSIS Pack Vendor :STMicroelectronics X-CUBE-AZRTOS-L4 2.0.0
2025-09-07 15:49:38,771 [INFO] ThirdParty:1030 - CMSIS Pack Vendor :STMicroelectronics ThreadX 0.0.2
2025-09-07 15:49:38,771 [INFO] ThirdParty:1030 - CMSIS Pack Vendor :WES I-CUBE-Cesium 1.3.0
2025-09-07 15:49:38,771 [INFO] ThirdParty:1030 - CMSIS Pack Vendor :STMicroelectronics lwIP 2.1.2
2025-09-07 15:49:38,771 [INFO] ThirdParty:1030 - CMSIS Pack Vendor :STMicroelectronics X-CUBE-SFXS2LP1 4.0.0
2025-09-07 15:49:38,771 [INFO] ThirdParty:1030 - CMSIS Pack Vendor :STMicroelectronics X-CUBE-BLE2 3.3.0
2025-09-07 15:49:38,771 [INFO] ThirdParty:1030 - CMSIS Pack Vendor :STMicroelectronics X-CUBE-TOF1 3.4.3
2025-09-07 15:49:38,771 [INFO] ThirdParty:1030 - CMSIS Pack Vendor :STMicroelectronics PDM2PCM 3.2.0
2025-09-07 15:49:38,771 [INFO] ThirdParty:841 - exiting critical section [change project]
2025-09-07 15:49:39,097 [INFO] PinOutPanel:1589 - setPackage(No Configuration,No Configuration)
2025-09-07 15:49:39,097 [INFO] PinOutPanel:1589 - setPackage(STM32F407ZGTx,LQFP144)
2025-09-07 15:49:39,426 [INFO] UtilMem:75 - Before build in PCC Used Memory: 408571944 Bytes (884998144)
2025-09-07 15:49:39,650 [INFO] UtilMem:75 - After build in PCC Used Memory: 455757864 Bytes (884998144)
2025-09-07 15:49:39,656 [INFO] ApiDbMcu:532 - Load IP Config File for FATFS
2025-09-07 15:49:39,665 [INFO] ApiDbMcu:532 - Load IP Config File for USB_HOST
2025-09-07 15:49:39,698 [INFO] IPUIPlugin:80 - create IPUIPlugin
2025-09-07 15:49:39,698 [INFO] IPUIPlugin:80 - create IPUIPlugin
2025-09-07 15:49:39,698 [INFO] IPUIPlugin:80 - create IPUIPlugin
2025-09-07 15:49:39,698 [INFO] IPUIPlugin:80 - create IPUIPlugin
2025-09-07 15:49:39,698 [INFO] IPUIPlugin:80 - create IPUIPlugin
2025-09-07 15:49:39,698 [INFO] IPUIPlugin:80 - create IPUIPlugin
2025-09-07 15:49:39,699 [INFO] IPUIPlugin:80 - create IPUIPlugin
2025-09-07 15:49:39,699 [INFO] IPUIPlugin:80 - create IPUIPlugin
2025-09-07 15:49:39,699 [INFO] IPUIPlugin:80 - create IPUIPlugin
2025-09-07 15:49:39,699 [INFO] IPUIPlugin:80 - create IPUIPlugin
2025-09-07 15:49:39,699 [INFO] IPUIPlugin:80 - create IPUIPlugin
2025-09-07 15:49:39,699 [INFO] IPUIPlugin:80 - create IPUIPlugin
2025-09-07 15:49:39,699 [INFO] IPUIPlugin:80 - create IPUIPlugin
2025-09-07 15:49:39,699 [INFO] IPUIPlugin:80 - create IPUIPlugin
2025-09-07 15:49:39,699 [INFO] IPUIPlugin:80 - create IPUIPlugin
2025-09-07 15:49:39,699 [INFO] IPUIPlugin:80 - create IPUIPlugin
2025-09-07 15:49:39,699 [INFO] IPUIPlugin:80 - create IPUIPlugin
2025-09-07 15:49:39,699 [INFO] IPUIPlugin:80 - create IPUIPlugin
2025-09-07 15:49:39,699 [INFO] IPUIPlugin:80 - create IPUIPlugin
2025-09-07 15:49:39,700 [INFO] IPUIPlugin:80 - create IPUIPlugin
2025-09-07 15:49:39,700 [INFO] IPUIPlugin:80 - create IPUIPlugin
2025-09-07 15:49:39,700 [INFO] IPUIPlugin:80 - create IPUIPlugin
2025-09-07 15:49:39,700 [INFO] IPUIPlugin:80 - create IPUIPlugin
2025-09-07 15:49:39,700 [INFO] IPUIPlugin:80 - create IPUIPlugin
2025-09-07 15:49:39,700 [INFO] IPUIPlugin:80 - create IPUIPlugin
2025-09-07 15:49:39,700 [INFO] IPUIPlugin:80 - create IPUIPlugin
2025-09-07 15:49:39,700 [INFO] IPUIPlugin:80 - create IPUIPlugin
2025-09-07 15:49:39,701 [INFO] IPUIPlugin:80 - create IPUIPlugin
2025-09-07 15:49:39,701 [INFO] IPUIPlugin:80 - create IPUIPlugin
2025-09-07 15:49:39,701 [INFO] IPUIPlugin:80 - create IPUIPlugin
2025-09-07 15:49:39,701 [INFO] IPUIPlugin:80 - create IPUIPlugin
2025-09-07 15:49:39,701 [INFO] IPUIPlugin:80 - create IPUIPlugin
2025-09-07 15:49:39,701 [INFO] IPUIPlugin:80 - create IPUIPlugin
2025-09-07 15:49:39,701 [INFO] IPUIPlugin:80 - create IPUIPlugin
2025-09-07 15:49:39,701 [INFO] IPUIPlugin:80 - create IPUIPlugin
2025-09-07 15:49:39,701 [INFO] IPUIPlugin:80 - create IPUIPlugin
2025-09-07 15:49:39,701 [INFO] IPUIPlugin:80 - create IPUIPlugin
2025-09-07 15:49:39,701 [INFO] IPUIPlugin:80 - create IPUIPlugin
2025-09-07 15:49:39,701 [INFO] IPUIPlugin:80 - create IPUIPlugin
2025-09-07 15:49:39,701 [INFO] IPUIPlugin:80 - create IPUIPlugin
2025-09-07 15:49:39,702 [INFO] IPUIPlugin:80 - create IPUIPlugin
2025-09-07 15:49:39,702 [INFO] IPUIPlugin:80 - create IPUIPlugin
2025-09-07 15:49:39,702 [INFO] IPUIPlugin:80 - create IPUIPlugin
2025-09-07 15:49:39,702 [INFO] IPUIPlugin:80 - create IPUIPlugin
2025-09-07 15:49:39,702 [INFO] IPUIPlugin:80 - create IPUIPlugin
2025-09-07 15:49:39,702 [INFO] IPUIPlugin:80 - create IPUIPlugin
2025-09-07 15:49:39,702 [INFO] IPUIPlugin:80 - create IPUIPlugin
2025-09-07 15:49:39,702 [INFO] IPUIPlugin:80 - create IPUIPlugin
2025-09-07 15:49:39,702 [INFO] IPUIPlugin:80 - create IPUIPlugin
2025-09-07 15:49:39,703 [INFO] IPUIPlugin:80 - create IPUIPlugin
2025-09-07 15:49:39,703 [INFO] IPUIPlugin:80 - create IPUIPlugin
2025-09-07 15:49:39,703 [INFO] IPUIPlugin:80 - create IPUIPlugin
2025-09-07 15:49:39,703 [INFO] IPUIPlugin:80 - create IPUIPlugin
2025-09-07 15:49:39,703 [INFO] IPUIPlugin:80 - create IPUIPlugin
2025-09-07 15:49:39,703 [INFO] IPUIPlugin:80 - create IPUIPlugin
2025-09-07 15:49:39,704 [INFO] IPUIPlugin:80 - create IPUIPlugin
2025-09-07 15:49:39,704 [INFO] IPUIPlugin:80 - create IPUIPlugin
2025-09-07 15:49:39,704 [INFO] IPUIPlugin:80 - create IPUIPlugin
2025-09-07 15:49:39,708 [INFO] ApiDbMcu:532 - Load IP Config File for PDM2PCM
2025-09-07 15:49:39,713 [INFO] Can:71 - Can Add PropertyChangeListener com.st.microxplorer.plugins.ip.can.Can@2799f726
2025-09-07 15:49:39,714 [WARN] IP:2250 - I2C_Coeff_DF not found: check if there is a RefParameter without a condition.
2025-09-07 15:49:39,714 [WARN] IP:2250 - Analog_Filter not found: check if there is a RefParameter without a condition.
2025-09-07 15:49:39,784 [INFO] CADModel:165 - CPN selected for project levelSTM32F407ZGT6
2025-09-07 15:49:39,785 [INFO] CADModel:114 - Register for checkConnection events
2025-09-07 15:49:39,825 [INFO] OpenFileManager:386 - Restore cursor
2025-09-07 15:49:40,135 [WARN] IP:2250 - I2C_Coeff_DF not found: check if there is a RefParameter without a condition.
2025-09-07 15:49:40,135 [WARN] IP:2250 - Analog_Filter not found: check if there is a RefParameter without a condition.
2025-09-07 15:49:40,136 [WARN] IP:2250 - I2C_Coeff_DF not found: check if there is a RefParameter without a condition.
2025-09-07 15:49:40,136 [WARN] IP:2250 - Analog_Filter not found: check if there is a RefParameter without a condition.
2025-09-07 15:49:52,014 [INFO] UtilMem:75 - End SaveConfig() Used Memory: 697452584 Bytes (884998144)
2025-09-07 15:49:54,264 [INFO] UtilMem:75 - End SaveConfig() Used Memory: 729963136 Bytes (884998144)
2025-09-07 15:50:06,110 [INFO] AnalyticsPlugin:368 - Accepted License(s): [FW.F4.1.28.0]
2025-09-07 15:50:06,111 [INFO] FileExtend:248 - Unzip File : stm32cube_fw_f4_v1280.zip
2025-09-07 15:50:06,112 [INFO] FileExtend:263 - Standard Zip Deflate
2025-09-07 15:50:15,136 [INFO] ServerAccessManage:452 - Complete download http(s) 200
2025-09-07 15:50:15,137 [INFO] ServerAccessManage:509 - Download File stm32cube_fw_f4_v1283.zip
2025-09-07 15:55:40,331 [INFO] FileExtend:248 - Unzip File : stm32cube_fw_f4_v1283.zip
2025-09-07 15:55:40,332 [INFO] FileExtend:263 - Standard Zip Deflate
2025-09-07 15:55:48,696 [INFO] LoadServerPackagesThread:196 - End of LoadServerPackages Thread
2025-09-07 15:55:48,974 [INFO] ThirdPartyModel:298 - Start build external matchings
2025-09-07 15:55:49,038 [INFO] UtilMem:75 - End SaveConfig() Used Memory: 686392504 Bytes (1073741824)
2025-09-07 15:55:49,530 [INFO] ThirdPartyModel:316 - End build external matchings
2025-09-07 15:55:49,547 [INFO] CheckServerUpdateThread:120 - End of CheckServer Thread
2025-09-07 15:55:49,628 [INFO] BlockDiagram:2775 - set Specific Code input for plugin: SPI
2025-09-07 15:55:49,628 [INFO] BlockDiagram:2775 - set Specific Code input for plugin: FSMC
2025-09-07 15:55:49,629 [INFO] BlockDiagram:2775 - set Specific Code input for plugin: RNG
2025-09-07 15:55:49,629 [INFO] BlockDiagram:2775 - set Specific Code input for plugin: SDIO
2025-09-07 15:55:49,629 [INFO] BlockDiagram:2775 - set Specific Code input for plugin: TIM1_8
2025-09-07 15:55:49,629 [INFO] BlockDiagram:2775 - set Specific Code input for plugin: TIM1_8
2025-09-07 15:55:49,629 [INFO] BlockDiagram:2775 - set Specific Code input for plugin: CAN
2025-09-07 15:55:49,629 [INFO] BlockDiagram:2775 - set Specific Code input for plugin: ADC
2025-09-07 15:55:49,629 [INFO] BlockDiagram:2775 - set Specific Code input for plugin: SYS
2025-09-07 15:55:49,629 [INFO] BlockDiagram:2775 - set Specific Code input for plugin: ADC
2025-09-07 15:55:49,630 [INFO] BlockDiagram:2775 - set Specific Code input for plugin: RCC
2025-09-07 15:55:49,630 [INFO] BlockDiagram:2775 - set Specific Code input for plugin: CRC
2025-09-07 15:55:49,630 [INFO] BlockDiagram:2775 - set Specific Code input for plugin: I2C
2025-09-07 15:55:49,630 [INFO] BlockDiagram:2775 - set Specific Code input for plugin: RTC
2025-09-07 15:55:49,630 [INFO] BlockDiagram:2775 - set Specific Code input for plugin: USB_OTG_FS
2025-09-07 15:55:49,630 [INFO] BlockDiagram:2775 - set Specific Code input for plugin: NVIC
2025-09-07 15:55:49,630 [INFO] BlockDiagram:2775 - set Specific Code input for plugin: USB_HOST
2025-09-07 15:55:49,630 [INFO] BlockDiagram:2775 - set Specific Code input for plugin: USART
2025-09-07 15:55:49,631 [INFO] BlockDiagram:2775 - set Specific Code input for plugin: USART
2025-09-07 15:55:49,631 [INFO] BlockDiagram:2775 - set Specific Code input for plugin: USART
2025-09-07 15:55:49,633 [INFO] BlockDiagram:2775 - set Specific Code input for plugin: USART
2025-09-07 15:55:49,634 [INFO] BlockDiagram:2775 - set Specific Code input for plugin: DMA
2025-09-07 15:55:49,634 [INFO] BlockDiagram:2775 - set Specific Code input for plugin: DAC
2025-09-07 15:55:49,634 [INFO] BlockDiagram:2775 - set Specific Code input for plugin: UART
2025-09-07 15:55:49,637 [INFO] BlockDiagram:2775 - set Specific Code input for plugin: GPIO
2025-09-07 15:55:49,637 [INFO] BlockDiagram:2775 - set Specific Code input for plugin: FATFS
2025-09-07 15:55:49,639 [INFO] CodeGenerator:892 - code generatio: config db path: /home/tuna/st/stm32cubeide_1.18.1/plugins/com.st.stm32cube.common.mx_6.15.0.202507011659//db/
2025-09-07 15:55:49,727 [WARN] IP:2250 - I2C_Coeff_DF not found: check if there is a RefParameter without a condition.
2025-09-07 15:55:49,728 [WARN] IP:2250 - Analog_Filter not found: check if there is a RefParameter without a condition.
2025-09-07 15:55:49,995 [INFO] CodeEngine:265 - oldGeneratedFile, /home/tuna/Desktop/OneDrive_1_9-7-2025/【官方源工程】洋桃2号开发板出厂测试程序 V1.6(20230926)正式版/TEST01/MXTmpFiles/license.tmp_save
2025-09-07 15:55:50,345 [INFO] CodeEngine:289 - Generated code: /home/tuna/Desktop/OneDrive_1_9-7-2025/【官方源工程】洋桃2号开发板出厂测试程序 V1.6(20230926)正式版/TEST01/MXTmpFiles/license.tmp
2025-09-07 15:55:50,488 [INFO] CodeEngine:265 - oldGeneratedFile, /home/tuna/Desktop/OneDrive_1_9-7-2025/【官方源工程】洋桃2号开发板出厂测试程序 V1.6(20230926)正式版/TEST01/MXTmpFiles/gpio.tmp_save
2025-09-07 15:55:50,681 [INFO] CodeEngine:289 - Generated code: /home/tuna/Desktop/OneDrive_1_9-7-2025/【官方源工程】洋桃2号开发板出厂测试程序 V1.6(20230926)正式版/TEST01/MXTmpFiles/gpio.tmp
2025-09-07 15:55:50,864 [WARN] IPConfigManager:3238 - Warning: the RefConfig PWREx_EnableUSBVoltageDetector is not available in your config.xml file
2025-09-07 15:55:50,876 [INFO] CodeEngine:265 - oldGeneratedFile, /home/tuna/Desktop/OneDrive_1_9-7-2025/【官方源工程】洋桃2号开发板出厂测试程序 V1.6(20230926)正式版/TEST01/MXTmpFiles/usb_otg_fs_vars.tmp_save
2025-09-07 15:55:50,979 [INFO] CodeEngine:289 - Generated code: /home/tuna/Desktop/OneDrive_1_9-7-2025/【官方源工程】洋桃2号开发板出厂测试程序 V1.6(20230926)正式版/TEST01/MXTmpFiles/usb_otg_fs_vars.tmp
2025-09-07 15:55:50,982 [INFO] CodeEngine:265 - oldGeneratedFile, /home/tuna/Desktop/OneDrive_1_9-7-2025/【官方源工程】洋桃2号开发板出厂测试程序 V1.6(20230926)正式版/TEST01/MXTmpFiles/usb_otg_fs_inc.tmp_save
2025-09-07 15:55:51,066 [INFO] CodeEngine:289 - Generated code: /home/tuna/Desktop/OneDrive_1_9-7-2025/【官方源工程】洋桃2号开发板出厂测试程序 V1.6(20230926)正式版/TEST01/MXTmpFiles/usb_otg_fs_inc.tmp
2025-09-07 15:55:51,069 [INFO] CodeEngine:265 - oldGeneratedFile, /home/tuna/Desktop/OneDrive_1_9-7-2025/【官方源工程】洋桃2号开发板出厂测试程序 V1.6(20230926)正式版/TEST01/MXTmpFiles/usb_otg_fs_HalInit.tmp_save
2025-09-07 15:55:51,165 [INFO] CodeEngine:289 - Generated code: /home/tuna/Desktop/OneDrive_1_9-7-2025/【官方源工程】洋桃2号开发板出厂测试程序 V1.6(20230926)正式版/TEST01/MXTmpFiles/usb_otg_fs_HalInit.tmp
2025-09-07 15:55:51,168 [INFO] CodeEngine:265 - oldGeneratedFile, /home/tuna/Desktop/OneDrive_1_9-7-2025/【官方源工程】洋桃2号开发板出厂测试程序 V1.6(20230926)正式版/TEST01/MXTmpFiles/usb_otg_fs_Msp.tmp_save
2025-09-07 15:55:51,268 [INFO] CodeEngine:289 - Generated code: /home/tuna/Desktop/OneDrive_1_9-7-2025/【官方源工程】洋桃2号开发板出厂测试程序 V1.6(20230926)正式版/TEST01/MXTmpFiles/usb_otg_fs_Msp.tmp
2025-09-07 15:55:52,904 [INFO] CodeEngine:265 - oldGeneratedFile, /home/tuna/Desktop/OneDrive_1_9-7-2025/【官方源工程】洋桃2号开发板出厂测试程序 V1.6(20230926)正式版/TEST01/MXTmpFiles/fatfs_HalInit.tmp_save
2025-09-07 15:55:52,964 [INFO] CodeEngine:289 - Generated code: /home/tuna/Desktop/OneDrive_1_9-7-2025/【官方源工程】洋桃2号开发板出厂测试程序 V1.6(20230926)正式版/TEST01/MXTmpFiles/fatfs_HalInit.tmp
2025-09-07 15:55:52,967 [INFO] CodeEngine:265 - oldGeneratedFile, /home/tuna/Desktop/OneDrive_1_9-7-2025/【官方源工程】洋桃2号开发板出厂测试程序 V1.6(20230926)正式版/TEST01/MXTmpFiles/fatfs_vars.tmp_save
2025-09-07 15:55:53,014 [INFO] CodeEngine:289 - Generated code: /home/tuna/Desktop/OneDrive_1_9-7-2025/【官方源工程】洋桃2号开发板出厂测试程序 V1.6(20230926)正式版/TEST01/MXTmpFiles/fatfs_vars.tmp
2025-09-07 15:55:53,016 [INFO] CodeEngine:265 - oldGeneratedFile, /home/tuna/Desktop/OneDrive_1_9-7-2025/【官方源工程】洋桃2号开发板出厂测试程序 V1.6(20230926)正式版/TEST01/MXTmpFiles/fatfs_ext_vars.tmp_save
2025-09-07 15:55:53,064 [INFO] CodeEngine:289 - Generated code: /home/tuna/Desktop/OneDrive_1_9-7-2025/【官方源工程】洋桃2号开发板出厂测试程序 V1.6(20230926)正式版/TEST01/MXTmpFiles/fatfs_ext_vars.tmp
2025-09-07 15:55:53,067 [INFO] CodeEngine:265 - oldGeneratedFile, /home/tuna/Desktop/OneDrive_1_9-7-2025/【官方源工程】洋桃2号开发板出厂测试程序 V1.6(20230926)正式版/TEST01/MXTmpFiles/fatfs_inc.tmp_save
2025-09-07 15:55:53,120 [INFO] CodeEngine:289 - Generated code: /home/tuna/Desktop/OneDrive_1_9-7-2025/【官方源工程】洋桃2号开发板出厂测试程序 V1.6(20230926)正式版/TEST01/MXTmpFiles/fatfs_inc.tmp
2025-09-07 15:55:53,166 [INFO] CodeEngine:265 - oldGeneratedFile, /home/tuna/Desktop/OneDrive_1_9-7-2025/【官方源工程】洋桃2号开发板出厂测试程序 V1.6(20230926)正式版/TEST01/MXTmpFiles/dma.tmp_save
2025-09-07 15:55:53,219 [INFO] CodeEngine:289 - Generated code: /home/tuna/Desktop/OneDrive_1_9-7-2025/【官方源工程】洋桃2号开发板出厂测试程序 V1.6(20230926)正式版/TEST01/MXTmpFiles/dma.tmp
2025-09-07 15:55:53,221 [INFO] CodeEngine:265 - oldGeneratedFile, /home/tuna/Desktop/OneDrive_1_9-7-2025/【官方源工程】洋桃2号开发板出厂测试程序 V1.6(20230926)正式版/TEST01/MXTmpFiles/dma_GV.tmp_save
2025-09-07 15:55:53,272 [INFO] CodeEngine:289 - Generated code: /home/tuna/Desktop/OneDrive_1_9-7-2025/【官方源工程】洋桃2号开发板出厂测试程序 V1.6(20230926)正式版/TEST01/MXTmpFiles/dma_GV.tmp
2025-09-07 15:55:53,285 [INFO] CodeEngine:265 - oldGeneratedFile, /home/tuna/Desktop/OneDrive_1_9-7-2025/【官方源工程】洋桃2号开发板出厂测试程序 V1.6(20230926)正式版/TEST01/MXTmpFiles/fatfs_HalInit.tmp_save
2025-09-07 15:55:53,339 [INFO] CodeEngine:289 - Generated code: /home/tuna/Desktop/OneDrive_1_9-7-2025/【官方源工程】洋桃2号开发板出厂测试程序 V1.6(20230926)正式版/TEST01/MXTmpFiles/fatfs_HalInit.tmp
2025-09-07 15:55:53,342 [INFO] CodeEngine:265 - oldGeneratedFile, /home/tuna/Desktop/OneDrive_1_9-7-2025/【官方源工程】洋桃2号开发板出厂测试程序 V1.6(20230926)正式版/TEST01/MXTmpFiles/fatfs_vars.tmp_save
2025-09-07 15:55:53,391 [INFO] CodeEngine:289 - Generated code: /home/tuna/Desktop/OneDrive_1_9-7-2025/【官方源工程】洋桃2号开发板出厂测试程序 V1.6(20230926)正式版/TEST01/MXTmpFiles/fatfs_vars.tmp
2025-09-07 15:55:53,392 [INFO] CodeEngine:265 - oldGeneratedFile, /home/tuna/Desktop/OneDrive_1_9-7-2025/【官方源工程】洋桃2号开发板出厂测试程序 V1.6(20230926)正式版/TEST01/MXTmpFiles/fatfs_ext_vars.tmp_save
2025-09-07 15:55:53,440 [INFO] CodeEngine:289 - Generated code: /home/tuna/Desktop/OneDrive_1_9-7-2025/【官方源工程】洋桃2号开发板出厂测试程序 V1.6(20230926)正式版/TEST01/MXTmpFiles/fatfs_ext_vars.tmp
2025-09-07 15:55:53,442 [INFO] CodeEngine:265 - oldGeneratedFile, /home/tuna/Desktop/OneDrive_1_9-7-2025/【官方源工程】洋桃2号开发板出厂测试程序 V1.6(20230926)正式版/TEST01/MXTmpFiles/fatfs_inc.tmp_save
2025-09-07 15:55:53,490 [INFO] CodeEngine:289 - Generated code: /home/tuna/Desktop/OneDrive_1_9-7-2025/【官方源工程】洋桃2号开发板出厂测试程序 V1.6(20230926)正式版/TEST01/MXTmpFiles/fatfs_inc.tmp
2025-09-07 15:55:53,493 [INFO] CodeEngine:265 - oldGeneratedFile, /home/tuna/Desktop/OneDrive_1_9-7-2025/【官方源工程】洋桃2号开发板出厂测试程序 V1.6(20230926)正式版/TEST01/FATFS/Target/ffconf.h_save
2025-09-07 15:55:53,555 [INFO] CodeEngine:289 - Generated code: /home/tuna/Desktop/OneDrive_1_9-7-2025/【官方源工程】洋桃2号开发板出厂测试程序 V1.6(20230926)正式版/TEST01/FATFS/Target/ffconf.h
2025-09-07 15:55:53,558 [INFO] CodeEngine:265 - oldGeneratedFile, /home/tuna/Desktop/OneDrive_1_9-7-2025/【官方源工程】洋桃2号开发板出厂测试程序 V1.6(20230926)正式版/TEST01/FATFS/Target/bsp_driver_sd.c_save
2025-09-07 15:55:53,633 [INFO] CodeEngine:289 - Generated code: /home/tuna/Desktop/OneDrive_1_9-7-2025/【官方源工程】洋桃2号开发板出厂测试程序 V1.6(20230926)正式版/TEST01/FATFS/Target/bsp_driver_sd.c
2025-09-07 15:55:53,636 [INFO] CodeEngine:265 - oldGeneratedFile, /home/tuna/Desktop/OneDrive_1_9-7-2025/【官方源工程】洋桃2号开发板出厂测试程序 V1.6(20230926)正式版/TEST01/FATFS/Target/bsp_driver_sd.h_save
2025-09-07 15:55:53,685 [INFO] CodeEngine:289 - Generated code: /home/tuna/Desktop/OneDrive_1_9-7-2025/【官方源工程】洋桃2号开发板出厂测试程序 V1.6(20230926)正式版/TEST01/FATFS/Target/bsp_driver_sd.h
2025-09-07 15:55:53,688 [INFO] CodeEngine:265 - oldGeneratedFile, /home/tuna/Desktop/OneDrive_1_9-7-2025/【官方源工程】洋桃2号开发板出厂测试程序 V1.6(20230926)正式版/TEST01/FATFS/Target/sd_diskio.h_save
2025-09-07 15:55:53,737 [INFO] CodeEngine:289 - Generated code: /home/tuna/Desktop/OneDrive_1_9-7-2025/【官方源工程】洋桃2号开发板出厂测试程序 V1.6(20230926)正式版/TEST01/FATFS/Target/sd_diskio.h
2025-09-07 15:55:53,740 [INFO] CodeEngine:265 - oldGeneratedFile, /home/tuna/Desktop/OneDrive_1_9-7-2025/【官方源工程】洋桃2号开发板出厂测试程序 V1.6(20230926)正式版/TEST01/FATFS/Target/sd_diskio.c_save
2025-09-07 15:55:53,805 [INFO] CodeEngine:289 - Generated code: /home/tuna/Desktop/OneDrive_1_9-7-2025/【官方源工程】洋桃2号开发板出厂测试程序 V1.6(20230926)正式版/TEST01/FATFS/Target/sd_diskio.c
2025-09-07 15:55:53,808 [INFO] CodeEngine:265 - oldGeneratedFile, /home/tuna/Desktop/OneDrive_1_9-7-2025/【官方源工程】洋桃2号开发板出厂测试程序 V1.6(20230926)正式版/TEST01/FATFS/App/fatfs.c_save
2025-09-07 15:55:53,862 [INFO] CodeEngine:289 - Generated code: /home/tuna/Desktop/OneDrive_1_9-7-2025/【官方源工程】洋桃2号开发板出厂测试程序 V1.6(20230926)正式版/TEST01/FATFS/App/fatfs.c
2025-09-07 15:55:53,864 [INFO] CodeEngine:265 - oldGeneratedFile, /home/tuna/Desktop/OneDrive_1_9-7-2025/【官方源工程】洋桃2号开发板出厂测试程序 V1.6(20230926)正式版/TEST01/FATFS/App/fatfs.h_save
2025-09-07 15:55:53,915 [INFO] CodeEngine:289 - Generated code: /home/tuna/Desktop/OneDrive_1_9-7-2025/【官方源工程】洋桃2号开发板出厂测试程序 V1.6(20230926)正式版/TEST01/FATFS/App/fatfs.h
2025-09-07 15:55:53,917 [INFO] CodeEngine:265 - oldGeneratedFile, /home/tuna/Desktop/OneDrive_1_9-7-2025/【官方源工程】洋桃2号开发板出厂测试程序 V1.6(20230926)正式版/TEST01/FATFS/Target/fatfs_platform.c_save
2025-09-07 15:55:53,963 [INFO] CodeEngine:289 - Generated code: /home/tuna/Desktop/OneDrive_1_9-7-2025/【官方源工程】洋桃2号开发板出厂测试程序 V1.6(20230926)正式版/TEST01/FATFS/Target/fatfs_platform.c
2025-09-07 15:55:53,965 [INFO] CodeEngine:265 - oldGeneratedFile, /home/tuna/Desktop/OneDrive_1_9-7-2025/【官方源工程】洋桃2号开发板出厂测试程序 V1.6(20230926)正式版/TEST01/FATFS/Target/fatfs_platform.h_save
2025-09-07 15:55:54,010 [INFO] CodeEngine:289 - Generated code: /home/tuna/Desktop/OneDrive_1_9-7-2025/【官方源工程】洋桃2号开发板出厂测试程序 V1.6(20230926)正式版/TEST01/FATFS/Target/fatfs_platform.h
2025-09-07 15:55:54,011 [INFO] CodeEngine:265 - oldGeneratedFile, /home/tuna/Desktop/OneDrive_1_9-7-2025/【官方源工程】洋桃2号开发板出厂测试程序 V1.6(20230926)正式版/TEST01/FATFS/Target/usbh_diskio.h_save
2025-09-07 15:55:54,054 [INFO] CodeEngine:289 - Generated code: /home/tuna/Desktop/OneDrive_1_9-7-2025/【官方源工程】洋桃2号开发板出厂测试程序 V1.6(20230926)正式版/TEST01/FATFS/Target/usbh_diskio.h
2025-09-07 15:55:54,056 [INFO] CodeEngine:265 - oldGeneratedFile, /home/tuna/Desktop/OneDrive_1_9-7-2025/【官方源工程】洋桃2号开发板出厂测试程序 V1.6(20230926)正式版/TEST01/FATFS/Target/usbh_diskio.c_save
2025-09-07 15:55:54,102 [INFO] CodeEngine:289 - Generated code: /home/tuna/Desktop/OneDrive_1_9-7-2025/【官方源工程】洋桃2号开发板出厂测试程序 V1.6(20230926)正式版/TEST01/FATFS/Target/usbh_diskio.c
2025-09-07 15:55:54,105 [INFO] CodeEngine:265 - oldGeneratedFile, /home/tuna/Desktop/OneDrive_1_9-7-2025/【官方源工程】洋桃2号开发板出厂测试程序 V1.6(20230926)正式版/TEST01/MXTmpFiles/mx_fsmc_HC.tmp_save
2025-09-07 15:55:54,153 [INFO] CodeEngine:289 - Generated code: /home/tuna/Desktop/OneDrive_1_9-7-2025/【官方源工程】洋桃2号开发板出厂测试程序 V1.6(20230926)正式版/TEST01/MXTmpFiles/mx_fsmc_HC.tmp
2025-09-07 15:55:54,155 [INFO] CodeEngine:265 - oldGeneratedFile, /home/tuna/Desktop/OneDrive_1_9-7-2025/【官方源工程】洋桃2号开发板出厂测试程序 V1.6(20230926)正式版/TEST01/MXTmpFiles/mx_fsmc_GV.tmp_save
2025-09-07 15:55:54,206 [INFO] CodeEngine:289 - Generated code: /home/tuna/Desktop/OneDrive_1_9-7-2025/【官方源工程】洋桃2号开发板出厂测试程序 V1.6(20230926)正式版/TEST01/MXTmpFiles/mx_fsmc_GV.tmp
2025-09-07 15:55:54,208 [INFO] CodeEngine:265 - oldGeneratedFile, /home/tuna/Desktop/OneDrive_1_9-7-2025/【官方源工程】洋桃2号开发板出厂测试程序 V1.6(20230926)正式版/TEST01/MXTmpFiles/mx_fsmc_MSP.tmp_save
2025-09-07 15:55:54,266 [INFO] CodeEngine:289 - Generated code: /home/tuna/Desktop/OneDrive_1_9-7-2025/【官方源工程】洋桃2号开发板出厂测试程序 V1.6(20230926)正式版/TEST01/MXTmpFiles/mx_fsmc_MSP.tmp
2025-09-07 15:55:54,280 [INFO] CodeEngine:265 - oldGeneratedFile, /home/tuna/Desktop/OneDrive_1_9-7-2025/【官方源工程】洋桃2号开发板出厂测试程序 V1.6(20230926)正式版/TEST01/USB_HOST/App/usb_host.c_save
2025-09-07 15:55:54,341 [INFO] CodeEngine:289 - Generated code: /home/tuna/Desktop/OneDrive_1_9-7-2025/【官方源工程】洋桃2号开发板出厂测试程序 V1.6(20230926)正式版/TEST01/USB_HOST/App/usb_host.c
2025-09-07 15:55:54,342 [INFO] CodeEngine:265 - oldGeneratedFile, /home/tuna/Desktop/OneDrive_1_9-7-2025/【官方源工程】洋桃2号开发板出厂测试程序 V1.6(20230926)正式版/TEST01/USB_HOST/App/usb_host.h_save
2025-09-07 15:55:54,392 [INFO] CodeEngine:289 - Generated code: /home/tuna/Desktop/OneDrive_1_9-7-2025/【官方源工程】洋桃2号开发板出厂测试程序 V1.6(20230926)正式版/TEST01/USB_HOST/App/usb_host.h
2025-09-07 15:55:54,394 [INFO] CodeEngine:265 - oldGeneratedFile, /home/tuna/Desktop/OneDrive_1_9-7-2025/【官方源工程】洋桃2号开发板出厂测试程序 V1.6(20230926)正式版/TEST01/USB_HOST/Target/usbh_conf.h_save
2025-09-07 15:55:54,438 [INFO] CodeEngine:289 - Generated code: /home/tuna/Desktop/OneDrive_1_9-7-2025/【官方源工程】洋桃2号开发板出厂测试程序 V1.6(20230926)正式版/TEST01/USB_HOST/Target/usbh_conf.h
2025-09-07 15:55:54,440 [INFO] CodeEngine:265 - oldGeneratedFile, /home/tuna/Desktop/OneDrive_1_9-7-2025/【官方源工程】洋桃2号开发板出厂测试程序 V1.6(20230926)正式版/TEST01/USB_HOST/Target/usbh_conf.c_save
2025-09-07 15:55:54,488 [INFO] CodeEngine:289 - Generated code: /home/tuna/Desktop/OneDrive_1_9-7-2025/【官方源工程】洋桃2号开发板出厂测试程序 V1.6(20230926)正式版/TEST01/USB_HOST/Target/usbh_conf.c
2025-09-07 15:55:54,489 [INFO] CodeEngine:265 - oldGeneratedFile, /home/tuna/Desktop/OneDrive_1_9-7-2025/【官方源工程】洋桃2号开发板出厂测试程序 V1.6(20230926)正式版/TEST01/USB_HOST/Target/usbh_platform.c_save
2025-09-07 15:55:54,536 [INFO] CodeEngine:289 - Generated code: /home/tuna/Desktop/OneDrive_1_9-7-2025/【官方源工程】洋桃2号开发板出厂测试程序 V1.6(20230926)正式版/TEST01/USB_HOST/Target/usbh_platform.c
2025-09-07 15:55:54,538 [INFO] CodeEngine:265 - oldGeneratedFile, /home/tuna/Desktop/OneDrive_1_9-7-2025/【官方源工程】洋桃2号开发板出厂测试程序 V1.6(20230926)正式版/TEST01/USB_HOST/Target/usbh_platform.h_save
2025-09-07 15:55:54,582 [INFO] CodeEngine:289 - Generated code: /home/tuna/Desktop/OneDrive_1_9-7-2025/【官方源工程】洋桃2号开发板出厂测试程序 V1.6(20230926)正式版/TEST01/USB_HOST/Target/usbh_platform.h
2025-09-07 15:55:54,596 [INFO] CodeEngine:265 - oldGeneratedFile, /home/tuna/Desktop/OneDrive_1_9-7-2025/【官方源工程】洋桃2号开发板出厂测试程序 V1.6(20230926)正式版/TEST01/Core/Src/stm32f4xx_it.c_save
2025-09-07 15:55:54,728 [INFO] CodeEngine:289 - Generated code: /home/tuna/Desktop/OneDrive_1_9-7-2025/【官方源工程】洋桃2号开发板出厂测试程序 V1.6(20230926)正式版/TEST01/Core/Src/stm32f4xx_it.c
2025-09-07 15:55:54,729 [INFO] CodeEngine:265 - oldGeneratedFile, /home/tuna/Desktop/OneDrive_1_9-7-2025/【官方源工程】洋桃2号开发板出厂测试程序 V1.6(20230926)正式版/TEST01/Core/Inc/stm32f4xx_it.h_save
2025-09-07 15:55:54,782 [INFO] CodeEngine:289 - Generated code: /home/tuna/Desktop/OneDrive_1_9-7-2025/【官方源工程】洋桃2号开发板出厂测试程序 V1.6(20230926)正式版/TEST01/Core/Inc/stm32f4xx_it.h
2025-09-07 15:55:54,785 [INFO] CodeEngine:265 - oldGeneratedFile, /home/tuna/Desktop/OneDrive_1_9-7-2025/【官方源工程】洋桃2号开发板出厂测试程序 V1.6(20230926)正式版/TEST01/MXTmpFiles/mx_fsmc_HC.tmp_save
2025-09-07 15:55:54,840 [INFO] CodeEngine:289 - Generated code: /home/tuna/Desktop/OneDrive_1_9-7-2025/【官方源工程】洋桃2号开发板出厂测试程序 V1.6(20230926)正式版/TEST01/MXTmpFiles/mx_fsmc_HC.tmp
2025-09-07 15:55:54,842 [INFO] CodeEngine:265 - oldGeneratedFile, /home/tuna/Desktop/OneDrive_1_9-7-2025/【官方源工程】洋桃2号开发板出厂测试程序 V1.6(20230926)正式版/TEST01/MXTmpFiles/mx_fsmc_GV.tmp_save
2025-09-07 15:55:54,890 [INFO] CodeEngine:289 - Generated code: /home/tuna/Desktop/OneDrive_1_9-7-2025/【官方源工程】洋桃2号开发板出厂测试程序 V1.6(20230926)正式版/TEST01/MXTmpFiles/mx_fsmc_GV.tmp
2025-09-07 15:55:54,891 [INFO] CodeEngine:265 - oldGeneratedFile, /home/tuna/Desktop/OneDrive_1_9-7-2025/【官方源工程】洋桃2号开发板出厂测试程序 V1.6(20230926)正式版/TEST01/MXTmpFiles/mx_fsmc_MSP.tmp_save
2025-09-07 15:55:54,940 [INFO] CodeEngine:289 - Generated code: /home/tuna/Desktop/OneDrive_1_9-7-2025/【官方源工程】洋桃2号开发板出厂测试程序 V1.6(20230926)正式版/TEST01/MXTmpFiles/mx_fsmc_MSP.tmp
2025-09-07 15:55:54,958 [INFO] CodeEngine:265 - oldGeneratedFile, /home/tuna/Desktop/OneDrive_1_9-7-2025/【官方源工程】洋桃2号开发板出厂测试程序 V1.6(20230926)正式版/TEST01/Core/Src/stm32f4xx_hal_msp.c_save
2025-09-07 15:55:55,114 [INFO] CodeEngine:289 - Generated code: /home/tuna/Desktop/OneDrive_1_9-7-2025/【官方源工程】洋桃2号开发板出厂测试程序 V1.6(20230926)正式版/TEST01/Core/Src/stm32f4xx_hal_msp.c
2025-09-07 15:55:55,116 [INFO] CodeEngine:265 - oldGeneratedFile, /home/tuna/Desktop/OneDrive_1_9-7-2025/【官方源工程】洋桃2号开发板出厂测试程序 V1.6(20230926)正式版/TEST01/MXTmpFiles/system.tmp_save
2025-09-07 15:55:55,163 [INFO] CodeEngine:289 - Generated code: /home/tuna/Desktop/OneDrive_1_9-7-2025/【官方源工程】洋桃2号开发板出厂测试程序 V1.6(20230926)正式版/TEST01/MXTmpFiles/system.tmp
2025-09-07 15:55:55,167 [INFO] CodeEngine:321 - oldGeneratedFile, /home/tuna/Desktop/OneDrive_1_9-7-2025/【官方源工程】洋桃2号开发板出厂测试程序 V1.6(20230926)正式版/TEST01/Core/Inc/stm32f4xx_hal_conf.h_save
2025-09-07 15:55:55,219 [INFO] CodeEngine:345 - Generated code: /home/tuna/Desktop/OneDrive_1_9-7-2025/【官方源工程】洋桃2号开发板出厂测试程序 V1.6(20230926)正式版/TEST01/Core/Inc/stm32f4xx_hal_conf.h
2025-09-07 15:55:55,243 [INFO] ApiDbMcu:532 - Load IP Config File for ADC1
2025-09-07 15:55:55,246 [INFO] ApiDbMcu:532 - Load IP Config File for ADC2
2025-09-07 15:55:55,248 [INFO] ApiDbMcu:532 - Load IP Config File for CAN1
2025-09-07 15:55:55,249 [INFO] ApiDbMcu:532 - Load IP Config File for CRC
2025-09-07 15:55:55,251 [INFO] ApiDbMcu:532 - Load IP Config File for DAC
2025-09-07 15:55:55,256 [INFO] ApiDbMcu:532 - Load IP Config File for FSMC
2025-09-07 15:55:55,259 [INFO] ApiDbMcu:532 - Load IP Config File for I2C2
2025-09-07 15:55:55,260 [INFO] ApiDbMcu:532 - Load IP Config File for RNG
2025-09-07 15:55:55,264 [INFO] ApiDbMcu:532 - Load IP Config File for RTC
2025-09-07 15:55:55,266 [INFO] ApiDbMcu:532 - Load IP Config File for SDIO
2025-09-07 15:55:55,269 [INFO] ApiDbMcu:532 - Load IP Config File for SPI2
2025-09-07 15:55:55,277 [INFO] ApiDbMcu:532 - Load IP Config File for TIM2
2025-09-07 15:55:55,284 [INFO] ApiDbMcu:532 - Load IP Config File for TIM4
2025-09-07 15:55:55,287 [INFO] ApiDbMcu:532 - Load IP Config File for UART4
2025-09-07 15:55:55,289 [INFO] ApiDbMcu:532 - Load IP Config File for USART1
2025-09-07 15:55:55,291 [INFO] ApiDbMcu:532 - Load IP Config File for USART2
2025-09-07 15:55:55,294 [INFO] ApiDbMcu:532 - Load IP Config File for USART3
2025-09-07 15:55:55,296 [INFO] ApiDbMcu:532 - Load IP Config File for USART6
2025-09-07 15:55:55,300 [INFO] ApiDbMcu:532 - Load IP Config File for RCC
2025-09-07 15:55:55,305 [WARN] IPConfigManager:3811 - IP not found : TIM
2025-09-07 15:55:55,305 [WARN] CodeGenerator:4259 - IP not found : null
2025-09-07 15:55:55,309 [INFO] CodeEngine:265 - oldGeneratedFile, /home/tuna/Desktop/OneDrive_1_9-7-2025/【官方源工程】洋桃2号开发板出厂测试程序 V1.6(20230926)正式版/TEST01/Core/Inc/main.h_save
2025-09-07 15:55:55,373 [INFO] CodeEngine:289 - Generated code: /home/tuna/Desktop/OneDrive_1_9-7-2025/【官方源工程】洋桃2号开发板出厂测试程序 V1.6(20230926)正式版/TEST01/Core/Inc/main.h
2025-09-07 15:55:55,374 [INFO] CodeEngine:265 - oldGeneratedFile, /home/tuna/Desktop/OneDrive_1_9-7-2025/【官方源工程】洋桃2号开发板出厂测试程序 V1.6(20230926)正式版/TEST01/Core/Src/main.c_save
2025-09-07 15:55:55,565 [INFO] CodeEngine:289 - Generated code: /home/tuna/Desktop/OneDrive_1_9-7-2025/【官方源工程】洋桃2号开发板出厂测试程序 V1.6(20230926)正式版/TEST01/Core/Src/main.c
2025-09-07 15:55:55,829 [INFO] ProjectBuilder:4221 - Deleted empty folder: /home/tuna/Desktop/OneDrive_1_9-7-2025/【官方源工程】洋桃2号开发板出厂测试程序 V1.6(20230926)正式版/TEST01/Middlewares/ST/STM32_USB_Device_Library/Class/CDC/Src
2025-09-07 15:55:55,829 [INFO] ProjectBuilder:4221 - Deleted empty folder: /home/tuna/Desktop/OneDrive_1_9-7-2025/【官方源工程】洋桃2号开发板出厂测试程序 V1.6(20230926)正式版/TEST01/Middlewares/ST/STM32_USB_Device_Library/Class/CDC/Inc
2025-09-07 15:55:55,829 [INFO] ProjectBuilder:4221 - Deleted empty folder: /home/tuna/Desktop/OneDrive_1_9-7-2025/【官方源工程】洋桃2号开发板出厂测试程序 V1.6(20230926)正式版/TEST01/Middlewares/ST/STM32_USB_Device_Library/Class/CDC
2025-09-07 15:55:55,830 [INFO] ProjectBuilder:4221 - Deleted empty folder: /home/tuna/Desktop/OneDrive_1_9-7-2025/【官方源工程】洋桃2号开发板出厂测试程序 V1.6(20230926)正式版/TEST01/Middlewares/ST/STM32_USB_Device_Library/Class
2025-09-07 15:55:55,830 [INFO] ProjectBuilder:4221 - Deleted empty folder: /home/tuna/Desktop/OneDrive_1_9-7-2025/【官方源工程】洋桃2号开发板出厂测试程序 V1.6(20230926)正式版/TEST01/Middlewares/ST/STM32_USB_Device_Library/Core/Src
2025-09-07 15:55:55,830 [INFO] ProjectBuilder:4221 - Deleted empty folder: /home/tuna/Desktop/OneDrive_1_9-7-2025/【官方源工程】洋桃2号开发板出厂测试程序 V1.6(20230926)正式版/TEST01/Middlewares/ST/STM32_USB_Device_Library/Core/Inc
2025-09-07 15:55:55,830 [INFO] ProjectBuilder:4221 - Deleted empty folder: /home/tuna/Desktop/OneDrive_1_9-7-2025/【官方源工程】洋桃2号开发板出厂测试程序 V1.6(20230926)正式版/TEST01/Middlewares/ST/STM32_USB_Device_Library/Core
2025-09-07 15:55:55,830 [INFO] ProjectBuilder:4221 - Deleted empty folder: /home/tuna/Desktop/OneDrive_1_9-7-2025/【官方源工程】洋桃2号开发板出厂测试程序 V1.6(20230926)正式版/TEST01/Middlewares/ST/STM32_USB_Device_Library
2025-09-07 15:55:55,830 [INFO] ProjectBuilder:3606 - Time for Copy HAL[1] : 52mS.
2025-09-07 15:55:55,838 [INFO] ProjectBuilder:5216 - Project Generator version: 4.7.0-B52
2025-09-07 15:55:55,910 [INFO] ConfigFileManager:1595 - The Die is : DIE413
2025-09-07 15:55:55,914 [INFO] ApiDbMcu:532 - Load IP Config File for FREERTOS
2025-09-07 15:55:55,917 [INFO] ApiDbMcu:532 - Load IP Config File for LIBJPEG
2025-09-07 15:55:55,923 [INFO] ApiDbMcu:532 - Load IP Config File for LWIP
2025-09-07 15:55:55,927 [INFO] ApiDbMcu:532 - Load IP Config File for MBEDTLS
2025-09-07 15:55:55,931 [INFO] ApiDbMcu:532 - Load IP Config File for USB_DEVICE
2025-09-07 15:55:57,403 [INFO] ProjectBuilder:5496 - Time for Generating toolchain IDE Files: 1566mS.
2025-09-07 15:55:57,404 [INFO] ProjectBuilder:3463 - Time for Copy CMSIS : 0mS.
2025-09-07 15:55:57,405 [INFO] ProjectBuilder:3463 - Time for Copy CMSIS : 0mS.
2025-09-07 16:05:08,109 [INFO] WebApp:194 - Connection lost
2025-09-07 16:05:24,154 [INFO] WebApp:191 - Connection restablished
2025-09-07 16:24:42,862 [INFO] WebApp:194 - Connection lost
2025-09-07 16:24:49,763 [INFO] WebApp:191 - Connection restablished
2025-09-07 16:30:02,102 [ERROR] LogOutputStream:75 - [STDERR_REDIRECT] 
2025-09-07 16:30:13,300 [INFO] Activator:176 - 


2025-09-07 16:30:13,301 [INFO] Activator:177 - !SESSION log4j initialized
2025-09-07 16:30:16,744 [INFO] LogOutputStream:77 - [STDOUT_REDIRECT] 
2025-09-07 16:30:18,535 [INFO] ApplicationProperties:184 - Using Application install path: /home/tuna/st/stm32cubeide_1.18.1/plugins/com.st.stm32cube.common.mx_6.15.0.202507011659
2025-09-07 16:30:18,550 [INFO] DbMcusXml:78 - Set database path to: /home/tuna/st/stm32cubeide_1.18.1/plugins/com.st.stm32cube.common.mx_6.15.0.202507011659//db//mcu/
2025-09-07 16:30:18,550 [INFO] ApiDb:274 - Set plugin database path to: /home/tuna/st/stm32cubeide_1.18.1/plugins/com.st.stm32cube.common.mx_6.15.0.202507011659//db//plugins/boardmanager/
2025-09-07 16:30:18,550 [WARN] ApiDb:259 - Overriding images path with different value:  => /home/tuna/st/stm32cubeide_1.18.1/plugins/com.st.stm32cube.common.mx_6.15.0.202507011659//db//plugins/mcufinder/images/
2025-09-07 16:30:18,555 [INFO] ApiDb:250 - Set database path to: /home/tuna/.stmcufinder/plugins/mcufinder//mcu/
2025-09-07 16:30:18,556 [INFO] DbMcusAds:125 - Set database path to: /home/tuna/.stmcufinder/plugins/mcufinder//mcu/
2025-09-07 16:30:19,560 [INFO] CrossReferenceDbSqlite:203 - Set database path to: /home/tuna/.stmcufinder/plugins/mcufinder//mcu/cs/
2025-09-07 16:30:19,633 [INFO] RulesReader:64 - Compatibility file has been processed (317 Rules)
2025-09-07 16:30:19,685 [INFO] DbMcusXml:78 - Set database path to: /home/tuna/st/stm32cubeide_1.18.1/plugins/com.st.stm32cube.common.mx_6.15.0.202507011659//db//mcu/
2025-09-07 16:30:19,685 [INFO] ApiDb:274 - Set plugin database path to: /home/tuna/st/stm32cubeide_1.18.1/plugins/com.st.stm32cube.common.mx_6.15.0.202507011659//db//plugins/boardmanager/
2025-09-07 16:30:19,685 [INFO] ApiDb:261 - Set plugin images path to: /home/tuna/st/stm32cubeide_1.18.1/plugins/com.st.stm32cube.common.mx_6.15.0.202507011659//db//plugins/mcufinder/images/
2025-09-07 16:30:19,686 [WARN] DbFile:41 - Overriding database path with different value: /home/tuna/.stmcufinder/plugins/mcufinder/ => /home/tuna/.stmcufinder/plugins/mcufinder
2025-09-07 16:30:19,686 [INFO] ApiDb:250 - Set database path to: /home/tuna/.stmcufinder/plugins/mcufinder//mcu/
2025-09-07 16:30:19,686 [WARN] DbFile:41 - Overriding database path with different value: /home/tuna/.stmcufinder/plugins/mcufinder/ => /home/tuna/.stmcufinder/plugins/mcufinder
2025-09-07 16:30:19,686 [INFO] DbMcusAds:125 - Set database path to: /home/tuna/.stmcufinder/plugins/mcufinder//mcu/
2025-09-07 16:30:19,686 [WARN] DbFile:41 - Overriding database path with different value: /home/tuna/.stmcufinder/plugins/mcufinder/ => /home/tuna/.stmcufinder/plugins/mcufinder
2025-09-07 16:30:19,686 [WARN] DbFile:41 - Overriding database path with different value: /home/tuna/.stmcufinder/plugins/mcufinder/ => /home/tuna/.stmcufinder/plugins/mcufinder
2025-09-07 16:30:20,687 [INFO] CrossReferenceDbSqlite:203 - Set database path to: /home/tuna/.stmcufinder/plugins/mcufinder//mcu/cs/
2025-09-07 16:30:20,744 [INFO] MainPanel:274 - HeapMemory: 268435456
2025-09-07 16:30:20,872 [INFO] DbMcusXml:78 - Set database path to: /home/tuna/st/stm32cubeide_1.18.1/plugins/com.st.stm32cube.common.mx_6.15.0.202507011659//db//mcu/
2025-09-07 16:30:20,872 [INFO] ApiDb:274 - Set plugin database path to: /home/tuna/st/stm32cubeide_1.18.1/plugins/com.st.stm32cube.common.mx_6.15.0.202507011659//db//plugins/boardmanager/
2025-09-07 16:30:20,872 [INFO] ApiDb:261 - Set plugin images path to: /home/tuna/st/stm32cubeide_1.18.1/plugins/com.st.stm32cube.common.mx_6.15.0.202507011659//db//plugins/mcufinder/images/
2025-09-07 16:30:20,872 [WARN] DbFile:41 - Overriding database path with different value: /home/tuna/.stmcufinder/plugins/mcufinder/ => /home/tuna/.stmcufinder/plugins/mcufinder
2025-09-07 16:30:20,872 [INFO] ApiDb:250 - Set database path to: /home/tuna/.stmcufinder/plugins/mcufinder//mcu/
2025-09-07 16:30:20,872 [WARN] DbFile:41 - Overriding database path with different value: /home/tuna/.stmcufinder/plugins/mcufinder/ => /home/tuna/.stmcufinder/plugins/mcufinder
2025-09-07 16:30:20,872 [INFO] DbMcusAds:125 - Set database path to: /home/tuna/.stmcufinder/plugins/mcufinder//mcu/
2025-09-07 16:30:20,872 [WARN] DbFile:41 - Overriding database path with different value: /home/tuna/.stmcufinder/plugins/mcufinder/ => /home/tuna/.stmcufinder/plugins/mcufinder
2025-09-07 16:30:20,872 [WARN] DbFile:41 - Overriding database path with different value: /home/tuna/.stmcufinder/plugins/mcufinder/ => /home/tuna/.stmcufinder/plugins/mcufinder
2025-09-07 16:30:21,873 [INFO] CrossReferenceDbSqlite:203 - Set database path to: /home/tuna/.stmcufinder/plugins/mcufinder//mcu/cs/
2025-09-07 16:30:21,891 [INFO] ApplicationProperties:184 - Using Application install path: /home/tuna/st/stm32cubeide_1.18.1/plugins/com.st.stm32cube.common.mx_6.15.0.202507011659
2025-09-07 16:30:21,893 [INFO] PluginManage:196 - Search for loadable plugins [exclusion list=, ]
2025-09-07 16:30:21,894 [INFO] PluginManage:310 - Check plugin analytics
2025-09-07 16:30:23,028 [INFO] AnalyticsPlugin:253 - Accepted Software Licenses: STM32CubeMX.6.15.0
2025-09-07 16:30:23,028 [INFO] AnalyticsPlugin:255 - Accepted CMSIS Pack Licenses: 
2025-09-07 16:30:23,028 [INFO] AnalyticsPlugin:257 - Accepted Firmware Licenses: FW.G4.1.6.0,FW.F4.1.28.0
2025-09-07 16:30:23,030 [INFO] PluginManage:359 - Loaded plugin analytics (category:tool,tabindex:-1)
2025-09-07 16:30:23,030 [INFO] PluginManage:310 - Check plugin cadmodel
2025-09-07 16:30:23,036 [INFO] CADModel:105 - Init CAD model plugin
2025-09-07 16:30:23,036 [INFO] PluginManage:359 - Loaded plugin cadmodel (category:power,tabindex:5)
2025-09-07 16:30:23,036 [INFO] PluginManage:310 - Check plugin clock
2025-09-07 16:30:23,045 [INFO] PluginManage:359 - Loaded plugin clock (category:base,tabindex:2)
2025-09-07 16:30:23,046 [INFO] PluginManage:310 - Check plugin ddr
2025-09-07 16:30:23,047 [INFO] PluginManage:359 - Loaded plugin ddr (category:tool,tabindex:6)
2025-09-07 16:30:23,047 [INFO] PluginManage:310 - Check plugin filemanager
2025-09-07 16:30:23,165 [INFO] PluginManage:359 - Loaded plugin filemanager (category:base,tabindex:10)
2025-09-07 16:30:23,165 [INFO] PluginManage:310 - Check plugin ipmanager
2025-09-07 16:30:23,170 [INFO] PluginManage:359 - Loaded plugin ipmanager (category:base,tabindex:5)
2025-09-07 16:30:23,170 [INFO] PluginManage:310 - Check plugin lpbam
2025-09-07 16:30:23,179 [INFO] PluginManage:359 - Loaded plugin lpbam (category:base,tabindex:0)
2025-09-07 16:30:23,179 [INFO] PluginManage:310 - Check plugin memorymap
2025-09-07 16:30:23,192 [INFO] PluginManage:359 - Loaded plugin memorymap (category:base,tabindex:4)
2025-09-07 16:30:23,192 [INFO] PluginManage:310 - Check plugin pinoutandconfiguration
2025-09-07 16:30:23,202 [INFO] PluginManage:359 - Loaded plugin pinoutandconfiguration (category:base,tabindex:1)
2025-09-07 16:30:23,202 [INFO] PluginManage:310 - Check plugin pinoutconfig
2025-09-07 16:30:23,275 [WARN] SupportedApi:132 - Cannot load RTOS API schema: s4s-elt-must-match.1: The content of 'definitions' must match (annotation?, (simpleType | complexType)?, (unique | key | keyref)*)). A problem was found starting at: attribute.
2025-09-07 16:30:23,380 [INFO] PluginManage:359 - Loaded plugin pinoutconfig (category:base,tabindex:0)
2025-09-07 16:30:23,380 [INFO] PluginManage:310 - Check plugin power
2025-09-07 16:30:23,390 [INFO] PluginManage:359 - Loaded plugin power (category:power,tabindex:4)
2025-09-07 16:30:23,390 [INFO] PluginManage:310 - Check plugin projectmanager
2025-09-07 16:30:23,403 [INFO] PluginManage:359 - Loaded plugin projectmanager (category:projectmanager,tabindex:4)
2025-09-07 16:30:23,403 [INFO] PluginManage:310 - Check plugin rif
2025-09-07 16:30:23,413 [INFO] PluginManage:359 - Loaded plugin rif (category:base,tabindex:3)
2025-09-07 16:30:23,413 [INFO] PluginManage:310 - Check plugin thirdparty
2025-09-07 16:30:23,513 [INFO] PluginManage:359 - Loaded plugin thirdparty (category:base,tabindex:-1)
2025-09-07 16:30:23,513 [WARN] IntegrityCheckThread:84 - waiting for thirdparty lock release [integrity check]
2025-09-07 16:30:23,513 [INFO] PluginManage:310 - Check plugin tools
2025-09-07 16:30:23,513 [INFO] IntegrityCheckThread:86 - entering critical section [integrity check]
2025-09-07 16:30:23,513 [INFO] ThirdPartyUpdaterWithRetryManager:70 - Updater plugin not ready yet. [1/15]
2025-09-07 16:30:23,515 [INFO] PluginManage:359 - Loaded plugin tools (category:base,tabindex:7)
2025-09-07 16:30:23,515 [INFO] PluginManage:310 - Check plugin tutovideos
2025-09-07 16:30:23,677 [INFO] PluginManage:359 - Loaded plugin tutovideos (category:base,tabindex:-1)
2025-09-07 16:30:23,677 [INFO] PluginManage:310 - Check plugin updater
2025-09-07 16:30:23,697 [INFO] PluginManage:359 - Loaded plugin updater (category:base,tabindex:12)
2025-09-07 16:30:23,697 [INFO] PluginManage:310 - Check plugin userauth
2025-09-07 16:30:23,702 [INFO] UserAuth:118 - Init User Auth plugin
2025-09-07 16:30:23,702 [INFO] PluginManage:359 - Loaded plugin userauth (category:base,tabindex:14)
2025-09-07 16:30:23,703 [INFO] PluginManage:283 - PluginManage : Loaded plugins [18]
2025-09-07 16:30:23,860 [INFO] PinOutPanel:1589 - setPackage(No Configuration,No Configuration)
2025-09-07 16:30:23,917 [INFO] CADModel:165 - CPN selected for project level
2025-09-07 16:30:23,917 [INFO] CADModel:114 - Register for checkConnection events
2025-09-07 16:30:23,931 [INFO] IPUIPlugin:80 - create IPUIPlugin
2025-09-07 16:30:23,932 [INFO] PluginManager:220 - loadIPPluginJar : add ddr_ctrl_phy
2025-09-07 16:30:23,934 [INFO] IPUIPlugin:80 - create IPUIPlugin
2025-09-07 16:30:23,934 [INFO] PluginManager:220 - loadIPPluginJar : add aes
2025-09-07 16:30:23,939 [INFO] IPUIPlugin:80 - create IPUIPlugin
2025-09-07 16:30:23,939 [INFO] PluginManager:220 - loadIPPluginJar : add gic
2025-09-07 16:30:23,944 [INFO] IPUIPlugin:80 - create IPUIPlugin
2025-09-07 16:30:23,944 [INFO] PluginManager:220 - loadIPPluginJar : add resmgrutility
2025-09-07 16:30:23,946 [INFO] IPUIPlugin:80 - create IPUIPlugin
2025-09-07 16:30:23,946 [INFO] PluginManager:220 - loadIPPluginJar : add dma3
2025-09-07 16:30:23,947 [INFO] IPUIPlugin:80 - create IPUIPlugin
2025-09-07 16:30:23,947 [INFO] PluginManager:220 - loadIPPluginJar : add spi
2025-09-07 16:30:23,954 [INFO] IPUIPlugin:80 - create IPUIPlugin
2025-09-07 16:30:23,956 [INFO] PluginManager:220 - loadIPPluginJar : add plateformsettings
2025-09-07 16:30:23,960 [INFO] IPUIPlugin:80 - create IPUIPlugin
2025-09-07 16:30:23,960 [INFO] PluginManager:220 - loadIPPluginJar : add gtzc
2025-09-07 16:30:23,963 [INFO] IPUIPlugin:80 - create IPUIPlugin
2025-09-07 16:30:23,963 [INFO] PluginManager:220 - loadIPPluginJar : add freertos
2025-09-07 16:30:23,967 [INFO] IPUIPlugin:80 - create IPUIPlugin
2025-09-07 16:30:23,967 [INFO] PluginManager:220 - loadIPPluginJar : add fmc
2025-09-07 16:30:23,968 [INFO] IPUIPlugin:80 - create IPUIPlugin
2025-09-07 16:30:23,968 [INFO] PluginManager:220 - loadIPPluginJar : add quadspi
2025-09-07 16:30:23,970 [INFO] IPUIPlugin:80 - create IPUIPlugin
2025-09-07 16:30:23,970 [INFO] PluginManager:220 - loadIPPluginJar : add radio
2025-09-07 16:30:23,971 [INFO] IPUIPlugin:80 - create IPUIPlugin
2025-09-07 16:30:23,971 [INFO] PluginManager:220 - loadIPPluginJar : add fatfs
2025-09-07 16:30:23,976 [INFO] IPUIPlugin:80 - create IPUIPlugin
2025-09-07 16:30:23,977 [INFO] PluginManager:220 - loadIPPluginJar : add mdma
2025-09-07 16:30:23,978 [INFO] IPUIPlugin:80 - create IPUIPlugin
2025-09-07 16:30:23,978 [INFO] PluginManager:220 - loadIPPluginJar : add ltdc
2025-09-07 16:30:23,981 [INFO] IPUIPlugin:80 - create IPUIPlugin
2025-09-07 16:30:23,981 [INFO] PluginManager:220 - loadIPPluginJar : add gpio
2025-09-07 16:30:23,983 [INFO] IPUIPlugin:80 - create IPUIPlugin
2025-09-07 16:30:23,983 [INFO] PluginManager:220 - loadIPPluginJar : add opamp
2025-09-07 16:30:23,985 [INFO] IPUIPlugin:80 - create IPUIPlugin
2025-09-07 16:30:23,985 [INFO] PluginManager:220 - loadIPPluginJar : add usart
2025-09-07 16:30:23,988 [INFO] IPUIPlugin:80 - create IPUIPlugin
2025-09-07 16:30:23,988 [INFO] PluginManager:220 - loadIPPluginJar : add usbx
2025-09-07 16:30:23,990 [INFO] IPUIPlugin:80 - create IPUIPlugin
2025-09-07 16:30:23,990 [INFO] PluginManager:220 - loadIPPluginJar : add tim
2025-09-07 16:30:23,992 [INFO] IPUIPlugin:80 - create IPUIPlugin
2025-09-07 16:30:23,992 [INFO] PluginManager:220 - loadIPPluginJar : add lorawan
2025-09-07 16:30:23,994 [INFO] IPUIPlugin:80 - create IPUIPlugin
2025-09-07 16:30:23,994 [INFO] PluginManager:220 - loadIPPluginJar : add i2s
2025-09-07 16:30:23,999 [INFO] IPUIPlugin:80 - create IPUIPlugin
2025-09-07 16:30:23,999 [INFO] PluginManager:220 - loadIPPluginJar : add adc
2025-09-07 16:30:24,001 [INFO] IPUIPlugin:80 - create IPUIPlugin
2025-09-07 16:30:24,001 [INFO] PluginManager:220 - loadIPPluginJar : add extmemmanager
2025-09-07 16:30:24,002 [INFO] IPUIPlugin:80 - create IPUIPlugin
2025-09-07 16:30:24,002 [INFO] PluginManager:220 - loadIPPluginJar : add comp
2025-09-07 16:30:24,003 [INFO] IPUIPlugin:80 - create IPUIPlugin
2025-09-07 16:30:24,003 [INFO] PluginManager:220 - loadIPPluginJar : add genericplugin
2025-09-07 16:30:24,004 [INFO] IPUIPlugin:80 - create IPUIPlugin
2025-09-07 16:30:24,005 [INFO] PluginManager:220 - loadIPPluginJar : add ts
2025-09-07 16:30:24,006 [INFO] IPUIPlugin:80 - create IPUIPlugin
2025-09-07 16:30:24,006 [INFO] PluginManager:220 - loadIPPluginJar : add ucpd
2025-09-07 16:30:24,007 [INFO] IPUIPlugin:80 - create IPUIPlugin
2025-09-07 16:30:24,007 [INFO] PluginManager:220 - loadIPPluginJar : add can
2025-09-07 16:30:24,010 [INFO] IPUIPlugin:80 - create IPUIPlugin
2025-09-07 16:30:24,010 [INFO] PluginManager:220 - loadIPPluginJar : add touchsensing
2025-09-07 16:30:24,012 [INFO] IPUIPlugin:80 - create IPUIPlugin
2025-09-07 16:30:24,012 [INFO] PluginManager:220 - loadIPPluginJar : add tracer_emb
2025-09-07 16:30:24,019 [INFO] IPUIPlugin:80 - create IPUIPlugin
2025-09-07 16:30:24,019 [INFO] PluginManager:220 - loadIPPluginJar : add stm32_wpan
2025-09-07 16:30:24,020 [INFO] IPUIPlugin:80 - create IPUIPlugin
2025-09-07 16:30:24,020 [INFO] PluginManager:220 - loadIPPluginJar : add tsc
2025-09-07 16:30:24,023 [INFO] IPUIPlugin:80 - create IPUIPlugin
2025-09-07 16:30:24,023 [INFO] PluginManager:220 - loadIPPluginJar : add gfxmmu
2025-09-07 16:30:24,026 [INFO] IPUIPlugin:80 - create IPUIPlugin
2025-09-07 16:30:24,026 [INFO] PluginManager:220 - loadIPPluginJar : add ipddr
2025-09-07 16:30:24,027 [INFO] IPUIPlugin:80 - create IPUIPlugin
2025-09-07 16:30:24,028 [INFO] PluginManager:220 - loadIPPluginJar : add i2c
2025-09-07 16:30:24,029 [INFO] IPUIPlugin:80 - create IPUIPlugin
2025-09-07 16:30:24,029 [INFO] PluginManager:220 - loadIPPluginJar : add nvic
2025-09-07 16:30:24,030 [INFO] IPUIPlugin:80 - create IPUIPlugin
2025-09-07 16:30:24,030 [INFO] PluginManager:220 - loadIPPluginJar : add i3c
2025-09-07 16:30:24,032 [INFO] IPUIPlugin:80 - create IPUIPlugin
2025-09-07 16:30:24,032 [INFO] PluginManager:220 - loadIPPluginJar : add dfsdm
2025-09-07 16:30:24,033 [INFO] IPUIPlugin:80 - create IPUIPlugin
2025-09-07 16:30:24,033 [INFO] PluginManager:220 - loadIPPluginJar : add pdm2pcm
2025-09-07 16:30:24,034 [INFO] IPUIPlugin:80 - create IPUIPlugin
2025-09-07 16:30:24,034 [INFO] PluginManager:220 - loadIPPluginJar : add openamp
2025-09-07 16:30:24,038 [INFO] IPUIPlugin:80 - create IPUIPlugin
2025-09-07 16:30:24,038 [INFO] PluginManager:220 - loadIPPluginJar : add dma
2025-09-07 16:30:24,040 [INFO] IPUIPlugin:80 - create IPUIPlugin
2025-09-07 16:30:24,040 [INFO] PluginManager:220 - loadIPPluginJar : add sai
2025-09-07 16:30:24,041 [INFO] IPUIPlugin:80 - create IPUIPlugin
2025-09-07 16:30:24,041 [INFO] PluginManager:220 - loadIPPluginJar : add hash
2025-09-07 16:30:24,045 [INFO] IPUIPlugin:80 - create IPUIPlugin
2025-09-07 16:30:24,045 [INFO] PluginManager:220 - loadIPPluginJar : add linkedlist
2025-09-07 16:30:24,047 [INFO] IPUIPlugin:80 - create IPUIPlugin
2025-09-07 16:30:24,047 [INFO] PluginManager:220 - loadIPPluginJar : add cryp
2025-09-07 16:30:24,138 [FATAL] Updater:351 - Updater called before beeing initialized
2025-09-07 16:30:24,157 [INFO] RulesReader:64 - Compatibility file has been processed (317 Rules)
2025-09-07 16:30:24,164 [INFO] RulesReader:64 - Compatibility file has been processed (317 Rules)
2025-09-07 16:30:24,169 [INFO] CADModel:165 - CPN selected for project level
2025-09-07 16:30:24,169 [INFO] CADModel:114 - Register for checkConnection events
2025-09-07 16:30:24,169 [FATAL] Updater:351 - Updater called before beeing initialized
2025-09-07 16:30:24,169 [ERROR] CADModel:125 - Updater not yet initialized, retry later 
2025-09-07 16:30:24,264 [FATAL] Updater:351 - Updater called before beeing initialized
2025-09-07 16:30:24,265 [INFO] CADModel:165 - CPN selected for project level
2025-09-07 16:30:24,265 [INFO] CADModel:114 - Register for checkConnection events
2025-09-07 16:30:24,265 [FATAL] Updater:351 - Updater called before beeing initialized
2025-09-07 16:30:24,265 [ERROR] CADModel:125 - Updater not yet initialized, retry later 
2025-09-07 16:30:24,268 [FATAL] Updater:351 - Updater called before beeing initialized
2025-09-07 16:30:24,345 [FATAL] Updater:351 - Updater called before beeing initialized
2025-09-07 16:30:24,348 [INFO] DbMcusAds:53 - JSON generation date=Tue Jul 08 15:14:23 ICT 2025 (1751962463582)
2025-09-07 16:30:24,348 [FATAL] Updater:351 - Updater called before beeing initialized
2025-09-07 16:30:24,374 [WARN] DetailPanel:346 - Failed to get advertising image, set to default
2025-09-07 16:30:24,436 [FATAL] Updater:351 - Updater called before beeing initialized
2025-09-07 16:30:24,437 [FATAL] Updater:351 - Updater called before beeing initialized
2025-09-07 16:30:24,437 [FATAL] Updater:351 - Updater called before beeing initialized
2025-09-07 16:30:24,437 [WARN] DetailPanel:346 - Failed to get advertising image, set to default
2025-09-07 16:30:24,438 [FATAL] Updater:351 - Updater called before beeing initialized
2025-09-07 16:30:24,459 [ERROR] Updater:1198 - MainUpdater not yet initialized. External WinMGr cannot be set.
2025-09-07 16:30:24,460 [INFO] Updater:1134 - Updater Version found : 6.15.0
2025-09-07 16:30:24,472 [INFO] ApplicationProperties:184 - Using Application install path: /home/tuna/st/stm32cubeide_1.18.1/plugins/com.st.stm32cube.common.mx_6.15.0.202507011659
2025-09-07 16:30:24,814 [INFO] MainUpdater:2872 - connection check result : 10
2025-09-07 16:30:24,814 [INFO] MainUpdater:289 - Updater Check For Update Now.
2025-09-07 16:30:24,814 [INFO] MicroXplorer:498 - Change Database Version : DB.6.0.150
2025-09-07 16:30:24,818 [INFO] McuFinderGlobals:63 - Set McuFinder mode to 2 (CubeIDE integrated)
2025-09-07 16:30:24,818 [INFO] UserAuth:487 - Internet connection configuration mode: 1
2025-09-07 16:30:24,835 [INFO] JxBrowserEngine:152 - Initiate JxBrowser Engine with user profile folder
2025-09-07 16:30:24,958 [INFO] CheckServerUpdateThread:120 - End of CheckServer Thread
2025-09-07 16:30:25,466 [INFO] WebApp:169 - Instantiating new browser for Auth
2025-09-07 16:30:26,045 [INFO] WebApp:463 - Apply proxy settings
2025-09-07 16:30:26,045 [INFO] WebApp:548 - Chromium requires no authentication
2025-09-07 16:30:26,059 [INFO] WebApp:491 - Direct internet connection detected
2025-09-07 16:30:26,072 [INFO] WebApp:900 - Register for checkConnection events
2025-09-07 16:30:26,072 [INFO] WebApp:463 - Apply proxy settings
2025-09-07 16:30:26,072 [INFO] WebApp:548 - Chromium requires no authentication
2025-09-07 16:30:26,072 [INFO] WebApp:491 - Direct internet connection detected
2025-09-07 16:30:26,164 [INFO] WebApp:225 - Starting web application
2025-09-07 16:30:26,164 [INFO] WebApp:593 - Web application path used /home/tuna/st/stm32cubeide_1.18.1/plugins/com.st.stm32cube.common.mx_6.15.0.202507011659/db/plugins/mcufinder/reactClient1/index.html
2025-09-07 16:30:26,624 [WARN] PackLoader:240 - Cannot read IP mode file for STMicroelectronics.FP-SNS-MOTENVWB1.1.4.0
2025-09-07 16:30:26,629 [WARN] PackLoader:240 - Cannot read IP mode file for STMicroelectronics.FP-ATR-ASTRA1.2.0.2
2025-09-07 16:30:26,631 [INFO] WebApp:191 - Connection restablished
2025-09-07 16:30:26,634 [WARN] PackLoader:240 - Cannot read IP mode file for STMicroelectronics.X-CUBE-SMBUS.2.1.0
2025-09-07 16:30:26,637 [WARN] PackLoader:240 - Cannot read IP mode file for STMicroelectronics.X-CUBE-ST60.1.0.0
2025-09-07 16:30:26,653 [WARN] PackLoader:240 - Cannot read IP mode file for STMicroelectronics.X-CUBE-AZRTOS-F7.1.1.0
2025-09-07 16:30:26,669 [WARN] PackLoader:240 - Cannot read IP mode file for Infineon.AIROC-Wi-Fi-Bluetooth-STM32.1.7.1
2025-09-07 16:30:26,685 [WARN] PackLoader:240 - Cannot read IP mode file for STMicroelectronics.X-CUBE-AZRTOS-H7.3.4.0
2025-09-07 16:30:26,691 [WARN] PackLoader:240 - Cannot read IP mode file for STMicroelectronics.X-CUBE-DISPLAY.3.0.0
2025-09-07 16:30:26,699 [WARN] PackLoader:240 - Cannot read IP mode file for STMicroelectronics.X-CUBE-NFC10.1.0.0
2025-09-07 16:30:26,704 [WARN] PackLoader:240 - Cannot read IP mode file for emotas.I-CUBE-CANOPEN.1.3.0
2025-09-07 16:30:26,708 [WARN] PackLoader:240 - Cannot read IP mode file for STMicroelectronics.FP-SNS-STBOX1.2.1.0
2025-09-07 16:30:26,712 [WARN] PackLoader:240 - Cannot read IP mode file for STMicroelectronics.FP-SNS-SMARTAG2.1.2.0
2025-09-07 16:30:26,714 [WARN] PackLoader:240 - Cannot read IP mode file for STMicroelectronics.FP-SNS-FLIGHT1.5.1.0
2025-09-07 16:30:26,719 [INFO] LogOutputStream:77 - [STDOUT_REDIRECT] 1 : Invalid condition id : UX_CORESTACK_Condition cause : null
2025-09-07 16:30:26,720 [INFO] LogOutputStream:77 - [STDOUT_REDIRECT] 1 : Invalid condition id : UX_CORESTACK_Condition cause : null
2025-09-07 16:30:26,720 [INFO] LogOutputStream:77 - [STDOUT_REDIRECT] 1 : Invalid condition id : UX_CORESTACK_Condition cause : null
2025-09-07 16:30:26,720 [INFO] LogOutputStream:77 - [STDOUT_REDIRECT] 1 : Invalid condition id : UX_CORESTACK_Condition cause : null
2025-09-07 16:30:26,720 [INFO] LogOutputStream:77 - [STDOUT_REDIRECT] 1 : Invalid condition id : UX_CORESTACK_Condition cause : null
2025-09-07 16:30:26,722 [WARN] PackLoader:240 - Cannot read IP mode file for STMicroelectronics.X-CUBE-AZRTOS-WL.2.0.0
2025-09-07 16:30:26,725 [WARN] PackLoader:240 - Cannot read IP mode file for STMicroelectronics.FP-SNS-MOTENV1.5.0.0
2025-09-07 16:30:26,730 [WARN] PackLoader:240 - Cannot read IP mode file for WES.I-CUBE-Cesium.1.3.0
2025-09-07 16:30:26,734 [WARN] PackLoader:240 - Cannot read IP mode file for STMicroelectronics.X-CUBE-BLE2.3.3.0
2025-09-07 16:30:26,737 [WARN] PackLoader:240 - Cannot read IP mode file for STMicroelectronics.X-CUBE-NFC9.1.0.0
2025-09-07 16:30:26,741 [WARN] PackLoader:240 - Cannot read IP mode file for wolfSSL.I-CUBE-wolfSSL.5.8.2
2025-09-07 16:30:26,744 [WARN] PackLoader:240 - Cannot read IP mode file for STMicroelectronics.X-CUBE-BLE1.7.1.0
2025-09-07 16:30:26,746 [WARN] PackLoader:240 - Cannot read IP mode file for wolfSSL.I-CUBE-wolfMQTT.1.19.2
2025-09-07 16:30:26,749 [WARN] PackLoader:240 - Cannot read IP mode file for STMicroelectronics.X-CUBE-EEPRMA1.5.2.0
2025-09-07 16:30:26,753 [WARN] PackLoader:240 - Cannot read IP mode file for STMicroelectronics.X-CUBE-AI.10.1.0
2025-09-07 16:30:26,770 [WARN] PackLoader:240 - Cannot read IP mode file for STMicroelectronics.X-CUBE-AZRTOS-G0.1.1.0
2025-09-07 16:30:26,775 [WARN] PackLoader:240 - Cannot read IP mode file for STMicroelectronics.X-CUBE-SAFEA1.1.2.2
2025-09-07 16:30:26,779 [WARN] PackLoader:240 - Cannot read IP mode file for STMicroelectronics.X-CUBE-NFC4.3.0.0
2025-09-07 16:30:26,784 [WARN] PackLoader:240 - Cannot read IP mode file for EmbeddedOffice.I-CUBE-FS-RTOS.1.0.1
2025-09-07 16:30:26,788 [WARN] PackLoader:240 - Cannot read IP mode file for STMicroelectronics.X-CUBE-WB05N.2.0.0
2025-09-07 16:30:26,790 [WARN] PackLoader:240 - Cannot read IP mode file for wolfSSL.I-CUBE-wolfTPM.3.8.0
2025-09-07 16:30:26,794 [WARN] PackLoader:240 - Cannot read IP mode file for STMicroelectronics.X-CUBE-TCPP.4.2.0
2025-09-07 16:30:26,798 [WARN] PackLoader:240 - Cannot read IP mode file for RealThread.X-CUBE-RT-Thread_Nano.4.1.1
2025-09-07 16:30:26,801 [WARN] PackLoader:240 - Cannot read IP mode file for STMicroelectronics.FP-ATR-SIGFOX1.3.2.0
2025-09-07 16:30:26,805 [WARN] PackLoader:240 - Cannot read IP mode file for ITTIA_DB.I-CUBE-ITTIADB.8.9.0
2025-09-07 16:30:26,809 [WARN] PackLoader:240 - Cannot read IP mode file for STMicroelectronics.X-CUBE-ST67W61.1.0.0
2025-09-07 16:30:26,812 [WARN] PackLoader:240 - Cannot read IP mode file for STMicroelectronics.X-CUBE-AI.10.2.0
2025-09-07 16:30:26,825 [WARN] PackLoader:240 - Cannot read IP mode file for SEGGER.I-CUBE-embOS.1.3.1
2025-09-07 16:30:26,848 [WARN] PackLoader:240 - Cannot read IP mode file for STMicroelectronics.X-CUBE-ALGOBUILD.1.4.0
2025-09-07 16:30:26,878 [WARN] PackLoader:240 - Cannot read IP mode file for STMicroelectronics.X-CUBE-MEMS1.11.3.0
2025-09-07 16:30:27,005 [WARN] PackLoader:240 - Cannot read IP mode file for STMicroelectronics.X-CUBE-PM33A1.1.0.0
2025-09-07 16:30:27,016 [WARN] PackLoader:240 - Cannot read IP mode file for STMicroelectronics.X-CUBE-AZRTOS-F4.1.1.0
2025-09-07 16:30:27,022 [WARN] PackLoader:240 - Cannot read IP mode file for Avnet-IotConnect.X-CUBE-IoTC-DA16k-PMOD.1.0.0
2025-09-07 16:30:27,025 [WARN] PackLoader:240 - Cannot read IP mode file for STMicroelectronics.X-CUBE-ISPU.2.1.0
2025-09-07 16:30:27,031 [WARN] PackLoader:240 - Cannot read IP mode file for STMicroelectronics.X-CUBE-NFC12.1.0.0
2025-09-07 16:30:27,044 [WARN] PackLoader:240 - Cannot read IP mode file for STMicroelectronics.X-CUBE-AZRTOS-L5.2.0.0
2025-09-07 16:30:27,053 [WARN] PackLoader:240 - Cannot read IP mode file for STMicroelectronics.X-CUBE-NFC6.3.1.0
2025-09-07 16:30:27,060 [WARN] PackLoader:240 - Cannot read IP mode file for STMicroelectronics.X-CUBE-FREERTOS.1.3.1
2025-09-07 16:30:27,064 [WARN] PackLoader:240 - Cannot read IP mode file for STMicroelectronics.FP-SNS-STAIOTCFT.1.0.0
2025-09-07 16:30:27,069 [WARN] PackLoader:240 - Cannot read IP mode file for STMicroelectronics.X-CUBE-DPower.1.3.0
2025-09-07 16:30:27,085 [WARN] ConditionMgr:438 - getConditionDescription Invalid condition id : LAN8742 Phy interface Condition cause : null
2025-09-07 16:30:27,085 [WARN] PackLoader:240 - Cannot read IP mode file for STMicroelectronics.X-CUBE-AZRTOS-L4.2.0.0
2025-09-07 16:30:27,087 [WARN] ConditionMgr:1044 - genDependencies : Invalid condition id : LAN8742 Phy interface Condition cause : null
2025-09-07 16:30:27,087 [WARN] ConditionMgr:1044 - genDependencies : Invalid condition id : LAN8742 Phy interface Condition cause : null
2025-09-07 16:30:27,087 [WARN] ConditionMgr:1044 - genDependencies : Invalid condition id : LAN8742 Phy interface Condition cause : null
2025-09-07 16:30:27,093 [WARN] PackLoader:240 - Cannot read IP mode file for STMicroelectronics.X-CUBE-SFXS2LP1.4.0.0
2025-09-07 16:30:27,100 [WARN] PackLoader:240 - Cannot read IP mode file for STMicroelectronics.X-CUBE-BLEMGR.4.1.0
2025-09-07 16:30:27,108 [WARN] ConditionMgr:438 - getConditionDescription Invalid condition id : UX DEVICE CLASS RTOS Condition cause : null
2025-09-07 16:30:27,109 [WARN] ConditionMgr:438 - getConditionDescription Invalid condition id : UX DEVICE CLASS RTOS Condition cause : null
2025-09-07 16:30:27,110 [WARN] PackLoader:240 - Cannot read IP mode file for STMicroelectronics.X-CUBE-AZRTOS-WB.2.0.0
2025-09-07 16:30:27,110 [WARN] ConditionMgr:1044 - genDependencies : Invalid condition id : UX DEVICE CLASS RTOS Condition cause : null
2025-09-07 16:30:27,110 [WARN] ConditionMgr:1044 - genDependencies : Invalid condition id : UX DEVICE CLASS RTOS Condition cause : null
2025-09-07 16:30:27,111 [WARN] ConditionMgr:1044 - genDependencies : Invalid condition id : UX DEVICE CLASS RTOS Condition cause : null
2025-09-07 16:30:27,111 [WARN] ConditionMgr:1044 - genDependencies : Invalid condition id : UX DEVICE CLASS RTOS Condition cause : null
2025-09-07 16:30:27,111 [WARN] ConditionMgr:1044 - genDependencies : Invalid condition id : UX DEVICE CLASS RTOS Condition cause : null
2025-09-07 16:30:27,114 [WARN] PackLoader:240 - Cannot read IP mode file for STMicroelectronics.X-CUBE-GNSS1.7.0.1
2025-09-07 16:30:27,118 [WARN] PackLoader:240 - Cannot read IP mode file for STMicroelectronics.X-CUBE-TOUCHGFX.4.25.0
2025-09-07 16:30:27,122 [WARN] PackLoader:240 - Cannot read IP mode file for STMicroelectronics.FP-SNS-STBOX1.2.0.0
2025-09-07 16:30:27,125 [WARN] ConditionMgr:438 - getConditionDescription Invalid condition id : Cortex-A Device cause : null
2025-09-07 16:30:27,134 [WARN] ConditionMgr:1044 - genDependencies : Invalid condition id : Cortex-A Device cause : null
2025-09-07 16:30:27,134 [WARN] ConditionMgr:1044 - genDependencies : Invalid condition id : Cortex-A Device cause : null
2025-09-07 16:30:27,134 [WARN] ConditionMgr:1044 - genDependencies : Invalid condition id : Cortex-A Device cause : null
2025-09-07 16:30:27,140 [WARN] PackLoader:240 - Cannot read IP mode file for STMicroelectronics.X-CUBE-SUBG2.5.0.0
2025-09-07 16:30:27,152 [WARN] PackLoader:240 - Cannot read IP mode file for STMicroelectronics.X-CUBE-AZRTOS-H7RS.1.1.0
2025-09-07 16:30:27,155 [WARN] PackLoader:240 - Cannot read IP mode file for Cesanta.I-CUBE-Mongoose.7.13.0
2025-09-07 16:30:27,161 [WARN] PackLoader:240 - Cannot read IP mode file for STMicroelectronics.X-CUBE-AZRTOS-G4.2.0.0
2025-09-07 16:30:27,163 [WARN] PackLoader:240 - Cannot read IP mode file for wolfSSL.I-CUBE-wolfSSH.1.4.20
2025-09-07 16:30:27,166 [WARN] PackLoader:240 - Cannot read IP mode file for STMicroelectronics.X-CUBE-NFC7.2.0.0
2025-09-07 16:30:27,172 [WARN] PackLoader:240 - Cannot read IP mode file for STMicroelectronics.X-CUBE-IPS.3.1.0
2025-09-07 16:30:27,177 [WARN] PackLoader:240 - Cannot read IP mode file for STMicroelectronics.X-CUBE-ALS.1.0.2
2025-09-07 16:30:27,181 [WARN] PackLoader:240 - Cannot read IP mode file for STMicroelectronics.X-CUBE-STSE01.1.0.0
2025-09-07 16:30:27,187 [WARN] PackLoader:240 - Cannot read IP mode file for portGmbH.I-Cube-SoM-uGOAL.1.1.0
2025-09-07 16:30:27,192 [WARN] PackLoader:240 - Cannot read IP mode file for STMicroelectronics.X-CUBE-TOF1.3.4.3
2025-09-07 16:30:27,198 [INFO] ThirdParty:978 - Integrity check success = true
2025-09-07 16:30:27,198 [INFO] IntegrityCheckThread:100 - exiting critical section [integrity check]
2025-09-07 16:30:27,198 [INFO] IntegrityCheckThread:103 - End integrity checks thread
2025-09-07 16:30:27,378 [INFO] UserAuth:487 - Internet connection configuration mode: 1
2025-09-07 19:01:29,575 [INFO] McuFinderGlobals:63 - Set McuFinder mode to 2 (CubeIDE integrated)
2025-09-07 19:01:29,578 [INFO] MainUpdater:2872 - connection check result : 10
2025-09-07 19:01:29,581 [INFO] McuFinderGlobals:76 - Set McuFinderConnectedMode to true
2025-09-07 19:01:31,041 [INFO] ServerAccessManage:452 - Complete download http(s) 200
2025-09-07 19:01:31,043 [INFO] ServerAccessManage:509 - Download File mcusAds.json._tmp_
2025-09-07 19:01:31,148 [INFO] LoadUrlFilesThread:156 - End of LoadUrlFiles Thread
2025-09-07 19:01:31,919 [INFO] ServerAccessManage:452 - Complete download http(s) 200
2025-09-07 19:01:31,920 [INFO] ServerAccessManage:509 - Download File cube-finder-db.zip
2025-09-07 19:01:50,864 [INFO] FileExtend:248 - Unzip File : cube-finder-db.zip
2025-09-07 19:01:50,864 [INFO] FileExtend:263 - Standard Zip Deflate
2025-09-07 19:01:51,465 [INFO] LoadUrlFilesThread:156 - End of LoadUrlFiles Thread
2025-09-07 19:01:55,038 [INFO] ServerAccessManage:452 - Complete download http(s) 200
2025-09-07 19:01:55,038 [INFO] ServerAccessManage:509 - Download File crdb.zip
2025-09-07 19:01:56,199 [INFO] FileExtend:248 - Unzip File : crdb.zip
2025-09-07 19:01:56,199 [INFO] FileExtend:263 - Standard Zip Deflate
2025-09-07 19:01:56,322 [INFO] LoadUrlFilesThread:156 - End of LoadUrlFiles Thread
2025-09-07 19:01:57,247 [INFO] ServerAccessManage:452 - Complete download http(s) 200
2025-09-07 19:01:57,247 [INFO] ServerAccessManage:509 - Download File tutoVideoDB.zip
2025-09-07 19:01:57,550 [INFO] FileExtend:248 - Unzip File : tutoVideoDB.zip
2025-09-07 19:01:57,550 [INFO] FileExtend:263 - Standard Zip Deflate
2025-09-07 19:01:57,654 [INFO] LoadUrlFilesThread:156 - End of LoadUrlFiles Thread
2025-09-07 19:01:57,656 [WARN] DbFile:41 - Overriding database path with different value: /home/tuna/.stmcufinder/plugins/mcufinder/ => /home/tuna/.stmcufinder/plugins/mcufinder
2025-09-07 19:01:57,891 [INFO] ServerAccessManage:452 - Complete download http(s) 200
2025-09-07 19:01:57,891 [INFO] ServerAccessManage:509 - Download File api_config.json
2025-09-07 19:01:57,994 [INFO] LoadUrlFilesThread:156 - End of LoadUrlFiles Thread
2025-09-07 19:01:57,995 [INFO] DbMcusAds:53 - JSON generation date=Tue Jul 08 15:14:23 ICT 2025 (1751962463582)
2025-09-07 19:01:58,015 [INFO] LoadUrlFilesThread:185 - End of LoadServerUrlFiles without Thread
2025-09-07 19:01:58,016 [INFO] TargetSelectorAdapter:259 - Refresh data is successful
2025-09-07 19:01:58,107 [INFO] ApiDb:581 - Connected to CubeFinder SQLite database (/home/tuna/.stmcufinder/plugins/mcufinder/mcu/cube-finder-db.db)
2025-09-07 19:01:58,147 [INFO] ApiDb:668 - CubeFinder database Data Model version=2.1
2025-09-07 19:01:58,147 [INFO] ApiDb:669 - CubeFinder database Configuration version=3.0.39
2025-09-07 19:01:58,148 [INFO] ApiDb:670 - CubeFinder database generation date=2025-07-24 (1753349077)
2025-09-07 19:01:58,148 [INFO] ApiDb:671 - CubeFinder database FW Pack versions=[FP-ATR-ASTRA1_V2.0.0, FP-SNS-FLIGHT1_V5.1.0, FP-SNS-MOTENV1_V5.0.0, FP-SNS-MOTENVWB1_V1.4.0, FP-SNS-SMARTAG2_V1.2.0, FP-SNS-STBOX1_V2.0.0, STM32Cube_FW_C0_V1.4.0, STM32Cube_FW_F4_V1.28.2, STM32Cube_FW_F7_V1.17.3, STM32Cube_FW_G0_V1.6.2, STM32Cube_FW_G4_V1.6.1, STM32Cube_FW_H5_V1.5.0, STM32Cube_FW_H7RS_V1.2.0, STM32Cube_FW_H7_V1.12.1, STM32Cube_FW_L0_V1.12.2, STM32Cube_FW_L4_V1.18.1, STM32Cube_FW_L5_V1.5.1, STM32Cube_FW_N6_V1.2.0, STM32Cube_FW_U0_V1.3.0, STM32Cube_FW_U3_V1.2.0, STM32Cube_FW_U5_V1.8.0, STM32Cube_FW_WB0_V1.3.0, STM32Cube_FW_WBA_V1.7.0, STM32Cube_FW_WB_V1.23.0, STM32Cube_FW_WL3_V1.2.0, STM32Cube_FW_WL_V1.3.1, X-CUBE-ALGOBUILD_V1.4.0, X-CUBE-ALS_V1.0.2, X-CUBE-AZRTOS-F4_V1.1.0, X-CUBE-AZRTOS-F7_V1.1.0, X-CUBE-AZRTOS-G0_V1.1.0, X-CUBE-AZRTOS-G4_V2.0.0, X-CUBE-AZRTOS-H7RS_V1.1.0, X-CUBE-AZRTOS-H7_V3.4.0, X-CUBE-AZRTOS-L4_V2.0.0, X-CUBE-AZRTOS-L5_V2.0.0, X-CUBE-AZRTOS-WB_V2.0.0, X-CUBE-AZRTOS-WL_V2.0.0, X-CUBE-BLE1_V7.1.0, X-CUBE-BLE2_V3.3.0, X-CUBE-BLEMGR_V4.1.0, X-CUBE-EEPRMA1_V5.2.0, X-CUBE-FREERTOS_V1.3.1, X-CUBE-GNSS1_V6.0.0, X-CUBE-MEMS1_V11.3.0, X-CUBE-NFC4_V3.0.0, X-CUBE-NFC7_V2.0.0, X-CUBE-SFXS2LP1_V4.0.0, X-CUBE-ST67W61_V1.0.0, X-CUBE-SUBG2_V5.0.0, X-CUBE-TOF1_V3.4.3]
2025-09-07 19:01:59,866 [INFO] ApiDb:240 - Found 880 in-development CPN: [B-G473E-ZEST1S, B-WB1M-WPAN1, B-WBA5M-WPAN, B-WL5M-SUBG1, NUCLEO-C031C6, NUCLEO-C051C8, NUCLEO-C071RB, NUCLEO-C092RC, NUCLEO-H503RB, NUCLEO-H533RE, NUCLEO-H563ZI, NUCLEO-H7S3L8, NUCLEO-N657X0-Q, NUCLEO-U031R8, NUCLEO-U083RC, NUCLEO-U385RG-Q, NUCLEO-U545RE-Q, NUCLEO-U5A5ZJ-Q, NUCLEO-WB05KZ, NUCLEO-WB07CC, NUCLEO-WB09KE, NUCLEO-WBA52CG, NUCLEO-WBA55CG, NUCLEO-WL33CC1, NUCLEO-WL33CC2, STEVAL-PROTEUS1, STEVAL-SMARTAG2, STEVAL-STWINBX1, STM320518-EVAL, STM32C0116-DK, STM32C011D6Y3TR, STM32C011D6Y6TR, STM32C011F4P3, STM32C011F4P6, STM32C011F4U3, STM32C011F4U6TR, STM32C011F6P3, STM32C011F6P6, STM32C011F6U3, STM32C011F6U6TR, STM32C011J4M3, STM32C011J4M6, STM32C011J6M3, STM32C011J6M6, STM32C0316-DK, STM32C031C4T3, STM32C031C4T6, STM32C031C4U3, STM32C031C4U6, STM32C031C6T3, STM32C031C6T6, STM32C031C6U3, STM32C031C6U6, STM32C031F4P3, STM32C031F4P6, STM32C031F6P3, STM32C031F6P6, STM32C031G4U3, STM32C031G4U6, STM32C031G6U3, STM32C031G6U6, STM32C031K4T3, STM32C031K4T6, STM32C031K4U3, STM32C031K4U6, STM32C031K6T3, STM32C031K6T6, STM32C031K6U3, STM32C031K6U6, STM32C051C6T6, STM32C051C6U6, STM32C051C8T6, STM32C051C8U6, STM32C051D8Y6TR, STM32C051F6P6, STM32C051F8P6, STM32C051G6U6, STM32C051G8U6, STM32C051K6T6, STM32C051K6U6, STM32C051K8T6, STM32C071C8T6, STM32C071C8T6N, STM32C071C8U6, STM32C071C8U6N, STM32C071CBT6, STM32C071CBT6N, STM32C071CBU6, STM32C071CBU6N, STM32C071F8P6, STM32C071F8P6N, STM32C071FBP6, STM32C071FBP6N, STM32C071FBY6TR, STM32C071G8U6, STM32C071G8U6N, STM32C071GBU6, STM32C071GBU6N, STM32C071K8T6, STM32C071K8T6N, STM32C071K8U6, STM32C071K8U6N, STM32C071KBT6, STM32C071KBT6N, STM32C071KBU6, STM32C071KBU6N, STM32C071R8T6, STM32C071R8T6N, STM32C071RBI6N, STM32C071RBT6, STM32C071RBT6N, STM32C091CBT6, STM32C091CBU6, STM32C091CCT6, STM32C091CCU6, STM32C091ECY6TR, STM32C091FBP6, STM32C091FCP6, STM32C091GBU6, STM32C091GCU6, STM32C091KBT6, STM32C091KBU6, STM32C091KCT6, STM32C091KCU6, STM32C091RBT6, STM32C091RCI6, STM32C091RCT6, STM32C092CBT6, STM32C092CBU6, STM32C092CCT6, STM32C092CCU6, STM32C092ECY6TR, STM32C092FBP6, STM32C092FCP6, STM32C092GBU6, STM32C092GCU6, STM32C092KBT6, STM32C092KBU6, STM32C092KCT6, STM32C092KCU6, STM32C092RBT6, STM32C092RCI6, STM32C092RCT6, STM32G071K8TXN, STM32G071K8UXN, STM32G081GBU6N, STM32G081KBT6N, STM32G081KBUXN, STM32G0B1CCT6N, STM32G0B1KCT6, STM32G0B1NEY6TR, STM32G0B1RCT6N, STM32G0C1CCT6, STM32G0C1CCT6N, STM32G0C1CCU6N, STM32G0C1CET6N, STM32G0C1CEU6N, STM32G0C1KCT6, STM32G0C1NEY6TR, STM32G0C1RCI6N, STM32G0C1RCT6N, STM32G0C1REI6N, STM32G0C1RET6N, STM32G0C1VCI6, STM32G0C1VEI6, STM32G411C6T3, STM32G411C6T6, STM32G411C6U3, STM32G411C6U6, STM32G411C8T3, STM32G411C8T6, STM32G411C8U3, STM32G411C8U6, STM32G411CBT3, STM32G411CBT6, STM32G411CBU3, STM32G411CBU6, STM32G411K6T3, STM32G411K6T6, STM32G411K6U3, STM32G411K6U6, STM32G411K8T3, STM32G411K8T6, STM32G411K8U3, STM32G411K8U6, STM32G411KBT3, STM32G411KBT6, STM32G411KBU3, STM32G411KBU6, STM32G411M6T3, STM32G411M6T6, STM32G411M8T3, STM32G411M8T6, STM32G411MBT3, STM32G411MBT6, STM32G411R6T3, STM32G411R6T6, STM32G411R8T3, STM32G411R8T6, STM32G411RBT3, STM32G411RBT6, STM32G414CBT3, STM32G414CBT6, STM32G414CBU3, STM32G414CBU6, STM32G414CCT3, STM32G414CCT6, STM32G414CCU3, STM32G414CCU6, STM32G414MBT3, STM32G414MBT6, STM32G414MCT3, STM32G414MCT6, STM32G414RBT3, STM32G414RBT6, STM32G414RCT3, STM32G414RCT6, STM32G414VBT3, STM32G414VBT6, STM32G414VCT3, STM32G414VCT6, STM32G431CBT3Z, STM32G431RBT3Z, STM32G471CCT6, STM32G471CCU6, STM32G471CET3, STM32G471CET6, STM32G471CEU3, STM32G471CEU6, STM32G471MCT6, STM32G471MET3, STM32G471MET6, STM32G471MEY6TR, STM32G471QCT6, STM32G471QET3, STM32G471RCT6, STM32G471RET3, STM32G471RET6, STM32G471VCH6, STM32G471VCI6, STM32G471VCT6, STM32G471VEH3, STM32G471VEH6, STM32G471VEI3, STM32G471VEI6, STM32G471VET3, STM32G471VET6, STM32G473QET3Z, STM32G473RET3Z, STM32G474CCT6, STM32G491RET3Z, STM32H503CBT6, STM32H503CBU6, STM32H503EBY6TR, STM32H503KBU6, STM32H503RBT6, STM32H523CCT6, STM32H523CCU6, STM32H523CET6, STM32H523CEU6, STM32H523HEY6TR, STM32H523RCT6, STM32H523RET6, STM32H523VCI6, STM32H523VCT6, STM32H523VEI6, STM32H523VET6, STM32H523ZCJ6, STM32H523ZCT6, STM32H523ZEJ6, STM32H523ZET6, STM32H533CET6, STM32H533CEU6, STM32H533HEY6TR, STM32H533RET6, STM32H533VEI6, STM32H533VET6, STM32H533ZEJ6, STM32H533ZET6, STM32H562AGI6, STM32H562AII6, STM32H562IGK6, STM32H562IGT6, STM32H562IIK6, STM32H562IIT6, STM32H562RGT6, STM32H562RGV6, STM32H562RIT6, STM32H562RIV6, STM32H562VGT6, STM32H562VIT6, STM32H562ZGT6, STM32H562ZIT6, STM32H563AGI6, STM32H563AII3Q, STM32H563AII6, STM32H563IGK6, STM32H563IGT6, STM32H563IIK3Q, STM32H563IIK6, STM32H563IIT3Q, STM32H563IIT6, STM32H563MIY3QTR, STM32H563RGT6, STM32H563RGV6, STM32H563RIT6, STM32H563RIV6, STM32H563VGT6, STM32H563VIT3Q, STM32H563VIT6, STM32H563ZGT6, STM32H563ZIT3Q, STM32H563ZIT6, STM32H573AII3Q, STM32H573AII6, STM32H573I-DK, STM32H573IIK3Q, STM32H573IIK6, STM32H573IIT3Q, STM32H573IIT6, STM32H573MIY3QTR, STM32H573RIT6, STM32H573RIV6, STM32H573VIT3Q, STM32H573VIT6, STM32H573ZIT3Q, STM32H573ZIT6, STM32H7R3A8I6, STM32H7R3I8K6, STM32H7R3I8T6, STM32H7R3L8H6, STM32H7R3L8H6H, STM32H7R3R8V6, STM32H7R3V8H6, STM32H7R3V8T6, STM32H7R3V8Y6TR, STM32H7R3Z8J6, STM32H7R3Z8T6, STM32H7R7A8I6, STM32H7R7I8K6, STM32H7R7I8T6, STM32H7R7L8H6, STM32H7R7L8H6H, STM32H7R7Z8J6, STM32H7S3A8I6, STM32H7S3I8K6, STM32H7S3I8T6, STM32H7S3L8H6, STM32H7S3L8H6H, STM32H7S3R8V6, STM32H7S3V8H6, STM32H7S3V8T6, STM32H7S3V8Y6TR, STM32H7S3Z8J6, STM32H7S3Z8T6, STM32H7S78-DK, STM32H7S7A8I6, STM32H7S7I8K6, STM32H7S7I8T6, STM32H7S7L8H6, STM32H7S7L8H6H, STM32H7S7Z8J6, STM32L4R5QGI6STR, STM32MP131AAE3, STM32MP131AAF3, STM32MP131AAG3, STM32MP131CAE3, STM32MP131CAF3, STM32MP131CAG3, STM32MP131DAE7, STM32MP131DAF7, STM32MP131DAG7, STM32MP131FAE7, STM32MP131FAF7, STM32MP131FAG7, STM32MP133AAE3, STM32MP133AAF3, STM32MP133AAG3, STM32MP133CAE3, STM32MP133CAF3, STM32MP133CAG3, STM32MP133DAE7, STM32MP133DAF7, STM32MP133DAG7, STM32MP133FAE7, STM32MP133FAF7, STM32MP133FAG7, STM32MP135AAE3, STM32MP135AAF3, STM32MP135AAG3, STM32MP135CAE3, STM32MP135CAF3, STM32MP135CAG3, STM32MP135DAE7, STM32MP135DAF7, STM32MP135DAG7, STM32MP135F-DK, STM32MP135FAE7, STM32MP135FAF7, STM32MP135FAF7T, STM32MP135FAF7U, STM32MP135FAG7, STM32MP211AAL3, STM32MP211AAM3, STM32MP211AAN3, STM32MP211AAO3, STM32MP211CAL3, STM32MP211CAM3, STM32MP211CAN3, STM32MP211CAO3, STM32MP211DAL3, STM32MP211DAM3, STM32MP211DAN3, STM32MP211DAO3, STM32MP211FAL3, STM32MP211FAM3, STM32MP211FAN3, STM32MP211FAO3, STM32MP213AAL3, STM32MP213AAM3, STM32MP213AAN3, STM32MP213AAO3, STM32MP213CAL3, STM32MP213CAM3, STM32MP213CAN3, STM32MP213CAO3, STM32MP213DAL3, STM32MP213DAM3, STM32MP213DAN3, STM32MP213DAO3, STM32MP213FAL3, STM32MP213FAM3, STM32MP213FAN3, STM32MP213FAO3, STM32MP215AAL3, STM32MP215AAM3, STM32MP215AAN3, STM32MP215AAO3, STM32MP215CAL3, STM32MP215CAM3, STM32MP215CAN3, STM32MP215CAO3, STM32MP215DAL3, STM32MP215DAM3, STM32MP215DAN3, STM32MP215DAO3, STM32MP215F-DK, STM32MP215FAL3, STM32MP215FAM3, STM32MP215FAN3, STM32MP215FAO3, STM32MP231AAJ3, STM32MP231AAK3, STM32MP231AAL3, STM32MP231CAJ3, STM32MP231CAK3, STM32MP231CAL3, STM32MP231DAJ3, STM32MP231DAK3, STM32MP231DAL3, STM32MP231FAJ3, STM32MP231FAK3, STM32MP231FAL3, STM32MP233AAJ3, STM32MP233AAK3, STM32MP233AAL3, STM32MP233CAJ3, STM32MP233CAK3, STM32MP233CAL3, STM32MP233DAJ3, STM32MP233DAK3, STM32MP233DAL3, STM32MP233FAJ3, STM32MP233FAK3, STM32MP233FAL3, STM32MP235AAJ3, STM32MP235AAK3, STM32MP235AAL3, STM32MP235CAJ3, STM32MP235CAK3, STM32MP235CAL3, STM32MP235DAJ3, STM32MP235DAK3, STM32MP235DAL3, STM32MP235FAJ3, STM32MP235FAK3, STM32MP235FAL3, STM32MP251AAI3, STM32MP251AAK3, STM32MP251AAL3, STM32MP251CAI3, STM32MP251CAK3, STM32MP251CAL3, STM32MP251DAI3, STM32MP251DAK3, STM32MP251DAL3, STM32MP251FAI3, STM32MP251FAK3, STM32MP251FAL3, STM32MP253AAI3, STM32MP253AAK3, STM32MP253AAL3, STM32MP253CAI3, STM32MP253CAK3, STM32MP253CAL3, STM32MP253DAI3, STM32MP253DAK3, STM32MP253DAL3, STM32MP253FAI3, STM32MP253FAK3, STM32MP253FAL3, STM32MP255AAI3, STM32MP255AAK3, STM32MP255AAL3, STM32MP255CAI3, STM32MP255CAK3, STM32MP255CAL3, STM32MP255DAI3, STM32MP255DAK3, STM32MP255DAL3, STM32MP255FAI3, STM32MP255FAK3, STM32MP255FAL3, STM32MP257AAI3, STM32MP257AAK3, STM32MP257AAL3, STM32MP257CAI3, STM32MP257CAK3, STM32MP257CAL3, STM32MP257DAI3, STM32MP257DAK3, STM32MP257DAL3, STM32MP257F-DK, STM32MP257F-EV1, STM32MP257FAI3, STM32MP257FAK3, STM32MP257FAL3, STM32N645A0H3Q, STM32N645B0H3Q, STM32N645I0H3Q, STM32N645L0H3Q, STM32N645X0H3Q, STM32N645Z0H3Q, STM32N647A0H3Q, STM32N647B0H3Q, STM32N647I0H3Q, STM32N647L0H3Q, STM32N647X0H3Q, STM32N647Z0H3Q, STM32N655A0H3Q, STM32N655B0H3Q, STM32N655I0H3Q, STM32N655L0H3Q, STM32N655X0H3Q, STM32N655Z0H3Q, STM32N6570-DK, STM32N657A0H3Q, STM32N657B0H3Q, STM32N657I0H3Q, STM32N657L0H3Q, STM32N657X0H3Q, STM32N657Z0H3Q, STM32U031C6T6, STM32U031C6U6, STM32U031C8T6, STM32U031C8U6, STM32U031F4P6, STM32U031F6P6, STM32U031F8P6, STM32U031G6Y6TR, STM32U031G8Y6TR, STM32U031K4U6, STM32U031K6U6, STM32U031K8U6, STM32U031R6I6, STM32U031R6T6, STM32U031R8I6, STM32U031R8T6, STM32U073C8T6, STM32U073C8U6, STM32U073CBT6, STM32U073CBU6, STM32U073CCT6, STM32U073CCU6, STM32U073H8Y6TR, STM32U073HBY6TR, STM32U073HCY6TR, STM32U073K8U6, STM32U073KBU6, STM32U073KCU6, STM32U073M8I6, STM32U073M8T6, STM32U073MBI6, STM32U073MBT6, STM32U073MCI6, STM32U073MCT6, STM32U073R8I6, STM32U073R8T6, STM32U073RBI6, STM32U073RBT6, STM32U073RCI6, STM32U073RCT6, STM32U083C-DK, STM32U083CCT6, STM32U083CCU6, STM32U083HCY6TR, STM32U083KCU6, STM32U083MCI6, STM32U083MCT6, STM32U083RCI6, STM32U083RCT6, STM32U375CET6, STM32U375CET6Q, STM32U375CEU6, STM32U375CEU6Q, STM32U375CEY6QTR, STM32U375CGT6, STM32U375CGT6Q, STM32U375CGU6, STM32U375CGU6Q, STM32U375CGY6QTR, STM32U375KEU6, STM32U375KGU6, STM32U375REI6, STM32U375REI6Q, STM32U375RET6, STM32U375RET6Q, STM32U375REY6GTR, STM32U375REY6QTR, STM32U375RGI6, STM32U375RGI6Q, STM32U375RGT6, STM32U375RGT6Q, STM32U375RGY6GTR, STM32U375RGY6QTR, STM32U375VEI6, STM32U375VEI6Q, STM32U375VET6, STM32U375VET6Q, STM32U375VGI6, STM32U375VGI6Q, STM32U375VGT6, STM32U375VGT6Q, STM32U385CGT6, STM32U385CGT6Q, STM32U385CGU6, STM32U385CGU6Q, STM32U385CGY6QTR, STM32U385KGU6, STM32U385RGI6, STM32U385RGI6Q, STM32U385RGT6, STM32U385RGT6Q, STM32U385RGY6GTR, STM32U385RGY6QTR, STM32U385VGI6, STM32U385VGI6Q, STM32U385VGT6, STM32U385VGT6Q, STM32U535CBT6, STM32U535CBT6Q, STM32U535CBU6, STM32U535CBU6Q, STM32U535CCT6, STM32U535CCT6Q, STM32U535CCU6, STM32U535CCU6Q, STM32U535CET6, STM32U535CET6Q, STM32U535CEU6, STM32U535CEU6Q, STM32U535JEY6QTR, STM32U535NCY6QTR, STM32U535NEY6QTR, STM32U535RBI6, STM32U535RBI6Q, STM32U535RBT6, STM32U535RBT6Q, STM32U535RCI6, STM32U535RCI6Q, STM32U535RCT6, STM32U535RCT6Q, STM32U535REI6, STM32U535REI6Q, STM32U535RET6, STM32U535RET6Q, STM32U535VCI6, STM32U535VCI6Q, STM32U535VCT6, STM32U535VCT6Q, STM32U535VEI6, STM32U535VEI6Q, STM32U535VET6, STM32U535VET6Q, STM32U545CET6, STM32U545CET6Q, STM32U545CEU6, STM32U545CEU6Q, STM32U545JEY6QTR, STM32U545NEY6QTR, STM32U545REI6, STM32U545REI6Q, STM32U545RET6, STM32U545RET6Q, STM32U545VEI6, STM32U545VEI6Q, STM32U545VET6, STM32U545VET6Q, STM32U595AIH6, STM32U595AIH6Q, STM32U595AJH6, STM32U595AJH6Q, STM32U595QII6, STM32U595QII6Q, STM32U595QJI6, STM32U595QJI6Q, STM32U595RIT6, STM32U595RIT6Q, STM32U595RJT6, STM32U595RJT6Q, STM32U595VIT6, STM32U595VIT6Q, STM32U595VJT6, STM32U595VJT6Q, STM32U595ZIT6, STM32U595ZIT6Q, STM32U595ZIY6QTR, STM32U595ZJT6, STM32U595ZJT6Q, STM32U595ZJY6QTR, STM32U599BJY6QTR, STM32U599NIH6Q, STM32U599NJH6Q, STM32U599VIT6Q, STM32U599VJT6, STM32U599VJT6Q, STM32U599ZIT6Q, STM32U599ZIY6QTR, STM32U599ZJT6Q, STM32U599ZJY6QTR, STM32U5A5AJH6, STM32U5A5AJH6Q, STM32U5A5QII3Q , STM32U5A5QJI6, STM32U5A5QJI6Q, STM32U5A5RJT6, STM32U5A5RJT6Q, STM32U5A5VJT6, STM32U5A5VJT6Q, STM32U5A5ZJT6, STM32U5A5ZJT6Q, STM32U5A5ZJY6QTR, STM32U5A9BJY6QTR, STM32U5A9J-DK, STM32U5A9NJH6Q, STM32U5A9VJT6Q, STM32U5A9ZJT6Q, STM32U5A9ZJY6QTR, STM32U5F7VIT6, STM32U5F7VIT6Q, STM32U5F7VJT6, STM32U5F7VJT6Q, STM32U5F9BJY6QTR, STM32U5F9NJH6Q, STM32U5F9VIT6Q, STM32U5F9VJT6Q, STM32U5F9ZIJ6QTR, STM32U5F9ZIT6Q, STM32U5F9ZJJ6QTR, STM32U5F9ZJT6Q, STM32U5G7VJT6, STM32U5G7VJT6Q, STM32U5G9BJY6QTR, STM32U5G9J-DK1, STM32U5G9J-DK2, STM32U5G9NJH6Q, STM32U5G9VJT6Q, STM32U5G9ZJJ6QTR, STM32U5G9ZJT6Q, STM32WB05KZV6TR, STM32WB05KZV7TR, STM32WB05TZF6TR, STM32WB05TZF7TR, STM32WB06CCF6TR, STM32WB06CCF7TR, STM32WB06CCV6TR, STM32WB06CCV7TR, STM32WB06KCV6TR, STM32WB06KCV7TR, STM32WB07CCF6TR, STM32WB07CCF7TR, STM32WB07CCV6TR, STM32WB07CCV7TR, STM32WB07KCV6TR, STM32WB07KCV7TR, STM32WB09KEV6TR, STM32WB09KEV7TR, STM32WB09TEF6TR, STM32WB09TEF7TR, STM32WB1MMCH6, STM32WBA50KGU6, STM32WBA50KGU6TR, STM32WBA52CEU6, STM32WBA52CEU6TR, STM32WBA52CEU7, STM32WBA52CEU7TR, STM32WBA52CGU6, STM32WBA52CGU6TR, STM32WBA52CGU6U, STM32WBA52CGU7, STM32WBA52CGU7TR, STM32WBA52KEU6, STM32WBA52KEU6TR, STM32WBA52KGU6, STM32WBA52KGU6TR, STM32WBA54CEU6, STM32WBA54CEU6TR, STM32WBA54CEU7, STM32WBA54CEU7TR, STM32WBA54CGU6, STM32WBA54CGU6TR, STM32WBA54CGU7, STM32WBA54CGU7TR, STM32WBA54KEU6, STM32WBA54KEU6TR, STM32WBA54KEU7, STM32WBA54KEU7TR, STM32WBA54KGU6, STM32WBA54KGU6TR, STM32WBA54KGU7, STM32WBA54KGU7TR, STM32WBA55CEU6, STM32WBA55CEU6TR, STM32WBA55CEU7, STM32WBA55CEU7TR, STM32WBA55CGU6, STM32WBA55CGU6TR, STM32WBA55CGU6U, STM32WBA55CGU7, STM32WBA55CGU7TR, STM32WBA55G-DK1, STM32WBA55HEF6, STM32WBA55HEF7, STM32WBA55HGF6, STM32WBA55HGF7, STM32WBA55UEI6, STM32WBA55UEI6TR, STM32WBA55UEI7, STM32WBA55UEI7TR, STM32WBA55UGI6, STM32WBA55UGI6TR, STM32WBA55UGI7, STM32WBA55UGI7TR, STM32WBA5MMGH6TR, STM32WBA62MGF6, STM32WBA62MIF6, STM32WBA65MGF7, STM32WBA65MIF6, STM32WBA65MIF7, STM32WL30K8V6, STM32WL30KBV6, STM32WL31C8V6, STM32WL31CBV6, STM32WL31K8V6, STM32WL31KBV6, STM32WL33C8V6, STM32WL33C8V6X, STM32WL33CBV6, STM32WL33CBV6X, STM32WL33CCV6, STM32WL33CCV6A, STM32WL33CCV6X, STM32WL33K8V7, STM32WL33K8V7X, STM32WL33KBV7 , STM32WL33KBV7X, STM32WL33KCV7, STM32WL33KCV7X, STM32WL5MOCH6, STM32WL5MOCH6TR]
2025-09-07 19:01:59,870 [INFO] DbMcus:218 - Found 4801 MCUs, 4801 are supported
2025-09-07 19:01:59,870 [INFO] ApiDb:423 - Load user favorites file /home/tuna/.stm32cubeide/favorites.mcus.txt: 0 item(s)
2025-09-07 19:01:59,870 [INFO] ApiDb:427 - User favorites MCUs=[]
2025-09-07 19:01:59,870 [INFO] DbMcus:224 - Set 0 / 0 favorites MCUs
2025-09-07 19:02:00,169 [INFO] ApiDb:668 - CubeFinder database Data Model version=2.1
2025-09-07 19:02:00,169 [INFO] ApiDb:669 - CubeFinder database Configuration version=3.0.39
2025-09-07 19:02:00,169 [INFO] ApiDb:670 - CubeFinder database generation date=2025-07-24 (1753349077)
2025-09-07 19:02:00,169 [INFO] ApiDb:671 - CubeFinder database FW Pack versions=[FP-ATR-ASTRA1_V2.0.0, FP-SNS-FLIGHT1_V5.1.0, FP-SNS-MOTENV1_V5.0.0, FP-SNS-MOTENVWB1_V1.4.0, FP-SNS-SMARTAG2_V1.2.0, FP-SNS-STBOX1_V2.0.0, STM32Cube_FW_C0_V1.4.0, STM32Cube_FW_F4_V1.28.2, STM32Cube_FW_F7_V1.17.3, STM32Cube_FW_G0_V1.6.2, STM32Cube_FW_G4_V1.6.1, STM32Cube_FW_H5_V1.5.0, STM32Cube_FW_H7RS_V1.2.0, STM32Cube_FW_H7_V1.12.1, STM32Cube_FW_L0_V1.12.2, STM32Cube_FW_L4_V1.18.1, STM32Cube_FW_L5_V1.5.1, STM32Cube_FW_N6_V1.2.0, STM32Cube_FW_U0_V1.3.0, STM32Cube_FW_U3_V1.2.0, STM32Cube_FW_U5_V1.8.0, STM32Cube_FW_WB0_V1.3.0, STM32Cube_FW_WBA_V1.7.0, STM32Cube_FW_WB_V1.23.0, STM32Cube_FW_WL3_V1.2.0, STM32Cube_FW_WL_V1.3.1, X-CUBE-ALGOBUILD_V1.4.0, X-CUBE-ALS_V1.0.2, X-CUBE-AZRTOS-F4_V1.1.0, X-CUBE-AZRTOS-F7_V1.1.0, X-CUBE-AZRTOS-G0_V1.1.0, X-CUBE-AZRTOS-G4_V2.0.0, X-CUBE-AZRTOS-H7RS_V1.1.0, X-CUBE-AZRTOS-H7_V3.4.0, X-CUBE-AZRTOS-L4_V2.0.0, X-CUBE-AZRTOS-L5_V2.0.0, X-CUBE-AZRTOS-WB_V2.0.0, X-CUBE-AZRTOS-WL_V2.0.0, X-CUBE-BLE1_V7.1.0, X-CUBE-BLE2_V3.3.0, X-CUBE-BLEMGR_V4.1.0, X-CUBE-EEPRMA1_V5.2.0, X-CUBE-FREERTOS_V1.3.1, X-CUBE-GNSS1_V6.0.0, X-CUBE-MEMS1_V11.3.0, X-CUBE-NFC4_V3.0.0, X-CUBE-NFC7_V2.0.0, X-CUBE-SFXS2LP1_V4.0.0, X-CUBE-ST67W61_V1.0.0, X-CUBE-SUBG2_V5.0.0, X-CUBE-TOF1_V3.4.3]
2025-09-07 19:02:00,200 [INFO] DbBoardsSqlite:226 - include board P-NUCLEO-WB55-NUCLEO as a kit item of type 'Nucleo-64'
2025-09-07 19:02:00,201 [INFO] DbBoardsSqlite:226 - include board P-NUCLEO-WB55-USBDONGLE as a kit item of type 'Nucleo USB Dongle'
2025-09-07 19:02:00,201 [INFO] DbBoardsSqlite:226 - include board STEVAL-IDP005V1 as a kit item of type 'Evaluation Board'
2025-09-07 19:02:00,201 [INFO] DbBoardsSqlite:226 - include board STEVAL-IDP005V2 as a kit item of type 'Evaluation Board'
2025-09-07 19:02:00,231 [INFO] ApiDb:240 - Found 880 in-development CPN: [B-G473E-ZEST1S, B-WB1M-WPAN1, B-WBA5M-WPAN, B-WL5M-SUBG1, NUCLEO-C031C6, NUCLEO-C051C8, NUCLEO-C071RB, NUCLEO-C092RC, NUCLEO-H503RB, NUCLEO-H533RE, NUCLEO-H563ZI, NUCLEO-H7S3L8, NUCLEO-N657X0-Q, NUCLEO-U031R8, NUCLEO-U083RC, NUCLEO-U385RG-Q, NUCLEO-U545RE-Q, NUCLEO-U5A5ZJ-Q, NUCLEO-WB05KZ, NUCLEO-WB07CC, NUCLEO-WB09KE, NUCLEO-WBA52CG, NUCLEO-WBA55CG, NUCLEO-WL33CC1, NUCLEO-WL33CC2, STEVAL-PROTEUS1, STEVAL-SMARTAG2, STEVAL-STWINBX1, STM320518-EVAL, STM32C0116-DK, STM32C011D6Y3TR, STM32C011D6Y6TR, STM32C011F4P3, STM32C011F4P6, STM32C011F4U3, STM32C011F4U6TR, STM32C011F6P3, STM32C011F6P6, STM32C011F6U3, STM32C011F6U6TR, STM32C011J4M3, STM32C011J4M6, STM32C011J6M3, STM32C011J6M6, STM32C0316-DK, STM32C031C4T3, STM32C031C4T6, STM32C031C4U3, STM32C031C4U6, STM32C031C6T3, STM32C031C6T6, STM32C031C6U3, STM32C031C6U6, STM32C031F4P3, STM32C031F4P6, STM32C031F6P3, STM32C031F6P6, STM32C031G4U3, STM32C031G4U6, STM32C031G6U3, STM32C031G6U6, STM32C031K4T3, STM32C031K4T6, STM32C031K4U3, STM32C031K4U6, STM32C031K6T3, STM32C031K6T6, STM32C031K6U3, STM32C031K6U6, STM32C051C6T6, STM32C051C6U6, STM32C051C8T6, STM32C051C8U6, STM32C051D8Y6TR, STM32C051F6P6, STM32C051F8P6, STM32C051G6U6, STM32C051G8U6, STM32C051K6T6, STM32C051K6U6, STM32C051K8T6, STM32C071C8T6, STM32C071C8T6N, STM32C071C8U6, STM32C071C8U6N, STM32C071CBT6, STM32C071CBT6N, STM32C071CBU6, STM32C071CBU6N, STM32C071F8P6, STM32C071F8P6N, STM32C071FBP6, STM32C071FBP6N, STM32C071FBY6TR, STM32C071G8U6, STM32C071G8U6N, STM32C071GBU6, STM32C071GBU6N, STM32C071K8T6, STM32C071K8T6N, STM32C071K8U6, STM32C071K8U6N, STM32C071KBT6, STM32C071KBT6N, STM32C071KBU6, STM32C071KBU6N, STM32C071R8T6, STM32C071R8T6N, STM32C071RBI6N, STM32C071RBT6, STM32C071RBT6N, STM32C091CBT6, STM32C091CBU6, STM32C091CCT6, STM32C091CCU6, STM32C091ECY6TR, STM32C091FBP6, STM32C091FCP6, STM32C091GBU6, STM32C091GCU6, STM32C091KBT6, STM32C091KBU6, STM32C091KCT6, STM32C091KCU6, STM32C091RBT6, STM32C091RCI6, STM32C091RCT6, STM32C092CBT6, STM32C092CBU6, STM32C092CCT6, STM32C092CCU6, STM32C092ECY6TR, STM32C092FBP6, STM32C092FCP6, STM32C092GBU6, STM32C092GCU6, STM32C092KBT6, STM32C092KBU6, STM32C092KCT6, STM32C092KCU6, STM32C092RBT6, STM32C092RCI6, STM32C092RCT6, STM32G071K8TXN, STM32G071K8UXN, STM32G081GBU6N, STM32G081KBT6N, STM32G081KBUXN, STM32G0B1CCT6N, STM32G0B1KCT6, STM32G0B1NEY6TR, STM32G0B1RCT6N, STM32G0C1CCT6, STM32G0C1CCT6N, STM32G0C1CCU6N, STM32G0C1CET6N, STM32G0C1CEU6N, STM32G0C1KCT6, STM32G0C1NEY6TR, STM32G0C1RCI6N, STM32G0C1RCT6N, STM32G0C1REI6N, STM32G0C1RET6N, STM32G0C1VCI6, STM32G0C1VEI6, STM32G411C6T3, STM32G411C6T6, STM32G411C6U3, STM32G411C6U6, STM32G411C8T3, STM32G411C8T6, STM32G411C8U3, STM32G411C8U6, STM32G411CBT3, STM32G411CBT6, STM32G411CBU3, STM32G411CBU6, STM32G411K6T3, STM32G411K6T6, STM32G411K6U3, STM32G411K6U6, STM32G411K8T3, STM32G411K8T6, STM32G411K8U3, STM32G411K8U6, STM32G411KBT3, STM32G411KBT6, STM32G411KBU3, STM32G411KBU6, STM32G411M6T3, STM32G411M6T6, STM32G411M8T3, STM32G411M8T6, STM32G411MBT3, STM32G411MBT6, STM32G411R6T3, STM32G411R6T6, STM32G411R8T3, STM32G411R8T6, STM32G411RBT3, STM32G411RBT6, STM32G414CBT3, STM32G414CBT6, STM32G414CBU3, STM32G414CBU6, STM32G414CCT3, STM32G414CCT6, STM32G414CCU3, STM32G414CCU6, STM32G414MBT3, STM32G414MBT6, STM32G414MCT3, STM32G414MCT6, STM32G414RBT3, STM32G414RBT6, STM32G414RCT3, STM32G414RCT6, STM32G414VBT3, STM32G414VBT6, STM32G414VCT3, STM32G414VCT6, STM32G431CBT3Z, STM32G431RBT3Z, STM32G471CCT6, STM32G471CCU6, STM32G471CET3, STM32G471CET6, STM32G471CEU3, STM32G471CEU6, STM32G471MCT6, STM32G471MET3, STM32G471MET6, STM32G471MEY6TR, STM32G471QCT6, STM32G471QET3, STM32G471RCT6, STM32G471RET3, STM32G471RET6, STM32G471VCH6, STM32G471VCI6, STM32G471VCT6, STM32G471VEH3, STM32G471VEH6, STM32G471VEI3, STM32G471VEI6, STM32G471VET3, STM32G471VET6, STM32G473QET3Z, STM32G473RET3Z, STM32G474CCT6, STM32G491RET3Z, STM32H503CBT6, STM32H503CBU6, STM32H503EBY6TR, STM32H503KBU6, STM32H503RBT6, STM32H523CCT6, STM32H523CCU6, STM32H523CET6, STM32H523CEU6, STM32H523HEY6TR, STM32H523RCT6, STM32H523RET6, STM32H523VCI6, STM32H523VCT6, STM32H523VEI6, STM32H523VET6, STM32H523ZCJ6, STM32H523ZCT6, STM32H523ZEJ6, STM32H523ZET6, STM32H533CET6, STM32H533CEU6, STM32H533HEY6TR, STM32H533RET6, STM32H533VEI6, STM32H533VET6, STM32H533ZEJ6, STM32H533ZET6, STM32H562AGI6, STM32H562AII6, STM32H562IGK6, STM32H562IGT6, STM32H562IIK6, STM32H562IIT6, STM32H562RGT6, STM32H562RGV6, STM32H562RIT6, STM32H562RIV6, STM32H562VGT6, STM32H562VIT6, STM32H562ZGT6, STM32H562ZIT6, STM32H563AGI6, STM32H563AII3Q, STM32H563AII6, STM32H563IGK6, STM32H563IGT6, STM32H563IIK3Q, STM32H563IIK6, STM32H563IIT3Q, STM32H563IIT6, STM32H563MIY3QTR, STM32H563RGT6, STM32H563RGV6, STM32H563RIT6, STM32H563RIV6, STM32H563VGT6, STM32H563VIT3Q, STM32H563VIT6, STM32H563ZGT6, STM32H563ZIT3Q, STM32H563ZIT6, STM32H573AII3Q, STM32H573AII6, STM32H573I-DK, STM32H573IIK3Q, STM32H573IIK6, STM32H573IIT3Q, STM32H573IIT6, STM32H573MIY3QTR, STM32H573RIT6, STM32H573RIV6, STM32H573VIT3Q, STM32H573VIT6, STM32H573ZIT3Q, STM32H573ZIT6, STM32H7R3A8I6, STM32H7R3I8K6, STM32H7R3I8T6, STM32H7R3L8H6, STM32H7R3L8H6H, STM32H7R3R8V6, STM32H7R3V8H6, STM32H7R3V8T6, STM32H7R3V8Y6TR, STM32H7R3Z8J6, STM32H7R3Z8T6, STM32H7R7A8I6, STM32H7R7I8K6, STM32H7R7I8T6, STM32H7R7L8H6, STM32H7R7L8H6H, STM32H7R7Z8J6, STM32H7S3A8I6, STM32H7S3I8K6, STM32H7S3I8T6, STM32H7S3L8H6, STM32H7S3L8H6H, STM32H7S3R8V6, STM32H7S3V8H6, STM32H7S3V8T6, STM32H7S3V8Y6TR, STM32H7S3Z8J6, STM32H7S3Z8T6, STM32H7S78-DK, STM32H7S7A8I6, STM32H7S7I8K6, STM32H7S7I8T6, STM32H7S7L8H6, STM32H7S7L8H6H, STM32H7S7Z8J6, STM32L4R5QGI6STR, STM32MP131AAE3, STM32MP131AAF3, STM32MP131AAG3, STM32MP131CAE3, STM32MP131CAF3, STM32MP131CAG3, STM32MP131DAE7, STM32MP131DAF7, STM32MP131DAG7, STM32MP131FAE7, STM32MP131FAF7, STM32MP131FAG7, STM32MP133AAE3, STM32MP133AAF3, STM32MP133AAG3, STM32MP133CAE3, STM32MP133CAF3, STM32MP133CAG3, STM32MP133DAE7, STM32MP133DAF7, STM32MP133DAG7, STM32MP133FAE7, STM32MP133FAF7, STM32MP133FAG7, STM32MP135AAE3, STM32MP135AAF3, STM32MP135AAG3, STM32MP135CAE3, STM32MP135CAF3, STM32MP135CAG3, STM32MP135DAE7, STM32MP135DAF7, STM32MP135DAG7, STM32MP135F-DK, STM32MP135FAE7, STM32MP135FAF7, STM32MP135FAF7T, STM32MP135FAF7U, STM32MP135FAG7, STM32MP211AAL3, STM32MP211AAM3, STM32MP211AAN3, STM32MP211AAO3, STM32MP211CAL3, STM32MP211CAM3, STM32MP211CAN3, STM32MP211CAO3, STM32MP211DAL3, STM32MP211DAM3, STM32MP211DAN3, STM32MP211DAO3, STM32MP211FAL3, STM32MP211FAM3, STM32MP211FAN3, STM32MP211FAO3, STM32MP213AAL3, STM32MP213AAM3, STM32MP213AAN3, STM32MP213AAO3, STM32MP213CAL3, STM32MP213CAM3, STM32MP213CAN3, STM32MP213CAO3, STM32MP213DAL3, STM32MP213DAM3, STM32MP213DAN3, STM32MP213DAO3, STM32MP213FAL3, STM32MP213FAM3, STM32MP213FAN3, STM32MP213FAO3, STM32MP215AAL3, STM32MP215AAM3, STM32MP215AAN3, STM32MP215AAO3, STM32MP215CAL3, STM32MP215CAM3, STM32MP215CAN3, STM32MP215CAO3, STM32MP215DAL3, STM32MP215DAM3, STM32MP215DAN3, STM32MP215DAO3, STM32MP215F-DK, STM32MP215FAL3, STM32MP215FAM3, STM32MP215FAN3, STM32MP215FAO3, STM32MP231AAJ3, STM32MP231AAK3, STM32MP231AAL3, STM32MP231CAJ3, STM32MP231CAK3, STM32MP231CAL3, STM32MP231DAJ3, STM32MP231DAK3, STM32MP231DAL3, STM32MP231FAJ3, STM32MP231FAK3, STM32MP231FAL3, STM32MP233AAJ3, STM32MP233AAK3, STM32MP233AAL3, STM32MP233CAJ3, STM32MP233CAK3, STM32MP233CAL3, STM32MP233DAJ3, STM32MP233DAK3, STM32MP233DAL3, STM32MP233FAJ3, STM32MP233FAK3, STM32MP233FAL3, STM32MP235AAJ3, STM32MP235AAK3, STM32MP235AAL3, STM32MP235CAJ3, STM32MP235CAK3, STM32MP235CAL3, STM32MP235DAJ3, STM32MP235DAK3, STM32MP235DAL3, STM32MP235FAJ3, STM32MP235FAK3, STM32MP235FAL3, STM32MP251AAI3, STM32MP251AAK3, STM32MP251AAL3, STM32MP251CAI3, STM32MP251CAK3, STM32MP251CAL3, STM32MP251DAI3, STM32MP251DAK3, STM32MP251DAL3, STM32MP251FAI3, STM32MP251FAK3, STM32MP251FAL3, STM32MP253AAI3, STM32MP253AAK3, STM32MP253AAL3, STM32MP253CAI3, STM32MP253CAK3, STM32MP253CAL3, STM32MP253DAI3, STM32MP253DAK3, STM32MP253DAL3, STM32MP253FAI3, STM32MP253FAK3, STM32MP253FAL3, STM32MP255AAI3, STM32MP255AAK3, STM32MP255AAL3, STM32MP255CAI3, STM32MP255CAK3, STM32MP255CAL3, STM32MP255DAI3, STM32MP255DAK3, STM32MP255DAL3, STM32MP255FAI3, STM32MP255FAK3, STM32MP255FAL3, STM32MP257AAI3, STM32MP257AAK3, STM32MP257AAL3, STM32MP257CAI3, STM32MP257CAK3, STM32MP257CAL3, STM32MP257DAI3, STM32MP257DAK3, STM32MP257DAL3, STM32MP257F-DK, STM32MP257F-EV1, STM32MP257FAI3, STM32MP257FAK3, STM32MP257FAL3, STM32N645A0H3Q, STM32N645B0H3Q, STM32N645I0H3Q, STM32N645L0H3Q, STM32N645X0H3Q, STM32N645Z0H3Q, STM32N647A0H3Q, STM32N647B0H3Q, STM32N647I0H3Q, STM32N647L0H3Q, STM32N647X0H3Q, STM32N647Z0H3Q, STM32N655A0H3Q, STM32N655B0H3Q, STM32N655I0H3Q, STM32N655L0H3Q, STM32N655X0H3Q, STM32N655Z0H3Q, STM32N6570-DK, STM32N657A0H3Q, STM32N657B0H3Q, STM32N657I0H3Q, STM32N657L0H3Q, STM32N657X0H3Q, STM32N657Z0H3Q, STM32U031C6T6, STM32U031C6U6, STM32U031C8T6, STM32U031C8U6, STM32U031F4P6, STM32U031F6P6, STM32U031F8P6, STM32U031G6Y6TR, STM32U031G8Y6TR, STM32U031K4U6, STM32U031K6U6, STM32U031K8U6, STM32U031R6I6, STM32U031R6T6, STM32U031R8I6, STM32U031R8T6, STM32U073C8T6, STM32U073C8U6, STM32U073CBT6, STM32U073CBU6, STM32U073CCT6, STM32U073CCU6, STM32U073H8Y6TR, STM32U073HBY6TR, STM32U073HCY6TR, STM32U073K8U6, STM32U073KBU6, STM32U073KCU6, STM32U073M8I6, STM32U073M8T6, STM32U073MBI6, STM32U073MBT6, STM32U073MCI6, STM32U073MCT6, STM32U073R8I6, STM32U073R8T6, STM32U073RBI6, STM32U073RBT6, STM32U073RCI6, STM32U073RCT6, STM32U083C-DK, STM32U083CCT6, STM32U083CCU6, STM32U083HCY6TR, STM32U083KCU6, STM32U083MCI6, STM32U083MCT6, STM32U083RCI6, STM32U083RCT6, STM32U375CET6, STM32U375CET6Q, STM32U375CEU6, STM32U375CEU6Q, STM32U375CEY6QTR, STM32U375CGT6, STM32U375CGT6Q, STM32U375CGU6, STM32U375CGU6Q, STM32U375CGY6QTR, STM32U375KEU6, STM32U375KGU6, STM32U375REI6, STM32U375REI6Q, STM32U375RET6, STM32U375RET6Q, STM32U375REY6GTR, STM32U375REY6QTR, STM32U375RGI6, STM32U375RGI6Q, STM32U375RGT6, STM32U375RGT6Q, STM32U375RGY6GTR, STM32U375RGY6QTR, STM32U375VEI6, STM32U375VEI6Q, STM32U375VET6, STM32U375VET6Q, STM32U375VGI6, STM32U375VGI6Q, STM32U375VGT6, STM32U375VGT6Q, STM32U385CGT6, STM32U385CGT6Q, STM32U385CGU6, STM32U385CGU6Q, STM32U385CGY6QTR, STM32U385KGU6, STM32U385RGI6, STM32U385RGI6Q, STM32U385RGT6, STM32U385RGT6Q, STM32U385RGY6GTR, STM32U385RGY6QTR, STM32U385VGI6, STM32U385VGI6Q, STM32U385VGT6, STM32U385VGT6Q, STM32U535CBT6, STM32U535CBT6Q, STM32U535CBU6, STM32U535CBU6Q, STM32U535CCT6, STM32U535CCT6Q, STM32U535CCU6, STM32U535CCU6Q, STM32U535CET6, STM32U535CET6Q, STM32U535CEU6, STM32U535CEU6Q, STM32U535JEY6QTR, STM32U535NCY6QTR, STM32U535NEY6QTR, STM32U535RBI6, STM32U535RBI6Q, STM32U535RBT6, STM32U535RBT6Q, STM32U535RCI6, STM32U535RCI6Q, STM32U535RCT6, STM32U535RCT6Q, STM32U535REI6, STM32U535REI6Q, STM32U535RET6, STM32U535RET6Q, STM32U535VCI6, STM32U535VCI6Q, STM32U535VCT6, STM32U535VCT6Q, STM32U535VEI6, STM32U535VEI6Q, STM32U535VET6, STM32U535VET6Q, STM32U545CET6, STM32U545CET6Q, STM32U545CEU6, STM32U545CEU6Q, STM32U545JEY6QTR, STM32U545NEY6QTR, STM32U545REI6, STM32U545REI6Q, STM32U545RET6, STM32U545RET6Q, STM32U545VEI6, STM32U545VEI6Q, STM32U545VET6, STM32U545VET6Q, STM32U595AIH6, STM32U595AIH6Q, STM32U595AJH6, STM32U595AJH6Q, STM32U595QII6, STM32U595QII6Q, STM32U595QJI6, STM32U595QJI6Q, STM32U595RIT6, STM32U595RIT6Q, STM32U595RJT6, STM32U595RJT6Q, STM32U595VIT6, STM32U595VIT6Q, STM32U595VJT6, STM32U595VJT6Q, STM32U595ZIT6, STM32U595ZIT6Q, STM32U595ZIY6QTR, STM32U595ZJT6, STM32U595ZJT6Q, STM32U595ZJY6QTR, STM32U599BJY6QTR, STM32U599NIH6Q, STM32U599NJH6Q, STM32U599VIT6Q, STM32U599VJT6, STM32U599VJT6Q, STM32U599ZIT6Q, STM32U599ZIY6QTR, STM32U599ZJT6Q, STM32U599ZJY6QTR, STM32U5A5AJH6, STM32U5A5AJH6Q, STM32U5A5QII3Q , STM32U5A5QJI6, STM32U5A5QJI6Q, STM32U5A5RJT6, STM32U5A5RJT6Q, STM32U5A5VJT6, STM32U5A5VJT6Q, STM32U5A5ZJT6, STM32U5A5ZJT6Q, STM32U5A5ZJY6QTR, STM32U5A9BJY6QTR, STM32U5A9J-DK, STM32U5A9NJH6Q, STM32U5A9VJT6Q, STM32U5A9ZJT6Q, STM32U5A9ZJY6QTR, STM32U5F7VIT6, STM32U5F7VIT6Q, STM32U5F7VJT6, STM32U5F7VJT6Q, STM32U5F9BJY6QTR, STM32U5F9NJH6Q, STM32U5F9VIT6Q, STM32U5F9VJT6Q, STM32U5F9ZIJ6QTR, STM32U5F9ZIT6Q, STM32U5F9ZJJ6QTR, STM32U5F9ZJT6Q, STM32U5G7VJT6, STM32U5G7VJT6Q, STM32U5G9BJY6QTR, STM32U5G9J-DK1, STM32U5G9J-DK2, STM32U5G9NJH6Q, STM32U5G9VJT6Q, STM32U5G9ZJJ6QTR, STM32U5G9ZJT6Q, STM32WB05KZV6TR, STM32WB05KZV7TR, STM32WB05TZF6TR, STM32WB05TZF7TR, STM32WB06CCF6TR, STM32WB06CCF7TR, STM32WB06CCV6TR, STM32WB06CCV7TR, STM32WB06KCV6TR, STM32WB06KCV7TR, STM32WB07CCF6TR, STM32WB07CCF7TR, STM32WB07CCV6TR, STM32WB07CCV7TR, STM32WB07KCV6TR, STM32WB07KCV7TR, STM32WB09KEV6TR, STM32WB09KEV7TR, STM32WB09TEF6TR, STM32WB09TEF7TR, STM32WB1MMCH6, STM32WBA50KGU6, STM32WBA50KGU6TR, STM32WBA52CEU6, STM32WBA52CEU6TR, STM32WBA52CEU7, STM32WBA52CEU7TR, STM32WBA52CGU6, STM32WBA52CGU6TR, STM32WBA52CGU6U, STM32WBA52CGU7, STM32WBA52CGU7TR, STM32WBA52KEU6, STM32WBA52KEU6TR, STM32WBA52KGU6, STM32WBA52KGU6TR, STM32WBA54CEU6, STM32WBA54CEU6TR, STM32WBA54CEU7, STM32WBA54CEU7TR, STM32WBA54CGU6, STM32WBA54CGU6TR, STM32WBA54CGU7, STM32WBA54CGU7TR, STM32WBA54KEU6, STM32WBA54KEU6TR, STM32WBA54KEU7, STM32WBA54KEU7TR, STM32WBA54KGU6, STM32WBA54KGU6TR, STM32WBA54KGU7, STM32WBA54KGU7TR, STM32WBA55CEU6, STM32WBA55CEU6TR, STM32WBA55CEU7, STM32WBA55CEU7TR, STM32WBA55CGU6, STM32WBA55CGU6TR, STM32WBA55CGU6U, STM32WBA55CGU7, STM32WBA55CGU7TR, STM32WBA55G-DK1, STM32WBA55HEF6, STM32WBA55HEF7, STM32WBA55HGF6, STM32WBA55HGF7, STM32WBA55UEI6, STM32WBA55UEI6TR, STM32WBA55UEI7, STM32WBA55UEI7TR, STM32WBA55UGI6, STM32WBA55UGI6TR, STM32WBA55UGI7, STM32WBA55UGI7TR, STM32WBA5MMGH6TR, STM32WBA62MGF6, STM32WBA62MIF6, STM32WBA65MGF7, STM32WBA65MIF6, STM32WBA65MIF7, STM32WL30K8V6, STM32WL30KBV6, STM32WL31C8V6, STM32WL31CBV6, STM32WL31K8V6, STM32WL31KBV6, STM32WL33C8V6, STM32WL33C8V6X, STM32WL33CBV6, STM32WL33CBV6X, STM32WL33CCV6, STM32WL33CCV6A, STM32WL33CCV6X, STM32WL33K8V7, STM32WL33K8V7X, STM32WL33KBV7 , STM32WL33KBV7X, STM32WL33KCV7, STM32WL33KCV7X, STM32WL5MOCH6, STM32WL5MOCH6TR]
2025-09-07 19:02:00,314 [INFO] BoardInfo:889 - No configuration file found for board P-NUCLEO-WB55
2025-09-07 19:02:00,314 [INFO] DbBoards:161 - Kit is not supported: P-NUCLEO-WB55
2025-09-07 19:02:00,317 [INFO] BoardInfo:889 - No configuration file found for board STEVAL-BFA001V1B
2025-09-07 19:02:00,317 [INFO] DbBoards:161 - Kit is not supported: STEVAL-BFA001V1B
2025-09-07 19:02:00,317 [INFO] BoardInfo:889 - No configuration file found for board STEVAL-BFA001V2B
2025-09-07 19:02:00,318 [INFO] DbBoards:161 - Kit is not supported: STEVAL-BFA001V2B
2025-09-07 19:02:00,391 [INFO] DbBoards:168 - Found 212 boards, 209 are supported
2025-09-07 19:02:00,392 [INFO] DbBoards:169 - Found 212 boards, 43 of them is supported for  Bsp
2025-09-07 19:02:00,394 [INFO] ApiDb:423 - Load user favorites file /home/tuna/.stm32cubeide/favorites.boards.txt: 0 item(s)
2025-09-07 19:02:00,394 [INFO] ApiDb:427 - User favorites Boards=[]
2025-09-07 19:02:00,394 [INFO] DbBoards:198 - Set 0 / 0 favorites Boards
2025-09-07 19:02:00,396 [INFO] ApiDb:668 - CubeFinder database Data Model version=2.1
2025-09-07 19:02:00,396 [INFO] ApiDb:669 - CubeFinder database Configuration version=3.0.39
2025-09-07 19:02:00,396 [INFO] ApiDb:670 - CubeFinder database generation date=2025-07-24 (1753349077)
2025-09-07 19:02:00,396 [INFO] ApiDb:671 - CubeFinder database FW Pack versions=[FP-ATR-ASTRA1_V2.0.0, FP-SNS-FLIGHT1_V5.1.0, FP-SNS-MOTENV1_V5.0.0, FP-SNS-MOTENVWB1_V1.4.0, FP-SNS-SMARTAG2_V1.2.0, FP-SNS-STBOX1_V2.0.0, STM32Cube_FW_C0_V1.4.0, STM32Cube_FW_F4_V1.28.2, STM32Cube_FW_F7_V1.17.3, STM32Cube_FW_G0_V1.6.2, STM32Cube_FW_G4_V1.6.1, STM32Cube_FW_H5_V1.5.0, STM32Cube_FW_H7RS_V1.2.0, STM32Cube_FW_H7_V1.12.1, STM32Cube_FW_L0_V1.12.2, STM32Cube_FW_L4_V1.18.1, STM32Cube_FW_L5_V1.5.1, STM32Cube_FW_N6_V1.2.0, STM32Cube_FW_U0_V1.3.0, STM32Cube_FW_U3_V1.2.0, STM32Cube_FW_U5_V1.8.0, STM32Cube_FW_WB0_V1.3.0, STM32Cube_FW_WBA_V1.7.0, STM32Cube_FW_WB_V1.23.0, STM32Cube_FW_WL3_V1.2.0, STM32Cube_FW_WL_V1.3.1, X-CUBE-ALGOBUILD_V1.4.0, X-CUBE-ALS_V1.0.2, X-CUBE-AZRTOS-F4_V1.1.0, X-CUBE-AZRTOS-F7_V1.1.0, X-CUBE-AZRTOS-G0_V1.1.0, X-CUBE-AZRTOS-G4_V2.0.0, X-CUBE-AZRTOS-H7RS_V1.1.0, X-CUBE-AZRTOS-H7_V3.4.0, X-CUBE-AZRTOS-L4_V2.0.0, X-CUBE-AZRTOS-L5_V2.0.0, X-CUBE-AZRTOS-WB_V2.0.0, X-CUBE-AZRTOS-WL_V2.0.0, X-CUBE-BLE1_V7.1.0, X-CUBE-BLE2_V3.3.0, X-CUBE-BLEMGR_V4.1.0, X-CUBE-EEPRMA1_V5.2.0, X-CUBE-FREERTOS_V1.3.1, X-CUBE-GNSS1_V6.0.0, X-CUBE-MEMS1_V11.3.0, X-CUBE-NFC4_V3.0.0, X-CUBE-NFC7_V2.0.0, X-CUBE-SFXS2LP1_V4.0.0, X-CUBE-ST67W61_V1.0.0, X-CUBE-SUBG2_V5.0.0, X-CUBE-TOF1_V3.4.3]
2025-09-07 19:02:00,813 [ERROR] DbExamplesSqlite:437 - Missing JSON key: board_cpn
2025-09-07 19:02:00,813 [ERROR] DbExamplesSqlite:437 - Missing JSON key: board_cpn
2025-09-07 19:02:00,813 [ERROR] DbExamplesSqlite:437 - Missing JSON key: board_cpn
2025-09-07 19:02:00,814 [ERROR] DbExamplesSqlite:437 - Missing JSON key: board_cpn
2025-09-07 19:02:00,891 [ERROR] DbExamplesSqlite:437 - Missing JSON key: board_cpn
2025-09-07 19:02:00,891 [ERROR] DbExamplesSqlite:437 - Missing JSON key: board_cpn
2025-09-07 19:02:00,892 [ERROR] DbExamplesSqlite:437 - Missing JSON key: board_cpn
2025-09-07 19:02:00,892 [ERROR] DbExamplesSqlite:437 - Missing JSON key: board_cpn
2025-09-07 19:02:00,892 [ERROR] DbExamplesSqlite:437 - Missing JSON key: board_cpn
2025-09-07 19:02:00,892 [ERROR] DbExamplesSqlite:437 - Missing JSON key: board_cpn
2025-09-07 19:02:00,892 [ERROR] DbExamplesSqlite:437 - Missing JSON key: board_cpn
2025-09-07 19:02:00,892 [ERROR] DbExamplesSqlite:437 - Missing JSON key: board_cpn
2025-09-07 19:02:00,892 [ERROR] DbExamplesSqlite:437 - Missing JSON key: board_cpn
2025-09-07 19:02:00,999 [ERROR] DbExamplesSqlite:437 - Missing JSON key: board_cpn
2025-09-07 19:02:01,000 [ERROR] DbExamplesSqlite:437 - Missing JSON key: board_cpn
2025-09-07 19:02:01,001 [INFO] DbExamplesSqlite:395 - Ignored 33 examples not supported by CubeIDE
2025-09-07 19:02:01,001 [INFO] DbExamplesSqlite:396 - Found 10866 examples active
2025-09-07 19:02:01,002 [INFO] DbExamplesSqlite:397 - Found 0 examples obsolete
2025-09-07 19:02:01,002 [INFO] DbExamplesSqlite:398 - Found 0 examples under development
2025-09-07 19:02:01,002 [INFO] DbExamplesSqlite:399 - Found 65 examples not building
2025-09-07 19:02:01,005 [INFO] DbExamples:125 - Found 10898 examples
2025-09-07 19:02:01,018 [INFO] DbExamples:222 - Found 134 boards with related examples
2025-09-07 19:02:01,019 [INFO] DbExamples:235 - Found 111 MCUs with related examples
2025-09-07 19:02:01,046 [INFO] ApiDb:414 - User favorites file not found: /home/tuna/.stm32cubeide/favorites.examples.txt
2025-09-07 19:02:01,046 [INFO] DbExamples:250 - Set 0 / 0 favorites Examples
2025-09-07 19:02:01,140 [INFO] McuFinderGlobals:76 - Set McuFinderConnectedMode to true
2025-09-07 19:02:01,149 [INFO] MultiScanPanel:200 - Auto-refresh data requested => check proxy status ongoing
2025-09-07 19:02:01,152 [INFO] FinderPluginLoader:96 - Searching for filters in installed packs
2025-09-07 19:02:02,231 [INFO] LoadUrlFilesThread:185 - End of LoadServerUrlFiles without Thread
2025-09-07 19:02:02,290 [INFO] DetailPanel:341 - Set advertising image to /home/tuna/STM32Cube/Repository//en.2400x1350px.jpeg
2025-09-07 19:04:42,257 [INFO] MainUpdater:2872 - connection check result : 10
2025-09-07 19:04:42,257 [INFO] MainUpdater:2872 - connection check result : 10
2025-09-07 19:04:42,266 [INFO] MicroXplorer:468 - Change Database Path : 
2025-09-07 19:04:42,266 [INFO] MicroXplorer:498 - Change Database Version : DB.6.0.150
2025-09-07 19:04:42,270 [WARN] ThirdParty:871 - waiting for thirdparty lock release [close project]
2025-09-07 19:04:42,270 [INFO] ThirdParty:873 - entering critical section [close project]
2025-09-07 19:04:42,271 [INFO] ThirdParty:883 - exiting critical section [close project]
2025-09-07 19:04:42,272 [INFO] PinOutPanel:1589 - setPackage(No Configuration,No Configuration)
2025-09-07 19:04:42,273 [INFO] UtilMem:75 - Begin LoadConfig() Used Memory: 275522016 Bytes (612368384)
2025-09-07 19:04:42,274 [INFO] MicroXplorer:468 - Change Database Path : 
2025-09-07 19:04:42,274 [INFO] MicroXplorer:498 - Change Database Version : DB.6.0.150
2025-09-07 19:04:42,274 [INFO] OpenFileManager:355 - Change cursor
2025-09-07 19:04:42,335 [INFO] Mcu:2029 - Initializing MCU STM32F407ZGTx STM32F407ZGTx STM32F407ZGT6
2025-09-07 19:04:43,474 [INFO] Context:786 - Trying to add GPIOservice into a context  which must be forbidden
2025-09-07 19:04:43,862 [INFO] ImportTextPane:234 - (OptionalMessage_ERROR) Unable to find key (Mcu.ThirdPartyNb) in loaded IOC file
2025-09-07 19:04:43,862 [INFO] ImportTextPane:234 - (OptionalMessage_ERROR) Unable to find key (Mcu.PinsNb) in loaded IOC file
2025-09-07 19:04:43,863 [INFO] ImportTextPane:234 - (OptionalMessage_ERROR) Pin0 (VP_RIF_VS_RIF1) cannot be retrieved for this MCU
2025-09-07 19:04:43,863 [INFO] ImportTextPane:234 - (OptionalMessage_ERROR) Unable to find key (Mcu.IPNb) in loaded IOC file
2025-09-07 19:04:43,941 [INFO] RtosManager:558 - Registered RTOS mode: class=CMSIS, group=RTOS, mode=CMSIS_V1, owner=FREERTOS
2025-09-07 19:04:43,941 [INFO] RtosManager:558 - Registered RTOS mode: class=CMSIS, group=RTOS2, mode=CMSIS_V2, owner=FREERTOS
2025-09-07 19:04:43,941 [INFO] RtosManager:558 - Registered RTOS mode: class=RTOS, group=Core, mode=CMSIS_V1, owner=FREERTOS
2025-09-07 19:04:43,941 [INFO] RtosManager:558 - Registered RTOS mode: class=RTOS, group=Core, mode=CMSIS_V2, owner=FREERTOS
2025-09-07 19:04:43,942 [WARN] ModelIntegratedComponent:184 - Missing modes for component STMicroelectronics:FreeRTOS:0.0.1:STMicroelectronics:RTOS:FreeRTOS:Core:::10.2.0:
2025-09-07 19:04:43,957 [WARN] ModelIntegratedComponent:63 - No mode defined for component null
2025-09-07 19:04:43,958 [WARN] ModelIntegratedComponent:63 - No mode defined for component null
2025-09-07 19:04:43,958 [WARN] ModelIntegratedComponent:63 - No mode defined for component null
2025-09-07 19:04:43,958 [WARN] ModelIntegratedComponent:63 - No mode defined for component null
2025-09-07 19:04:43,958 [WARN] ModelIntegratedComponent:63 - No mode defined for component null
2025-09-07 19:04:43,958 [WARN] ModelIntegratedComponent:63 - No mode defined for component null
2025-09-07 19:04:43,958 [WARN] ModelIntegratedComponent:63 - No mode defined for component null
2025-09-07 19:04:43,958 [WARN] ModelIntegratedComponent:63 - No mode defined for component null
2025-09-07 19:04:43,958 [WARN] ModelIntegratedComponent:63 - No mode defined for component null
2025-09-07 19:04:43,958 [WARN] ModelIntegratedComponent:63 - No mode defined for component null
2025-09-07 19:04:43,958 [WARN] ModelIntegratedComponent:63 - No mode defined for component null
2025-09-07 19:04:43,958 [WARN] ModelIntegratedComponent:63 - No mode defined for component null
2025-09-07 19:04:43,958 [WARN] ModelIntegratedComponent:63 - No mode defined for component null
2025-09-07 19:04:43,958 [WARN] ModelIntegratedComponent:63 - No mode defined for component null
2025-09-07 19:04:43,959 [WARN] ModelIntegratedComponent:63 - No mode defined for component null
2025-09-07 19:04:43,959 [WARN] ModelIntegratedComponent:63 - No mode defined for component null
2025-09-07 19:04:43,959 [WARN] ModelIntegratedComponent:63 - No mode defined for component null
2025-09-07 19:04:43,959 [WARN] ModelIntegratedComponent:63 - No mode defined for component null
2025-09-07 19:04:43,959 [WARN] ModelIntegratedComponent:63 - No mode defined for component null
2025-09-07 19:04:43,959 [WARN] ModelIntegratedComponent:63 - No mode defined for component null
2025-09-07 19:04:43,959 [WARN] ModelIntegratedComponent:63 - No mode defined for component null
2025-09-07 19:04:43,959 [WARN] ModelIntegratedComponent:63 - No mode defined for component null
2025-09-07 19:04:43,959 [WARN] ModelIntegratedComponent:63 - No mode defined for component null
2025-09-07 19:04:43,959 [WARN] ModelIntegratedComponent:63 - No mode defined for component null
2025-09-07 19:04:43,959 [WARN] ModelIntegratedComponent:63 - No mode defined for component null
2025-09-07 19:04:43,959 [WARN] ModelIntegratedComponent:63 - No mode defined for component null
2025-09-07 19:04:43,959 [WARN] ModelIntegratedComponent:63 - No mode defined for component null
2025-09-07 19:04:43,959 [WARN] ModelIntegratedComponent:63 - No mode defined for component null
2025-09-07 19:04:43,959 [WARN] ModelIntegratedComponent:63 - No mode defined for component null
2025-09-07 19:04:43,959 [WARN] ModelIntegratedComponent:63 - No mode defined for component null
2025-09-07 19:04:43,959 [WARN] ModelIntegratedComponent:63 - No mode defined for component null
2025-09-07 19:04:43,959 [WARN] ModelIntegratedComponent:63 - No mode defined for component null
2025-09-07 19:04:43,959 [WARN] ModelIntegratedComponent:63 - No mode defined for component null
2025-09-07 19:04:43,959 [WARN] ModelIntegratedComponent:63 - No mode defined for component null
2025-09-07 19:04:43,959 [WARN] ModelIntegratedComponent:63 - No mode defined for component null
2025-09-07 19:04:43,959 [WARN] ModelPack:524 - Component already loaded: STMicroelectronics:HAL Drivers:0.0.0:STMicroelectronics:Device:STMicro_Driver:XSPI:HAL::0.0.1:HAL_XSPI
2025-09-07 19:04:44,038 [INFO] ThirdPartyModel:298 - Start build external matchings
2025-09-07 19:04:44,423 [INFO] ThirdPartyModel:316 - End build external matchings
2025-09-07 19:04:44,641 [INFO] UtilMem:75 - End LoadConfig() Used Memory: 295447296 Bytes (655360000)
2025-09-07 19:04:44,651 [WARN] ThirdParty:833 - waiting for thirdparty lock release [change project]
2025-09-07 19:04:44,652 [INFO] ThirdParty:835 - entering critical section [change project]
2025-09-07 19:04:44,652 [INFO] ThirdParty:1030 - CMSIS Pack Vendor :STMicroelectronics X-CUBE-PM33A1 1.0.0
2025-09-07 19:04:44,652 [INFO] ThirdParty:1030 - CMSIS Pack Vendor :STMicroelectronics USBPD 4.1
2025-09-07 19:04:44,652 [INFO] ThirdParty:1030 - CMSIS Pack Vendor :STMicroelectronics X-CUBE-NFC9 1.0.0
2025-09-07 19:04:44,652 [INFO] ThirdParty:1030 - CMSIS Pack Vendor :STMicroelectronics USB_HOST 2.0.0
2025-09-07 19:04:44,652 [INFO] ThirdParty:1030 - CMSIS Pack Vendor :STMicroelectronics FP-SNS-MOTENVWB1 1.4.0
2025-09-07 19:04:44,652 [INFO] ThirdParty:1030 - CMSIS Pack Vendor :STMicroelectronics X-CUBE-AZRTOS-F4 1.1.0
2025-09-07 19:04:44,652 [INFO] ThirdParty:1030 - CMSIS Pack Vendor :STMicroelectronics LIBJPEG 8.0.0
2025-09-07 19:04:44,652 [INFO] ThirdParty:1030 - CMSIS Pack Vendor :STMicroelectronics FP-ATR-ASTRA1 2.0.2
2025-09-07 19:04:44,652 [INFO] ThirdParty:1030 - CMSIS Pack Vendor :wolfSSL I-CUBE-wolfSSL 5.8.2
2025-09-07 19:04:44,652 [INFO] ThirdParty:1030 - CMSIS Pack Vendor :STMicroelectronics X-CUBE-BLE1 7.1.0
2025-09-07 19:04:44,653 [INFO] ThirdParty:1030 - CMSIS Pack Vendor :Avnet-IotConnect X-CUBE-IoTC-DA16k-PMOD 1.0.0
2025-09-07 19:04:44,653 [INFO] ThirdParty:1030 - CMSIS Pack Vendor :STMicroelectronics X-CUBE-SMBUS 2.1.0
2025-09-07 19:04:44,653 [INFO] ThirdParty:1030 - CMSIS Pack Vendor :wolfSSL I-CUBE-wolfMQTT 1.19.2
2025-09-07 19:04:44,653 [INFO] ThirdParty:1030 - CMSIS Pack Vendor :STMicroelectronics USB_DEVICE 3.0.0
2025-09-07 19:04:44,653 [INFO] ThirdParty:1030 - CMSIS Pack Vendor :STMicroelectronics X-CUBE-ISPU 2.1.0
2025-09-07 19:04:44,653 [INFO] ThirdParty:1030 - CMSIS Pack Vendor :STMicroelectronics X-CUBE-EEPRMA1 5.2.0
2025-09-07 19:04:44,653 [INFO] ThirdParty:1030 - CMSIS Pack Vendor :STMicroelectronics X-CUBE-BLEMGR 4.1.0
2025-09-07 19:04:44,653 [INFO] ThirdParty:1030 - CMSIS Pack Vendor :STMicroelectronics X-CUBE-AZRTOS-WB 2.0.0
2025-09-07 19:04:44,653 [INFO] ThirdParty:1030 - CMSIS Pack Vendor :STMicroelectronics X-CUBE-ST60 1.0.0
2025-09-07 19:04:44,653 [INFO] ThirdParty:1030 - CMSIS Pack Vendor :STMicroelectronics X-CUBE-GNSS1 7.0.1
2025-09-07 19:04:44,653 [INFO] ThirdParty:1030 - CMSIS Pack Vendor :STMicroelectronics X-CUBE-NFC12 1.0.0
2025-09-07 19:04:44,653 [INFO] ThirdParty:1030 - CMSIS Pack Vendor :STMicroelectronics X-CUBE-AZRTOS-F7 1.1.0
2025-09-07 19:04:44,653 [INFO] ThirdParty:1030 - CMSIS Pack Vendor :STMicroelectronics X-CUBE-AZRTOS-L5 2.0.0
2025-09-07 19:04:44,653 [INFO] ThirdParty:1030 - CMSIS Pack Vendor :STMicroelectronics X-CUBE-TOUCHGFX 4.25.0
2025-09-07 19:04:44,653 [INFO] ThirdParty:1030 - CMSIS Pack Vendor :STMicroelectronics USB_DEVICE 2.0.0
2025-09-07 19:04:44,653 [INFO] ThirdParty:1030 - CMSIS Pack Vendor :STMicroelectronics X-CUBE-NFC6 3.1.0
2025-09-07 19:04:44,653 [INFO] ThirdParty:1030 - CMSIS Pack Vendor :STMicroelectronics X-CUBE-AI 10.1.0
2025-09-07 19:04:44,653 [INFO] ThirdParty:1030 - CMSIS Pack Vendor :STMicroelectronics FP-SNS-STBOX1 2.0.0
2025-09-07 19:04:44,653 [INFO] ThirdParty:1030 - CMSIS Pack Vendor :quantropi X-CUBE-qispace-sdk-base 2.1.0
2025-09-07 19:04:44,653 [INFO] ThirdParty:1030 - CMSIS Pack Vendor :STMicroelectronics FreeRTOS 0.0.1
2025-09-07 19:04:44,653 [INFO] ThirdParty:1030 - CMSIS Pack Vendor :STMicroelectronics X-CUBE-AZRTOS-G0 1.1.0
2025-09-07 19:04:44,653 [INFO] ThirdParty:1030 - CMSIS Pack Vendor :STMicroelectronics X-CUBE-SAFEA1 1.2.2
2025-09-07 19:04:44,653 [INFO] ThirdParty:1030 - CMSIS Pack Vendor :STMicroelectronics X-CUBE-NFC4 3.0.0
2025-09-07 19:04:44,653 [INFO] ThirdParty:1030 - CMSIS Pack Vendor :STMicroelectronics X-CUBE-SUBG2 5.0.0
2025-09-07 19:04:44,653 [INFO] ThirdParty:1030 - CMSIS Pack Vendor :STMicroelectronics X-CUBE-AZRTOS-H7RS 1.1.0
2025-09-07 19:04:44,653 [INFO] ThirdParty:1030 - CMSIS Pack Vendor :STMicroelectronics STM32_WPAN 1.0.0
2025-09-07 19:04:44,653 [INFO] ThirdParty:1030 - CMSIS Pack Vendor :EmbeddedOffice I-CUBE-FS-RTOS 1.0.1
2025-09-07 19:04:44,653 [INFO] ThirdParty:1030 - CMSIS Pack Vendor :STMicroelectronics lwIP 2.0.3
2025-09-07 19:04:44,654 [INFO] ThirdParty:1030 - CMSIS Pack Vendor :Cesanta I-CUBE-Mongoose 7.13.0
2025-09-07 19:04:44,654 [INFO] ThirdParty:1030 - CMSIS Pack Vendor :STMicroelectronics USB_HOST 1.0.0
2025-09-07 19:04:44,654 [INFO] ThirdParty:1030 - CMSIS Pack Vendor :Infineon AIROC-Wi-Fi-Bluetooth-STM32 1.7.1
2025-09-07 19:04:44,654 [INFO] ThirdParty:1030 - CMSIS Pack Vendor :STMicroelectronics X-CUBE-AZRTOS-G4 2.0.0
2025-09-07 19:04:44,654 [INFO] ThirdParty:1030 - CMSIS Pack Vendor :STMicroelectronics X-CUBE-WB05N 2.0.0
2025-09-07 19:04:44,654 [INFO] ThirdParty:1030 - CMSIS Pack Vendor :STMicroelectronics PDM2PCM 3.1.0
2025-09-07 19:04:44,654 [INFO] ThirdParty:1030 - CMSIS Pack Vendor :STMicroelectronics PDM2PCM 3.3.0
2025-09-07 19:04:44,654 [INFO] ThirdParty:1030 - CMSIS Pack Vendor :wolfSSL I-CUBE-wolfTPM 3.8.0
2025-09-07 19:04:44,654 [INFO] ThirdParty:1030 - CMSIS Pack Vendor :STMicroelectronics X-CUBE-AZRTOS-H7 3.4.0
2025-09-07 19:04:44,654 [INFO] ThirdParty:1030 - CMSIS Pack Vendor :STMicroelectronics X-CUBE-DISPLAY 3.0.0
2025-09-07 19:04:44,654 [INFO] ThirdParty:1030 - CMSIS Pack Vendor :wolfSSL I-CUBE-wolfSSH 1.4.20
2025-09-07 19:04:44,654 [INFO] ThirdParty:1030 - CMSIS Pack Vendor :STMicroelectronics X-CUBE-NFC7 2.0.0
2025-09-07 19:04:44,654 [INFO] ThirdParty:1030 - CMSIS Pack Vendor :STMicroelectronics X-CUBE-TCPP 4.2.0
2025-09-07 19:04:44,654 [INFO] ThirdParty:1030 - CMSIS Pack Vendor :RealThread X-CUBE-RT-Thread_Nano 4.1.1
2025-09-07 19:04:44,654 [INFO] ThirdParty:1030 - CMSIS Pack Vendor :STMicroelectronics FP-ATR-SIGFOX1 3.2.0
2025-09-07 19:04:44,654 [INFO] ThirdParty:1030 - CMSIS Pack Vendor :STMicroelectronics X-CUBE-NFC10 1.0.0
2025-09-07 19:04:44,654 [INFO] ThirdParty:1030 - CMSIS Pack Vendor :STMicroelectronics X-CUBE-FREERTOS 1.3.1
2025-09-07 19:04:44,654 [INFO] ThirdParty:1030 - CMSIS Pack Vendor :STMicroelectronics HAL Drivers 0.0.0
2025-09-07 19:04:44,655 [INFO] ThirdParty:1030 - CMSIS Pack Vendor :STMicroelectronics MBEDTLS 2.16.2
2025-09-07 19:04:44,655 [INFO] ThirdParty:1030 - CMSIS Pack Vendor :STMicroelectronics X-CUBE-IPS 3.1.0
2025-09-07 19:04:44,655 [INFO] ThirdParty:1030 - CMSIS Pack Vendor :STMicroelectronics X-CUBE-ALS 1.0.2
2025-09-07 19:04:44,655 [INFO] ThirdParty:1030 - CMSIS Pack Vendor :emotas I-CUBE-CANOPEN 1.3.0
2025-09-07 19:04:44,655 [INFO] ThirdParty:1030 - CMSIS Pack Vendor :STMicroelectronics MBEDTLS 2.14.1
2025-09-07 19:04:44,655 [INFO] ThirdParty:1030 - CMSIS Pack Vendor :ITTIA_DB I-CUBE-ITTIADB 8.9.0
2025-09-07 19:04:44,655 [INFO] ThirdParty:1030 - CMSIS Pack Vendor :STMicroelectronics X-CUBE-STSE01 1.0.0
2025-09-07 19:04:44,655 [INFO] ThirdParty:1030 - CMSIS Pack Vendor :portGmbH I-Cube-SoM-uGOAL 1.1.0
2025-09-07 19:04:44,655 [INFO] ThirdParty:1030 - CMSIS Pack Vendor :STMicroelectronics X-CUBE-ST67W61 1.0.0
2025-09-07 19:04:44,655 [INFO] ThirdParty:1030 - CMSIS Pack Vendor :STMicroelectronics FP-SNS-STBOX1 2.1.0
2025-09-07 19:04:44,655 [INFO] ThirdParty:1030 - CMSIS Pack Vendor :STMicroelectronics X-CUBE-AI 10.2.0
2025-09-07 19:04:44,655 [INFO] ThirdParty:1030 - CMSIS Pack Vendor :STMicroelectronics FP-SNS-STAIOTCFT 1.0.0
2025-09-07 19:04:44,655 [INFO] ThirdParty:1030 - CMSIS Pack Vendor :STMicroelectronics ThreadX 1.0.0
2025-09-07 19:04:44,655 [INFO] ThirdParty:1030 - CMSIS Pack Vendor :STMicroelectronics FP-SNS-SMARTAG2 1.2.0
2025-09-07 19:04:44,655 [INFO] ThirdParty:1030 - CMSIS Pack Vendor :STMicroelectronics FP-SNS-FLIGHT1 5.1.0
2025-09-07 19:04:44,655 [INFO] ThirdParty:1030 - CMSIS Pack Vendor :STMicroelectronics X-CUBE-AZRTOS-WL 2.0.0
2025-09-07 19:04:44,655 [INFO] ThirdParty:1030 - CMSIS Pack Vendor :SEGGER I-CUBE-embOS 1.3.1
2025-09-07 19:04:44,656 [INFO] ThirdParty:1030 - CMSIS Pack Vendor :STMicroelectronics X-CUBE-ALGOBUILD 1.4.0
2025-09-07 19:04:44,656 [INFO] ThirdParty:1030 - CMSIS Pack Vendor :STMicroelectronics X-CUBE-DPower 1.3.0
2025-09-07 19:04:44,656 [INFO] ThirdParty:1030 - CMSIS Pack Vendor :STMicroelectronics X-CUBE-MEMS1 11.3.0
2025-09-07 19:04:44,656 [INFO] ThirdParty:1030 - CMSIS Pack Vendor :STMicroelectronics FP-SNS-MOTENV1 5.0.0
2025-09-07 19:04:44,656 [INFO] ThirdParty:1030 - CMSIS Pack Vendor :STMicroelectronics USB_DEVICE 1.0.0
2025-09-07 19:04:44,656 [INFO] ThirdParty:1030 - CMSIS Pack Vendor :STMicroelectronics X-CUBE-AZRTOS-L4 2.0.0
2025-09-07 19:04:44,656 [INFO] ThirdParty:1030 - CMSIS Pack Vendor :STMicroelectronics ThreadX 0.0.2
2025-09-07 19:04:44,656 [INFO] ThirdParty:1030 - CMSIS Pack Vendor :WES I-CUBE-Cesium 1.3.0
2025-09-07 19:04:44,656 [INFO] ThirdParty:1030 - CMSIS Pack Vendor :STMicroelectronics lwIP 2.1.2
2025-09-07 19:04:44,656 [INFO] ThirdParty:1030 - CMSIS Pack Vendor :STMicroelectronics X-CUBE-SFXS2LP1 4.0.0
2025-09-07 19:04:44,656 [INFO] ThirdParty:1030 - CMSIS Pack Vendor :STMicroelectronics X-CUBE-BLE2 3.3.0
2025-09-07 19:04:44,656 [INFO] ThirdParty:1030 - CMSIS Pack Vendor :STMicroelectronics X-CUBE-TOF1 3.4.3
2025-09-07 19:04:44,656 [INFO] ThirdParty:1030 - CMSIS Pack Vendor :STMicroelectronics PDM2PCM 3.2.0
2025-09-07 19:04:44,656 [INFO] ThirdParty:841 - exiting critical section [change project]
2025-09-07 19:04:45,050 [INFO] PinOutPanel:1589 - setPackage(No Configuration,No Configuration)
2025-09-07 19:04:45,051 [INFO] PinOutPanel:1589 - setPackage(STM32F407ZGTx,LQFP144)
2025-09-07 19:04:45,332 [INFO] UtilMem:75 - Before build in PCC Used Memory: 252779384 Bytes (655360000)
2025-09-07 19:04:45,820 [INFO] UtilMem:75 - After build in PCC Used Memory: 395385720 Bytes (655360000)
2025-09-07 19:04:45,849 [INFO] IPUIPlugin:80 - create IPUIPlugin
2025-09-07 19:04:45,850 [INFO] IPUIPlugin:80 - create IPUIPlugin
2025-09-07 19:04:45,850 [INFO] IPUIPlugin:80 - create IPUIPlugin
2025-09-07 19:04:45,850 [INFO] IPUIPlugin:80 - create IPUIPlugin
2025-09-07 19:04:45,850 [INFO] IPUIPlugin:80 - create IPUIPlugin
2025-09-07 19:04:45,850 [INFO] IPUIPlugin:80 - create IPUIPlugin
2025-09-07 19:04:45,850 [INFO] IPUIPlugin:80 - create IPUIPlugin
2025-09-07 19:04:45,850 [INFO] IPUIPlugin:80 - create IPUIPlugin
2025-09-07 19:04:45,850 [INFO] IPUIPlugin:80 - create IPUIPlugin
2025-09-07 19:04:45,850 [INFO] IPUIPlugin:80 - create IPUIPlugin
2025-09-07 19:04:45,851 [INFO] IPUIPlugin:80 - create IPUIPlugin
2025-09-07 19:04:45,851 [INFO] IPUIPlugin:80 - create IPUIPlugin
2025-09-07 19:04:45,851 [INFO] IPUIPlugin:80 - create IPUIPlugin
2025-09-07 19:04:45,851 [INFO] IPUIPlugin:80 - create IPUIPlugin
2025-09-07 19:04:45,851 [INFO] IPUIPlugin:80 - create IPUIPlugin
2025-09-07 19:04:45,851 [INFO] IPUIPlugin:80 - create IPUIPlugin
2025-09-07 19:04:45,851 [INFO] IPUIPlugin:80 - create IPUIPlugin
2025-09-07 19:04:45,852 [INFO] IPUIPlugin:80 - create IPUIPlugin
2025-09-07 19:04:45,852 [INFO] IPUIPlugin:80 - create IPUIPlugin
2025-09-07 19:04:45,852 [INFO] IPUIPlugin:80 - create IPUIPlugin
2025-09-07 19:04:45,852 [INFO] IPUIPlugin:80 - create IPUIPlugin
2025-09-07 19:04:45,852 [INFO] IPUIPlugin:80 - create IPUIPlugin
2025-09-07 19:04:45,852 [INFO] IPUIPlugin:80 - create IPUIPlugin
2025-09-07 19:04:45,853 [INFO] IPUIPlugin:80 - create IPUIPlugin
2025-09-07 19:04:45,853 [INFO] IPUIPlugin:80 - create IPUIPlugin
2025-09-07 19:04:45,853 [INFO] IPUIPlugin:80 - create IPUIPlugin
2025-09-07 19:04:45,853 [INFO] IPUIPlugin:80 - create IPUIPlugin
2025-09-07 19:04:45,853 [INFO] IPUIPlugin:80 - create IPUIPlugin
2025-09-07 19:04:45,853 [INFO] IPUIPlugin:80 - create IPUIPlugin
2025-09-07 19:04:45,853 [INFO] IPUIPlugin:80 - create IPUIPlugin
2025-09-07 19:04:45,853 [INFO] IPUIPlugin:80 - create IPUIPlugin
2025-09-07 19:04:45,853 [INFO] IPUIPlugin:80 - create IPUIPlugin
2025-09-07 19:04:45,854 [INFO] IPUIPlugin:80 - create IPUIPlugin
2025-09-07 19:04:45,854 [INFO] IPUIPlugin:80 - create IPUIPlugin
2025-09-07 19:04:45,854 [INFO] IPUIPlugin:80 - create IPUIPlugin
2025-09-07 19:04:45,854 [INFO] IPUIPlugin:80 - create IPUIPlugin
2025-09-07 19:04:45,854 [INFO] IPUIPlugin:80 - create IPUIPlugin
2025-09-07 19:04:45,854 [INFO] IPUIPlugin:80 - create IPUIPlugin
2025-09-07 19:04:45,854 [INFO] IPUIPlugin:80 - create IPUIPlugin
2025-09-07 19:04:45,854 [INFO] IPUIPlugin:80 - create IPUIPlugin
2025-09-07 19:04:45,854 [INFO] IPUIPlugin:80 - create IPUIPlugin
2025-09-07 19:04:45,854 [INFO] IPUIPlugin:80 - create IPUIPlugin
2025-09-07 19:04:45,854 [INFO] IPUIPlugin:80 - create IPUIPlugin
2025-09-07 19:04:45,854 [INFO] IPUIPlugin:80 - create IPUIPlugin
2025-09-07 19:04:45,855 [INFO] IPUIPlugin:80 - create IPUIPlugin
2025-09-07 19:04:45,855 [INFO] IPUIPlugin:80 - create IPUIPlugin
2025-09-07 19:04:45,855 [INFO] IPUIPlugin:80 - create IPUIPlugin
2025-09-07 19:04:45,855 [INFO] IPUIPlugin:80 - create IPUIPlugin
2025-09-07 19:04:45,855 [INFO] IPUIPlugin:80 - create IPUIPlugin
2025-09-07 19:04:45,855 [INFO] IPUIPlugin:80 - create IPUIPlugin
2025-09-07 19:04:45,855 [INFO] IPUIPlugin:80 - create IPUIPlugin
2025-09-07 19:04:45,855 [INFO] IPUIPlugin:80 - create IPUIPlugin
2025-09-07 19:04:45,855 [INFO] IPUIPlugin:80 - create IPUIPlugin
2025-09-07 19:04:45,855 [INFO] IPUIPlugin:80 - create IPUIPlugin
2025-09-07 19:04:45,856 [INFO] IPUIPlugin:80 - create IPUIPlugin
2025-09-07 19:04:45,856 [INFO] IPUIPlugin:80 - create IPUIPlugin
2025-09-07 19:04:45,856 [INFO] IPUIPlugin:80 - create IPUIPlugin
2025-09-07 19:04:45,856 [INFO] IPUIPlugin:80 - create IPUIPlugin
2025-09-07 19:04:45,881 [INFO] ApiDbMcu:532 - Load IP Config File for PDM2PCM
2025-09-07 19:04:45,989 [INFO] CADModel:165 - CPN selected for project levelSTM32F407ZGT6
2025-09-07 19:04:45,989 [INFO] CADModel:114 - Register for checkConnection events
2025-09-07 19:04:46,027 [INFO] OpenFileManager:386 - Restore cursor
2025-09-07 19:04:46,334 [INFO] UtilMem:75 - End SaveConfig() Used Memory: 556340088 Bytes (655360000)
2025-09-07 19:04:46,375 [INFO] UtilMem:75 - End SaveConfig() Used Memory: 588323704 Bytes (655360000)
2025-09-07 19:04:46,856 [INFO] BlockDiagram:2775 - set Specific Code input for plugin: RCC
2025-09-07 19:04:46,856 [INFO] BlockDiagram:2775 - set Specific Code input for plugin: NVIC
2025-09-07 19:04:46,857 [INFO] CodeGenerator:892 - code generatio: config db path: /home/tuna/st/stm32cubeide_1.18.1/plugins/com.st.stm32cube.common.mx_6.15.0.202507011659//db/
2025-09-07 19:04:46,984 [INFO] CodeEngine:265 - oldGeneratedFile, /home/tuna/STM32CubeIDE/workspace_1.18.1/stm32f4_dev_board/dy_tem_oled_i2c/stm32_lcd/MXTmpFiles/license.tmp_save
2025-09-07 19:04:47,262 [INFO] CodeEngine:289 - Generated code: /home/tuna/STM32CubeIDE/workspace_1.18.1/stm32f4_dev_board/dy_tem_oled_i2c/stm32_lcd/MXTmpFiles/license.tmp
2025-09-07 19:04:47,274 [INFO] CodeEngine:265 - oldGeneratedFile, /home/tuna/STM32CubeIDE/workspace_1.18.1/stm32f4_dev_board/dy_tem_oled_i2c/stm32_lcd/Core/Src/stm32f4xx_it.c_save
2025-09-07 19:04:47,412 [INFO] CodeEngine:289 - Generated code: /home/tuna/STM32CubeIDE/workspace_1.18.1/stm32f4_dev_board/dy_tem_oled_i2c/stm32_lcd/Core/Src/stm32f4xx_it.c
2025-09-07 19:04:47,414 [INFO] CodeEngine:265 - oldGeneratedFile, /home/tuna/STM32CubeIDE/workspace_1.18.1/stm32f4_dev_board/dy_tem_oled_i2c/stm32_lcd/Core/Inc/stm32f4xx_it.h_save
2025-09-07 19:04:47,484 [INFO] CodeEngine:289 - Generated code: /home/tuna/STM32CubeIDE/workspace_1.18.1/stm32f4_dev_board/dy_tem_oled_i2c/stm32_lcd/Core/Inc/stm32f4xx_it.h
2025-09-07 19:04:47,522 [INFO] CodeEngine:265 - oldGeneratedFile, /home/tuna/STM32CubeIDE/workspace_1.18.1/stm32f4_dev_board/dy_tem_oled_i2c/stm32_lcd/Core/Src/stm32f4xx_hal_msp.c_save
2025-09-07 19:04:47,626 [INFO] CodeEngine:289 - Generated code: /home/tuna/STM32CubeIDE/workspace_1.18.1/stm32f4_dev_board/dy_tem_oled_i2c/stm32_lcd/Core/Src/stm32f4xx_hal_msp.c
2025-09-07 19:04:47,628 [INFO] CodeEngine:265 - oldGeneratedFile, /home/tuna/STM32CubeIDE/workspace_1.18.1/stm32f4_dev_board/dy_tem_oled_i2c/stm32_lcd/MXTmpFiles/system.tmp_save
2025-09-07 19:04:47,677 [INFO] CodeEngine:289 - Generated code: /home/tuna/STM32CubeIDE/workspace_1.18.1/stm32f4_dev_board/dy_tem_oled_i2c/stm32_lcd/MXTmpFiles/system.tmp
2025-09-07 19:04:47,680 [INFO] CodeEngine:321 - oldGeneratedFile, /home/tuna/STM32CubeIDE/workspace_1.18.1/stm32f4_dev_board/dy_tem_oled_i2c/stm32_lcd/Core/Inc/stm32f4xx_hal_conf.h_save
2025-09-07 19:04:47,738 [INFO] CodeEngine:345 - Generated code: /home/tuna/STM32CubeIDE/workspace_1.18.1/stm32f4_dev_board/dy_tem_oled_i2c/stm32_lcd/Core/Inc/stm32f4xx_hal_conf.h
2025-09-07 19:04:47,776 [INFO] ApiDbMcu:532 - Load IP Config File for RCC
2025-09-07 19:04:47,782 [INFO] CodeEngine:265 - oldGeneratedFile, /home/tuna/STM32CubeIDE/workspace_1.18.1/stm32f4_dev_board/dy_tem_oled_i2c/stm32_lcd/Core/Inc/main.h_save
2025-09-07 19:04:47,859 [INFO] CodeEngine:289 - Generated code: /home/tuna/STM32CubeIDE/workspace_1.18.1/stm32f4_dev_board/dy_tem_oled_i2c/stm32_lcd/Core/Inc/main.h
2025-09-07 19:04:47,860 [INFO] CodeEngine:265 - oldGeneratedFile, /home/tuna/STM32CubeIDE/workspace_1.18.1/stm32f4_dev_board/dy_tem_oled_i2c/stm32_lcd/Core/Src/main.c_save
2025-09-07 19:04:47,957 [INFO] CodeEngine:289 - Generated code: /home/tuna/STM32CubeIDE/workspace_1.18.1/stm32f4_dev_board/dy_tem_oled_i2c/stm32_lcd/Core/Src/main.c
2025-09-07 19:04:48,091 [INFO] ProjectBuilder:3606 - Time for Copy HAL[1] : 19mS.
2025-09-07 19:04:48,097 [INFO] ProjectBuilder:5216 - Project Generator version: 4.7.0-B52
2025-09-07 19:04:48,154 [INFO] ConfigFileManager:1595 - The Die is : DIE413
2025-09-07 19:04:48,158 [INFO] ApiDbMcu:532 - Load IP Config File for FATFS
2025-09-07 19:04:48,163 [INFO] ApiDbMcu:532 - Load IP Config File for FREERTOS
2025-09-07 19:04:48,164 [INFO] ApiDbMcu:532 - Load IP Config File for LIBJPEG
2025-09-07 19:04:48,167 [INFO] ApiDbMcu:532 - Load IP Config File for LWIP
2025-09-07 19:04:48,171 [INFO] ApiDbMcu:532 - Load IP Config File for MBEDTLS
2025-09-07 19:04:48,176 [INFO] ApiDbMcu:532 - Load IP Config File for USB_DEVICE
2025-09-07 19:04:48,181 [INFO] ApiDbMcu:532 - Load IP Config File for USB_HOST
2025-09-07 19:04:48,451 [INFO] LogOutputStream:77 - [STDOUT_REDIRECT] 
2025-09-07 19:04:49,977 [INFO] ProjectBuilder:5496 - Time for Generating toolchain IDE Files: 1880mS.
2025-09-07 19:04:49,978 [INFO] ProjectBuilder:3463 - Time for Copy CMSIS : 0mS.
2025-09-07 19:04:49,979 [INFO] ProjectBuilder:3463 - Time for Copy CMSIS : 0mS.
2025-09-07 19:04:50,736 [INFO] McuFinderGlobals:76 - Set McuFinderConnectedMode to true
2025-09-07 19:04:50,741 [INFO] ApiDb:448 - Save user favorites file /home/tuna/.stm32cubeide/favorites.mcus.txt: 0 item(s)
2025-09-07 19:04:50,741 [INFO] ApiDb:452 - User favorites MCUs=[]
2025-09-07 19:40:42,741 [WARN] IpParametersView:155 - Warning: This peripheral hasn't parameters
2025-09-07 19:56:17,046 [INFO] MainUpdater:2872 - connection check result : 10
2025-09-07 19:56:17,047 [INFO] MainUpdater:2872 - connection check result : 10
2025-09-07 19:56:17,488 [INFO] MicroXplorer:468 - Change Database Path : 
2025-09-07 19:56:17,488 [INFO] MicroXplorer:498 - Change Database Version : DB.6.0.150
2025-09-07 19:56:17,512 [ERROR] ProjectManagerView:395 - 
java.lang.NullPointerException: Cannot invoke "javax.swing.JTextField.getText()" because the return value of "java.util.List.get(int)" is null
	at com.st.microxplorer.plugins.projectmanager.gui.ProjectChoiceTab$9.caretUpdate(ProjectChoiceTab.java:2706) ~[filemanager.jar:?]
	at javax.swing.text.JTextComponent.fireCaretUpdate(JTextComponent.java:408) ~[?:?]
	at javax.swing.text.JTextComponent$MutableCaretEvent.fire(JTextComponent.java:4484) ~[?:?]
	at javax.swing.text.JTextComponent$MutableCaretEvent.stateChanged(JTextComponent.java:4506) ~[?:?]
	at javax.swing.text.DefaultCaret.fireStateChanged(DefaultCaret.java:857) ~[?:?]
	at javax.swing.text.DefaultCaret.changeCaretPosition(DefaultCaret.java:1343) ~[?:?]
	at javax.swing.text.DefaultCaret.handleSetDot(DefaultCaret.java:1242) ~[?:?]
	at javax.swing.text.DefaultCaret.setDot(DefaultCaret.java:1223) ~[?:?]
	at javax.swing.text.DefaultCaret$Handler.insertUpdate(DefaultCaret.java:1819) ~[?:?]
	at javax.swing.text.AbstractDocument.fireInsertUpdate(AbstractDocument.java:227) ~[?:?]
	at javax.swing.text.AbstractDocument.handleInsertString(AbstractDocument.java:781) ~[?:?]
	at javax.swing.text.AbstractDocument.insertString(AbstractDocument.java:740) ~[?:?]
	at javax.swing.text.PlainDocument.insertString(PlainDocument.java:131) ~[?:?]
	at javax.swing.text.AbstractDocument.replace(AbstractDocument.java:699) ~[?:?]
	at javax.swing.text.JTextComponent.setText(JTextComponent.java:1725) ~[?:?]
	at com.st.microxplorer.plugins.projectmanager.gui.ProjectChoiceTab.createHeapStackFields(ProjectChoiceTab.java:993) ~[filemanager.jar:?]
	at com.st.microxplorer.plugins.projectmanager.gui.ProjectChoiceTab.buildLinkSettingsPanel(ProjectChoiceTab.java:3813) ~[filemanager.jar:?]
	at com.st.microxplorer.plugins.projectmanager.gui.ProjectChoiceTab.defineWindowsFields(ProjectChoiceTab.java:1987) ~[filemanager.jar:?]
	at com.st.microxplorer.plugins.projectmanager.gui.ProjectChoiceTab.updateSettings(ProjectChoiceTab.java:558) ~[filemanager.jar:?]
	at com.st.microxplorer.plugins.projectmanager.gui.ProjectSettingsPanel.UpdateDialog(ProjectSettingsPanel.java:247) ~[filemanager.jar:?]
	at com.st.microxplorer.plugins.projectmanager.ProjectManagerView.propertyChange(ProjectManagerView.java:392) ~[filemanager.jar:?]
	at java.beans.PropertyChangeSupport.fire(PropertyChangeSupport.java:343) ~[?:?]
	at java.beans.PropertyChangeSupport.firePropertyChange(PropertyChangeSupport.java:335) ~[?:?]
	at java.beans.PropertyChangeSupport.firePropertyChange(PropertyChangeSupport.java:268) ~[?:?]
	at com.st.microxplorer.util.MXPropertyChangeSupport.firePropertyChange(MXPropertyChangeSupport.java:54) ~[STM32CubeMX.jar:?]
	at com.st.microxplorer.mxsystem.MxSystem.closeConfig(MxSystem.java:899) ~[STM32CubeMX.jar:?]
	at com.st.microxplorer.maingui.MainPanel.closeConfig(MainPanel.java:792) ~[STM32CubeMX.jar:?]
	at com.st.microxplorer.plugins.filemanager.engine.OpenFileManager.loadConfigurationFile(OpenFileManager.java:288) ~[filemanager.jar:?]
	at com.st.microxplorer.plugins.filemanager.engine.MainFileManager.userLoadConfig(MainFileManager.java:364) ~[filemanager.jar:?]
	at com.st.microxplorer.plugins.filemanager.engine.MainFileManager.userLoadConfig(MainFileManager.java:342) ~[filemanager.jar:?]
	at com.st.microxplorer.plugins.filemanager.FileManagerView.getSpecificTask(FileManagerView.java:264) ~[filemanager.jar:?]
	at com.st.stm32cube.common.mx.editor.CubeMxEditor.getMxTabbedPaneInstance(CubeMxEditor.java:1198) ~[com.st.stm32cube.common.mx_6.15.0.202507011659/:?]
	at com.st.stm32cube.common.mx.editor.CubeMxEditor$12$1.createSwingComponent(CubeMxEditor.java:1068) ~[com.st.stm32cube.common.mx_6.15.0.202507011659/:?]
	at com.st.stm32cube.common.mx.oss.core.awtswtbridge.EmbeddedSwingComposite.doComponentCreation(EmbeddedSwingComposite.java:492) ~[com.st.stm32cube.common.mx.oss_6.15.0.202507011659/:?]
	at com.st.stm32cube.common.mx.oss.core.awtswtbridge.EmbeddedSwingComposite$4.run(EmbeddedSwingComposite.java:291) ~[com.st.stm32cube.common.mx.oss_6.15.0.202507011659/:?]
	at com.st.stm32cube.common.mx.oss.core.awtswtbridge.AwtEnvironment$2.run(AwtEnvironment.java:166) ~[com.st.stm32cube.common.mx.oss_6.15.0.202507011659/:?]
	at java.awt.event.InvocationEvent.dispatch(InvocationEvent.java:318) ~[?:?]
	at java.awt.EventQueue.dispatchEventImpl(EventQueue.java:773) ~[?:?]
	at java.awt.EventQueue$4.run(EventQueue.java:720) ~[?:?]
	at java.awt.EventQueue$4.run(EventQueue.java:714) ~[?:?]
	at java.security.AccessController.doPrivileged(AccessController.java:400) ~[?:?]
	at java.security.ProtectionDomain$JavaSecurityAccessImpl.doIntersectionPrivilege(ProtectionDomain.java:87) ~[?:?]
	at java.awt.EventQueue.dispatchEvent(EventQueue.java:742) ~[?:?]
	at java.awt.EventDispatchThread.pumpOneEventForFilters(EventDispatchThread.java:203) ~[?:?]
	at java.awt.EventDispatchThread.pumpEventsForFilter(EventDispatchThread.java:124) ~[?:?]
	at java.awt.EventDispatchThread.pumpEventsForHierarchy(EventDispatchThread.java:113) ~[?:?]
	at java.awt.EventDispatchThread.pumpEvents(EventDispatchThread.java:109) ~[?:?]
	at java.awt.EventDispatchThread.pumpEvents(EventDispatchThread.java:101) ~[?:?]
	at java.awt.EventDispatchThread.run(EventDispatchThread.java:90) ~[?:?]
2025-09-07 19:56:17,518 [WARN] ThirdParty:871 - waiting for thirdparty lock release [close project]
2025-09-07 19:56:17,518 [INFO] ThirdParty:873 - entering critical section [close project]
2025-09-07 19:56:17,518 [INFO] ThirdParty:883 - exiting critical section [close project]
2025-09-07 19:56:17,520 [INFO] PinOutPanel:1589 - setPackage(No Configuration,No Configuration)
2025-09-07 19:56:17,528 [WARN] IpParametersView:155 - Warning: This peripheral hasn't parameters
2025-09-07 19:56:17,534 [WARN] MainPanel:289 - <html><b><center>Warning: This peripheral has no parameters to be configured<br></b></html>
2025-09-07 19:56:17,538 [INFO] UtilMem:75 - Begin LoadConfig() Used Memory: 326027264 Bytes (796917760)
2025-09-07 19:56:17,539 [INFO] MicroXplorer:468 - Change Database Path : 
2025-09-07 19:56:17,539 [INFO] MicroXplorer:498 - Change Database Version : DB.6.0.150
2025-09-07 19:56:17,540 [INFO] OpenFileManager:355 - Change cursor
2025-09-07 19:56:17,564 [INFO] RulesReader:64 - Compatibility file has been processed (317 Rules)
2025-09-07 19:56:17,577 [INFO] Mcu:2029 - Initializing MCU STM32F407Z(E-G)Tx STM32F407ZGTx STM32F407ZGT6
2025-09-07 19:56:18,534 [INFO] Context:786 - Trying to add GPIOservice into a context  which must be forbidden
2025-09-07 19:56:19,095 [INFO] ImportTextPane:234 - (OptionalMessage_ERROR) Pin34 (VP_RIF_VS_RIF1) cannot be retrieved for this MCU
2025-09-07 19:56:19,154 [INFO] RtosManager:558 - Registered RTOS mode: class=CMSIS, group=RTOS, mode=CMSIS_V1, owner=FREERTOS
2025-09-07 19:56:19,154 [INFO] RtosManager:558 - Registered RTOS mode: class=CMSIS, group=RTOS2, mode=CMSIS_V2, owner=FREERTOS
2025-09-07 19:56:19,154 [INFO] RtosManager:558 - Registered RTOS mode: class=RTOS, group=Core, mode=CMSIS_V1, owner=FREERTOS
2025-09-07 19:56:19,154 [INFO] RtosManager:558 - Registered RTOS mode: class=RTOS, group=Core, mode=CMSIS_V2, owner=FREERTOS
2025-09-07 19:56:19,154 [WARN] ModelIntegratedComponent:184 - Missing modes for component STMicroelectronics:FreeRTOS:0.0.1:STMicroelectronics:RTOS:FreeRTOS:Core:::10.2.0:
2025-09-07 19:56:19,170 [WARN] ModelIntegratedComponent:63 - No mode defined for component null
2025-09-07 19:56:19,171 [WARN] ModelIntegratedComponent:63 - No mode defined for component null
2025-09-07 19:56:19,171 [WARN] ModelIntegratedComponent:63 - No mode defined for component null
2025-09-07 19:56:19,171 [WARN] ModelIntegratedComponent:63 - No mode defined for component null
2025-09-07 19:56:19,171 [WARN] ModelIntegratedComponent:63 - No mode defined for component null
2025-09-07 19:56:19,171 [WARN] ModelIntegratedComponent:63 - No mode defined for component null
2025-09-07 19:56:19,171 [WARN] ModelIntegratedComponent:63 - No mode defined for component null
2025-09-07 19:56:19,171 [WARN] ModelIntegratedComponent:63 - No mode defined for component null
2025-09-07 19:56:19,171 [WARN] ModelIntegratedComponent:63 - No mode defined for component null
2025-09-07 19:56:19,171 [WARN] ModelIntegratedComponent:63 - No mode defined for component null
2025-09-07 19:56:19,171 [WARN] ModelIntegratedComponent:63 - No mode defined for component null
2025-09-07 19:56:19,172 [WARN] ModelIntegratedComponent:63 - No mode defined for component null
2025-09-07 19:56:19,172 [WARN] ModelIntegratedComponent:63 - No mode defined for component null
2025-09-07 19:56:19,172 [WARN] ModelIntegratedComponent:63 - No mode defined for component null
2025-09-07 19:56:19,172 [WARN] ModelIntegratedComponent:63 - No mode defined for component null
2025-09-07 19:56:19,172 [WARN] ModelIntegratedComponent:63 - No mode defined for component null
2025-09-07 19:56:19,172 [WARN] ModelIntegratedComponent:63 - No mode defined for component null
2025-09-07 19:56:19,172 [WARN] ModelIntegratedComponent:63 - No mode defined for component null
2025-09-07 19:56:19,173 [WARN] ModelIntegratedComponent:63 - No mode defined for component null
2025-09-07 19:56:19,173 [WARN] ModelIntegratedComponent:63 - No mode defined for component null
2025-09-07 19:56:19,173 [WARN] ModelIntegratedComponent:63 - No mode defined for component null
2025-09-07 19:56:19,173 [WARN] ModelIntegratedComponent:63 - No mode defined for component null
2025-09-07 19:56:19,173 [WARN] ModelIntegratedComponent:63 - No mode defined for component null
2025-09-07 19:56:19,173 [WARN] ModelIntegratedComponent:63 - No mode defined for component null
2025-09-07 19:56:19,173 [WARN] ModelIntegratedComponent:63 - No mode defined for component null
2025-09-07 19:56:19,173 [WARN] ModelIntegratedComponent:63 - No mode defined for component null
2025-09-07 19:56:19,173 [WARN] ModelIntegratedComponent:63 - No mode defined for component null
2025-09-07 19:56:19,174 [WARN] ModelIntegratedComponent:63 - No mode defined for component null
2025-09-07 19:56:19,174 [WARN] ModelIntegratedComponent:63 - No mode defined for component null
2025-09-07 19:56:19,174 [WARN] ModelIntegratedComponent:63 - No mode defined for component null
2025-09-07 19:56:19,174 [WARN] ModelIntegratedComponent:63 - No mode defined for component null
2025-09-07 19:56:19,174 [WARN] ModelIntegratedComponent:63 - No mode defined for component null
2025-09-07 19:56:19,174 [WARN] ModelIntegratedComponent:63 - No mode defined for component null
2025-09-07 19:56:19,174 [WARN] ModelIntegratedComponent:63 - No mode defined for component null
2025-09-07 19:56:19,174 [WARN] ModelIntegratedComponent:63 - No mode defined for component null
2025-09-07 19:56:19,175 [WARN] ModelPack:524 - Component already loaded: STMicroelectronics:HAL Drivers:0.0.0:STMicroelectronics:Device:STMicro_Driver:XSPI:HAL::0.0.1:HAL_XSPI
2025-09-07 19:56:19,276 [INFO] ThirdPartyModel:298 - Start build external matchings
2025-09-07 19:56:19,640 [INFO] ThirdPartyModel:316 - End build external matchings
2025-09-07 19:56:19,656 [INFO] ImportTextPane:234 - (OptionalMessage_ERROR) IP (RCC) : Parameter (RTCHSEDivFreq_Value) has invalid value (4000000)
2025-09-07 19:56:19,657 [WARN] IP:2250 - DEVICE_SERIAL0_CDC_FS not found: check if there is a RefParameter without a condition.
2025-09-07 19:56:19,657 [WARN] IP:2250 - DEVICE_SERIAL1_CDC_FS not found: check if there is a RefParameter without a condition.
2025-09-07 19:56:19,657 [WARN] IP:2250 - DEVICE_SERIAL2_CDC_FS not found: check if there is a RefParameter without a condition.
2025-09-07 19:56:19,878 [INFO] UtilMem:75 - End LoadConfig() Used Memory: 684429192 Bytes (796917760)
2025-09-07 19:56:19,890 [WARN] ThirdParty:833 - waiting for thirdparty lock release [change project]
2025-09-07 19:56:19,891 [INFO] ThirdParty:835 - entering critical section [change project]
2025-09-07 19:56:19,891 [INFO] ThirdParty:1030 - CMSIS Pack Vendor :STMicroelectronics X-CUBE-PM33A1 1.0.0
2025-09-07 19:56:19,891 [INFO] ThirdParty:1030 - CMSIS Pack Vendor :STMicroelectronics USBPD 4.1
2025-09-07 19:56:19,891 [INFO] ThirdParty:1030 - CMSIS Pack Vendor :STMicroelectronics X-CUBE-NFC9 1.0.0
2025-09-07 19:56:19,891 [INFO] ThirdParty:1030 - CMSIS Pack Vendor :STMicroelectronics USB_HOST 2.0.0
2025-09-07 19:56:19,891 [INFO] ThirdParty:1030 - CMSIS Pack Vendor :STMicroelectronics FP-SNS-MOTENVWB1 1.4.0
2025-09-07 19:56:19,891 [INFO] ThirdParty:1030 - CMSIS Pack Vendor :STMicroelectronics X-CUBE-AZRTOS-F4 1.1.0
2025-09-07 19:56:19,891 [INFO] ThirdParty:1030 - CMSIS Pack Vendor :STMicroelectronics LIBJPEG 8.0.0
2025-09-07 19:56:19,892 [INFO] ThirdParty:1030 - CMSIS Pack Vendor :STMicroelectronics FP-ATR-ASTRA1 2.0.2
2025-09-07 19:56:19,892 [INFO] ThirdParty:1030 - CMSIS Pack Vendor :wolfSSL I-CUBE-wolfSSL 5.8.2
2025-09-07 19:56:19,892 [INFO] ThirdParty:1030 - CMSIS Pack Vendor :STMicroelectronics X-CUBE-BLE1 7.1.0
2025-09-07 19:56:19,892 [INFO] ThirdParty:1030 - CMSIS Pack Vendor :Avnet-IotConnect X-CUBE-IoTC-DA16k-PMOD 1.0.0
2025-09-07 19:56:19,892 [INFO] ThirdParty:1030 - CMSIS Pack Vendor :STMicroelectronics X-CUBE-SMBUS 2.1.0
2025-09-07 19:56:19,892 [INFO] ThirdParty:1030 - CMSIS Pack Vendor :wolfSSL I-CUBE-wolfMQTT 1.19.2
2025-09-07 19:56:19,892 [INFO] ThirdParty:1030 - CMSIS Pack Vendor :STMicroelectronics USB_DEVICE 3.0.0
2025-09-07 19:56:19,892 [INFO] ThirdParty:1030 - CMSIS Pack Vendor :STMicroelectronics X-CUBE-ISPU 2.1.0
2025-09-07 19:56:19,892 [INFO] ThirdParty:1030 - CMSIS Pack Vendor :STMicroelectronics X-CUBE-EEPRMA1 5.2.0
2025-09-07 19:56:19,892 [INFO] ThirdParty:1030 - CMSIS Pack Vendor :STMicroelectronics X-CUBE-BLEMGR 4.1.0
2025-09-07 19:56:19,892 [INFO] ThirdParty:1030 - CMSIS Pack Vendor :STMicroelectronics X-CUBE-AZRTOS-WB 2.0.0
2025-09-07 19:56:19,892 [INFO] ThirdParty:1030 - CMSIS Pack Vendor :STMicroelectronics X-CUBE-ST60 1.0.0
2025-09-07 19:56:19,892 [INFO] ThirdParty:1030 - CMSIS Pack Vendor :STMicroelectronics X-CUBE-GNSS1 7.0.1
2025-09-07 19:56:19,892 [INFO] ThirdParty:1030 - CMSIS Pack Vendor :STMicroelectronics X-CUBE-NFC12 1.0.0
2025-09-07 19:56:19,892 [INFO] ThirdParty:1030 - CMSIS Pack Vendor :STMicroelectronics X-CUBE-AZRTOS-F7 1.1.0
2025-09-07 19:56:19,892 [INFO] ThirdParty:1030 - CMSIS Pack Vendor :STMicroelectronics X-CUBE-AZRTOS-L5 2.0.0
2025-09-07 19:56:19,892 [INFO] ThirdParty:1030 - CMSIS Pack Vendor :STMicroelectronics X-CUBE-TOUCHGFX 4.25.0
2025-09-07 19:56:19,892 [INFO] ThirdParty:1030 - CMSIS Pack Vendor :STMicroelectronics USB_DEVICE 2.0.0
2025-09-07 19:56:19,892 [INFO] ThirdParty:1030 - CMSIS Pack Vendor :STMicroelectronics X-CUBE-NFC6 3.1.0
2025-09-07 19:56:19,892 [INFO] ThirdParty:1030 - CMSIS Pack Vendor :STMicroelectronics X-CUBE-AI 10.1.0
2025-09-07 19:56:19,892 [INFO] ThirdParty:1030 - CMSIS Pack Vendor :STMicroelectronics FP-SNS-STBOX1 2.0.0
2025-09-07 19:56:19,893 [INFO] ThirdParty:1030 - CMSIS Pack Vendor :quantropi X-CUBE-qispace-sdk-base 2.1.0
2025-09-07 19:56:19,893 [INFO] ThirdParty:1030 - CMSIS Pack Vendor :STMicroelectronics FreeRTOS 0.0.1
2025-09-07 19:56:19,893 [INFO] ThirdParty:1030 - CMSIS Pack Vendor :STMicroelectronics X-CUBE-AZRTOS-G0 1.1.0
2025-09-07 19:56:19,893 [INFO] ThirdParty:1030 - CMSIS Pack Vendor :STMicroelectronics X-CUBE-SAFEA1 1.2.2
2025-09-07 19:56:19,893 [INFO] ThirdParty:1030 - CMSIS Pack Vendor :STMicroelectronics X-CUBE-NFC4 3.0.0
2025-09-07 19:56:19,893 [INFO] ThirdParty:1030 - CMSIS Pack Vendor :STMicroelectronics X-CUBE-SUBG2 5.0.0
2025-09-07 19:56:19,893 [INFO] ThirdParty:1030 - CMSIS Pack Vendor :STMicroelectronics X-CUBE-AZRTOS-H7RS 1.1.0
2025-09-07 19:56:19,893 [INFO] ThirdParty:1030 - CMSIS Pack Vendor :STMicroelectronics STM32_WPAN 1.0.0
2025-09-07 19:56:19,893 [INFO] ThirdParty:1030 - CMSIS Pack Vendor :EmbeddedOffice I-CUBE-FS-RTOS 1.0.1
2025-09-07 19:56:19,893 [INFO] ThirdParty:1030 - CMSIS Pack Vendor :STMicroelectronics lwIP 2.0.3
2025-09-07 19:56:19,893 [INFO] ThirdParty:1030 - CMSIS Pack Vendor :Cesanta I-CUBE-Mongoose 7.13.0
2025-09-07 19:56:19,893 [INFO] ThirdParty:1030 - CMSIS Pack Vendor :STMicroelectronics USB_HOST 1.0.0
2025-09-07 19:56:19,893 [INFO] ThirdParty:1030 - CMSIS Pack Vendor :Infineon AIROC-Wi-Fi-Bluetooth-STM32 1.7.1
2025-09-07 19:56:19,893 [INFO] ThirdParty:1030 - CMSIS Pack Vendor :STMicroelectronics X-CUBE-AZRTOS-G4 2.0.0
2025-09-07 19:56:19,893 [INFO] ThirdParty:1030 - CMSIS Pack Vendor :STMicroelectronics X-CUBE-WB05N 2.0.0
2025-09-07 19:56:19,893 [INFO] ThirdParty:1030 - CMSIS Pack Vendor :STMicroelectronics PDM2PCM 3.1.0
2025-09-07 19:56:19,893 [INFO] ThirdParty:1030 - CMSIS Pack Vendor :STMicroelectronics PDM2PCM 3.3.0
2025-09-07 19:56:19,893 [INFO] ThirdParty:1030 - CMSIS Pack Vendor :wolfSSL I-CUBE-wolfTPM 3.8.0
2025-09-07 19:56:19,893 [INFO] ThirdParty:1030 - CMSIS Pack Vendor :STMicroelectronics X-CUBE-AZRTOS-H7 3.4.0
2025-09-07 19:56:19,893 [INFO] ThirdParty:1030 - CMSIS Pack Vendor :STMicroelectronics X-CUBE-DISPLAY 3.0.0
2025-09-07 19:56:19,894 [INFO] ThirdParty:1030 - CMSIS Pack Vendor :wolfSSL I-CUBE-wolfSSH 1.4.20
2025-09-07 19:56:19,894 [INFO] ThirdParty:1030 - CMSIS Pack Vendor :STMicroelectronics X-CUBE-NFC7 2.0.0
2025-09-07 19:56:19,894 [INFO] ThirdParty:1030 - CMSIS Pack Vendor :STMicroelectronics X-CUBE-TCPP 4.2.0
2025-09-07 19:56:19,895 [INFO] ThirdParty:1030 - CMSIS Pack Vendor :RealThread X-CUBE-RT-Thread_Nano 4.1.1
2025-09-07 19:56:19,896 [INFO] ThirdParty:1030 - CMSIS Pack Vendor :STMicroelectronics FP-ATR-SIGFOX1 3.2.0
2025-09-07 19:56:19,896 [INFO] ThirdParty:1030 - CMSIS Pack Vendor :STMicroelectronics X-CUBE-NFC10 1.0.0
2025-09-07 19:56:19,896 [INFO] ThirdParty:1030 - CMSIS Pack Vendor :STMicroelectronics X-CUBE-FREERTOS 1.3.1
2025-09-07 19:56:19,896 [INFO] ThirdParty:1030 - CMSIS Pack Vendor :STMicroelectronics HAL Drivers 0.0.0
2025-09-07 19:56:19,896 [INFO] ThirdParty:1030 - CMSIS Pack Vendor :STMicroelectronics MBEDTLS 2.16.2
2025-09-07 19:56:19,896 [INFO] ThirdParty:1030 - CMSIS Pack Vendor :STMicroelectronics X-CUBE-IPS 3.1.0
2025-09-07 19:56:19,896 [INFO] ThirdParty:1030 - CMSIS Pack Vendor :STMicroelectronics X-CUBE-ALS 1.0.2
2025-09-07 19:56:19,896 [INFO] ThirdParty:1030 - CMSIS Pack Vendor :emotas I-CUBE-CANOPEN 1.3.0
2025-09-07 19:56:19,896 [INFO] ThirdParty:1030 - CMSIS Pack Vendor :STMicroelectronics MBEDTLS 2.14.1
2025-09-07 19:56:19,896 [INFO] ThirdParty:1030 - CMSIS Pack Vendor :ITTIA_DB I-CUBE-ITTIADB 8.9.0
2025-09-07 19:56:19,896 [INFO] ThirdParty:1030 - CMSIS Pack Vendor :STMicroelectronics X-CUBE-STSE01 1.0.0
2025-09-07 19:56:19,896 [INFO] ThirdParty:1030 - CMSIS Pack Vendor :portGmbH I-Cube-SoM-uGOAL 1.1.0
2025-09-07 19:56:19,896 [INFO] ThirdParty:1030 - CMSIS Pack Vendor :STMicroelectronics X-CUBE-ST67W61 1.0.0
2025-09-07 19:56:19,896 [INFO] ThirdParty:1030 - CMSIS Pack Vendor :STMicroelectronics FP-SNS-STBOX1 2.1.0
2025-09-07 19:56:19,897 [INFO] ThirdParty:1030 - CMSIS Pack Vendor :STMicroelectronics X-CUBE-AI 10.2.0
2025-09-07 19:56:19,897 [INFO] ThirdParty:1030 - CMSIS Pack Vendor :STMicroelectronics FP-SNS-STAIOTCFT 1.0.0
2025-09-07 19:56:19,897 [INFO] ThirdParty:1030 - CMSIS Pack Vendor :STMicroelectronics ThreadX 1.0.0
2025-09-07 19:56:19,897 [INFO] ThirdParty:1030 - CMSIS Pack Vendor :STMicroelectronics FP-SNS-SMARTAG2 1.2.0
2025-09-07 19:56:19,897 [INFO] ThirdParty:1030 - CMSIS Pack Vendor :STMicroelectronics FP-SNS-FLIGHT1 5.1.0
2025-09-07 19:56:19,897 [INFO] ThirdParty:1030 - CMSIS Pack Vendor :STMicroelectronics X-CUBE-AZRTOS-WL 2.0.0
2025-09-07 19:56:19,897 [INFO] ThirdParty:1030 - CMSIS Pack Vendor :SEGGER I-CUBE-embOS 1.3.1
2025-09-07 19:56:19,897 [INFO] ThirdParty:1030 - CMSIS Pack Vendor :STMicroelectronics X-CUBE-ALGOBUILD 1.4.0
2025-09-07 19:56:19,897 [INFO] ThirdParty:1030 - CMSIS Pack Vendor :STMicroelectronics X-CUBE-DPower 1.3.0
2025-09-07 19:56:19,897 [INFO] ThirdParty:1030 - CMSIS Pack Vendor :STMicroelectronics X-CUBE-MEMS1 11.3.0
2025-09-07 19:56:19,897 [INFO] ThirdParty:1030 - CMSIS Pack Vendor :STMicroelectronics FP-SNS-MOTENV1 5.0.0
2025-09-07 19:56:19,897 [INFO] ThirdParty:1030 - CMSIS Pack Vendor :STMicroelectronics USB_DEVICE 1.0.0
2025-09-07 19:56:19,897 [INFO] ThirdParty:1030 - CMSIS Pack Vendor :STMicroelectronics X-CUBE-AZRTOS-L4 2.0.0
2025-09-07 19:56:19,897 [INFO] ThirdParty:1030 - CMSIS Pack Vendor :STMicroelectronics ThreadX 0.0.2
2025-09-07 19:56:19,897 [INFO] ThirdParty:1030 - CMSIS Pack Vendor :WES I-CUBE-Cesium 1.3.0
2025-09-07 19:56:19,897 [INFO] ThirdParty:1030 - CMSIS Pack Vendor :STMicroelectronics lwIP 2.1.2
2025-09-07 19:56:19,897 [INFO] ThirdParty:1030 - CMSIS Pack Vendor :STMicroelectronics X-CUBE-SFXS2LP1 4.0.0
2025-09-07 19:56:19,897 [INFO] ThirdParty:1030 - CMSIS Pack Vendor :STMicroelectronics X-CUBE-BLE2 3.3.0
2025-09-07 19:56:19,897 [INFO] ThirdParty:1030 - CMSIS Pack Vendor :STMicroelectronics X-CUBE-TOF1 3.4.3
2025-09-07 19:56:19,897 [INFO] ThirdParty:1030 - CMSIS Pack Vendor :STMicroelectronics PDM2PCM 3.2.0
2025-09-07 19:56:19,897 [INFO] ThirdParty:841 - exiting critical section [change project]
2025-09-07 19:56:20,248 [INFO] PinOutPanel:1589 - setPackage(No Configuration,No Configuration)
2025-09-07 19:56:20,249 [INFO] PinOutPanel:1589 - setPackage(STM32F407ZGTx,LQFP144)
2025-09-07 19:56:20,516 [INFO] UtilMem:75 - Before build in PCC Used Memory: 464312760 Bytes (796917760)
2025-09-07 19:56:20,807 [INFO] UtilMem:75 - After build in PCC Used Memory: 515170744 Bytes (796917760)
2025-09-07 19:56:20,830 [INFO] ApiDbMcu:532 - Load IP Config File for USB_DEVICE
2025-09-07 19:56:20,860 [INFO] IPUIPlugin:80 - create IPUIPlugin
2025-09-07 19:56:20,861 [INFO] IPUIPlugin:80 - create IPUIPlugin
2025-09-07 19:56:20,861 [INFO] IPUIPlugin:80 - create IPUIPlugin
2025-09-07 19:56:20,861 [INFO] IPUIPlugin:80 - create IPUIPlugin
2025-09-07 19:56:20,861 [INFO] IPUIPlugin:80 - create IPUIPlugin
2025-09-07 19:56:20,861 [INFO] IPUIPlugin:80 - create IPUIPlugin
2025-09-07 19:56:20,862 [INFO] IPUIPlugin:80 - create IPUIPlugin
2025-09-07 19:56:20,862 [INFO] IPUIPlugin:80 - create IPUIPlugin
2025-09-07 19:56:20,862 [INFO] IPUIPlugin:80 - create IPUIPlugin
2025-09-07 19:56:20,862 [INFO] IPUIPlugin:80 - create IPUIPlugin
2025-09-07 19:56:20,863 [INFO] IPUIPlugin:80 - create IPUIPlugin
2025-09-07 19:56:20,863 [INFO] IPUIPlugin:80 - create IPUIPlugin
2025-09-07 19:56:20,863 [INFO] IPUIPlugin:80 - create IPUIPlugin
2025-09-07 19:56:20,863 [INFO] IPUIPlugin:80 - create IPUIPlugin
2025-09-07 19:56:20,863 [INFO] IPUIPlugin:80 - create IPUIPlugin
2025-09-07 19:56:20,863 [INFO] IPUIPlugin:80 - create IPUIPlugin
2025-09-07 19:56:20,864 [INFO] IPUIPlugin:80 - create IPUIPlugin
2025-09-07 19:56:20,864 [INFO] IPUIPlugin:80 - create IPUIPlugin
2025-09-07 19:56:20,864 [INFO] IPUIPlugin:80 - create IPUIPlugin
2025-09-07 19:56:20,864 [INFO] IPUIPlugin:80 - create IPUIPlugin
2025-09-07 19:56:20,864 [INFO] IPUIPlugin:80 - create IPUIPlugin
2025-09-07 19:56:20,864 [INFO] IPUIPlugin:80 - create IPUIPlugin
2025-09-07 19:56:20,864 [INFO] IPUIPlugin:80 - create IPUIPlugin
2025-09-07 19:56:20,864 [INFO] IPUIPlugin:80 - create IPUIPlugin
2025-09-07 19:56:20,864 [INFO] IPUIPlugin:80 - create IPUIPlugin
2025-09-07 19:56:20,865 [INFO] IPUIPlugin:80 - create IPUIPlugin
2025-09-07 19:56:20,865 [INFO] IPUIPlugin:80 - create IPUIPlugin
2025-09-07 19:56:20,865 [INFO] IPUIPlugin:80 - create IPUIPlugin
2025-09-07 19:56:20,865 [INFO] IPUIPlugin:80 - create IPUIPlugin
2025-09-07 19:56:20,865 [INFO] IPUIPlugin:80 - create IPUIPlugin
2025-09-07 19:56:20,865 [INFO] IPUIPlugin:80 - create IPUIPlugin
2025-09-07 19:56:20,865 [INFO] IPUIPlugin:80 - create IPUIPlugin
2025-09-07 19:56:20,865 [INFO] IPUIPlugin:80 - create IPUIPlugin
2025-09-07 19:56:20,865 [INFO] IPUIPlugin:80 - create IPUIPlugin
2025-09-07 19:56:20,865 [INFO] IPUIPlugin:80 - create IPUIPlugin
2025-09-07 19:56:20,866 [INFO] IPUIPlugin:80 - create IPUIPlugin
2025-09-07 19:56:20,866 [INFO] IPUIPlugin:80 - create IPUIPlugin
2025-09-07 19:56:20,866 [INFO] IPUIPlugin:80 - create IPUIPlugin
2025-09-07 19:56:20,866 [INFO] IPUIPlugin:80 - create IPUIPlugin
2025-09-07 19:56:20,866 [INFO] IPUIPlugin:80 - create IPUIPlugin
2025-09-07 19:56:20,866 [INFO] IPUIPlugin:80 - create IPUIPlugin
2025-09-07 19:56:20,866 [INFO] IPUIPlugin:80 - create IPUIPlugin
2025-09-07 19:56:20,866 [INFO] IPUIPlugin:80 - create IPUIPlugin
2025-09-07 19:56:20,866 [INFO] IPUIPlugin:80 - create IPUIPlugin
2025-09-07 19:56:20,866 [INFO] IPUIPlugin:80 - create IPUIPlugin
2025-09-07 19:56:20,866 [INFO] IPUIPlugin:80 - create IPUIPlugin
2025-09-07 19:56:20,866 [INFO] IPUIPlugin:80 - create IPUIPlugin
2025-09-07 19:56:20,867 [INFO] IPUIPlugin:80 - create IPUIPlugin
2025-09-07 19:56:20,867 [INFO] IPUIPlugin:80 - create IPUIPlugin
2025-09-07 19:56:20,867 [INFO] IPUIPlugin:80 - create IPUIPlugin
2025-09-07 19:56:20,867 [INFO] IPUIPlugin:80 - create IPUIPlugin
2025-09-07 19:56:20,867 [INFO] IPUIPlugin:80 - create IPUIPlugin
2025-09-07 19:56:20,867 [INFO] IPUIPlugin:80 - create IPUIPlugin
2025-09-07 19:56:20,867 [INFO] IPUIPlugin:80 - create IPUIPlugin
2025-09-07 19:56:20,868 [INFO] IPUIPlugin:80 - create IPUIPlugin
2025-09-07 19:56:20,868 [INFO] IPUIPlugin:80 - create IPUIPlugin
2025-09-07 19:56:20,869 [INFO] IPUIPlugin:80 - create IPUIPlugin
2025-09-07 19:56:20,869 [INFO] IPUIPlugin:80 - create IPUIPlugin
2025-09-07 19:56:20,872 [INFO] ApiDbMcu:532 - Load IP Config File for PDM2PCM
2025-09-07 19:56:20,879 [WARN] IP:2250 - I2C_Coeff_DF not found: check if there is a RefParameter without a condition.
2025-09-07 19:56:20,879 [WARN] IP:2250 - Analog_Filter not found: check if there is a RefParameter without a condition.
2025-09-07 19:56:20,971 [INFO] CADModel:165 - CPN selected for project levelSTM32F407ZGT6
2025-09-07 19:56:20,971 [INFO] CADModel:114 - Register for checkConnection events
2025-09-07 19:56:21,010 [INFO] OpenFileManager:386 - Restore cursor
2025-09-07 19:56:21,012 [INFO] ApiDb:581 - Connected to CubeFinder SQLite database (/home/tuna/.stmcufinder/plugins/mcufinder/mcu/cube-finder-db.db)
2025-09-07 19:56:21,163 [WARN] IP:2250 - DEVICE_SERIAL0_CDC_FS not found: check if there is a RefParameter without a condition.
2025-09-07 19:56:21,163 [WARN] IP:2250 - DEVICE_SERIAL1_CDC_FS not found: check if there is a RefParameter without a condition.
2025-09-07 19:56:21,163 [WARN] IP:2250 - DEVICE_SERIAL2_CDC_FS not found: check if there is a RefParameter without a condition.
2025-09-07 19:56:21,165 [WARN] IP:2250 - DEVICE_SERIAL0_CDC_FS not found: check if there is a RefParameter without a condition.
2025-09-07 19:56:21,165 [WARN] IP:2250 - DEVICE_SERIAL1_CDC_FS not found: check if there is a RefParameter without a condition.
2025-09-07 19:56:21,165 [WARN] IP:2250 - DEVICE_SERIAL2_CDC_FS not found: check if there is a RefParameter without a condition.
2025-09-07 19:56:21,243 [WARN] IP:2250 - I2C_Coeff_DF not found: check if there is a RefParameter without a condition.
2025-09-07 19:56:21,245 [WARN] IP:2250 - Analog_Filter not found: check if there is a RefParameter without a condition.
2025-09-07 19:56:21,252 [WARN] IP:2250 - I2C_Coeff_DF not found: check if there is a RefParameter without a condition.
2025-09-07 19:56:21,252 [WARN] IP:2250 - Analog_Filter not found: check if there is a RefParameter without a condition.
2025-09-07 19:56:40,198 [WARN] IpParametersView:155 - Warning: This peripheral hasn't parameters
2025-09-07 20:39:49,821 [INFO] UtilMem:75 - End SaveConfig() Used Memory: 711628520 Bytes (796917760)
2025-09-07 20:39:50,314 [INFO] BlockDiagram:2775 - set Specific Code input for plugin: FSMC
2025-09-07 20:39:50,315 [INFO] BlockDiagram:2775 - set Specific Code input for plugin: USB_DEVICE
2025-09-07 20:39:50,316 [INFO] BlockDiagram:2775 - set Specific Code input for plugin: SYS
2025-09-07 20:39:50,316 [INFO] BlockDiagram:2775 - set Specific Code input for plugin: ADC
2025-09-07 20:39:50,316 [INFO] BlockDiagram:2775 - set Specific Code input for plugin: RCC
2025-09-07 20:39:50,316 [INFO] BlockDiagram:2775 - set Specific Code input for plugin: I2C
2025-09-07 20:39:50,316 [INFO] BlockDiagram:2775 - set Specific Code input for plugin: USB_OTG_FS
2025-09-07 20:39:50,316 [INFO] BlockDiagram:2775 - set Specific Code input for plugin: NVIC
2025-09-07 20:39:50,316 [INFO] BlockDiagram:2775 - set Specific Code input for plugin: UART
2025-09-07 20:39:50,317 [INFO] BlockDiagram:2775 - set Specific Code input for plugin: GPIO
2025-09-07 20:39:50,318 [INFO] CodeGenerator:892 - code generatio: config db path: /home/tuna/st/stm32cubeide_1.18.1/plugins/com.st.stm32cube.common.mx_6.15.0.202507011659//db/
2025-09-07 20:39:50,393 [WARN] IP:2250 - I2C_Coeff_DF not found: check if there is a RefParameter without a condition.
2025-09-07 20:39:50,395 [WARN] IP:2250 - Analog_Filter not found: check if there is a RefParameter without a condition.
2025-09-07 20:39:50,418 [WARN] IP:2250 - DEVICE_SERIAL0_CDC_FS not found: check if there is a RefParameter without a condition.
2025-09-07 20:39:50,419 [WARN] IP:2250 - DEVICE_SERIAL1_CDC_FS not found: check if there is a RefParameter without a condition.
2025-09-07 20:39:50,419 [WARN] IP:2250 - DEVICE_SERIAL2_CDC_FS not found: check if there is a RefParameter without a condition.
2025-09-07 20:39:50,548 [INFO] CodeEngine:265 - oldGeneratedFile, /home/tuna/STM32CubeIDE/workspace_1.18.1/stm32f4_dev_board/stm32f4_mobile_base_sim/MXTmpFiles/license.tmp_save
2025-09-07 20:39:50,764 [INFO] CodeEngine:289 - Generated code: /home/tuna/STM32CubeIDE/workspace_1.18.1/stm32f4_dev_board/stm32f4_mobile_base_sim/MXTmpFiles/license.tmp
2025-09-07 20:39:50,845 [INFO] CodeEngine:265 - oldGeneratedFile, /home/tuna/STM32CubeIDE/workspace_1.18.1/stm32f4_dev_board/stm32f4_mobile_base_sim/Core/Src/gpio.c_save
2025-09-07 20:39:50,964 [INFO] CodeEngine:289 - Generated code: /home/tuna/STM32CubeIDE/workspace_1.18.1/stm32f4_dev_board/stm32f4_mobile_base_sim/Core/Src/gpio.c
2025-09-07 20:39:50,966 [INFO] CodeEngine:265 - oldGeneratedFile, /home/tuna/STM32CubeIDE/workspace_1.18.1/stm32f4_dev_board/stm32f4_mobile_base_sim/Core/Inc/gpio.h_save
2025-09-07 20:39:51,039 [INFO] CodeEngine:289 - Generated code: /home/tuna/STM32CubeIDE/workspace_1.18.1/stm32f4_dev_board/stm32f4_mobile_base_sim/Core/Inc/gpio.h
2025-09-07 20:39:51,134 [WARN] IPConfigManager:3238 - Warning: the RefConfig PWREx_EnableUSBVoltageDetector is not available in your config.xml file
2025-09-07 20:39:51,141 [INFO] CodeEngine:265 - oldGeneratedFile, /home/tuna/STM32CubeIDE/workspace_1.18.1/stm32f4_dev_board/stm32f4_mobile_base_sim/MXTmpFiles/usb_otg_fs_vars.tmp_save
2025-09-07 20:39:51,214 [INFO] CodeEngine:289 - Generated code: /home/tuna/STM32CubeIDE/workspace_1.18.1/stm32f4_dev_board/stm32f4_mobile_base_sim/MXTmpFiles/usb_otg_fs_vars.tmp
2025-09-07 20:39:51,216 [INFO] CodeEngine:265 - oldGeneratedFile, /home/tuna/STM32CubeIDE/workspace_1.18.1/stm32f4_dev_board/stm32f4_mobile_base_sim/MXTmpFiles/usb_otg_fs_inc.tmp_save
2025-09-07 20:39:51,282 [INFO] CodeEngine:289 - Generated code: /home/tuna/STM32CubeIDE/workspace_1.18.1/stm32f4_dev_board/stm32f4_mobile_base_sim/MXTmpFiles/usb_otg_fs_inc.tmp
2025-09-07 20:39:51,285 [INFO] CodeEngine:265 - oldGeneratedFile, /home/tuna/STM32CubeIDE/workspace_1.18.1/stm32f4_dev_board/stm32f4_mobile_base_sim/MXTmpFiles/usb_otg_fs_HalInit.tmp_save
2025-09-07 20:39:51,383 [INFO] CodeEngine:289 - Generated code: /home/tuna/STM32CubeIDE/workspace_1.18.1/stm32f4_dev_board/stm32f4_mobile_base_sim/MXTmpFiles/usb_otg_fs_HalInit.tmp
2025-09-07 20:39:51,385 [INFO] CodeEngine:265 - oldGeneratedFile, /home/tuna/STM32CubeIDE/workspace_1.18.1/stm32f4_dev_board/stm32f4_mobile_base_sim/MXTmpFiles/usb_otg_fs_Msp.tmp_save
2025-09-07 20:39:51,470 [INFO] CodeEngine:289 - Generated code: /home/tuna/STM32CubeIDE/workspace_1.18.1/stm32f4_dev_board/stm32f4_mobile_base_sim/MXTmpFiles/usb_otg_fs_Msp.tmp
2025-09-07 20:39:51,798 [INFO] Middleware:1452 - No code input for Bsp Dependency
2025-09-07 20:39:51,805 [INFO] CodeEngine:265 - oldGeneratedFile, /home/tuna/STM32CubeIDE/workspace_1.18.1/stm32f4_dev_board/stm32f4_mobile_base_sim/Core/Src/adc.c_save
2025-09-07 20:39:51,908 [INFO] CodeEngine:289 - Generated code: /home/tuna/STM32CubeIDE/workspace_1.18.1/stm32f4_dev_board/stm32f4_mobile_base_sim/Core/Src/adc.c
2025-09-07 20:39:51,911 [INFO] CodeEngine:265 - oldGeneratedFile, /home/tuna/STM32CubeIDE/workspace_1.18.1/stm32f4_dev_board/stm32f4_mobile_base_sim/Core/Inc/adc.h_save
2025-09-07 20:39:51,969 [INFO] CodeEngine:289 - Generated code: /home/tuna/STM32CubeIDE/workspace_1.18.1/stm32f4_dev_board/stm32f4_mobile_base_sim/Core/Inc/adc.h
2025-09-07 20:39:51,973 [INFO] CodeEngine:265 - oldGeneratedFile, /home/tuna/STM32CubeIDE/workspace_1.18.1/stm32f4_dev_board/stm32f4_mobile_base_sim/Core/Src/fsmc.c_save
2025-09-07 20:39:52,030 [INFO] CodeEngine:289 - Generated code: /home/tuna/STM32CubeIDE/workspace_1.18.1/stm32f4_dev_board/stm32f4_mobile_base_sim/Core/Src/fsmc.c
2025-09-07 20:39:52,032 [INFO] CodeEngine:265 - oldGeneratedFile, /home/tuna/STM32CubeIDE/workspace_1.18.1/stm32f4_dev_board/stm32f4_mobile_base_sim/Core/Inc/fsmc.h_save
2025-09-07 20:39:52,093 [INFO] CodeEngine:289 - Generated code: /home/tuna/STM32CubeIDE/workspace_1.18.1/stm32f4_dev_board/stm32f4_mobile_base_sim/Core/Inc/fsmc.h
2025-09-07 20:39:52,097 [INFO] CodeEngine:265 - oldGeneratedFile, /home/tuna/STM32CubeIDE/workspace_1.18.1/stm32f4_dev_board/stm32f4_mobile_base_sim/Core/Src/i2c.c_save
2025-09-07 20:39:52,165 [INFO] CodeEngine:289 - Generated code: /home/tuna/STM32CubeIDE/workspace_1.18.1/stm32f4_dev_board/stm32f4_mobile_base_sim/Core/Src/i2c.c
2025-09-07 20:39:52,167 [INFO] CodeEngine:265 - oldGeneratedFile, /home/tuna/STM32CubeIDE/workspace_1.18.1/stm32f4_dev_board/stm32f4_mobile_base_sim/Core/Inc/i2c.h_save
2025-09-07 20:39:52,216 [INFO] CodeEngine:289 - Generated code: /home/tuna/STM32CubeIDE/workspace_1.18.1/stm32f4_dev_board/stm32f4_mobile_base_sim/Core/Inc/i2c.h
2025-09-07 20:39:52,219 [INFO] CodeEngine:265 - oldGeneratedFile, /home/tuna/STM32CubeIDE/workspace_1.18.1/stm32f4_dev_board/stm32f4_mobile_base_sim/Core/Src/usart.c_save
2025-09-07 20:39:52,282 [INFO] CodeEngine:289 - Generated code: /home/tuna/STM32CubeIDE/workspace_1.18.1/stm32f4_dev_board/stm32f4_mobile_base_sim/Core/Src/usart.c
2025-09-07 20:39:52,283 [INFO] CodeEngine:265 - oldGeneratedFile, /home/tuna/STM32CubeIDE/workspace_1.18.1/stm32f4_dev_board/stm32f4_mobile_base_sim/Core/Inc/usart.h_save
2025-09-07 20:39:52,330 [INFO] CodeEngine:289 - Generated code: /home/tuna/STM32CubeIDE/workspace_1.18.1/stm32f4_dev_board/stm32f4_mobile_base_sim/Core/Inc/usart.h
2025-09-07 20:39:52,348 [INFO] Middleware:1452 - No code input for Bsp Dependency
2025-09-07 20:39:52,353 [INFO] CodeEngine:265 - oldGeneratedFile, /home/tuna/STM32CubeIDE/workspace_1.18.1/stm32f4_dev_board/stm32f4_mobile_base_sim/USB_DEVICE/App/usb_device.c_save
2025-09-07 20:39:52,408 [INFO] CodeEngine:289 - Generated code: /home/tuna/STM32CubeIDE/workspace_1.18.1/stm32f4_dev_board/stm32f4_mobile_base_sim/USB_DEVICE/App/usb_device.c
2025-09-07 20:39:52,409 [INFO] CodeEngine:265 - oldGeneratedFile, /home/tuna/STM32CubeIDE/workspace_1.18.1/stm32f4_dev_board/stm32f4_mobile_base_sim/USB_DEVICE/App/usb_device.h_save
2025-09-07 20:39:52,463 [INFO] CodeEngine:289 - Generated code: /home/tuna/STM32CubeIDE/workspace_1.18.1/stm32f4_dev_board/stm32f4_mobile_base_sim/USB_DEVICE/App/usb_device.h
2025-09-07 20:39:52,465 [INFO] CodeEngine:265 - oldGeneratedFile, /home/tuna/STM32CubeIDE/workspace_1.18.1/stm32f4_dev_board/stm32f4_mobile_base_sim/USB_DEVICE/Target/usbd_conf.h_save
2025-09-07 20:39:52,518 [INFO] CodeEngine:289 - Generated code: /home/tuna/STM32CubeIDE/workspace_1.18.1/stm32f4_dev_board/stm32f4_mobile_base_sim/USB_DEVICE/Target/usbd_conf.h
2025-09-07 20:39:52,520 [INFO] CodeEngine:265 - oldGeneratedFile, /home/tuna/STM32CubeIDE/workspace_1.18.1/stm32f4_dev_board/stm32f4_mobile_base_sim/USB_DEVICE/Target/usbd_conf.c_save
2025-09-07 20:39:52,572 [INFO] CodeEngine:289 - Generated code: /home/tuna/STM32CubeIDE/workspace_1.18.1/stm32f4_dev_board/stm32f4_mobile_base_sim/USB_DEVICE/Target/usbd_conf.c
2025-09-07 20:39:52,573 [INFO] CodeEngine:265 - oldGeneratedFile, /home/tuna/STM32CubeIDE/workspace_1.18.1/stm32f4_dev_board/stm32f4_mobile_base_sim/USB_DEVICE/App/usbd_desc.h_save
2025-09-07 20:39:52,621 [INFO] CodeEngine:289 - Generated code: /home/tuna/STM32CubeIDE/workspace_1.18.1/stm32f4_dev_board/stm32f4_mobile_base_sim/USB_DEVICE/App/usbd_desc.h
2025-09-07 20:39:52,623 [INFO] CodeEngine:265 - oldGeneratedFile, /home/tuna/STM32CubeIDE/workspace_1.18.1/stm32f4_dev_board/stm32f4_mobile_base_sim/USB_DEVICE/App/usbd_desc.c_save
2025-09-07 20:39:52,676 [INFO] CodeEngine:289 - Generated code: /home/tuna/STM32CubeIDE/workspace_1.18.1/stm32f4_dev_board/stm32f4_mobile_base_sim/USB_DEVICE/App/usbd_desc.c
2025-09-07 20:39:52,677 [INFO] CodeEngine:265 - oldGeneratedFile, /home/tuna/STM32CubeIDE/workspace_1.18.1/stm32f4_dev_board/stm32f4_mobile_base_sim/USB_DEVICE/App/usbd_cdc_if.h_save
2025-09-07 20:39:52,723 [INFO] CodeEngine:289 - Generated code: /home/tuna/STM32CubeIDE/workspace_1.18.1/stm32f4_dev_board/stm32f4_mobile_base_sim/USB_DEVICE/App/usbd_cdc_if.h
2025-09-07 20:39:52,724 [INFO] CodeEngine:265 - oldGeneratedFile, /home/tuna/STM32CubeIDE/workspace_1.18.1/stm32f4_dev_board/stm32f4_mobile_base_sim/USB_DEVICE/App/usbd_cdc_if.c_save
2025-09-07 20:39:52,776 [INFO] CodeEngine:289 - Generated code: /home/tuna/STM32CubeIDE/workspace_1.18.1/stm32f4_dev_board/stm32f4_mobile_base_sim/USB_DEVICE/App/usbd_cdc_if.c
2025-09-07 20:39:52,781 [INFO] CodeEngine:265 - oldGeneratedFile, /home/tuna/STM32CubeIDE/workspace_1.18.1/stm32f4_dev_board/stm32f4_mobile_base_sim/Core/Src/stm32f4xx_it.c_save
2025-09-07 20:39:52,889 [INFO] CodeEngine:289 - Generated code: /home/tuna/STM32CubeIDE/workspace_1.18.1/stm32f4_dev_board/stm32f4_mobile_base_sim/Core/Src/stm32f4xx_it.c
2025-09-07 20:39:52,891 [INFO] CodeEngine:265 - oldGeneratedFile, /home/tuna/STM32CubeIDE/workspace_1.18.1/stm32f4_dev_board/stm32f4_mobile_base_sim/Core/Inc/stm32f4xx_it.h_save
2025-09-07 20:39:52,936 [INFO] CodeEngine:289 - Generated code: /home/tuna/STM32CubeIDE/workspace_1.18.1/stm32f4_dev_board/stm32f4_mobile_base_sim/Core/Inc/stm32f4xx_it.h
2025-09-07 20:39:52,943 [INFO] CodeEngine:265 - oldGeneratedFile, /home/tuna/STM32CubeIDE/workspace_1.18.1/stm32f4_dev_board/stm32f4_mobile_base_sim/Core/Src/stm32f4xx_hal_msp.c_save
2025-09-07 20:39:53,005 [INFO] CodeEngine:289 - Generated code: /home/tuna/STM32CubeIDE/workspace_1.18.1/stm32f4_dev_board/stm32f4_mobile_base_sim/Core/Src/stm32f4xx_hal_msp.c
2025-09-07 20:39:53,006 [INFO] CodeEngine:265 - oldGeneratedFile, /home/tuna/STM32CubeIDE/workspace_1.18.1/stm32f4_dev_board/stm32f4_mobile_base_sim/MXTmpFiles/system.tmp_save
2025-09-07 20:39:53,048 [INFO] CodeEngine:289 - Generated code: /home/tuna/STM32CubeIDE/workspace_1.18.1/stm32f4_dev_board/stm32f4_mobile_base_sim/MXTmpFiles/system.tmp
2025-09-07 20:39:53,051 [INFO] CodeEngine:321 - oldGeneratedFile, /home/tuna/STM32CubeIDE/workspace_1.18.1/stm32f4_dev_board/stm32f4_mobile_base_sim/Core/Inc/stm32f4xx_hal_conf.h_save
2025-09-07 20:39:53,100 [INFO] CodeEngine:345 - Generated code: /home/tuna/STM32CubeIDE/workspace_1.18.1/stm32f4_dev_board/stm32f4_mobile_base_sim/Core/Inc/stm32f4xx_hal_conf.h
2025-09-07 20:39:53,119 [INFO] ApiDbMcu:532 - Load IP Config File for ADC1
2025-09-07 20:39:53,125 [INFO] ApiDbMcu:532 - Load IP Config File for FSMC
2025-09-07 20:39:53,128 [INFO] ApiDbMcu:532 - Load IP Config File for I2C2
2025-09-07 20:39:53,130 [INFO] ApiDbMcu:532 - Load IP Config File for UART4
2025-09-07 20:39:53,133 [INFO] ApiDbMcu:532 - Load IP Config File for RCC
2025-09-07 20:39:53,138 [INFO] CodeEngine:265 - oldGeneratedFile, /home/tuna/STM32CubeIDE/workspace_1.18.1/stm32f4_dev_board/stm32f4_mobile_base_sim/Core/Inc/main.h_save
2025-09-07 20:39:53,203 [INFO] CodeEngine:289 - Generated code: /home/tuna/STM32CubeIDE/workspace_1.18.1/stm32f4_dev_board/stm32f4_mobile_base_sim/Core/Inc/main.h
2025-09-07 20:39:53,204 [INFO] CodeEngine:265 - oldGeneratedFile, /home/tuna/STM32CubeIDE/workspace_1.18.1/stm32f4_dev_board/stm32f4_mobile_base_sim/Core/Src/main.c_save
2025-09-07 20:39:53,273 [INFO] CodeEngine:289 - Generated code: /home/tuna/STM32CubeIDE/workspace_1.18.1/stm32f4_dev_board/stm32f4_mobile_base_sim/Core/Src/main.c
2025-09-07 20:39:53,475 [INFO] ProjectBuilder:3606 - Time for Copy HAL[1] : 33mS.
2025-09-07 20:39:53,479 [INFO] ProjectBuilder:5216 - Project Generator version: 4.7.0-B52
2025-09-07 20:39:53,550 [INFO] ConfigFileManager:1595 - The Die is : DIE413
2025-09-07 20:39:53,552 [INFO] ApiDbMcu:532 - Load IP Config File for FATFS
2025-09-07 20:39:53,555 [INFO] ApiDbMcu:532 - Load IP Config File for FREERTOS
2025-09-07 20:39:53,557 [INFO] ApiDbMcu:532 - Load IP Config File for LIBJPEG
2025-09-07 20:39:53,561 [INFO] ApiDbMcu:532 - Load IP Config File for LWIP
2025-09-07 20:39:53,564 [INFO] ApiDbMcu:532 - Load IP Config File for MBEDTLS
2025-09-07 20:39:53,567 [INFO] ApiDbMcu:532 - Load IP Config File for USB_HOST
2025-09-07 20:39:54,642 [INFO] ProjectBuilder:5496 - Time for Generating toolchain IDE Files: 1163mS.
2025-09-07 20:39:54,642 [INFO] ProjectBuilder:3463 - Time for Copy CMSIS : 0mS.
2025-09-07 20:39:54,644 [INFO] ProjectBuilder:3463 - Time for Copy CMSIS : 1mS.
2025-09-07 20:39:57,465 [ERROR] ConfigurationRetriever:142 - IOException on connection: Read timed out
2025-09-07 20:42:34,906 [INFO] UtilMem:75 - End SaveConfig() Used Memory: 473724960 Bytes (796917760)
2025-09-07 20:42:36,403 [INFO] UtilMem:75 - End SaveConfig() Used Memory: 552368160 Bytes (796917760)
2025-09-07 20:42:36,686 [INFO] BlockDiagram:2775 - set Specific Code input for plugin: FSMC
2025-09-07 20:42:36,686 [INFO] BlockDiagram:2775 - set Specific Code input for plugin: USB_DEVICE
2025-09-07 20:42:36,686 [INFO] BlockDiagram:2775 - set Specific Code input for plugin: SYS
2025-09-07 20:42:36,686 [INFO] BlockDiagram:2775 - set Specific Code input for plugin: ADC
2025-09-07 20:42:36,687 [INFO] BlockDiagram:2775 - set Specific Code input for plugin: RCC
2025-09-07 20:42:36,687 [INFO] BlockDiagram:2775 - set Specific Code input for plugin: I2C
2025-09-07 20:42:36,687 [INFO] BlockDiagram:2775 - set Specific Code input for plugin: USB_OTG_FS
2025-09-07 20:42:36,687 [INFO] BlockDiagram:2775 - set Specific Code input for plugin: NVIC
2025-09-07 20:42:36,687 [INFO] BlockDiagram:2775 - set Specific Code input for plugin: UART
2025-09-07 20:42:36,689 [INFO] BlockDiagram:2775 - set Specific Code input for plugin: GPIO
2025-09-07 20:42:36,689 [INFO] CodeGenerator:892 - code generatio: config db path: /home/tuna/st/stm32cubeide_1.18.1/plugins/com.st.stm32cube.common.mx_6.15.0.202507011659//db/
2025-09-07 20:42:36,712 [WARN] IP:2250 - I2C_Coeff_DF not found: check if there is a RefParameter without a condition.
2025-09-07 20:42:36,712 [WARN] IP:2250 - Analog_Filter not found: check if there is a RefParameter without a condition.
2025-09-07 20:42:36,728 [WARN] IP:2250 - DEVICE_SERIAL0_CDC_FS not found: check if there is a RefParameter without a condition.
2025-09-07 20:42:36,728 [WARN] IP:2250 - DEVICE_SERIAL1_CDC_FS not found: check if there is a RefParameter without a condition.
2025-09-07 20:42:36,728 [WARN] IP:2250 - DEVICE_SERIAL2_CDC_FS not found: check if there is a RefParameter without a condition.
2025-09-07 20:42:36,821 [INFO] CodeEngine:265 - oldGeneratedFile, /home/tuna/STM32CubeIDE/workspace_1.18.1/stm32f4_dev_board/stm32f4_mobile_base_sim/MXTmpFiles/license.tmp_save
2025-09-07 20:42:37,001 [INFO] CodeEngine:289 - Generated code: /home/tuna/STM32CubeIDE/workspace_1.18.1/stm32f4_dev_board/stm32f4_mobile_base_sim/MXTmpFiles/license.tmp
2025-09-07 20:42:37,058 [INFO] CodeEngine:265 - oldGeneratedFile, /home/tuna/STM32CubeIDE/workspace_1.18.1/stm32f4_dev_board/stm32f4_mobile_base_sim/Core/Src/gpio.c_save
2025-09-07 20:42:37,149 [INFO] CodeEngine:289 - Generated code: /home/tuna/STM32CubeIDE/workspace_1.18.1/stm32f4_dev_board/stm32f4_mobile_base_sim/Core/Src/gpio.c
2025-09-07 20:42:37,151 [INFO] CodeEngine:265 - oldGeneratedFile, /home/tuna/STM32CubeIDE/workspace_1.18.1/stm32f4_dev_board/stm32f4_mobile_base_sim/Core/Inc/gpio.h_save
2025-09-07 20:42:37,225 [INFO] CodeEngine:289 - Generated code: /home/tuna/STM32CubeIDE/workspace_1.18.1/stm32f4_dev_board/stm32f4_mobile_base_sim/Core/Inc/gpio.h
2025-09-07 20:42:37,314 [WARN] IPConfigManager:3238 - Warning: the RefConfig PWREx_EnableUSBVoltageDetector is not available in your config.xml file
2025-09-07 20:42:37,322 [INFO] CodeEngine:265 - oldGeneratedFile, /home/tuna/STM32CubeIDE/workspace_1.18.1/stm32f4_dev_board/stm32f4_mobile_base_sim/MXTmpFiles/usb_otg_fs_vars.tmp_save
2025-09-07 20:42:37,400 [INFO] CodeEngine:289 - Generated code: /home/tuna/STM32CubeIDE/workspace_1.18.1/stm32f4_dev_board/stm32f4_mobile_base_sim/MXTmpFiles/usb_otg_fs_vars.tmp
2025-09-07 20:42:37,402 [INFO] CodeEngine:265 - oldGeneratedFile, /home/tuna/STM32CubeIDE/workspace_1.18.1/stm32f4_dev_board/stm32f4_mobile_base_sim/MXTmpFiles/usb_otg_fs_inc.tmp_save
2025-09-07 20:42:37,456 [INFO] CodeEngine:289 - Generated code: /home/tuna/STM32CubeIDE/workspace_1.18.1/stm32f4_dev_board/stm32f4_mobile_base_sim/MXTmpFiles/usb_otg_fs_inc.tmp
2025-09-07 20:42:37,458 [INFO] CodeEngine:265 - oldGeneratedFile, /home/tuna/STM32CubeIDE/workspace_1.18.1/stm32f4_dev_board/stm32f4_mobile_base_sim/MXTmpFiles/usb_otg_fs_HalInit.tmp_save
2025-09-07 20:42:37,519 [INFO] CodeEngine:289 - Generated code: /home/tuna/STM32CubeIDE/workspace_1.18.1/stm32f4_dev_board/stm32f4_mobile_base_sim/MXTmpFiles/usb_otg_fs_HalInit.tmp
2025-09-07 20:42:37,521 [INFO] CodeEngine:265 - oldGeneratedFile, /home/tuna/STM32CubeIDE/workspace_1.18.1/stm32f4_dev_board/stm32f4_mobile_base_sim/MXTmpFiles/usb_otg_fs_Msp.tmp_save
2025-09-07 20:42:37,595 [INFO] CodeEngine:289 - Generated code: /home/tuna/STM32CubeIDE/workspace_1.18.1/stm32f4_dev_board/stm32f4_mobile_base_sim/MXTmpFiles/usb_otg_fs_Msp.tmp
2025-09-07 20:42:37,822 [INFO] Middleware:1452 - No code input for Bsp Dependency
2025-09-07 20:42:37,827 [INFO] CodeEngine:265 - oldGeneratedFile, /home/tuna/STM32CubeIDE/workspace_1.18.1/stm32f4_dev_board/stm32f4_mobile_base_sim/Core/Src/adc.c_save
2025-09-07 20:42:37,908 [INFO] CodeEngine:289 - Generated code: /home/tuna/STM32CubeIDE/workspace_1.18.1/stm32f4_dev_board/stm32f4_mobile_base_sim/Core/Src/adc.c
2025-09-07 20:42:37,910 [INFO] CodeEngine:265 - oldGeneratedFile, /home/tuna/STM32CubeIDE/workspace_1.18.1/stm32f4_dev_board/stm32f4_mobile_base_sim/Core/Inc/adc.h_save
2025-09-07 20:42:37,964 [INFO] CodeEngine:289 - Generated code: /home/tuna/STM32CubeIDE/workspace_1.18.1/stm32f4_dev_board/stm32f4_mobile_base_sim/Core/Inc/adc.h
2025-09-07 20:42:37,968 [INFO] CodeEngine:265 - oldGeneratedFile, /home/tuna/STM32CubeIDE/workspace_1.18.1/stm32f4_dev_board/stm32f4_mobile_base_sim/Core/Src/fsmc.c_save
2025-09-07 20:42:38,022 [INFO] CodeEngine:289 - Generated code: /home/tuna/STM32CubeIDE/workspace_1.18.1/stm32f4_dev_board/stm32f4_mobile_base_sim/Core/Src/fsmc.c
2025-09-07 20:42:38,024 [INFO] CodeEngine:265 - oldGeneratedFile, /home/tuna/STM32CubeIDE/workspace_1.18.1/stm32f4_dev_board/stm32f4_mobile_base_sim/Core/Inc/fsmc.h_save
2025-09-07 20:42:38,071 [INFO] CodeEngine:289 - Generated code: /home/tuna/STM32CubeIDE/workspace_1.18.1/stm32f4_dev_board/stm32f4_mobile_base_sim/Core/Inc/fsmc.h
2025-09-07 20:42:38,076 [INFO] CodeEngine:265 - oldGeneratedFile, /home/tuna/STM32CubeIDE/workspace_1.18.1/stm32f4_dev_board/stm32f4_mobile_base_sim/Core/Src/i2c.c_save
2025-09-07 20:42:38,142 [INFO] CodeEngine:289 - Generated code: /home/tuna/STM32CubeIDE/workspace_1.18.1/stm32f4_dev_board/stm32f4_mobile_base_sim/Core/Src/i2c.c
2025-09-07 20:42:38,143 [INFO] CodeEngine:265 - oldGeneratedFile, /home/tuna/STM32CubeIDE/workspace_1.18.1/stm32f4_dev_board/stm32f4_mobile_base_sim/Core/Inc/i2c.h_save
2025-09-07 20:42:38,187 [INFO] CodeEngine:289 - Generated code: /home/tuna/STM32CubeIDE/workspace_1.18.1/stm32f4_dev_board/stm32f4_mobile_base_sim/Core/Inc/i2c.h
2025-09-07 20:42:38,190 [INFO] CodeEngine:265 - oldGeneratedFile, /home/tuna/STM32CubeIDE/workspace_1.18.1/stm32f4_dev_board/stm32f4_mobile_base_sim/Core/Src/usart.c_save
2025-09-07 20:42:38,252 [INFO] CodeEngine:289 - Generated code: /home/tuna/STM32CubeIDE/workspace_1.18.1/stm32f4_dev_board/stm32f4_mobile_base_sim/Core/Src/usart.c
2025-09-07 20:42:38,254 [INFO] CodeEngine:265 - oldGeneratedFile, /home/tuna/STM32CubeIDE/workspace_1.18.1/stm32f4_dev_board/stm32f4_mobile_base_sim/Core/Inc/usart.h_save
2025-09-07 20:42:38,297 [INFO] CodeEngine:289 - Generated code: /home/tuna/STM32CubeIDE/workspace_1.18.1/stm32f4_dev_board/stm32f4_mobile_base_sim/Core/Inc/usart.h
2025-09-07 20:42:38,315 [INFO] Middleware:1452 - No code input for Bsp Dependency
2025-09-07 20:42:38,318 [INFO] CodeEngine:265 - oldGeneratedFile, /home/tuna/STM32CubeIDE/workspace_1.18.1/stm32f4_dev_board/stm32f4_mobile_base_sim/USB_DEVICE/App/usb_device.c_save
2025-09-07 20:42:38,365 [INFO] CodeEngine:289 - Generated code: /home/tuna/STM32CubeIDE/workspace_1.18.1/stm32f4_dev_board/stm32f4_mobile_base_sim/USB_DEVICE/App/usb_device.c
2025-09-07 20:42:38,366 [INFO] CodeEngine:265 - oldGeneratedFile, /home/tuna/STM32CubeIDE/workspace_1.18.1/stm32f4_dev_board/stm32f4_mobile_base_sim/USB_DEVICE/App/usb_device.h_save
2025-09-07 20:42:38,412 [INFO] CodeEngine:289 - Generated code: /home/tuna/STM32CubeIDE/workspace_1.18.1/stm32f4_dev_board/stm32f4_mobile_base_sim/USB_DEVICE/App/usb_device.h
2025-09-07 20:42:38,413 [INFO] CodeEngine:265 - oldGeneratedFile, /home/tuna/STM32CubeIDE/workspace_1.18.1/stm32f4_dev_board/stm32f4_mobile_base_sim/USB_DEVICE/Target/usbd_conf.h_save
2025-09-07 20:42:38,458 [INFO] CodeEngine:289 - Generated code: /home/tuna/STM32CubeIDE/workspace_1.18.1/stm32f4_dev_board/stm32f4_mobile_base_sim/USB_DEVICE/Target/usbd_conf.h
2025-09-07 20:42:38,459 [INFO] CodeEngine:265 - oldGeneratedFile, /home/tuna/STM32CubeIDE/workspace_1.18.1/stm32f4_dev_board/stm32f4_mobile_base_sim/USB_DEVICE/Target/usbd_conf.c_save
2025-09-07 20:42:38,511 [INFO] CodeEngine:289 - Generated code: /home/tuna/STM32CubeIDE/workspace_1.18.1/stm32f4_dev_board/stm32f4_mobile_base_sim/USB_DEVICE/Target/usbd_conf.c
2025-09-07 20:42:38,512 [INFO] CodeEngine:265 - oldGeneratedFile, /home/tuna/STM32CubeIDE/workspace_1.18.1/stm32f4_dev_board/stm32f4_mobile_base_sim/USB_DEVICE/App/usbd_desc.h_save
2025-09-07 20:42:38,564 [INFO] CodeEngine:289 - Generated code: /home/tuna/STM32CubeIDE/workspace_1.18.1/stm32f4_dev_board/stm32f4_mobile_base_sim/USB_DEVICE/App/usbd_desc.h
2025-09-07 20:42:38,565 [INFO] CodeEngine:265 - oldGeneratedFile, /home/tuna/STM32CubeIDE/workspace_1.18.1/stm32f4_dev_board/stm32f4_mobile_base_sim/USB_DEVICE/App/usbd_desc.c_save
2025-09-07 20:42:38,614 [INFO] CodeEngine:289 - Generated code: /home/tuna/STM32CubeIDE/workspace_1.18.1/stm32f4_dev_board/stm32f4_mobile_base_sim/USB_DEVICE/App/usbd_desc.c
2025-09-07 20:42:38,615 [INFO] CodeEngine:265 - oldGeneratedFile, /home/tuna/STM32CubeIDE/workspace_1.18.1/stm32f4_dev_board/stm32f4_mobile_base_sim/USB_DEVICE/App/usbd_cdc_if.h_save
2025-09-07 20:42:38,660 [INFO] CodeEngine:289 - Generated code: /home/tuna/STM32CubeIDE/workspace_1.18.1/stm32f4_dev_board/stm32f4_mobile_base_sim/USB_DEVICE/App/usbd_cdc_if.h
2025-09-07 20:42:38,661 [INFO] CodeEngine:265 - oldGeneratedFile, /home/tuna/STM32CubeIDE/workspace_1.18.1/stm32f4_dev_board/stm32f4_mobile_base_sim/USB_DEVICE/App/usbd_cdc_if.c_save
2025-09-07 20:42:38,712 [INFO] CodeEngine:289 - Generated code: /home/tuna/STM32CubeIDE/workspace_1.18.1/stm32f4_dev_board/stm32f4_mobile_base_sim/USB_DEVICE/App/usbd_cdc_if.c
2025-09-07 20:42:38,717 [INFO] CodeEngine:265 - oldGeneratedFile, /home/tuna/STM32CubeIDE/workspace_1.18.1/stm32f4_dev_board/stm32f4_mobile_base_sim/Core/Src/stm32f4xx_it.c_save
2025-09-07 20:42:38,765 [INFO] CodeEngine:289 - Generated code: /home/tuna/STM32CubeIDE/workspace_1.18.1/stm32f4_dev_board/stm32f4_mobile_base_sim/Core/Src/stm32f4xx_it.c
2025-09-07 20:42:38,766 [INFO] CodeEngine:265 - oldGeneratedFile, /home/tuna/STM32CubeIDE/workspace_1.18.1/stm32f4_dev_board/stm32f4_mobile_base_sim/Core/Inc/stm32f4xx_it.h_save
2025-09-07 20:42:38,811 [INFO] CodeEngine:289 - Generated code: /home/tuna/STM32CubeIDE/workspace_1.18.1/stm32f4_dev_board/stm32f4_mobile_base_sim/Core/Inc/stm32f4xx_it.h
2025-09-07 20:42:38,818 [INFO] CodeEngine:265 - oldGeneratedFile, /home/tuna/STM32CubeIDE/workspace_1.18.1/stm32f4_dev_board/stm32f4_mobile_base_sim/Core/Src/stm32f4xx_hal_msp.c_save
2025-09-07 20:42:38,879 [INFO] CodeEngine:289 - Generated code: /home/tuna/STM32CubeIDE/workspace_1.18.1/stm32f4_dev_board/stm32f4_mobile_base_sim/Core/Src/stm32f4xx_hal_msp.c
2025-09-07 20:42:38,880 [INFO] CodeEngine:265 - oldGeneratedFile, /home/tuna/STM32CubeIDE/workspace_1.18.1/stm32f4_dev_board/stm32f4_mobile_base_sim/MXTmpFiles/system.tmp_save
2025-09-07 20:42:38,924 [INFO] CodeEngine:289 - Generated code: /home/tuna/STM32CubeIDE/workspace_1.18.1/stm32f4_dev_board/stm32f4_mobile_base_sim/MXTmpFiles/system.tmp
2025-09-07 20:42:38,927 [INFO] CodeEngine:321 - oldGeneratedFile, /home/tuna/STM32CubeIDE/workspace_1.18.1/stm32f4_dev_board/stm32f4_mobile_base_sim/Core/Inc/stm32f4xx_hal_conf.h_save
2025-09-07 20:42:38,976 [INFO] CodeEngine:345 - Generated code: /home/tuna/STM32CubeIDE/workspace_1.18.1/stm32f4_dev_board/stm32f4_mobile_base_sim/Core/Inc/stm32f4xx_hal_conf.h
2025-09-07 20:42:38,997 [INFO] CodeEngine:265 - oldGeneratedFile, /home/tuna/STM32CubeIDE/workspace_1.18.1/stm32f4_dev_board/stm32f4_mobile_base_sim/Core/Inc/main.h_save
2025-09-07 20:42:39,046 [INFO] CodeEngine:289 - Generated code: /home/tuna/STM32CubeIDE/workspace_1.18.1/stm32f4_dev_board/stm32f4_mobile_base_sim/Core/Inc/main.h
2025-09-07 20:42:39,047 [INFO] CodeEngine:265 - oldGeneratedFile, /home/tuna/STM32CubeIDE/workspace_1.18.1/stm32f4_dev_board/stm32f4_mobile_base_sim/Core/Src/main.c_save
2025-09-07 20:42:39,110 [INFO] CodeEngine:289 - Generated code: /home/tuna/STM32CubeIDE/workspace_1.18.1/stm32f4_dev_board/stm32f4_mobile_base_sim/Core/Src/main.c
2025-09-07 20:42:39,332 [INFO] ProjectBuilder:3606 - Time for Copy HAL[1] : 28mS.
2025-09-07 20:42:39,335 [INFO] ProjectBuilder:5216 - Project Generator version: 4.7.0-B52
2025-09-07 20:42:39,402 [INFO] ConfigFileManager:1595 - The Die is : DIE413
2025-09-07 20:42:40,331 [INFO] ProjectBuilder:5496 - Time for Generating toolchain IDE Files: 996mS.
2025-09-07 20:42:40,333 [INFO] ProjectBuilder:3463 - Time for Copy CMSIS : 2mS.
2025-09-07 20:42:40,336 [INFO] ProjectBuilder:3463 - Time for Copy CMSIS : 0mS.
2025-09-07 20:48:51,231 [WARN] IP:2250 - DEVICE_SERIAL0_CDC_FS not found: check if there is a RefParameter without a condition.
2025-09-07 20:48:51,232 [WARN] IP:2250 - DEVICE_SERIAL1_CDC_FS not found: check if there is a RefParameter without a condition.
2025-09-07 20:48:51,232 [WARN] IP:2250 - DEVICE_SERIAL2_CDC_FS not found: check if there is a RefParameter without a condition.
2025-09-07 20:48:51,234 [WARN] IP:2250 - DEVICE_SERIAL0_CDC_FS not found: check if there is a RefParameter without a condition.
2025-09-07 20:48:51,234 [WARN] IP:2250 - DEVICE_SERIAL1_CDC_FS not found: check if there is a RefParameter without a condition.
2025-09-07 20:48:51,234 [WARN] IP:2250 - DEVICE_SERIAL2_CDC_FS not found: check if there is a RefParameter without a condition.
2025-09-07 20:48:51,301 [WARN] IP:2250 - I2C_Coeff_DF not found: check if there is a RefParameter without a condition.
2025-09-07 20:48:51,301 [WARN] IP:2250 - Analog_Filter not found: check if there is a RefParameter without a condition.
2025-09-07 20:48:51,301 [WARN] IP:2250 - I2C_Coeff_DF not found: check if there is a RefParameter without a condition.
2025-09-07 20:48:51,302 [WARN] IP:2250 - Analog_Filter not found: check if there is a RefParameter without a condition.
2025-09-07 20:48:51,337 [WARN] IP:2250 - DEVICE_SERIAL0_CDC_FS not found: check if there is a RefParameter without a condition.
2025-09-07 20:48:51,337 [WARN] IP:2250 - DEVICE_SERIAL1_CDC_FS not found: check if there is a RefParameter without a condition.
2025-09-07 20:48:51,337 [WARN] IP:2250 - DEVICE_SERIAL2_CDC_FS not found: check if there is a RefParameter without a condition.
2025-09-07 20:48:51,375 [WARN] IP:2250 - I2C_Coeff_DF not found: check if there is a RefParameter without a condition.
2025-09-07 20:48:51,376 [WARN] IP:2250 - Analog_Filter not found: check if there is a RefParameter without a condition.
2025-09-07 20:48:51,401 [WARN] IP:2250 - DEVICE_SERIAL0_CDC_FS not found: check if there is a RefParameter without a condition.
2025-09-07 20:48:51,401 [WARN] IP:2250 - DEVICE_SERIAL1_CDC_FS not found: check if there is a RefParameter without a condition.
2025-09-07 20:48:51,401 [WARN] IP:2250 - DEVICE_SERIAL2_CDC_FS not found: check if there is a RefParameter without a condition.
2025-09-07 20:48:51,440 [WARN] IP:2250 - I2C_Coeff_DF not found: check if there is a RefParameter without a condition.
2025-09-07 20:48:51,440 [WARN] IP:2250 - Analog_Filter not found: check if there is a RefParameter without a condition.
2025-09-07 20:48:55,626 [WARN] IP:2250 - DEVICE_SERIAL0_CDC_FS not found: check if there is a RefParameter without a condition.
2025-09-07 20:48:55,626 [WARN] IP:2250 - DEVICE_SERIAL1_CDC_FS not found: check if there is a RefParameter without a condition.
2025-09-07 20:48:55,626 [WARN] IP:2250 - DEVICE_SERIAL2_CDC_FS not found: check if there is a RefParameter without a condition.
2025-09-07 20:48:55,627 [WARN] IP:2250 - DEVICE_SERIAL0_CDC_FS not found: check if there is a RefParameter without a condition.
2025-09-07 20:48:55,627 [WARN] IP:2250 - DEVICE_SERIAL1_CDC_FS not found: check if there is a RefParameter without a condition.
2025-09-07 20:48:55,627 [WARN] IP:2250 - DEVICE_SERIAL2_CDC_FS not found: check if there is a RefParameter without a condition.
2025-09-07 20:48:55,663 [WARN] IP:2250 - I2C_Coeff_DF not found: check if there is a RefParameter without a condition.
2025-09-07 20:48:55,663 [WARN] IP:2250 - Analog_Filter not found: check if there is a RefParameter without a condition.
2025-09-07 20:48:55,664 [WARN] IP:2250 - I2C_Coeff_DF not found: check if there is a RefParameter without a condition.
2025-09-07 20:48:55,664 [WARN] IP:2250 - Analog_Filter not found: check if there is a RefParameter without a condition.
2025-09-07 20:48:55,686 [WARN] IP:2250 - DEVICE_SERIAL0_CDC_FS not found: check if there is a RefParameter without a condition.
2025-09-07 20:48:55,686 [WARN] IP:2250 - DEVICE_SERIAL1_CDC_FS not found: check if there is a RefParameter without a condition.
2025-09-07 20:48:55,686 [WARN] IP:2250 - DEVICE_SERIAL2_CDC_FS not found: check if there is a RefParameter without a condition.
2025-09-07 20:48:55,716 [WARN] IP:2250 - I2C_Coeff_DF not found: check if there is a RefParameter without a condition.
2025-09-07 20:48:55,717 [WARN] IP:2250 - Analog_Filter not found: check if there is a RefParameter without a condition.
2025-09-07 20:48:55,738 [WARN] IP:2250 - DEVICE_SERIAL0_CDC_FS not found: check if there is a RefParameter without a condition.
2025-09-07 20:48:55,738 [WARN] IP:2250 - DEVICE_SERIAL1_CDC_FS not found: check if there is a RefParameter without a condition.
2025-09-07 20:48:55,738 [WARN] IP:2250 - DEVICE_SERIAL2_CDC_FS not found: check if there is a RefParameter without a condition.
2025-09-07 20:48:55,770 [WARN] IP:2250 - I2C_Coeff_DF not found: check if there is a RefParameter without a condition.
2025-09-07 20:48:55,771 [WARN] IP:2250 - Analog_Filter not found: check if there is a RefParameter without a condition.
2025-09-07 20:49:05,167 [WARN] IP:2250 - DEVICE_SERIAL0_CDC_FS not found: check if there is a RefParameter without a condition.
2025-09-07 20:49:05,167 [WARN] IP:2250 - DEVICE_SERIAL1_CDC_FS not found: check if there is a RefParameter without a condition.
2025-09-07 20:49:05,167 [WARN] IP:2250 - DEVICE_SERIAL2_CDC_FS not found: check if there is a RefParameter without a condition.
2025-09-07 20:49:05,168 [WARN] IP:2250 - DEVICE_SERIAL0_CDC_FS not found: check if there is a RefParameter without a condition.
2025-09-07 20:49:05,168 [WARN] IP:2250 - DEVICE_SERIAL1_CDC_FS not found: check if there is a RefParameter without a condition.
2025-09-07 20:49:05,168 [WARN] IP:2250 - DEVICE_SERIAL2_CDC_FS not found: check if there is a RefParameter without a condition.
2025-09-07 20:49:05,197 [WARN] IP:2250 - I2C_Coeff_DF not found: check if there is a RefParameter without a condition.
2025-09-07 20:49:05,197 [WARN] IP:2250 - Analog_Filter not found: check if there is a RefParameter without a condition.
2025-09-07 20:49:05,197 [WARN] IP:2250 - I2C_Coeff_DF not found: check if there is a RefParameter without a condition.
2025-09-07 20:49:05,198 [WARN] IP:2250 - Analog_Filter not found: check if there is a RefParameter without a condition.
2025-09-07 20:49:05,214 [WARN] IP:2250 - DEVICE_SERIAL0_CDC_FS not found: check if there is a RefParameter without a condition.
2025-09-07 20:49:05,214 [WARN] IP:2250 - DEVICE_SERIAL1_CDC_FS not found: check if there is a RefParameter without a condition.
2025-09-07 20:49:05,215 [WARN] IP:2250 - DEVICE_SERIAL2_CDC_FS not found: check if there is a RefParameter without a condition.
2025-09-07 20:49:05,246 [WARN] IP:2250 - I2C_Coeff_DF not found: check if there is a RefParameter without a condition.
2025-09-07 20:49:05,247 [WARN] IP:2250 - Analog_Filter not found: check if there is a RefParameter without a condition.
2025-09-07 20:49:05,266 [WARN] IP:2250 - DEVICE_SERIAL0_CDC_FS not found: check if there is a RefParameter without a condition.
2025-09-07 20:49:05,267 [WARN] IP:2250 - DEVICE_SERIAL1_CDC_FS not found: check if there is a RefParameter without a condition.
2025-09-07 20:49:05,267 [WARN] IP:2250 - DEVICE_SERIAL2_CDC_FS not found: check if there is a RefParameter without a condition.
2025-09-07 20:49:05,294 [WARN] IP:2250 - I2C_Coeff_DF not found: check if there is a RefParameter without a condition.
2025-09-07 20:49:05,294 [WARN] IP:2250 - Analog_Filter not found: check if there is a RefParameter without a condition.
2025-09-07 20:49:15,409 [WARN] IP:2250 - DEVICE_SERIAL0_CDC_FS not found: check if there is a RefParameter without a condition.
2025-09-07 20:49:15,409 [WARN] IP:2250 - DEVICE_SERIAL1_CDC_FS not found: check if there is a RefParameter without a condition.
2025-09-07 20:49:15,410 [WARN] IP:2250 - DEVICE_SERIAL2_CDC_FS not found: check if there is a RefParameter without a condition.
2025-09-07 20:49:15,410 [WARN] IP:2250 - DEVICE_SERIAL0_CDC_FS not found: check if there is a RefParameter without a condition.
2025-09-07 20:49:15,411 [WARN] IP:2250 - DEVICE_SERIAL1_CDC_FS not found: check if there is a RefParameter without a condition.
2025-09-07 20:49:15,411 [WARN] IP:2250 - DEVICE_SERIAL2_CDC_FS not found: check if there is a RefParameter without a condition.
2025-09-07 20:49:15,446 [WARN] IP:2250 - I2C_Coeff_DF not found: check if there is a RefParameter without a condition.
2025-09-07 20:49:15,446 [WARN] IP:2250 - Analog_Filter not found: check if there is a RefParameter without a condition.
2025-09-07 20:49:15,446 [WARN] IP:2250 - I2C_Coeff_DF not found: check if there is a RefParameter without a condition.
2025-09-07 20:49:15,446 [WARN] IP:2250 - Analog_Filter not found: check if there is a RefParameter without a condition.
2025-09-07 20:49:15,467 [WARN] IP:2250 - DEVICE_SERIAL0_CDC_FS not found: check if there is a RefParameter without a condition.
2025-09-07 20:49:15,467 [WARN] IP:2250 - DEVICE_SERIAL1_CDC_FS not found: check if there is a RefParameter without a condition.
2025-09-07 20:49:15,467 [WARN] IP:2250 - DEVICE_SERIAL2_CDC_FS not found: check if there is a RefParameter without a condition.
2025-09-07 20:49:15,496 [WARN] IP:2250 - I2C_Coeff_DF not found: check if there is a RefParameter without a condition.
2025-09-07 20:49:15,496 [WARN] IP:2250 - Analog_Filter not found: check if there is a RefParameter without a condition.
2025-09-07 20:49:15,515 [WARN] IP:2250 - DEVICE_SERIAL0_CDC_FS not found: check if there is a RefParameter without a condition.
2025-09-07 20:49:15,515 [WARN] IP:2250 - DEVICE_SERIAL1_CDC_FS not found: check if there is a RefParameter without a condition.
2025-09-07 20:49:15,515 [WARN] IP:2250 - DEVICE_SERIAL2_CDC_FS not found: check if there is a RefParameter without a condition.
2025-09-07 20:49:15,542 [WARN] IP:2250 - I2C_Coeff_DF not found: check if there is a RefParameter without a condition.
2025-09-07 20:49:15,542 [WARN] IP:2250 - Analog_Filter not found: check if there is a RefParameter without a condition.
2025-09-07 20:50:03,745 [INFO] UtilMem:75 - End SaveConfig() Used Memory: 790171264 Bytes (911212544)
2025-09-07 20:50:05,794 [INFO] UtilMem:75 - End SaveConfig() Used Memory: 330144032 Bytes (911212544)
2025-09-07 20:50:06,147 [INFO] BlockDiagram:2775 - set Specific Code input for plugin: FSMC
2025-09-07 20:50:06,147 [INFO] BlockDiagram:2775 - set Specific Code input for plugin: USB_DEVICE
2025-09-07 20:50:06,147 [INFO] BlockDiagram:2775 - set Specific Code input for plugin: SYS
2025-09-07 20:50:06,147 [INFO] BlockDiagram:2775 - set Specific Code input for plugin: ADC
2025-09-07 20:50:06,148 [INFO] BlockDiagram:2775 - set Specific Code input for plugin: RCC
2025-09-07 20:50:06,148 [INFO] BlockDiagram:2775 - set Specific Code input for plugin: I2C
2025-09-07 20:50:06,148 [INFO] BlockDiagram:2775 - set Specific Code input for plugin: USB_OTG_FS
2025-09-07 20:50:06,148 [INFO] BlockDiagram:2775 - set Specific Code input for plugin: NVIC
2025-09-07 20:50:06,148 [INFO] BlockDiagram:2775 - set Specific Code input for plugin: UART
2025-09-07 20:50:06,148 [INFO] BlockDiagram:2775 - set Specific Code input for plugin: GPIO
2025-09-07 20:50:06,149 [INFO] CodeGenerator:892 - code generatio: config db path: /home/tuna/st/stm32cubeide_1.18.1/plugins/com.st.stm32cube.common.mx_6.15.0.202507011659//db/
2025-09-07 20:50:06,164 [WARN] IP:2250 - I2C_Coeff_DF not found: check if there is a RefParameter without a condition.
2025-09-07 20:50:06,164 [WARN] IP:2250 - Analog_Filter not found: check if there is a RefParameter without a condition.
2025-09-07 20:50:06,176 [WARN] IP:2250 - DEVICE_SERIAL0_CDC_FS not found: check if there is a RefParameter without a condition.
2025-09-07 20:50:06,176 [WARN] IP:2250 - DEVICE_SERIAL1_CDC_FS not found: check if there is a RefParameter without a condition.
2025-09-07 20:50:06,176 [WARN] IP:2250 - DEVICE_SERIAL2_CDC_FS not found: check if there is a RefParameter without a condition.
2025-09-07 20:50:06,282 [INFO] CodeEngine:265 - oldGeneratedFile, /home/tuna/STM32CubeIDE/workspace_1.18.1/stm32f4_dev_board/stm32f4_mobile_base_sim/MXTmpFiles/license.tmp_save
2025-09-07 20:50:06,404 [INFO] CodeEngine:289 - Generated code: /home/tuna/STM32CubeIDE/workspace_1.18.1/stm32f4_dev_board/stm32f4_mobile_base_sim/MXTmpFiles/license.tmp
2025-09-07 20:50:06,446 [INFO] CodeEngine:265 - oldGeneratedFile, /home/tuna/STM32CubeIDE/workspace_1.18.1/stm32f4_dev_board/stm32f4_mobile_base_sim/Core/Src/gpio.c_save
2025-09-07 20:50:06,538 [INFO] CodeEngine:289 - Generated code: /home/tuna/STM32CubeIDE/workspace_1.18.1/stm32f4_dev_board/stm32f4_mobile_base_sim/Core/Src/gpio.c
2025-09-07 20:50:06,541 [INFO] CodeEngine:265 - oldGeneratedFile, /home/tuna/STM32CubeIDE/workspace_1.18.1/stm32f4_dev_board/stm32f4_mobile_base_sim/Core/Inc/gpio.h_save
2025-09-07 20:50:06,633 [INFO] CodeEngine:289 - Generated code: /home/tuna/STM32CubeIDE/workspace_1.18.1/stm32f4_dev_board/stm32f4_mobile_base_sim/Core/Inc/gpio.h
2025-09-07 20:50:06,705 [WARN] IPConfigManager:3238 - Warning: the RefConfig PWREx_EnableUSBVoltageDetector is not available in your config.xml file
2025-09-07 20:50:06,712 [INFO] CodeEngine:265 - oldGeneratedFile, /home/tuna/STM32CubeIDE/workspace_1.18.1/stm32f4_dev_board/stm32f4_mobile_base_sim/MXTmpFiles/usb_otg_fs_vars.tmp_save
2025-09-07 20:50:06,789 [INFO] CodeEngine:289 - Generated code: /home/tuna/STM32CubeIDE/workspace_1.18.1/stm32f4_dev_board/stm32f4_mobile_base_sim/MXTmpFiles/usb_otg_fs_vars.tmp
2025-09-07 20:50:06,791 [INFO] CodeEngine:265 - oldGeneratedFile, /home/tuna/STM32CubeIDE/workspace_1.18.1/stm32f4_dev_board/stm32f4_mobile_base_sim/MXTmpFiles/usb_otg_fs_inc.tmp_save
2025-09-07 20:50:06,843 [INFO] CodeEngine:289 - Generated code: /home/tuna/STM32CubeIDE/workspace_1.18.1/stm32f4_dev_board/stm32f4_mobile_base_sim/MXTmpFiles/usb_otg_fs_inc.tmp
2025-09-07 20:50:06,844 [INFO] CodeEngine:265 - oldGeneratedFile, /home/tuna/STM32CubeIDE/workspace_1.18.1/stm32f4_dev_board/stm32f4_mobile_base_sim/MXTmpFiles/usb_otg_fs_HalInit.tmp_save
2025-09-07 20:50:06,908 [INFO] CodeEngine:289 - Generated code: /home/tuna/STM32CubeIDE/workspace_1.18.1/stm32f4_dev_board/stm32f4_mobile_base_sim/MXTmpFiles/usb_otg_fs_HalInit.tmp
2025-09-07 20:50:06,910 [INFO] CodeEngine:265 - oldGeneratedFile, /home/tuna/STM32CubeIDE/workspace_1.18.1/stm32f4_dev_board/stm32f4_mobile_base_sim/MXTmpFiles/usb_otg_fs_Msp.tmp_save
2025-09-07 20:50:06,976 [INFO] CodeEngine:289 - Generated code: /home/tuna/STM32CubeIDE/workspace_1.18.1/stm32f4_dev_board/stm32f4_mobile_base_sim/MXTmpFiles/usb_otg_fs_Msp.tmp
2025-09-07 20:50:07,165 [INFO] Middleware:1452 - No code input for Bsp Dependency
2025-09-07 20:50:07,171 [INFO] CodeEngine:265 - oldGeneratedFile, /home/tuna/STM32CubeIDE/workspace_1.18.1/stm32f4_dev_board/stm32f4_mobile_base_sim/Core/Src/adc.c_save
2025-09-07 20:50:07,257 [INFO] CodeEngine:289 - Generated code: /home/tuna/STM32CubeIDE/workspace_1.18.1/stm32f4_dev_board/stm32f4_mobile_base_sim/Core/Src/adc.c
2025-09-07 20:50:07,259 [INFO] CodeEngine:265 - oldGeneratedFile, /home/tuna/STM32CubeIDE/workspace_1.18.1/stm32f4_dev_board/stm32f4_mobile_base_sim/Core/Inc/adc.h_save
2025-09-07 20:50:07,327 [INFO] CodeEngine:289 - Generated code: /home/tuna/STM32CubeIDE/workspace_1.18.1/stm32f4_dev_board/stm32f4_mobile_base_sim/Core/Inc/adc.h
2025-09-07 20:50:07,331 [INFO] CodeEngine:265 - oldGeneratedFile, /home/tuna/STM32CubeIDE/workspace_1.18.1/stm32f4_dev_board/stm32f4_mobile_base_sim/Core/Src/fsmc.c_save
2025-09-07 20:50:07,387 [INFO] CodeEngine:289 - Generated code: /home/tuna/STM32CubeIDE/workspace_1.18.1/stm32f4_dev_board/stm32f4_mobile_base_sim/Core/Src/fsmc.c
2025-09-07 20:50:07,389 [INFO] CodeEngine:265 - oldGeneratedFile, /home/tuna/STM32CubeIDE/workspace_1.18.1/stm32f4_dev_board/stm32f4_mobile_base_sim/Core/Inc/fsmc.h_save
2025-09-07 20:50:07,434 [INFO] CodeEngine:289 - Generated code: /home/tuna/STM32CubeIDE/workspace_1.18.1/stm32f4_dev_board/stm32f4_mobile_base_sim/Core/Inc/fsmc.h
2025-09-07 20:50:07,438 [INFO] CodeEngine:265 - oldGeneratedFile, /home/tuna/STM32CubeIDE/workspace_1.18.1/stm32f4_dev_board/stm32f4_mobile_base_sim/Core/Src/i2c.c_save
2025-09-07 20:50:07,500 [INFO] CodeEngine:289 - Generated code: /home/tuna/STM32CubeIDE/workspace_1.18.1/stm32f4_dev_board/stm32f4_mobile_base_sim/Core/Src/i2c.c
2025-09-07 20:50:07,501 [INFO] CodeEngine:265 - oldGeneratedFile, /home/tuna/STM32CubeIDE/workspace_1.18.1/stm32f4_dev_board/stm32f4_mobile_base_sim/Core/Inc/i2c.h_save
2025-09-07 20:50:07,543 [INFO] CodeEngine:289 - Generated code: /home/tuna/STM32CubeIDE/workspace_1.18.1/stm32f4_dev_board/stm32f4_mobile_base_sim/Core/Inc/i2c.h
2025-09-07 20:50:07,546 [INFO] CodeEngine:265 - oldGeneratedFile, /home/tuna/STM32CubeIDE/workspace_1.18.1/stm32f4_dev_board/stm32f4_mobile_base_sim/Core/Src/usart.c_save
2025-09-07 20:50:07,609 [INFO] CodeEngine:289 - Generated code: /home/tuna/STM32CubeIDE/workspace_1.18.1/stm32f4_dev_board/stm32f4_mobile_base_sim/Core/Src/usart.c
2025-09-07 20:50:07,610 [INFO] CodeEngine:265 - oldGeneratedFile, /home/tuna/STM32CubeIDE/workspace_1.18.1/stm32f4_dev_board/stm32f4_mobile_base_sim/Core/Inc/usart.h_save
2025-09-07 20:50:07,651 [INFO] CodeEngine:289 - Generated code: /home/tuna/STM32CubeIDE/workspace_1.18.1/stm32f4_dev_board/stm32f4_mobile_base_sim/Core/Inc/usart.h
2025-09-07 20:50:07,667 [INFO] Middleware:1452 - No code input for Bsp Dependency
2025-09-07 20:50:07,670 [INFO] CodeEngine:265 - oldGeneratedFile, /home/tuna/STM32CubeIDE/workspace_1.18.1/stm32f4_dev_board/stm32f4_mobile_base_sim/USB_DEVICE/App/usb_device.c_save
2025-09-07 20:50:07,716 [INFO] CodeEngine:289 - Generated code: /home/tuna/STM32CubeIDE/workspace_1.18.1/stm32f4_dev_board/stm32f4_mobile_base_sim/USB_DEVICE/App/usb_device.c
2025-09-07 20:50:07,717 [INFO] CodeEngine:265 - oldGeneratedFile, /home/tuna/STM32CubeIDE/workspace_1.18.1/stm32f4_dev_board/stm32f4_mobile_base_sim/USB_DEVICE/App/usb_device.h_save
2025-09-07 20:50:07,760 [INFO] CodeEngine:289 - Generated code: /home/tuna/STM32CubeIDE/workspace_1.18.1/stm32f4_dev_board/stm32f4_mobile_base_sim/USB_DEVICE/App/usb_device.h
2025-09-07 20:50:07,761 [INFO] CodeEngine:265 - oldGeneratedFile, /home/tuna/STM32CubeIDE/workspace_1.18.1/stm32f4_dev_board/stm32f4_mobile_base_sim/USB_DEVICE/Target/usbd_conf.h_save
2025-09-07 20:50:07,807 [INFO] CodeEngine:289 - Generated code: /home/tuna/STM32CubeIDE/workspace_1.18.1/stm32f4_dev_board/stm32f4_mobile_base_sim/USB_DEVICE/Target/usbd_conf.h
2025-09-07 20:50:07,808 [INFO] CodeEngine:265 - oldGeneratedFile, /home/tuna/STM32CubeIDE/workspace_1.18.1/stm32f4_dev_board/stm32f4_mobile_base_sim/USB_DEVICE/Target/usbd_conf.c_save
2025-09-07 20:50:07,856 [INFO] CodeEngine:289 - Generated code: /home/tuna/STM32CubeIDE/workspace_1.18.1/stm32f4_dev_board/stm32f4_mobile_base_sim/USB_DEVICE/Target/usbd_conf.c
2025-09-07 20:50:07,857 [INFO] CodeEngine:265 - oldGeneratedFile, /home/tuna/STM32CubeIDE/workspace_1.18.1/stm32f4_dev_board/stm32f4_mobile_base_sim/USB_DEVICE/App/usbd_desc.h_save
2025-09-07 20:50:07,897 [INFO] CodeEngine:289 - Generated code: /home/tuna/STM32CubeIDE/workspace_1.18.1/stm32f4_dev_board/stm32f4_mobile_base_sim/USB_DEVICE/App/usbd_desc.h
2025-09-07 20:50:07,898 [INFO] CodeEngine:265 - oldGeneratedFile, /home/tuna/STM32CubeIDE/workspace_1.18.1/stm32f4_dev_board/stm32f4_mobile_base_sim/USB_DEVICE/App/usbd_desc.c_save
2025-09-07 20:50:07,942 [INFO] CodeEngine:289 - Generated code: /home/tuna/STM32CubeIDE/workspace_1.18.1/stm32f4_dev_board/stm32f4_mobile_base_sim/USB_DEVICE/App/usbd_desc.c
2025-09-07 20:50:07,943 [INFO] CodeEngine:265 - oldGeneratedFile, /home/tuna/STM32CubeIDE/workspace_1.18.1/stm32f4_dev_board/stm32f4_mobile_base_sim/USB_DEVICE/App/usbd_cdc_if.h_save
2025-09-07 20:50:07,984 [INFO] CodeEngine:289 - Generated code: /home/tuna/STM32CubeIDE/workspace_1.18.1/stm32f4_dev_board/stm32f4_mobile_base_sim/USB_DEVICE/App/usbd_cdc_if.h
2025-09-07 20:50:07,985 [INFO] CodeEngine:265 - oldGeneratedFile, /home/tuna/STM32CubeIDE/workspace_1.18.1/stm32f4_dev_board/stm32f4_mobile_base_sim/USB_DEVICE/App/usbd_cdc_if.c_save
2025-09-07 20:50:08,033 [INFO] CodeEngine:289 - Generated code: /home/tuna/STM32CubeIDE/workspace_1.18.1/stm32f4_dev_board/stm32f4_mobile_base_sim/USB_DEVICE/App/usbd_cdc_if.c
2025-09-07 20:50:08,037 [INFO] CodeEngine:265 - oldGeneratedFile, /home/tuna/STM32CubeIDE/workspace_1.18.1/stm32f4_dev_board/stm32f4_mobile_base_sim/Core/Src/stm32f4xx_it.c_save
2025-09-07 20:50:08,081 [INFO] CodeEngine:289 - Generated code: /home/tuna/STM32CubeIDE/workspace_1.18.1/stm32f4_dev_board/stm32f4_mobile_base_sim/Core/Src/stm32f4xx_it.c
2025-09-07 20:50:08,082 [INFO] CodeEngine:265 - oldGeneratedFile, /home/tuna/STM32CubeIDE/workspace_1.18.1/stm32f4_dev_board/stm32f4_mobile_base_sim/Core/Inc/stm32f4xx_it.h_save
2025-09-07 20:50:08,121 [INFO] CodeEngine:289 - Generated code: /home/tuna/STM32CubeIDE/workspace_1.18.1/stm32f4_dev_board/stm32f4_mobile_base_sim/Core/Inc/stm32f4xx_it.h
2025-09-07 20:50:08,126 [INFO] CodeEngine:265 - oldGeneratedFile, /home/tuna/STM32CubeIDE/workspace_1.18.1/stm32f4_dev_board/stm32f4_mobile_base_sim/Core/Src/stm32f4xx_hal_msp.c_save
2025-09-07 20:50:08,182 [INFO] CodeEngine:289 - Generated code: /home/tuna/STM32CubeIDE/workspace_1.18.1/stm32f4_dev_board/stm32f4_mobile_base_sim/Core/Src/stm32f4xx_hal_msp.c
2025-09-07 20:50:08,183 [INFO] CodeEngine:265 - oldGeneratedFile, /home/tuna/STM32CubeIDE/workspace_1.18.1/stm32f4_dev_board/stm32f4_mobile_base_sim/MXTmpFiles/system.tmp_save
2025-09-07 20:50:08,222 [INFO] CodeEngine:289 - Generated code: /home/tuna/STM32CubeIDE/workspace_1.18.1/stm32f4_dev_board/stm32f4_mobile_base_sim/MXTmpFiles/system.tmp
2025-09-07 20:50:08,225 [INFO] CodeEngine:321 - oldGeneratedFile, /home/tuna/STM32CubeIDE/workspace_1.18.1/stm32f4_dev_board/stm32f4_mobile_base_sim/Core/Inc/stm32f4xx_hal_conf.h_save
2025-09-07 20:50:08,268 [INFO] CodeEngine:345 - Generated code: /home/tuna/STM32CubeIDE/workspace_1.18.1/stm32f4_dev_board/stm32f4_mobile_base_sim/Core/Inc/stm32f4xx_hal_conf.h
2025-09-07 20:50:08,285 [INFO] CodeEngine:265 - oldGeneratedFile, /home/tuna/STM32CubeIDE/workspace_1.18.1/stm32f4_dev_board/stm32f4_mobile_base_sim/Core/Inc/main.h_save
2025-09-07 20:50:08,328 [INFO] CodeEngine:289 - Generated code: /home/tuna/STM32CubeIDE/workspace_1.18.1/stm32f4_dev_board/stm32f4_mobile_base_sim/Core/Inc/main.h
2025-09-07 20:50:08,329 [INFO] CodeEngine:265 - oldGeneratedFile, /home/tuna/STM32CubeIDE/workspace_1.18.1/stm32f4_dev_board/stm32f4_mobile_base_sim/Core/Src/main.c_save
2025-09-07 20:50:08,389 [INFO] CodeEngine:289 - Generated code: /home/tuna/STM32CubeIDE/workspace_1.18.1/stm32f4_dev_board/stm32f4_mobile_base_sim/Core/Src/main.c
2025-09-07 20:50:08,543 [INFO] ProjectBuilder:3606 - Time for Copy HAL[1] : 28mS.
2025-09-07 20:50:08,546 [INFO] ProjectBuilder:5216 - Project Generator version: 4.7.0-B52
2025-09-07 20:50:08,607 [INFO] ConfigFileManager:1595 - The Die is : DIE413
2025-09-07 20:50:09,359 [INFO] ProjectBuilder:5496 - Time for Generating toolchain IDE Files: 813mS.
2025-09-07 20:50:09,360 [INFO] ProjectBuilder:3463 - Time for Copy CMSIS : 1mS.
2025-09-07 20:50:09,361 [INFO] ProjectBuilder:3463 - Time for Copy CMSIS : 1mS.
2025-09-07 20:50:49,118 [INFO] UtilMem:75 - End SaveConfig() Used Memory: 615771088 Bytes (911212544)
2025-09-07 20:50:51,356 [INFO] UtilMem:75 - End SaveConfig() Used Memory: 697560016 Bytes (911212544)
2025-09-07 20:50:51,443 [INFO] BlockDiagram:2775 - set Specific Code input for plugin: FSMC
2025-09-07 20:50:51,443 [INFO] BlockDiagram:2775 - set Specific Code input for plugin: USB_DEVICE
2025-09-07 20:50:51,443 [INFO] BlockDiagram:2775 - set Specific Code input for plugin: SYS
2025-09-07 20:50:51,443 [INFO] BlockDiagram:2775 - set Specific Code input for plugin: ADC
2025-09-07 20:50:51,443 [INFO] BlockDiagram:2775 - set Specific Code input for plugin: RCC
2025-09-07 20:50:51,443 [INFO] BlockDiagram:2775 - set Specific Code input for plugin: I2C
2025-09-07 20:50:51,443 [INFO] BlockDiagram:2775 - set Specific Code input for plugin: USB_OTG_FS
2025-09-07 20:50:51,443 [INFO] BlockDiagram:2775 - set Specific Code input for plugin: NVIC
2025-09-07 20:50:51,443 [INFO] BlockDiagram:2775 - set Specific Code input for plugin: UART
2025-09-07 20:50:51,443 [INFO] BlockDiagram:2775 - set Specific Code input for plugin: GPIO
2025-09-07 20:50:51,444 [INFO] CodeGenerator:892 - code generatio: config db path: /home/tuna/st/stm32cubeide_1.18.1/plugins/com.st.stm32cube.common.mx_6.15.0.202507011659//db/
2025-09-07 20:50:51,453 [WARN] IP:2250 - I2C_Coeff_DF not found: check if there is a RefParameter without a condition.
2025-09-07 20:50:51,453 [WARN] IP:2250 - Analog_Filter not found: check if there is a RefParameter without a condition.
2025-09-07 20:50:51,458 [WARN] IP:2250 - DEVICE_SERIAL0_CDC_FS not found: check if there is a RefParameter without a condition.
2025-09-07 20:50:51,458 [WARN] IP:2250 - DEVICE_SERIAL1_CDC_FS not found: check if there is a RefParameter without a condition.
2025-09-07 20:50:51,458 [WARN] IP:2250 - DEVICE_SERIAL2_CDC_FS not found: check if there is a RefParameter without a condition.
2025-09-07 20:50:51,511 [INFO] CodeEngine:265 - oldGeneratedFile, /home/tuna/STM32CubeIDE/workspace_1.18.1/stm32f4_dev_board/stm32f4_mobile_base_sim/MXTmpFiles/license.tmp_save
2025-09-07 20:50:51,554 [INFO] CodeEngine:289 - Generated code: /home/tuna/STM32CubeIDE/workspace_1.18.1/stm32f4_dev_board/stm32f4_mobile_base_sim/MXTmpFiles/license.tmp
2025-09-07 20:50:51,573 [INFO] CodeEngine:265 - oldGeneratedFile, /home/tuna/STM32CubeIDE/workspace_1.18.1/stm32f4_dev_board/stm32f4_mobile_base_sim/Core/Src/gpio.c_save
2025-09-07 20:50:51,636 [INFO] CodeEngine:289 - Generated code: /home/tuna/STM32CubeIDE/workspace_1.18.1/stm32f4_dev_board/stm32f4_mobile_base_sim/Core/Src/gpio.c
2025-09-07 20:50:51,637 [INFO] CodeEngine:265 - oldGeneratedFile, /home/tuna/STM32CubeIDE/workspace_1.18.1/stm32f4_dev_board/stm32f4_mobile_base_sim/Core/Inc/gpio.h_save
2025-09-07 20:50:51,680 [INFO] CodeEngine:289 - Generated code: /home/tuna/STM32CubeIDE/workspace_1.18.1/stm32f4_dev_board/stm32f4_mobile_base_sim/Core/Inc/gpio.h
2025-09-07 20:50:51,712 [WARN] IPConfigManager:3238 - Warning: the RefConfig PWREx_EnableUSBVoltageDetector is not available in your config.xml file
2025-09-07 20:50:51,715 [INFO] CodeEngine:265 - oldGeneratedFile, /home/tuna/STM32CubeIDE/workspace_1.18.1/stm32f4_dev_board/stm32f4_mobile_base_sim/MXTmpFiles/usb_otg_fs_vars.tmp_save
2025-09-07 20:50:51,756 [INFO] CodeEngine:289 - Generated code: /home/tuna/STM32CubeIDE/workspace_1.18.1/stm32f4_dev_board/stm32f4_mobile_base_sim/MXTmpFiles/usb_otg_fs_vars.tmp
2025-09-07 20:50:51,758 [INFO] CodeEngine:265 - oldGeneratedFile, /home/tuna/STM32CubeIDE/workspace_1.18.1/stm32f4_dev_board/stm32f4_mobile_base_sim/MXTmpFiles/usb_otg_fs_inc.tmp_save
2025-09-07 20:50:51,797 [INFO] CodeEngine:289 - Generated code: /home/tuna/STM32CubeIDE/workspace_1.18.1/stm32f4_dev_board/stm32f4_mobile_base_sim/MXTmpFiles/usb_otg_fs_inc.tmp
2025-09-07 20:50:51,797 [INFO] CodeEngine:265 - oldGeneratedFile, /home/tuna/STM32CubeIDE/workspace_1.18.1/stm32f4_dev_board/stm32f4_mobile_base_sim/MXTmpFiles/usb_otg_fs_HalInit.tmp_save
2025-09-07 20:50:51,843 [INFO] CodeEngine:289 - Generated code: /home/tuna/STM32CubeIDE/workspace_1.18.1/stm32f4_dev_board/stm32f4_mobile_base_sim/MXTmpFiles/usb_otg_fs_HalInit.tmp
2025-09-07 20:50:51,843 [INFO] CodeEngine:265 - oldGeneratedFile, /home/tuna/STM32CubeIDE/workspace_1.18.1/stm32f4_dev_board/stm32f4_mobile_base_sim/MXTmpFiles/usb_otg_fs_Msp.tmp_save
2025-09-07 20:50:51,893 [INFO] CodeEngine:289 - Generated code: /home/tuna/STM32CubeIDE/workspace_1.18.1/stm32f4_dev_board/stm32f4_mobile_base_sim/MXTmpFiles/usb_otg_fs_Msp.tmp
2025-09-07 20:50:52,022 [INFO] Middleware:1452 - No code input for Bsp Dependency
2025-09-07 20:50:52,025 [INFO] CodeEngine:265 - oldGeneratedFile, /home/tuna/STM32CubeIDE/workspace_1.18.1/stm32f4_dev_board/stm32f4_mobile_base_sim/Core/Src/adc.c_save
2025-09-07 20:50:52,085 [INFO] CodeEngine:289 - Generated code: /home/tuna/STM32CubeIDE/workspace_1.18.1/stm32f4_dev_board/stm32f4_mobile_base_sim/Core/Src/adc.c
2025-09-07 20:50:52,086 [INFO] CodeEngine:265 - oldGeneratedFile, /home/tuna/STM32CubeIDE/workspace_1.18.1/stm32f4_dev_board/stm32f4_mobile_base_sim/Core/Inc/adc.h_save
2025-09-07 20:50:52,128 [INFO] CodeEngine:289 - Generated code: /home/tuna/STM32CubeIDE/workspace_1.18.1/stm32f4_dev_board/stm32f4_mobile_base_sim/Core/Inc/adc.h
2025-09-07 20:50:52,130 [INFO] CodeEngine:265 - oldGeneratedFile, /home/tuna/STM32CubeIDE/workspace_1.18.1/stm32f4_dev_board/stm32f4_mobile_base_sim/Core/Src/fsmc.c_save
2025-09-07 20:50:52,180 [INFO] CodeEngine:289 - Generated code: /home/tuna/STM32CubeIDE/workspace_1.18.1/stm32f4_dev_board/stm32f4_mobile_base_sim/Core/Src/fsmc.c
2025-09-07 20:50:52,181 [INFO] CodeEngine:265 - oldGeneratedFile, /home/tuna/STM32CubeIDE/workspace_1.18.1/stm32f4_dev_board/stm32f4_mobile_base_sim/Core/Inc/fsmc.h_save
2025-09-07 20:50:52,222 [INFO] CodeEngine:289 - Generated code: /home/tuna/STM32CubeIDE/workspace_1.18.1/stm32f4_dev_board/stm32f4_mobile_base_sim/Core/Inc/fsmc.h
2025-09-07 20:50:52,226 [INFO] CodeEngine:265 - oldGeneratedFile, /home/tuna/STM32CubeIDE/workspace_1.18.1/stm32f4_dev_board/stm32f4_mobile_base_sim/Core/Src/i2c.c_save
2025-09-07 20:50:52,283 [INFO] CodeEngine:289 - Generated code: /home/tuna/STM32CubeIDE/workspace_1.18.1/stm32f4_dev_board/stm32f4_mobile_base_sim/Core/Src/i2c.c
2025-09-07 20:50:52,284 [INFO] CodeEngine:265 - oldGeneratedFile, /home/tuna/STM32CubeIDE/workspace_1.18.1/stm32f4_dev_board/stm32f4_mobile_base_sim/Core/Inc/i2c.h_save
2025-09-07 20:50:52,324 [INFO] CodeEngine:289 - Generated code: /home/tuna/STM32CubeIDE/workspace_1.18.1/stm32f4_dev_board/stm32f4_mobile_base_sim/Core/Inc/i2c.h
2025-09-07 20:50:52,327 [INFO] CodeEngine:265 - oldGeneratedFile, /home/tuna/STM32CubeIDE/workspace_1.18.1/stm32f4_dev_board/stm32f4_mobile_base_sim/Core/Src/usart.c_save
2025-09-07 20:50:52,383 [INFO] CodeEngine:289 - Generated code: /home/tuna/STM32CubeIDE/workspace_1.18.1/stm32f4_dev_board/stm32f4_mobile_base_sim/Core/Src/usart.c
2025-09-07 20:50:52,384 [INFO] CodeEngine:265 - oldGeneratedFile, /home/tuna/STM32CubeIDE/workspace_1.18.1/stm32f4_dev_board/stm32f4_mobile_base_sim/Core/Inc/usart.h_save
2025-09-07 20:50:52,424 [INFO] CodeEngine:289 - Generated code: /home/tuna/STM32CubeIDE/workspace_1.18.1/stm32f4_dev_board/stm32f4_mobile_base_sim/Core/Inc/usart.h
2025-09-07 20:50:52,434 [INFO] Middleware:1452 - No code input for Bsp Dependency
2025-09-07 20:50:52,436 [INFO] CodeEngine:265 - oldGeneratedFile, /home/tuna/STM32CubeIDE/workspace_1.18.1/stm32f4_dev_board/stm32f4_mobile_base_sim/USB_DEVICE/App/usb_device.c_save
2025-09-07 20:50:52,479 [INFO] CodeEngine:289 - Generated code: /home/tuna/STM32CubeIDE/workspace_1.18.1/stm32f4_dev_board/stm32f4_mobile_base_sim/USB_DEVICE/App/usb_device.c
2025-09-07 20:50:52,480 [INFO] CodeEngine:265 - oldGeneratedFile, /home/tuna/STM32CubeIDE/workspace_1.18.1/stm32f4_dev_board/stm32f4_mobile_base_sim/USB_DEVICE/App/usb_device.h_save
2025-09-07 20:50:52,521 [INFO] CodeEngine:289 - Generated code: /home/tuna/STM32CubeIDE/workspace_1.18.1/stm32f4_dev_board/stm32f4_mobile_base_sim/USB_DEVICE/App/usb_device.h
2025-09-07 20:50:52,522 [INFO] CodeEngine:265 - oldGeneratedFile, /home/tuna/STM32CubeIDE/workspace_1.18.1/stm32f4_dev_board/stm32f4_mobile_base_sim/USB_DEVICE/Target/usbd_conf.h_save
2025-09-07 20:50:52,562 [INFO] CodeEngine:289 - Generated code: /home/tuna/STM32CubeIDE/workspace_1.18.1/stm32f4_dev_board/stm32f4_mobile_base_sim/USB_DEVICE/Target/usbd_conf.h
2025-09-07 20:50:52,563 [INFO] CodeEngine:265 - oldGeneratedFile, /home/tuna/STM32CubeIDE/workspace_1.18.1/stm32f4_dev_board/stm32f4_mobile_base_sim/USB_DEVICE/Target/usbd_conf.c_save
2025-09-07 20:50:52,608 [INFO] CodeEngine:289 - Generated code: /home/tuna/STM32CubeIDE/workspace_1.18.1/stm32f4_dev_board/stm32f4_mobile_base_sim/USB_DEVICE/Target/usbd_conf.c
2025-09-07 20:50:52,608 [INFO] CodeEngine:265 - oldGeneratedFile, /home/tuna/STM32CubeIDE/workspace_1.18.1/stm32f4_dev_board/stm32f4_mobile_base_sim/USB_DEVICE/App/usbd_desc.h_save
2025-09-07 20:50:52,648 [INFO] CodeEngine:289 - Generated code: /home/tuna/STM32CubeIDE/workspace_1.18.1/stm32f4_dev_board/stm32f4_mobile_base_sim/USB_DEVICE/App/usbd_desc.h
2025-09-07 20:50:52,649 [INFO] CodeEngine:265 - oldGeneratedFile, /home/tuna/STM32CubeIDE/workspace_1.18.1/stm32f4_dev_board/stm32f4_mobile_base_sim/USB_DEVICE/App/usbd_desc.c_save
2025-09-07 20:50:52,691 [INFO] CodeEngine:289 - Generated code: /home/tuna/STM32CubeIDE/workspace_1.18.1/stm32f4_dev_board/stm32f4_mobile_base_sim/USB_DEVICE/App/usbd_desc.c
2025-09-07 20:50:52,692 [INFO] CodeEngine:265 - oldGeneratedFile, /home/tuna/STM32CubeIDE/workspace_1.18.1/stm32f4_dev_board/stm32f4_mobile_base_sim/USB_DEVICE/App/usbd_cdc_if.h_save
2025-09-07 20:50:52,733 [INFO] CodeEngine:289 - Generated code: /home/tuna/STM32CubeIDE/workspace_1.18.1/stm32f4_dev_board/stm32f4_mobile_base_sim/USB_DEVICE/App/usbd_cdc_if.h
2025-09-07 20:50:52,734 [INFO] CodeEngine:265 - oldGeneratedFile, /home/tuna/STM32CubeIDE/workspace_1.18.1/stm32f4_dev_board/stm32f4_mobile_base_sim/USB_DEVICE/App/usbd_cdc_if.c_save
2025-09-07 20:50:52,780 [INFO] CodeEngine:289 - Generated code: /home/tuna/STM32CubeIDE/workspace_1.18.1/stm32f4_dev_board/stm32f4_mobile_base_sim/USB_DEVICE/App/usbd_cdc_if.c
2025-09-07 20:50:52,784 [INFO] CodeEngine:265 - oldGeneratedFile, /home/tuna/STM32CubeIDE/workspace_1.18.1/stm32f4_dev_board/stm32f4_mobile_base_sim/Core/Src/stm32f4xx_it.c_save
2025-09-07 20:50:52,834 [INFO] CodeEngine:289 - Generated code: /home/tuna/STM32CubeIDE/workspace_1.18.1/stm32f4_dev_board/stm32f4_mobile_base_sim/Core/Src/stm32f4xx_it.c
2025-09-07 20:50:52,834 [INFO] CodeEngine:265 - oldGeneratedFile, /home/tuna/STM32CubeIDE/workspace_1.18.1/stm32f4_dev_board/stm32f4_mobile_base_sim/Core/Inc/stm32f4xx_it.h_save
2025-09-07 20:50:52,873 [INFO] CodeEngine:289 - Generated code: /home/tuna/STM32CubeIDE/workspace_1.18.1/stm32f4_dev_board/stm32f4_mobile_base_sim/Core/Inc/stm32f4xx_it.h
2025-09-07 20:50:52,878 [INFO] CodeEngine:265 - oldGeneratedFile, /home/tuna/STM32CubeIDE/workspace_1.18.1/stm32f4_dev_board/stm32f4_mobile_base_sim/Core/Src/stm32f4xx_hal_msp.c_save
2025-09-07 20:50:52,940 [INFO] CodeEngine:289 - Generated code: /home/tuna/STM32CubeIDE/workspace_1.18.1/stm32f4_dev_board/stm32f4_mobile_base_sim/Core/Src/stm32f4xx_hal_msp.c
2025-09-07 20:50:52,941 [INFO] CodeEngine:265 - oldGeneratedFile, /home/tuna/STM32CubeIDE/workspace_1.18.1/stm32f4_dev_board/stm32f4_mobile_base_sim/MXTmpFiles/system.tmp_save
2025-09-07 20:50:52,981 [INFO] CodeEngine:289 - Generated code: /home/tuna/STM32CubeIDE/workspace_1.18.1/stm32f4_dev_board/stm32f4_mobile_base_sim/MXTmpFiles/system.tmp
2025-09-07 20:50:52,983 [INFO] CodeEngine:321 - oldGeneratedFile, /home/tuna/STM32CubeIDE/workspace_1.18.1/stm32f4_dev_board/stm32f4_mobile_base_sim/Core/Inc/stm32f4xx_hal_conf.h_save
2025-09-07 20:50:53,028 [INFO] CodeEngine:345 - Generated code: /home/tuna/STM32CubeIDE/workspace_1.18.1/stm32f4_dev_board/stm32f4_mobile_base_sim/Core/Inc/stm32f4xx_hal_conf.h
2025-09-07 20:50:53,040 [INFO] CodeEngine:265 - oldGeneratedFile, /home/tuna/STM32CubeIDE/workspace_1.18.1/stm32f4_dev_board/stm32f4_mobile_base_sim/Core/Inc/main.h_save
2025-09-07 20:50:53,084 [INFO] CodeEngine:289 - Generated code: /home/tuna/STM32CubeIDE/workspace_1.18.1/stm32f4_dev_board/stm32f4_mobile_base_sim/Core/Inc/main.h
2025-09-07 20:50:53,085 [INFO] CodeEngine:265 - oldGeneratedFile, /home/tuna/STM32CubeIDE/workspace_1.18.1/stm32f4_dev_board/stm32f4_mobile_base_sim/Core/Src/main.c_save
2025-09-07 20:50:53,147 [INFO] CodeEngine:289 - Generated code: /home/tuna/STM32CubeIDE/workspace_1.18.1/stm32f4_dev_board/stm32f4_mobile_base_sim/Core/Src/main.c
2025-09-07 20:50:53,339 [INFO] ProjectBuilder:3606 - Time for Copy HAL[1] : 26mS.
2025-09-07 20:50:53,341 [INFO] ProjectBuilder:5216 - Project Generator version: 4.7.0-B52
2025-09-07 20:50:53,400 [INFO] ConfigFileManager:1595 - The Die is : DIE413
2025-09-07 20:50:53,824 [INFO] ProjectBuilder:5496 - Time for Generating toolchain IDE Files: 483mS.
2025-09-07 20:50:53,825 [INFO] ProjectBuilder:3463 - Time for Copy CMSIS : 1mS.
2025-09-07 20:50:53,826 [INFO] ProjectBuilder:3463 - Time for Copy CMSIS : 0mS.
2025-09-07 21:12:36,349 [INFO] MainUpdater:2872 - connection check result : 10
2025-09-07 21:12:36,350 [INFO] MainUpdater:2872 - connection check result : 10
2025-09-07 21:12:36,440 [INFO] MicroXplorer:468 - Change Database Path : 
2025-09-07 21:12:36,440 [INFO] MicroXplorer:498 - Change Database Version : DB.6.0.150
2025-09-07 21:12:36,506 [ERROR] ProjectManagerView:395 - 
java.lang.NullPointerException: Cannot invoke "javax.swing.JTextField.getText()" because the return value of "java.util.List.get(int)" is null
	at com.st.microxplorer.plugins.projectmanager.gui.ProjectChoiceTab$9.caretUpdate(ProjectChoiceTab.java:2706) ~[filemanager.jar:?]
	at javax.swing.text.JTextComponent.fireCaretUpdate(JTextComponent.java:408) ~[?:?]
	at javax.swing.text.JTextComponent$MutableCaretEvent.fire(JTextComponent.java:4484) ~[?:?]
	at javax.swing.text.JTextComponent$MutableCaretEvent.stateChanged(JTextComponent.java:4506) ~[?:?]
	at javax.swing.text.DefaultCaret.fireStateChanged(DefaultCaret.java:857) ~[?:?]
	at javax.swing.text.DefaultCaret.changeCaretPosition(DefaultCaret.java:1343) ~[?:?]
	at javax.swing.text.DefaultCaret.handleSetDot(DefaultCaret.java:1242) ~[?:?]
	at javax.swing.text.DefaultCaret.setDot(DefaultCaret.java:1223) ~[?:?]
	at javax.swing.text.DefaultCaret$Handler.insertUpdate(DefaultCaret.java:1819) ~[?:?]
	at javax.swing.text.AbstractDocument.fireInsertUpdate(AbstractDocument.java:227) ~[?:?]
	at javax.swing.text.AbstractDocument.handleInsertString(AbstractDocument.java:781) ~[?:?]
	at javax.swing.text.AbstractDocument.insertString(AbstractDocument.java:740) ~[?:?]
	at javax.swing.text.PlainDocument.insertString(PlainDocument.java:131) ~[?:?]
	at javax.swing.text.AbstractDocument.replace(AbstractDocument.java:699) ~[?:?]
	at javax.swing.text.JTextComponent.setText(JTextComponent.java:1725) ~[?:?]
	at com.st.microxplorer.plugins.projectmanager.gui.ProjectChoiceTab.createHeapStackFields(ProjectChoiceTab.java:993) ~[filemanager.jar:?]
	at com.st.microxplorer.plugins.projectmanager.gui.ProjectChoiceTab.buildLinkSettingsPanel(ProjectChoiceTab.java:3813) ~[filemanager.jar:?]
	at com.st.microxplorer.plugins.projectmanager.gui.ProjectChoiceTab.defineWindowsFields(ProjectChoiceTab.java:1987) ~[filemanager.jar:?]
	at com.st.microxplorer.plugins.projectmanager.gui.ProjectChoiceTab.updateSettings(ProjectChoiceTab.java:558) ~[filemanager.jar:?]
	at com.st.microxplorer.plugins.projectmanager.gui.ProjectSettingsPanel.UpdateDialog(ProjectSettingsPanel.java:247) ~[filemanager.jar:?]
	at com.st.microxplorer.plugins.projectmanager.ProjectManagerView.propertyChange(ProjectManagerView.java:392) ~[filemanager.jar:?]
	at java.beans.PropertyChangeSupport.fire(PropertyChangeSupport.java:343) ~[?:?]
	at java.beans.PropertyChangeSupport.firePropertyChange(PropertyChangeSupport.java:335) ~[?:?]
	at java.beans.PropertyChangeSupport.firePropertyChange(PropertyChangeSupport.java:268) ~[?:?]
	at com.st.microxplorer.util.MXPropertyChangeSupport.firePropertyChange(MXPropertyChangeSupport.java:54) ~[STM32CubeMX.jar:?]
	at com.st.microxplorer.mxsystem.MxSystem.closeConfig(MxSystem.java:899) ~[STM32CubeMX.jar:?]
	at com.st.microxplorer.maingui.MainPanel.closeConfig(MainPanel.java:792) ~[STM32CubeMX.jar:?]
	at com.st.microxplorer.plugins.filemanager.engine.OpenFileManager.loadConfigurationFile(OpenFileManager.java:288) ~[filemanager.jar:?]
	at com.st.microxplorer.plugins.filemanager.engine.MainFileManager.userLoadConfig(MainFileManager.java:364) ~[filemanager.jar:?]
	at com.st.microxplorer.plugins.filemanager.engine.MainFileManager.userLoadConfig(MainFileManager.java:342) ~[filemanager.jar:?]
	at com.st.microxplorer.plugins.filemanager.FileManagerView.getSpecificTask(FileManagerView.java:264) ~[filemanager.jar:?]
	at com.st.stm32cube.common.mx.editor.CubeMxEditor.getMxTabbedPaneInstance(CubeMxEditor.java:1198) ~[com.st.stm32cube.common.mx_6.15.0.202507011659/:?]
	at com.st.stm32cube.common.mx.editor.CubeMxEditor$12$1.createSwingComponent(CubeMxEditor.java:1068) ~[com.st.stm32cube.common.mx_6.15.0.202507011659/:?]
	at com.st.stm32cube.common.mx.oss.core.awtswtbridge.EmbeddedSwingComposite.doComponentCreation(EmbeddedSwingComposite.java:492) ~[com.st.stm32cube.common.mx.oss_6.15.0.202507011659/:?]
	at com.st.stm32cube.common.mx.oss.core.awtswtbridge.EmbeddedSwingComposite$4.run(EmbeddedSwingComposite.java:291) ~[com.st.stm32cube.common.mx.oss_6.15.0.202507011659/:?]
	at com.st.stm32cube.common.mx.oss.core.awtswtbridge.AwtEnvironment$2.run(AwtEnvironment.java:166) ~[com.st.stm32cube.common.mx.oss_6.15.0.202507011659/:?]
	at java.awt.event.InvocationEvent.dispatch(InvocationEvent.java:318) ~[?:?]
	at java.awt.EventQueue.dispatchEventImpl(EventQueue.java:773) ~[?:?]
	at java.awt.EventQueue$4.run(EventQueue.java:720) ~[?:?]
	at java.awt.EventQueue$4.run(EventQueue.java:714) ~[?:?]
	at java.security.AccessController.doPrivileged(AccessController.java:400) ~[?:?]
	at java.security.ProtectionDomain$JavaSecurityAccessImpl.doIntersectionPrivilege(ProtectionDomain.java:87) ~[?:?]
	at java.awt.EventQueue.dispatchEvent(EventQueue.java:742) ~[?:?]
	at java.awt.EventDispatchThread.pumpOneEventForFilters(EventDispatchThread.java:203) ~[?:?]
	at java.awt.EventDispatchThread.pumpEventsForFilter(EventDispatchThread.java:124) ~[?:?]
	at java.awt.EventDispatchThread.pumpEventsForHierarchy(EventDispatchThread.java:113) ~[?:?]
	at java.awt.EventDispatchThread.pumpEvents(EventDispatchThread.java:109) ~[?:?]
	at java.awt.EventDispatchThread.pumpEvents(EventDispatchThread.java:101) ~[?:?]
	at java.awt.EventDispatchThread.run(EventDispatchThread.java:90) ~[?:?]
2025-09-07 21:12:36,509 [WARN] ThirdParty:871 - waiting for thirdparty lock release [close project]
2025-09-07 21:12:36,509 [INFO] ThirdParty:873 - entering critical section [close project]
2025-09-07 21:12:36,509 [INFO] ThirdParty:883 - exiting critical section [close project]
2025-09-07 21:12:36,516 [INFO] PinOutPanel:1589 - setPackage(No Configuration,No Configuration)
2025-09-07 21:12:36,535 [WARN] IpParametersView:155 - Warning: This peripheral hasn't parameters
2025-09-07 21:12:36,554 [WARN] MainPanel:289 - <html><b><center>Warning: This peripheral has no parameters to be configured<br></b></html>
2025-09-07 21:12:36,560 [INFO] UtilMem:75 - Begin LoadConfig() Used Memory: 460539480 Bytes (911212544)
2025-09-07 21:12:36,561 [INFO] MicroXplorer:468 - Change Database Path : 
2025-09-07 21:12:36,561 [INFO] MicroXplorer:498 - Change Database Version : DB.6.0.150
2025-09-07 21:12:36,561 [INFO] OpenFileManager:355 - Change cursor
2025-09-07 21:12:36,598 [INFO] RulesReader:64 - Compatibility file has been processed (317 Rules)
2025-09-07 21:12:36,613 [INFO] Mcu:2029 - Initializing MCU STM32F407Z(E-G)Tx STM32F407ZGTx STM32F407ZGT6
2025-09-07 21:12:37,750 [INFO] Context:786 - Trying to add GPIOservice into a context  which must be forbidden
2025-09-07 21:12:38,289 [INFO] ImportTextPane:234 - (OptionalMessage_ERROR) Pin90 (VP_RIF_VS_RIF1) cannot be retrieved for this MCU
2025-09-07 21:12:38,340 [INFO] RtosManager:558 - Registered RTOS mode: class=CMSIS, group=RTOS, mode=CMSIS_V1, owner=FREERTOS
2025-09-07 21:12:38,340 [INFO] RtosManager:558 - Registered RTOS mode: class=CMSIS, group=RTOS2, mode=CMSIS_V2, owner=FREERTOS
2025-09-07 21:12:38,340 [INFO] RtosManager:558 - Registered RTOS mode: class=RTOS, group=Core, mode=CMSIS_V1, owner=FREERTOS
2025-09-07 21:12:38,340 [INFO] RtosManager:558 - Registered RTOS mode: class=RTOS, group=Core, mode=CMSIS_V2, owner=FREERTOS
2025-09-07 21:12:38,340 [WARN] ModelIntegratedComponent:184 - Missing modes for component STMicroelectronics:FreeRTOS:0.0.1:STMicroelectronics:RTOS:FreeRTOS:Core:::10.2.0:
2025-09-07 21:12:38,353 [WARN] ModelIntegratedComponent:63 - No mode defined for component null
2025-09-07 21:12:38,353 [WARN] ModelIntegratedComponent:63 - No mode defined for component null
2025-09-07 21:12:38,353 [WARN] ModelIntegratedComponent:63 - No mode defined for component null
2025-09-07 21:12:38,353 [WARN] ModelIntegratedComponent:63 - No mode defined for component null
2025-09-07 21:12:38,353 [WARN] ModelIntegratedComponent:63 - No mode defined for component null
2025-09-07 21:12:38,353 [WARN] ModelIntegratedComponent:63 - No mode defined for component null
2025-09-07 21:12:38,353 [WARN] ModelIntegratedComponent:63 - No mode defined for component null
2025-09-07 21:12:38,353 [WARN] ModelIntegratedComponent:63 - No mode defined for component null
2025-09-07 21:12:38,354 [WARN] ModelIntegratedComponent:63 - No mode defined for component null
2025-09-07 21:12:38,354 [WARN] ModelIntegratedComponent:63 - No mode defined for component null
2025-09-07 21:12:38,354 [WARN] ModelIntegratedComponent:63 - No mode defined for component null
2025-09-07 21:12:38,354 [WARN] ModelIntegratedComponent:63 - No mode defined for component null
2025-09-07 21:12:38,354 [WARN] ModelIntegratedComponent:63 - No mode defined for component null
2025-09-07 21:12:38,354 [WARN] ModelIntegratedComponent:63 - No mode defined for component null
2025-09-07 21:12:38,354 [WARN] ModelIntegratedComponent:63 - No mode defined for component null
2025-09-07 21:12:38,354 [WARN] ModelIntegratedComponent:63 - No mode defined for component null
2025-09-07 21:12:38,354 [WARN] ModelIntegratedComponent:63 - No mode defined for component null
2025-09-07 21:12:38,355 [WARN] ModelIntegratedComponent:63 - No mode defined for component null
2025-09-07 21:12:38,355 [WARN] ModelIntegratedComponent:63 - No mode defined for component null
2025-09-07 21:12:38,355 [WARN] ModelIntegratedComponent:63 - No mode defined for component null
2025-09-07 21:12:38,355 [WARN] ModelIntegratedComponent:63 - No mode defined for component null
2025-09-07 21:12:38,355 [WARN] ModelIntegratedComponent:63 - No mode defined for component null
2025-09-07 21:12:38,356 [WARN] ModelIntegratedComponent:63 - No mode defined for component null
2025-09-07 21:12:38,356 [WARN] ModelIntegratedComponent:63 - No mode defined for component null
2025-09-07 21:12:38,356 [WARN] ModelIntegratedComponent:63 - No mode defined for component null
2025-09-07 21:12:38,356 [WARN] ModelIntegratedComponent:63 - No mode defined for component null
2025-09-07 21:12:38,356 [WARN] ModelIntegratedComponent:63 - No mode defined for component null
2025-09-07 21:12:38,356 [WARN] ModelIntegratedComponent:63 - No mode defined for component null
2025-09-07 21:12:38,356 [WARN] ModelIntegratedComponent:63 - No mode defined for component null
2025-09-07 21:12:38,356 [WARN] ModelIntegratedComponent:63 - No mode defined for component null
2025-09-07 21:12:38,356 [WARN] ModelIntegratedComponent:63 - No mode defined for component null
2025-09-07 21:12:38,357 [WARN] ModelIntegratedComponent:63 - No mode defined for component null
2025-09-07 21:12:38,357 [WARN] ModelIntegratedComponent:63 - No mode defined for component null
2025-09-07 21:12:38,357 [WARN] ModelIntegratedComponent:63 - No mode defined for component null
2025-09-07 21:12:38,357 [WARN] ModelIntegratedComponent:63 - No mode defined for component null
2025-09-07 21:12:38,357 [WARN] ModelPack:524 - Component already loaded: STMicroelectronics:HAL Drivers:0.0.0:STMicroelectronics:Device:STMicro_Driver:XSPI:HAL::0.0.1:HAL_XSPI
2025-09-07 21:12:38,449 [INFO] ThirdPartyModel:298 - Start build external matchings
2025-09-07 21:12:38,832 [INFO] ThirdPartyModel:316 - End build external matchings
2025-09-07 21:12:38,865 [INFO] ImportTextPane:234 - (OptionalMessage_ERROR) IP (ADC1) : Parameter (InjectedDiscontinuousConvMode) has invalid value (null)
2025-09-07 21:12:38,869 [INFO] ImportTextPane:234 - (OptionalMessage_ERROR) IP (DMA) : Parameter (Instance) has Id (SDIO_RX) currently not set
2025-09-07 21:12:38,870 [INFO] ImportTextPane:234 - (OptionalMessage_ERROR) IP (DMA) : Parameter (Channel) has Id (SDIO_RX) currently not set
2025-09-07 21:12:38,870 [INFO] ImportTextPane:234 - (OptionalMessage_ERROR) IP (DMA) : Parameter (Direction) has Id (SDIO_RX) currently not set
2025-09-07 21:12:38,870 [INFO] ImportTextPane:234 - (OptionalMessage_ERROR) IP (DMA) : Parameter (PeriphInc) has Id (SDIO_RX) currently not set
2025-09-07 21:12:38,870 [INFO] ImportTextPane:234 - (OptionalMessage_ERROR) IP (DMA) : Parameter (MemInc) has Id (SDIO_RX) currently not set
2025-09-07 21:12:38,870 [INFO] ImportTextPane:234 - (OptionalMessage_ERROR) IP (DMA) : Parameter (PeriphDataAlignment) has Id (SDIO_RX) currently not set
2025-09-07 21:12:38,870 [INFO] ImportTextPane:234 - (OptionalMessage_ERROR) IP (DMA) : Parameter (MemDataAlignment) has Id (SDIO_RX) currently not set
2025-09-07 21:12:38,870 [INFO] ImportTextPane:234 - (OptionalMessage_ERROR) IP (DMA) : Parameter (Mode) has Id (SDIO_RX) currently not set
2025-09-07 21:12:38,870 [INFO] ImportTextPane:234 - (OptionalMessage_ERROR) IP (DMA) : Parameter (Priority) has Id (SDIO_RX) currently not set
2025-09-07 21:12:38,871 [INFO] ImportTextPane:234 - (OptionalMessage_ERROR) IP (DMA) : Parameter (FIFOMode) has Id (SDIO_RX) currently not set
2025-09-07 21:12:38,871 [INFO] ImportTextPane:234 - (OptionalMessage_ERROR) IP (DMA) : Parameter (FIFOThreshold) has Id (SDIO_RX) currently not set
2025-09-07 21:12:38,871 [INFO] ImportTextPane:234 - (OptionalMessage_ERROR) IP (DMA) : Parameter (FIFOThreshold) has invalid value (null)
2025-09-07 21:12:38,871 [INFO] ImportTextPane:234 - (OptionalMessage_ERROR) IP (DMA) : Parameter (MemBurst) has Id (SDIO_RX) currently not set
2025-09-07 21:12:38,871 [INFO] ImportTextPane:234 - (OptionalMessage_ERROR) IP (DMA) : Parameter (MemBurst) has invalid value (null)
2025-09-07 21:12:38,871 [INFO] ImportTextPane:234 - (OptionalMessage_ERROR) IP (DMA) : Parameter (PeriphBurst) has Id (SDIO_RX) currently not set
2025-09-07 21:12:38,871 [INFO] ImportTextPane:234 - (OptionalMessage_ERROR) IP (DMA) : Parameter (PeriphBurst) has invalid value (null)
2025-09-07 21:12:38,872 [INFO] ImportTextPane:234 - (OptionalMessage_ERROR) IP (DMA) : Parameter (Instance) has Id (SDIO_TX) currently not set
2025-09-07 21:12:38,872 [INFO] ImportTextPane:234 - (OptionalMessage_ERROR) IP (DMA) : Parameter (Channel) has Id (SDIO_TX) currently not set
2025-09-07 21:12:38,872 [INFO] ImportTextPane:234 - (OptionalMessage_ERROR) IP (DMA) : Parameter (Direction) has Id (SDIO_TX) currently not set
2025-09-07 21:12:38,872 [INFO] ImportTextPane:234 - (OptionalMessage_ERROR) IP (DMA) : Parameter (PeriphInc) has Id (SDIO_TX) currently not set
2025-09-07 21:12:38,872 [INFO] ImportTextPane:234 - (OptionalMessage_ERROR) IP (DMA) : Parameter (MemInc) has Id (SDIO_TX) currently not set
2025-09-07 21:12:38,873 [INFO] ImportTextPane:234 - (OptionalMessage_ERROR) IP (DMA) : Parameter (PeriphDataAlignment) has Id (SDIO_TX) currently not set
2025-09-07 21:12:38,873 [INFO] ImportTextPane:234 - (OptionalMessage_ERROR) IP (DMA) : Parameter (MemDataAlignment) has Id (SDIO_TX) currently not set
2025-09-07 21:12:38,873 [INFO] ImportTextPane:234 - (OptionalMessage_ERROR) IP (DMA) : Parameter (Mode) has Id (SDIO_TX) currently not set
2025-09-07 21:12:38,873 [INFO] ImportTextPane:234 - (OptionalMessage_ERROR) IP (DMA) : Parameter (Priority) has Id (SDIO_TX) currently not set
2025-09-07 21:12:38,873 [INFO] ImportTextPane:234 - (OptionalMessage_ERROR) IP (DMA) : Parameter (FIFOMode) has Id (SDIO_TX) currently not set
2025-09-07 21:12:38,873 [INFO] ImportTextPane:234 - (OptionalMessage_ERROR) IP (DMA) : Parameter (FIFOThreshold) has Id (SDIO_TX) currently not set
2025-09-07 21:12:38,873 [INFO] ImportTextPane:234 - (OptionalMessage_ERROR) IP (DMA) : Parameter (FIFOThreshold) has invalid value (null)
2025-09-07 21:12:38,873 [INFO] ImportTextPane:234 - (OptionalMessage_ERROR) IP (DMA) : Parameter (MemBurst) has Id (SDIO_TX) currently not set
2025-09-07 21:12:38,873 [INFO] ImportTextPane:234 - (OptionalMessage_ERROR) IP (DMA) : Parameter (MemBurst) has invalid value (null)
2025-09-07 21:12:38,873 [INFO] ImportTextPane:234 - (OptionalMessage_ERROR) IP (DMA) : Parameter (PeriphBurst) has Id (SDIO_TX) currently not set
2025-09-07 21:12:38,873 [INFO] ImportTextPane:234 - (OptionalMessage_ERROR) IP (DMA) : Parameter (PeriphBurst) has invalid value (null)
2025-09-07 21:12:38,882 [WARN] IP:2250 - I2C_Coeff_DF not found: check if there is a RefParameter without a condition.
2025-09-07 21:12:38,882 [WARN] IP:2250 - Analog_Filter not found: check if there is a RefParameter without a condition.
2025-09-07 21:12:38,884 [INFO] ImportTextPane:234 - (OptionalMessage_ERROR) IP (RCC) : Parameter (RTCHSEDivFreq_Value) has invalid value (4000000)
2025-09-07 21:12:39,105 [INFO] UtilMem:75 - End LoadConfig() Used Memory: 534349984 Bytes (911212544)
2025-09-07 21:12:39,121 [WARN] ThirdParty:833 - waiting for thirdparty lock release [change project]
2025-09-07 21:12:39,121 [INFO] ThirdParty:835 - entering critical section [change project]
2025-09-07 21:12:39,121 [INFO] ThirdParty:1030 - CMSIS Pack Vendor :STMicroelectronics X-CUBE-PM33A1 1.0.0
2025-09-07 21:12:39,121 [INFO] ThirdParty:1030 - CMSIS Pack Vendor :STMicroelectronics USBPD 4.1
2025-09-07 21:12:39,121 [INFO] ThirdParty:1030 - CMSIS Pack Vendor :STMicroelectronics X-CUBE-NFC9 1.0.0
2025-09-07 21:12:39,121 [INFO] ThirdParty:1030 - CMSIS Pack Vendor :STMicroelectronics USB_HOST 2.0.0
2025-09-07 21:12:39,121 [INFO] ThirdParty:1030 - CMSIS Pack Vendor :STMicroelectronics FP-SNS-MOTENVWB1 1.4.0
2025-09-07 21:12:39,121 [INFO] ThirdParty:1030 - CMSIS Pack Vendor :STMicroelectronics X-CUBE-AZRTOS-F4 1.1.0
2025-09-07 21:12:39,121 [INFO] ThirdParty:1030 - CMSIS Pack Vendor :STMicroelectronics LIBJPEG 8.0.0
2025-09-07 21:12:39,121 [INFO] ThirdParty:1030 - CMSIS Pack Vendor :STMicroelectronics FP-ATR-ASTRA1 2.0.2
2025-09-07 21:12:39,121 [INFO] ThirdParty:1030 - CMSIS Pack Vendor :wolfSSL I-CUBE-wolfSSL 5.8.2
2025-09-07 21:12:39,121 [INFO] ThirdParty:1030 - CMSIS Pack Vendor :STMicroelectronics X-CUBE-BLE1 7.1.0
2025-09-07 21:12:39,121 [INFO] ThirdParty:1030 - CMSIS Pack Vendor :Avnet-IotConnect X-CUBE-IoTC-DA16k-PMOD 1.0.0
2025-09-07 21:12:39,122 [INFO] ThirdParty:1030 - CMSIS Pack Vendor :STMicroelectronics X-CUBE-SMBUS 2.1.0
2025-09-07 21:12:39,122 [INFO] ThirdParty:1030 - CMSIS Pack Vendor :wolfSSL I-CUBE-wolfMQTT 1.19.2
2025-09-07 21:12:39,122 [INFO] ThirdParty:1030 - CMSIS Pack Vendor :STMicroelectronics USB_DEVICE 3.0.0
2025-09-07 21:12:39,122 [INFO] ThirdParty:1030 - CMSIS Pack Vendor :STMicroelectronics X-CUBE-ISPU 2.1.0
2025-09-07 21:12:39,122 [INFO] ThirdParty:1030 - CMSIS Pack Vendor :STMicroelectronics X-CUBE-EEPRMA1 5.2.0
2025-09-07 21:12:39,122 [INFO] ThirdParty:1030 - CMSIS Pack Vendor :STMicroelectronics X-CUBE-BLEMGR 4.1.0
2025-09-07 21:12:39,122 [INFO] ThirdParty:1030 - CMSIS Pack Vendor :STMicroelectronics X-CUBE-AZRTOS-WB 2.0.0
2025-09-07 21:12:39,122 [INFO] ThirdParty:1030 - CMSIS Pack Vendor :STMicroelectronics X-CUBE-ST60 1.0.0
2025-09-07 21:12:39,122 [INFO] ThirdParty:1030 - CMSIS Pack Vendor :STMicroelectronics X-CUBE-GNSS1 7.0.1
2025-09-07 21:12:39,122 [INFO] ThirdParty:1030 - CMSIS Pack Vendor :STMicroelectronics X-CUBE-NFC12 1.0.0
2025-09-07 21:12:39,122 [INFO] ThirdParty:1030 - CMSIS Pack Vendor :STMicroelectronics X-CUBE-AZRTOS-F7 1.1.0
2025-09-07 21:12:39,122 [INFO] ThirdParty:1030 - CMSIS Pack Vendor :STMicroelectronics X-CUBE-AZRTOS-L5 2.0.0
2025-09-07 21:12:39,122 [INFO] ThirdParty:1030 - CMSIS Pack Vendor :STMicroelectronics X-CUBE-TOUCHGFX 4.25.0
2025-09-07 21:12:39,122 [INFO] ThirdParty:1030 - CMSIS Pack Vendor :STMicroelectronics USB_DEVICE 2.0.0
2025-09-07 21:12:39,122 [INFO] ThirdParty:1030 - CMSIS Pack Vendor :STMicroelectronics X-CUBE-NFC6 3.1.0
2025-09-07 21:12:39,122 [INFO] ThirdParty:1030 - CMSIS Pack Vendor :STMicroelectronics X-CUBE-AI 10.1.0
2025-09-07 21:12:39,122 [INFO] ThirdParty:1030 - CMSIS Pack Vendor :STMicroelectronics FP-SNS-STBOX1 2.0.0
2025-09-07 21:12:39,122 [INFO] ThirdParty:1030 - CMSIS Pack Vendor :quantropi X-CUBE-qispace-sdk-base 2.1.0
2025-09-07 21:12:39,122 [INFO] ThirdParty:1030 - CMSIS Pack Vendor :STMicroelectronics FreeRTOS 0.0.1
2025-09-07 21:12:39,122 [INFO] ThirdParty:1030 - CMSIS Pack Vendor :STMicroelectronics X-CUBE-AZRTOS-G0 1.1.0
2025-09-07 21:12:39,122 [INFO] ThirdParty:1030 - CMSIS Pack Vendor :STMicroelectronics X-CUBE-SAFEA1 1.2.2
2025-09-07 21:12:39,122 [INFO] ThirdParty:1030 - CMSIS Pack Vendor :STMicroelectronics X-CUBE-NFC4 3.0.0
2025-09-07 21:12:39,122 [INFO] ThirdParty:1030 - CMSIS Pack Vendor :STMicroelectronics X-CUBE-SUBG2 5.0.0
2025-09-07 21:12:39,122 [INFO] ThirdParty:1030 - CMSIS Pack Vendor :STMicroelectronics X-CUBE-AZRTOS-H7RS 1.1.0
2025-09-07 21:12:39,123 [INFO] ThirdParty:1030 - CMSIS Pack Vendor :STMicroelectronics STM32_WPAN 1.0.0
2025-09-07 21:12:39,123 [INFO] ThirdParty:1030 - CMSIS Pack Vendor :EmbeddedOffice I-CUBE-FS-RTOS 1.0.1
2025-09-07 21:12:39,123 [INFO] ThirdParty:1030 - CMSIS Pack Vendor :STMicroelectronics lwIP 2.0.3
2025-09-07 21:12:39,123 [INFO] ThirdParty:1030 - CMSIS Pack Vendor :Cesanta I-CUBE-Mongoose 7.13.0
2025-09-07 21:12:39,123 [INFO] ThirdParty:1030 - CMSIS Pack Vendor :STMicroelectronics USB_HOST 1.0.0
2025-09-07 21:12:39,123 [INFO] ThirdParty:1030 - CMSIS Pack Vendor :Infineon AIROC-Wi-Fi-Bluetooth-STM32 1.7.1
2025-09-07 21:12:39,123 [INFO] ThirdParty:1030 - CMSIS Pack Vendor :STMicroelectronics X-CUBE-AZRTOS-G4 2.0.0
2025-09-07 21:12:39,123 [INFO] ThirdParty:1030 - CMSIS Pack Vendor :STMicroelectronics X-CUBE-WB05N 2.0.0
2025-09-07 21:12:39,123 [INFO] ThirdParty:1030 - CMSIS Pack Vendor :STMicroelectronics PDM2PCM 3.1.0
2025-09-07 21:12:39,123 [INFO] ThirdParty:1030 - CMSIS Pack Vendor :STMicroelectronics PDM2PCM 3.3.0
2025-09-07 21:12:39,123 [INFO] ThirdParty:1030 - CMSIS Pack Vendor :wolfSSL I-CUBE-wolfTPM 3.8.0
2025-09-07 21:12:39,123 [INFO] ThirdParty:1030 - CMSIS Pack Vendor :STMicroelectronics X-CUBE-AZRTOS-H7 3.4.0
2025-09-07 21:12:39,123 [INFO] ThirdParty:1030 - CMSIS Pack Vendor :STMicroelectronics X-CUBE-DISPLAY 3.0.0
2025-09-07 21:12:39,123 [INFO] ThirdParty:1030 - CMSIS Pack Vendor :wolfSSL I-CUBE-wolfSSH 1.4.20
2025-09-07 21:12:39,123 [INFO] ThirdParty:1030 - CMSIS Pack Vendor :STMicroelectronics X-CUBE-NFC7 2.0.0
2025-09-07 21:12:39,123 [INFO] ThirdParty:1030 - CMSIS Pack Vendor :STMicroelectronics X-CUBE-TCPP 4.2.0
2025-09-07 21:12:39,123 [INFO] ThirdParty:1030 - CMSIS Pack Vendor :RealThread X-CUBE-RT-Thread_Nano 4.1.1
2025-09-07 21:12:39,123 [INFO] ThirdParty:1030 - CMSIS Pack Vendor :STMicroelectronics FP-ATR-SIGFOX1 3.2.0
2025-09-07 21:12:39,123 [INFO] ThirdParty:1030 - CMSIS Pack Vendor :STMicroelectronics X-CUBE-NFC10 1.0.0
2025-09-07 21:12:39,123 [INFO] ThirdParty:1030 - CMSIS Pack Vendor :STMicroelectronics X-CUBE-FREERTOS 1.3.1
2025-09-07 21:12:39,123 [INFO] ThirdParty:1030 - CMSIS Pack Vendor :STMicroelectronics HAL Drivers 0.0.0
2025-09-07 21:12:39,123 [INFO] ThirdParty:1030 - CMSIS Pack Vendor :STMicroelectronics MBEDTLS 2.16.2
2025-09-07 21:12:39,123 [INFO] ThirdParty:1030 - CMSIS Pack Vendor :STMicroelectronics X-CUBE-IPS 3.1.0
2025-09-07 21:12:39,123 [INFO] ThirdParty:1030 - CMSIS Pack Vendor :STMicroelectronics X-CUBE-ALS 1.0.2
2025-09-07 21:12:39,123 [INFO] ThirdParty:1030 - CMSIS Pack Vendor :emotas I-CUBE-CANOPEN 1.3.0
2025-09-07 21:12:39,123 [INFO] ThirdParty:1030 - CMSIS Pack Vendor :STMicroelectronics MBEDTLS 2.14.1
2025-09-07 21:12:39,123 [INFO] ThirdParty:1030 - CMSIS Pack Vendor :ITTIA_DB I-CUBE-ITTIADB 8.9.0
2025-09-07 21:12:39,123 [INFO] ThirdParty:1030 - CMSIS Pack Vendor :STMicroelectronics X-CUBE-STSE01 1.0.0
2025-09-07 21:12:39,123 [INFO] ThirdParty:1030 - CMSIS Pack Vendor :portGmbH I-Cube-SoM-uGOAL 1.1.0
2025-09-07 21:12:39,123 [INFO] ThirdParty:1030 - CMSIS Pack Vendor :STMicroelectronics X-CUBE-ST67W61 1.0.0
2025-09-07 21:12:39,123 [INFO] ThirdParty:1030 - CMSIS Pack Vendor :STMicroelectronics FP-SNS-STBOX1 2.1.0
2025-09-07 21:12:39,123 [INFO] ThirdParty:1030 - CMSIS Pack Vendor :STMicroelectronics X-CUBE-AI 10.2.0
2025-09-07 21:12:39,124 [INFO] ThirdParty:1030 - CMSIS Pack Vendor :STMicroelectronics FP-SNS-STAIOTCFT 1.0.0
2025-09-07 21:12:39,124 [INFO] ThirdParty:1030 - CMSIS Pack Vendor :STMicroelectronics ThreadX 1.0.0
2025-09-07 21:12:39,124 [INFO] ThirdParty:1030 - CMSIS Pack Vendor :STMicroelectronics FP-SNS-SMARTAG2 1.2.0
2025-09-07 21:12:39,124 [INFO] ThirdParty:1030 - CMSIS Pack Vendor :STMicroelectronics FP-SNS-FLIGHT1 5.1.0
2025-09-07 21:12:39,124 [INFO] ThirdParty:1030 - CMSIS Pack Vendor :STMicroelectronics X-CUBE-AZRTOS-WL 2.0.0
2025-09-07 21:12:39,124 [INFO] ThirdParty:1030 - CMSIS Pack Vendor :SEGGER I-CUBE-embOS 1.3.1
2025-09-07 21:12:39,124 [INFO] ThirdParty:1030 - CMSIS Pack Vendor :STMicroelectronics X-CUBE-ALGOBUILD 1.4.0
2025-09-07 21:12:39,124 [INFO] ThirdParty:1030 - CMSIS Pack Vendor :STMicroelectronics X-CUBE-DPower 1.3.0
2025-09-07 21:12:39,124 [INFO] ThirdParty:1030 - CMSIS Pack Vendor :STMicroelectronics X-CUBE-MEMS1 11.3.0
2025-09-07 21:12:39,124 [INFO] ThirdParty:1030 - CMSIS Pack Vendor :STMicroelectronics FP-SNS-MOTENV1 5.0.0
2025-09-07 21:12:39,124 [INFO] ThirdParty:1030 - CMSIS Pack Vendor :STMicroelectronics USB_DEVICE 1.0.0
2025-09-07 21:12:39,124 [INFO] ThirdParty:1030 - CMSIS Pack Vendor :STMicroelectronics X-CUBE-AZRTOS-L4 2.0.0
2025-09-07 21:12:39,124 [INFO] ThirdParty:1030 - CMSIS Pack Vendor :STMicroelectronics ThreadX 0.0.2
2025-09-07 21:12:39,124 [INFO] ThirdParty:1030 - CMSIS Pack Vendor :WES I-CUBE-Cesium 1.3.0
2025-09-07 21:12:39,124 [INFO] ThirdParty:1030 - CMSIS Pack Vendor :STMicroelectronics lwIP 2.1.2
2025-09-07 21:12:39,124 [INFO] ThirdParty:1030 - CMSIS Pack Vendor :STMicroelectronics X-CUBE-SFXS2LP1 4.0.0
2025-09-07 21:12:39,124 [INFO] ThirdParty:1030 - CMSIS Pack Vendor :STMicroelectronics X-CUBE-BLE2 3.3.0
2025-09-07 21:12:39,124 [INFO] ThirdParty:1030 - CMSIS Pack Vendor :STMicroelectronics X-CUBE-TOF1 3.4.3
2025-09-07 21:12:39,124 [INFO] ThirdParty:1030 - CMSIS Pack Vendor :STMicroelectronics PDM2PCM 3.2.0
2025-09-07 21:12:39,124 [INFO] ThirdParty:841 - exiting critical section [change project]
2025-09-07 21:12:39,556 [INFO] PinOutPanel:1589 - setPackage(No Configuration,No Configuration)
2025-09-07 21:12:39,557 [INFO] PinOutPanel:1589 - setPackage(STM32F407ZGTx,LQFP144)
2025-09-07 21:12:39,807 [INFO] UtilMem:75 - Before build in PCC Used Memory: 374407864 Bytes (911212544)
2025-09-07 21:12:40,050 [INFO] UtilMem:75 - After build in PCC Used Memory: 420545208 Bytes (911212544)
2025-09-07 21:12:40,054 [INFO] ApiDbMcu:532 - Load IP Config File for FATFS
2025-09-07 21:12:40,064 [INFO] ApiDbMcu:532 - Load IP Config File for USB_HOST
2025-09-07 21:12:40,098 [INFO] IPUIPlugin:80 - create IPUIPlugin
2025-09-07 21:12:40,098 [INFO] IPUIPlugin:80 - create IPUIPlugin
2025-09-07 21:12:40,098 [INFO] IPUIPlugin:80 - create IPUIPlugin
2025-09-07 21:12:40,098 [INFO] IPUIPlugin:80 - create IPUIPlugin
2025-09-07 21:12:40,099 [INFO] IPUIPlugin:80 - create IPUIPlugin
2025-09-07 21:12:40,099 [INFO] IPUIPlugin:80 - create IPUIPlugin
2025-09-07 21:12:40,099 [INFO] IPUIPlugin:80 - create IPUIPlugin
2025-09-07 21:12:40,099 [INFO] IPUIPlugin:80 - create IPUIPlugin
2025-09-07 21:12:40,099 [INFO] IPUIPlugin:80 - create IPUIPlugin
2025-09-07 21:12:40,099 [INFO] IPUIPlugin:80 - create IPUIPlugin
2025-09-07 21:12:40,100 [INFO] IPUIPlugin:80 - create IPUIPlugin
2025-09-07 21:12:40,100 [INFO] IPUIPlugin:80 - create IPUIPlugin
2025-09-07 21:12:40,100 [INFO] IPUIPlugin:80 - create IPUIPlugin
2025-09-07 21:12:40,101 [INFO] IPUIPlugin:80 - create IPUIPlugin
2025-09-07 21:12:40,101 [INFO] IPUIPlugin:80 - create IPUIPlugin
2025-09-07 21:12:40,101 [INFO] IPUIPlugin:80 - create IPUIPlugin
2025-09-07 21:12:40,101 [INFO] IPUIPlugin:80 - create IPUIPlugin
2025-09-07 21:12:40,101 [INFO] IPUIPlugin:80 - create IPUIPlugin
2025-09-07 21:12:40,101 [INFO] IPUIPlugin:80 - create IPUIPlugin
2025-09-07 21:12:40,102 [INFO] IPUIPlugin:80 - create IPUIPlugin
2025-09-07 21:12:40,102 [INFO] IPUIPlugin:80 - create IPUIPlugin
2025-09-07 21:12:40,102 [INFO] IPUIPlugin:80 - create IPUIPlugin
2025-09-07 21:12:40,102 [INFO] IPUIPlugin:80 - create IPUIPlugin
2025-09-07 21:12:40,102 [INFO] IPUIPlugin:80 - create IPUIPlugin
2025-09-07 21:12:40,103 [INFO] IPUIPlugin:80 - create IPUIPlugin
2025-09-07 21:12:40,103 [INFO] IPUIPlugin:80 - create IPUIPlugin
2025-09-07 21:12:40,103 [INFO] IPUIPlugin:80 - create IPUIPlugin
2025-09-07 21:12:40,103 [INFO] IPUIPlugin:80 - create IPUIPlugin
2025-09-07 21:12:40,103 [INFO] IPUIPlugin:80 - create IPUIPlugin
2025-09-07 21:12:40,104 [INFO] IPUIPlugin:80 - create IPUIPlugin
2025-09-07 21:12:40,104 [INFO] IPUIPlugin:80 - create IPUIPlugin
2025-09-07 21:12:40,104 [INFO] IPUIPlugin:80 - create IPUIPlugin
2025-09-07 21:12:40,104 [INFO] IPUIPlugin:80 - create IPUIPlugin
2025-09-07 21:12:40,104 [INFO] IPUIPlugin:80 - create IPUIPlugin
2025-09-07 21:12:40,104 [INFO] IPUIPlugin:80 - create IPUIPlugin
2025-09-07 21:12:40,104 [INFO] IPUIPlugin:80 - create IPUIPlugin
2025-09-07 21:12:40,104 [INFO] IPUIPlugin:80 - create IPUIPlugin
2025-09-07 21:12:40,105 [INFO] IPUIPlugin:80 - create IPUIPlugin
2025-09-07 21:12:40,105 [INFO] IPUIPlugin:80 - create IPUIPlugin
2025-09-07 21:12:40,105 [INFO] IPUIPlugin:80 - create IPUIPlugin
2025-09-07 21:12:40,105 [INFO] IPUIPlugin:80 - create IPUIPlugin
2025-09-07 21:12:40,105 [INFO] IPUIPlugin:80 - create IPUIPlugin
2025-09-07 21:12:40,105 [INFO] IPUIPlugin:80 - create IPUIPlugin
2025-09-07 21:12:40,105 [INFO] IPUIPlugin:80 - create IPUIPlugin
2025-09-07 21:12:40,105 [INFO] IPUIPlugin:80 - create IPUIPlugin
2025-09-07 21:12:40,105 [INFO] IPUIPlugin:80 - create IPUIPlugin
2025-09-07 21:12:40,106 [INFO] IPUIPlugin:80 - create IPUIPlugin
2025-09-07 21:12:40,106 [INFO] IPUIPlugin:80 - create IPUIPlugin
2025-09-07 21:12:40,106 [INFO] IPUIPlugin:80 - create IPUIPlugin
2025-09-07 21:12:40,106 [INFO] IPUIPlugin:80 - create IPUIPlugin
2025-09-07 21:12:40,106 [INFO] IPUIPlugin:80 - create IPUIPlugin
2025-09-07 21:12:40,106 [INFO] IPUIPlugin:80 - create IPUIPlugin
2025-09-07 21:12:40,106 [INFO] IPUIPlugin:80 - create IPUIPlugin
2025-09-07 21:12:40,107 [INFO] IPUIPlugin:80 - create IPUIPlugin
2025-09-07 21:12:40,107 [INFO] IPUIPlugin:80 - create IPUIPlugin
2025-09-07 21:12:40,107 [INFO] IPUIPlugin:80 - create IPUIPlugin
2025-09-07 21:12:40,108 [INFO] IPUIPlugin:80 - create IPUIPlugin
2025-09-07 21:12:40,108 [INFO] IPUIPlugin:80 - create IPUIPlugin
2025-09-07 21:12:40,111 [INFO] ApiDbMcu:532 - Load IP Config File for PDM2PCM
2025-09-07 21:12:40,115 [INFO] Can:71 - Can Add PropertyChangeListener com.st.microxplorer.plugins.ip.can.Can@76dff0db
2025-09-07 21:12:40,116 [WARN] IP:2250 - I2C_Coeff_DF not found: check if there is a RefParameter without a condition.
2025-09-07 21:12:40,116 [WARN] IP:2250 - Analog_Filter not found: check if there is a RefParameter without a condition.
2025-09-07 21:12:40,218 [INFO] CADModel:165 - CPN selected for project levelSTM32F407ZGT6
2025-09-07 21:12:40,218 [INFO] CADModel:114 - Register for checkConnection events
2025-09-07 21:12:40,257 [INFO] OpenFileManager:386 - Restore cursor
2025-09-07 21:12:40,516 [WARN] IP:2250 - I2C_Coeff_DF not found: check if there is a RefParameter without a condition.
2025-09-07 21:12:40,516 [WARN] IP:2250 - Analog_Filter not found: check if there is a RefParameter without a condition.
2025-09-07 21:12:40,516 [WARN] IP:2250 - I2C_Coeff_DF not found: check if there is a RefParameter without a condition.
2025-09-07 21:12:40,516 [WARN] IP:2250 - Analog_Filter not found: check if there is a RefParameter without a condition.
2025-09-07 21:12:47,171 [INFO] DmaTabbedPanel:205 - Cannot restore the selected Tab for DMA
2025-09-07 21:13:08,804 [WARN] IP:2250 - I2C_Coeff_DF not found: check if there is a RefParameter without a condition.
2025-09-07 21:13:08,804 [WARN] IP:2250 - Analog_Filter not found: check if there is a RefParameter without a condition.
2025-09-07 21:13:08,804 [WARN] IP:2250 - I2C_Coeff_DF not found: check if there is a RefParameter without a condition.
2025-09-07 21:13:08,804 [WARN] IP:2250 - Analog_Filter not found: check if there is a RefParameter without a condition.
2025-09-07 21:13:09,025 [WARN] IP:2250 - I2C_Coeff_DF not found: check if there is a RefParameter without a condition.
2025-09-07 21:13:09,025 [WARN] IP:2250 - Analog_Filter not found: check if there is a RefParameter without a condition.
2025-09-07 21:13:09,026 [WARN] IP:2250 - I2C_Coeff_DF not found: check if there is a RefParameter without a condition.
2025-09-07 21:13:09,026 [WARN] IP:2250 - Analog_Filter not found: check if there is a RefParameter without a condition.
2025-09-07 21:13:09,239 [WARN] IP:2250 - I2C_Coeff_DF not found: check if there is a RefParameter without a condition.
2025-09-07 21:13:09,239 [WARN] IP:2250 - Analog_Filter not found: check if there is a RefParameter without a condition.
2025-09-07 21:13:09,239 [WARN] IP:2250 - I2C_Coeff_DF not found: check if there is a RefParameter without a condition.
2025-09-07 21:13:09,239 [WARN] IP:2250 - Analog_Filter not found: check if there is a RefParameter without a condition.
2025-09-07 21:13:09,428 [WARN] IP:2250 - I2C_Coeff_DF not found: check if there is a RefParameter without a condition.
2025-09-07 21:13:09,428 [WARN] IP:2250 - Analog_Filter not found: check if there is a RefParameter without a condition.
2025-09-07 21:13:09,428 [WARN] IP:2250 - I2C_Coeff_DF not found: check if there is a RefParameter without a condition.
2025-09-07 21:13:09,428 [WARN] IP:2250 - Analog_Filter not found: check if there is a RefParameter without a condition.
2025-09-07 21:13:09,572 [WARN] IP:2250 - I2C_Coeff_DF not found: check if there is a RefParameter without a condition.
2025-09-07 21:13:09,572 [WARN] IP:2250 - Analog_Filter not found: check if there is a RefParameter without a condition.
2025-09-07 21:13:09,572 [WARN] IP:2250 - I2C_Coeff_DF not found: check if there is a RefParameter without a condition.
2025-09-07 21:13:09,572 [WARN] IP:2250 - Analog_Filter not found: check if there is a RefParameter without a condition.
2025-09-07 21:25:40,486 [ERROR] ConfigurationRetriever:142 - IOException on connection: Read timed out
2025-09-07 21:30:24,329 [INFO] McuFinderGlobals:63 - Set McuFinder mode to 2 (CubeIDE integrated)
2025-09-07 21:30:24,330 [INFO] McuFinderGlobals:76 - Set McuFinderConnectedMode to true
2025-09-07 21:30:24,330 [INFO] MainUpdater:2872 - connection check result : 10
2025-09-07 21:30:24,332 [INFO] MenuBar:473 - Manual Refresh Data
2025-09-07 21:30:24,333 [INFO] FinderAction:103 - Refresh Data: download all database files
2025-09-07 21:30:25,415 [INFO] ServerAccessManage:452 - Complete download http(s) 200
2025-09-07 21:30:25,415 [INFO] ServerAccessManage:509 - Download File mcusAds.json._tmp_
2025-09-07 21:30:25,521 [INFO] LoadUrlFilesThread:156 - End of LoadUrlFiles Thread
2025-09-07 21:30:26,123 [INFO] ServerAccessManage:452 - Complete download http(s) 200
2025-09-07 21:30:26,123 [INFO] ServerAccessManage:509 - Download File cube-finder-db.zip
2025-09-07 21:30:44,623 [INFO] FileExtend:248 - Unzip File : cube-finder-db.zip
2025-09-07 21:30:44,623 [INFO] FileExtend:263 - Standard Zip Deflate
2025-09-07 21:30:45,284 [INFO] LoadUrlFilesThread:156 - End of LoadUrlFiles Thread
2025-09-07 21:30:48,759 [INFO] ServerAccessManage:452 - Complete download http(s) 200
2025-09-07 21:30:48,760 [INFO] ServerAccessManage:509 - Download File crdb.zip
2025-09-07 21:30:50,737 [INFO] FileExtend:248 - Unzip File : crdb.zip
2025-09-07 21:30:50,738 [INFO] FileExtend:263 - Standard Zip Deflate
2025-09-07 21:30:50,861 [INFO] LoadUrlFilesThread:156 - End of LoadUrlFiles Thread
2025-09-07 21:30:51,380 [INFO] ServerAccessManage:452 - Complete download http(s) 200
2025-09-07 21:30:51,381 [INFO] ServerAccessManage:509 - Download File tutoVideoDB.zip
2025-09-07 21:30:51,615 [INFO] FileExtend:248 - Unzip File : tutoVideoDB.zip
2025-09-07 21:30:51,616 [INFO] FileExtend:263 - Standard Zip Deflate
2025-09-07 21:30:51,720 [INFO] LoadUrlFilesThread:156 - End of LoadUrlFiles Thread
2025-09-07 21:30:51,721 [WARN] DbFile:41 - Overriding database path with different value: /home/tuna/.stmcufinder/plugins/mcufinder/ => /home/tuna/.stmcufinder/plugins/mcufinder
2025-09-07 21:30:51,871 [INFO] ServerAccessManage:452 - Complete download http(s) 200
2025-09-07 21:30:51,871 [INFO] ServerAccessManage:509 - Download File api_config.json
2025-09-07 21:30:51,975 [INFO] LoadUrlFilesThread:156 - End of LoadUrlFiles Thread
2025-09-07 21:30:51,977 [INFO] DbMcusAds:53 - JSON generation date=Tue Jul 08 15:14:23 ICT 2025 (1751962463582)
2025-09-07 21:30:51,979 [INFO] ApiDb:448 - Save user favorites file /home/tuna/.stm32cubeide/favorites.mcus.txt: 0 item(s)
2025-09-07 21:30:51,979 [INFO] ApiDb:452 - User favorites MCUs=[]
2025-09-07 21:30:51,980 [INFO] ApiDb:581 - Connected to CubeFinder SQLite database (/home/tuna/.stmcufinder/plugins/mcufinder/mcu/cube-finder-db.db)
2025-09-07 21:30:52,018 [INFO] ApiDb:668 - CubeFinder database Data Model version=2.1
2025-09-07 21:30:52,018 [INFO] ApiDb:669 - CubeFinder database Configuration version=3.0.39
2025-09-07 21:30:52,018 [INFO] ApiDb:670 - CubeFinder database generation date=2025-07-24 (1753349077)
2025-09-07 21:30:52,018 [INFO] ApiDb:671 - CubeFinder database FW Pack versions=[FP-ATR-ASTRA1_V2.0.0, FP-SNS-FLIGHT1_V5.1.0, FP-SNS-MOTENV1_V5.0.0, FP-SNS-MOTENVWB1_V1.4.0, FP-SNS-SMARTAG2_V1.2.0, FP-SNS-STBOX1_V2.0.0, STM32Cube_FW_C0_V1.4.0, STM32Cube_FW_F4_V1.28.2, STM32Cube_FW_F7_V1.17.3, STM32Cube_FW_G0_V1.6.2, STM32Cube_FW_G4_V1.6.1, STM32Cube_FW_H5_V1.5.0, STM32Cube_FW_H7RS_V1.2.0, STM32Cube_FW_H7_V1.12.1, STM32Cube_FW_L0_V1.12.2, STM32Cube_FW_L4_V1.18.1, STM32Cube_FW_L5_V1.5.1, STM32Cube_FW_N6_V1.2.0, STM32Cube_FW_U0_V1.3.0, STM32Cube_FW_U3_V1.2.0, STM32Cube_FW_U5_V1.8.0, STM32Cube_FW_WB0_V1.3.0, STM32Cube_FW_WBA_V1.7.0, STM32Cube_FW_WB_V1.23.0, STM32Cube_FW_WL3_V1.2.0, STM32Cube_FW_WL_V1.3.1, X-CUBE-ALGOBUILD_V1.4.0, X-CUBE-ALS_V1.0.2, X-CUBE-AZRTOS-F4_V1.1.0, X-CUBE-AZRTOS-F7_V1.1.0, X-CUBE-AZRTOS-G0_V1.1.0, X-CUBE-AZRTOS-G4_V2.0.0, X-CUBE-AZRTOS-H7RS_V1.1.0, X-CUBE-AZRTOS-H7_V3.4.0, X-CUBE-AZRTOS-L4_V2.0.0, X-CUBE-AZRTOS-L5_V2.0.0, X-CUBE-AZRTOS-WB_V2.0.0, X-CUBE-AZRTOS-WL_V2.0.0, X-CUBE-BLE1_V7.1.0, X-CUBE-BLE2_V3.3.0, X-CUBE-BLEMGR_V4.1.0, X-CUBE-EEPRMA1_V5.2.0, X-CUBE-FREERTOS_V1.3.1, X-CUBE-GNSS1_V6.0.0, X-CUBE-MEMS1_V11.3.0, X-CUBE-NFC4_V3.0.0, X-CUBE-NFC7_V2.0.0, X-CUBE-SFXS2LP1_V4.0.0, X-CUBE-ST67W61_V1.0.0, X-CUBE-SUBG2_V5.0.0, X-CUBE-TOF1_V3.4.3]
2025-09-07 21:30:54,316 [INFO] ApiDb:240 - Found 880 in-development CPN: [B-G473E-ZEST1S, B-WB1M-WPAN1, B-WBA5M-WPAN, B-WL5M-SUBG1, NUCLEO-C031C6, NUCLEO-C051C8, NUCLEO-C071RB, NUCLEO-C092RC, NUCLEO-H503RB, NUCLEO-H533RE, NUCLEO-H563ZI, NUCLEO-H7S3L8, NUCLEO-N657X0-Q, NUCLEO-U031R8, NUCLEO-U083RC, NUCLEO-U385RG-Q, NUCLEO-U545RE-Q, NUCLEO-U5A5ZJ-Q, NUCLEO-WB05KZ, NUCLEO-WB07CC, NUCLEO-WB09KE, NUCLEO-WBA52CG, NUCLEO-WBA55CG, NUCLEO-WL33CC1, NUCLEO-WL33CC2, STEVAL-PROTEUS1, STEVAL-SMARTAG2, STEVAL-STWINBX1, STM320518-EVAL, STM32C0116-DK, STM32C011D6Y3TR, STM32C011D6Y6TR, STM32C011F4P3, STM32C011F4P6, STM32C011F4U3, STM32C011F4U6TR, STM32C011F6P3, STM32C011F6P6, STM32C011F6U3, STM32C011F6U6TR, STM32C011J4M3, STM32C011J4M6, STM32C011J6M3, STM32C011J6M6, STM32C0316-DK, STM32C031C4T3, STM32C031C4T6, STM32C031C4U3, STM32C031C4U6, STM32C031C6T3, STM32C031C6T6, STM32C031C6U3, STM32C031C6U6, STM32C031F4P3, STM32C031F4P6, STM32C031F6P3, STM32C031F6P6, STM32C031G4U3, STM32C031G4U6, STM32C031G6U3, STM32C031G6U6, STM32C031K4T3, STM32C031K4T6, STM32C031K4U3, STM32C031K4U6, STM32C031K6T3, STM32C031K6T6, STM32C031K6U3, STM32C031K6U6, STM32C051C6T6, STM32C051C6U6, STM32C051C8T6, STM32C051C8U6, STM32C051D8Y6TR, STM32C051F6P6, STM32C051F8P6, STM32C051G6U6, STM32C051G8U6, STM32C051K6T6, STM32C051K6U6, STM32C051K8T6, STM32C071C8T6, STM32C071C8T6N, STM32C071C8U6, STM32C071C8U6N, STM32C071CBT6, STM32C071CBT6N, STM32C071CBU6, STM32C071CBU6N, STM32C071F8P6, STM32C071F8P6N, STM32C071FBP6, STM32C071FBP6N, STM32C071FBY6TR, STM32C071G8U6, STM32C071G8U6N, STM32C071GBU6, STM32C071GBU6N, STM32C071K8T6, STM32C071K8T6N, STM32C071K8U6, STM32C071K8U6N, STM32C071KBT6, STM32C071KBT6N, STM32C071KBU6, STM32C071KBU6N, STM32C071R8T6, STM32C071R8T6N, STM32C071RBI6N, STM32C071RBT6, STM32C071RBT6N, STM32C091CBT6, STM32C091CBU6, STM32C091CCT6, STM32C091CCU6, STM32C091ECY6TR, STM32C091FBP6, STM32C091FCP6, STM32C091GBU6, STM32C091GCU6, STM32C091KBT6, STM32C091KBU6, STM32C091KCT6, STM32C091KCU6, STM32C091RBT6, STM32C091RCI6, STM32C091RCT6, STM32C092CBT6, STM32C092CBU6, STM32C092CCT6, STM32C092CCU6, STM32C092ECY6TR, STM32C092FBP6, STM32C092FCP6, STM32C092GBU6, STM32C092GCU6, STM32C092KBT6, STM32C092KBU6, STM32C092KCT6, STM32C092KCU6, STM32C092RBT6, STM32C092RCI6, STM32C092RCT6, STM32G071K8TXN, STM32G071K8UXN, STM32G081GBU6N, STM32G081KBT6N, STM32G081KBUXN, STM32G0B1CCT6N, STM32G0B1KCT6, STM32G0B1NEY6TR, STM32G0B1RCT6N, STM32G0C1CCT6, STM32G0C1CCT6N, STM32G0C1CCU6N, STM32G0C1CET6N, STM32G0C1CEU6N, STM32G0C1KCT6, STM32G0C1NEY6TR, STM32G0C1RCI6N, STM32G0C1RCT6N, STM32G0C1REI6N, STM32G0C1RET6N, STM32G0C1VCI6, STM32G0C1VEI6, STM32G411C6T3, STM32G411C6T6, STM32G411C6U3, STM32G411C6U6, STM32G411C8T3, STM32G411C8T6, STM32G411C8U3, STM32G411C8U6, STM32G411CBT3, STM32G411CBT6, STM32G411CBU3, STM32G411CBU6, STM32G411K6T3, STM32G411K6T6, STM32G411K6U3, STM32G411K6U6, STM32G411K8T3, STM32G411K8T6, STM32G411K8U3, STM32G411K8U6, STM32G411KBT3, STM32G411KBT6, STM32G411KBU3, STM32G411KBU6, STM32G411M6T3, STM32G411M6T6, STM32G411M8T3, STM32G411M8T6, STM32G411MBT3, STM32G411MBT6, STM32G411R6T3, STM32G411R6T6, STM32G411R8T3, STM32G411R8T6, STM32G411RBT3, STM32G411RBT6, STM32G414CBT3, STM32G414CBT6, STM32G414CBU3, STM32G414CBU6, STM32G414CCT3, STM32G414CCT6, STM32G414CCU3, STM32G414CCU6, STM32G414MBT3, STM32G414MBT6, STM32G414MCT3, STM32G414MCT6, STM32G414RBT3, STM32G414RBT6, STM32G414RCT3, STM32G414RCT6, STM32G414VBT3, STM32G414VBT6, STM32G414VCT3, STM32G414VCT6, STM32G431CBT3Z, STM32G431RBT3Z, STM32G471CCT6, STM32G471CCU6, STM32G471CET3, STM32G471CET6, STM32G471CEU3, STM32G471CEU6, STM32G471MCT6, STM32G471MET3, STM32G471MET6, STM32G471MEY6TR, STM32G471QCT6, STM32G471QET3, STM32G471RCT6, STM32G471RET3, STM32G471RET6, STM32G471VCH6, STM32G471VCI6, STM32G471VCT6, STM32G471VEH3, STM32G471VEH6, STM32G471VEI3, STM32G471VEI6, STM32G471VET3, STM32G471VET6, STM32G473QET3Z, STM32G473RET3Z, STM32G474CCT6, STM32G491RET3Z, STM32H503CBT6, STM32H503CBU6, STM32H503EBY6TR, STM32H503KBU6, STM32H503RBT6, STM32H523CCT6, STM32H523CCU6, STM32H523CET6, STM32H523CEU6, STM32H523HEY6TR, STM32H523RCT6, STM32H523RET6, STM32H523VCI6, STM32H523VCT6, STM32H523VEI6, STM32H523VET6, STM32H523ZCJ6, STM32H523ZCT6, STM32H523ZEJ6, STM32H523ZET6, STM32H533CET6, STM32H533CEU6, STM32H533HEY6TR, STM32H533RET6, STM32H533VEI6, STM32H533VET6, STM32H533ZEJ6, STM32H533ZET6, STM32H562AGI6, STM32H562AII6, STM32H562IGK6, STM32H562IGT6, STM32H562IIK6, STM32H562IIT6, STM32H562RGT6, STM32H562RGV6, STM32H562RIT6, STM32H562RIV6, STM32H562VGT6, STM32H562VIT6, STM32H562ZGT6, STM32H562ZIT6, STM32H563AGI6, STM32H563AII3Q, STM32H563AII6, STM32H563IGK6, STM32H563IGT6, STM32H563IIK3Q, STM32H563IIK6, STM32H563IIT3Q, STM32H563IIT6, STM32H563MIY3QTR, STM32H563RGT6, STM32H563RGV6, STM32H563RIT6, STM32H563RIV6, STM32H563VGT6, STM32H563VIT3Q, STM32H563VIT6, STM32H563ZGT6, STM32H563ZIT3Q, STM32H563ZIT6, STM32H573AII3Q, STM32H573AII6, STM32H573I-DK, STM32H573IIK3Q, STM32H573IIK6, STM32H573IIT3Q, STM32H573IIT6, STM32H573MIY3QTR, STM32H573RIT6, STM32H573RIV6, STM32H573VIT3Q, STM32H573VIT6, STM32H573ZIT3Q, STM32H573ZIT6, STM32H7R3A8I6, STM32H7R3I8K6, STM32H7R3I8T6, STM32H7R3L8H6, STM32H7R3L8H6H, STM32H7R3R8V6, STM32H7R3V8H6, STM32H7R3V8T6, STM32H7R3V8Y6TR, STM32H7R3Z8J6, STM32H7R3Z8T6, STM32H7R7A8I6, STM32H7R7I8K6, STM32H7R7I8T6, STM32H7R7L8H6, STM32H7R7L8H6H, STM32H7R7Z8J6, STM32H7S3A8I6, STM32H7S3I8K6, STM32H7S3I8T6, STM32H7S3L8H6, STM32H7S3L8H6H, STM32H7S3R8V6, STM32H7S3V8H6, STM32H7S3V8T6, STM32H7S3V8Y6TR, STM32H7S3Z8J6, STM32H7S3Z8T6, STM32H7S78-DK, STM32H7S7A8I6, STM32H7S7I8K6, STM32H7S7I8T6, STM32H7S7L8H6, STM32H7S7L8H6H, STM32H7S7Z8J6, STM32L4R5QGI6STR, STM32MP131AAE3, STM32MP131AAF3, STM32MP131AAG3, STM32MP131CAE3, STM32MP131CAF3, STM32MP131CAG3, STM32MP131DAE7, STM32MP131DAF7, STM32MP131DAG7, STM32MP131FAE7, STM32MP131FAF7, STM32MP131FAG7, STM32MP133AAE3, STM32MP133AAF3, STM32MP133AAG3, STM32MP133CAE3, STM32MP133CAF3, STM32MP133CAG3, STM32MP133DAE7, STM32MP133DAF7, STM32MP133DAG7, STM32MP133FAE7, STM32MP133FAF7, STM32MP133FAG7, STM32MP135AAE3, STM32MP135AAF3, STM32MP135AAG3, STM32MP135CAE3, STM32MP135CAF3, STM32MP135CAG3, STM32MP135DAE7, STM32MP135DAF7, STM32MP135DAG7, STM32MP135F-DK, STM32MP135FAE7, STM32MP135FAF7, STM32MP135FAF7T, STM32MP135FAF7U, STM32MP135FAG7, STM32MP211AAL3, STM32MP211AAM3, STM32MP211AAN3, STM32MP211AAO3, STM32MP211CAL3, STM32MP211CAM3, STM32MP211CAN3, STM32MP211CAO3, STM32MP211DAL3, STM32MP211DAM3, STM32MP211DAN3, STM32MP211DAO3, STM32MP211FAL3, STM32MP211FAM3, STM32MP211FAN3, STM32MP211FAO3, STM32MP213AAL3, STM32MP213AAM3, STM32MP213AAN3, STM32MP213AAO3, STM32MP213CAL3, STM32MP213CAM3, STM32MP213CAN3, STM32MP213CAO3, STM32MP213DAL3, STM32MP213DAM3, STM32MP213DAN3, STM32MP213DAO3, STM32MP213FAL3, STM32MP213FAM3, STM32MP213FAN3, STM32MP213FAO3, STM32MP215AAL3, STM32MP215AAM3, STM32MP215AAN3, STM32MP215AAO3, STM32MP215CAL3, STM32MP215CAM3, STM32MP215CAN3, STM32MP215CAO3, STM32MP215DAL3, STM32MP215DAM3, STM32MP215DAN3, STM32MP215DAO3, STM32MP215F-DK, STM32MP215FAL3, STM32MP215FAM3, STM32MP215FAN3, STM32MP215FAO3, STM32MP231AAJ3, STM32MP231AAK3, STM32MP231AAL3, STM32MP231CAJ3, STM32MP231CAK3, STM32MP231CAL3, STM32MP231DAJ3, STM32MP231DAK3, STM32MP231DAL3, STM32MP231FAJ3, STM32MP231FAK3, STM32MP231FAL3, STM32MP233AAJ3, STM32MP233AAK3, STM32MP233AAL3, STM32MP233CAJ3, STM32MP233CAK3, STM32MP233CAL3, STM32MP233DAJ3, STM32MP233DAK3, STM32MP233DAL3, STM32MP233FAJ3, STM32MP233FAK3, STM32MP233FAL3, STM32MP235AAJ3, STM32MP235AAK3, STM32MP235AAL3, STM32MP235CAJ3, STM32MP235CAK3, STM32MP235CAL3, STM32MP235DAJ3, STM32MP235DAK3, STM32MP235DAL3, STM32MP235FAJ3, STM32MP235FAK3, STM32MP235FAL3, STM32MP251AAI3, STM32MP251AAK3, STM32MP251AAL3, STM32MP251CAI3, STM32MP251CAK3, STM32MP251CAL3, STM32MP251DAI3, STM32MP251DAK3, STM32MP251DAL3, STM32MP251FAI3, STM32MP251FAK3, STM32MP251FAL3, STM32MP253AAI3, STM32MP253AAK3, STM32MP253AAL3, STM32MP253CAI3, STM32MP253CAK3, STM32MP253CAL3, STM32MP253DAI3, STM32MP253DAK3, STM32MP253DAL3, STM32MP253FAI3, STM32MP253FAK3, STM32MP253FAL3, STM32MP255AAI3, STM32MP255AAK3, STM32MP255AAL3, STM32MP255CAI3, STM32MP255CAK3, STM32MP255CAL3, STM32MP255DAI3, STM32MP255DAK3, STM32MP255DAL3, STM32MP255FAI3, STM32MP255FAK3, STM32MP255FAL3, STM32MP257AAI3, STM32MP257AAK3, STM32MP257AAL3, STM32MP257CAI3, STM32MP257CAK3, STM32MP257CAL3, STM32MP257DAI3, STM32MP257DAK3, STM32MP257DAL3, STM32MP257F-DK, STM32MP257F-EV1, STM32MP257FAI3, STM32MP257FAK3, STM32MP257FAL3, STM32N645A0H3Q, STM32N645B0H3Q, STM32N645I0H3Q, STM32N645L0H3Q, STM32N645X0H3Q, STM32N645Z0H3Q, STM32N647A0H3Q, STM32N647B0H3Q, STM32N647I0H3Q, STM32N647L0H3Q, STM32N647X0H3Q, STM32N647Z0H3Q, STM32N655A0H3Q, STM32N655B0H3Q, STM32N655I0H3Q, STM32N655L0H3Q, STM32N655X0H3Q, STM32N655Z0H3Q, STM32N6570-DK, STM32N657A0H3Q, STM32N657B0H3Q, STM32N657I0H3Q, STM32N657L0H3Q, STM32N657X0H3Q, STM32N657Z0H3Q, STM32U031C6T6, STM32U031C6U6, STM32U031C8T6, STM32U031C8U6, STM32U031F4P6, STM32U031F6P6, STM32U031F8P6, STM32U031G6Y6TR, STM32U031G8Y6TR, STM32U031K4U6, STM32U031K6U6, STM32U031K8U6, STM32U031R6I6, STM32U031R6T6, STM32U031R8I6, STM32U031R8T6, STM32U073C8T6, STM32U073C8U6, STM32U073CBT6, STM32U073CBU6, STM32U073CCT6, STM32U073CCU6, STM32U073H8Y6TR, STM32U073HBY6TR, STM32U073HCY6TR, STM32U073K8U6, STM32U073KBU6, STM32U073KCU6, STM32U073M8I6, STM32U073M8T6, STM32U073MBI6, STM32U073MBT6, STM32U073MCI6, STM32U073MCT6, STM32U073R8I6, STM32U073R8T6, STM32U073RBI6, STM32U073RBT6, STM32U073RCI6, STM32U073RCT6, STM32U083C-DK, STM32U083CCT6, STM32U083CCU6, STM32U083HCY6TR, STM32U083KCU6, STM32U083MCI6, STM32U083MCT6, STM32U083RCI6, STM32U083RCT6, STM32U375CET6, STM32U375CET6Q, STM32U375CEU6, STM32U375CEU6Q, STM32U375CEY6QTR, STM32U375CGT6, STM32U375CGT6Q, STM32U375CGU6, STM32U375CGU6Q, STM32U375CGY6QTR, STM32U375KEU6, STM32U375KGU6, STM32U375REI6, STM32U375REI6Q, STM32U375RET6, STM32U375RET6Q, STM32U375REY6GTR, STM32U375REY6QTR, STM32U375RGI6, STM32U375RGI6Q, STM32U375RGT6, STM32U375RGT6Q, STM32U375RGY6GTR, STM32U375RGY6QTR, STM32U375VEI6, STM32U375VEI6Q, STM32U375VET6, STM32U375VET6Q, STM32U375VGI6, STM32U375VGI6Q, STM32U375VGT6, STM32U375VGT6Q, STM32U385CGT6, STM32U385CGT6Q, STM32U385CGU6, STM32U385CGU6Q, STM32U385CGY6QTR, STM32U385KGU6, STM32U385RGI6, STM32U385RGI6Q, STM32U385RGT6, STM32U385RGT6Q, STM32U385RGY6GTR, STM32U385RGY6QTR, STM32U385VGI6, STM32U385VGI6Q, STM32U385VGT6, STM32U385VGT6Q, STM32U535CBT6, STM32U535CBT6Q, STM32U535CBU6, STM32U535CBU6Q, STM32U535CCT6, STM32U535CCT6Q, STM32U535CCU6, STM32U535CCU6Q, STM32U535CET6, STM32U535CET6Q, STM32U535CEU6, STM32U535CEU6Q, STM32U535JEY6QTR, STM32U535NCY6QTR, STM32U535NEY6QTR, STM32U535RBI6, STM32U535RBI6Q, STM32U535RBT6, STM32U535RBT6Q, STM32U535RCI6, STM32U535RCI6Q, STM32U535RCT6, STM32U535RCT6Q, STM32U535REI6, STM32U535REI6Q, STM32U535RET6, STM32U535RET6Q, STM32U535VCI6, STM32U535VCI6Q, STM32U535VCT6, STM32U535VCT6Q, STM32U535VEI6, STM32U535VEI6Q, STM32U535VET6, STM32U535VET6Q, STM32U545CET6, STM32U545CET6Q, STM32U545CEU6, STM32U545CEU6Q, STM32U545JEY6QTR, STM32U545NEY6QTR, STM32U545REI6, STM32U545REI6Q, STM32U545RET6, STM32U545RET6Q, STM32U545VEI6, STM32U545VEI6Q, STM32U545VET6, STM32U545VET6Q, STM32U595AIH6, STM32U595AIH6Q, STM32U595AJH6, STM32U595AJH6Q, STM32U595QII6, STM32U595QII6Q, STM32U595QJI6, STM32U595QJI6Q, STM32U595RIT6, STM32U595RIT6Q, STM32U595RJT6, STM32U595RJT6Q, STM32U595VIT6, STM32U595VIT6Q, STM32U595VJT6, STM32U595VJT6Q, STM32U595ZIT6, STM32U595ZIT6Q, STM32U595ZIY6QTR, STM32U595ZJT6, STM32U595ZJT6Q, STM32U595ZJY6QTR, STM32U599BJY6QTR, STM32U599NIH6Q, STM32U599NJH6Q, STM32U599VIT6Q, STM32U599VJT6, STM32U599VJT6Q, STM32U599ZIT6Q, STM32U599ZIY6QTR, STM32U599ZJT6Q, STM32U599ZJY6QTR, STM32U5A5AJH6, STM32U5A5AJH6Q, STM32U5A5QII3Q , STM32U5A5QJI6, STM32U5A5QJI6Q, STM32U5A5RJT6, STM32U5A5RJT6Q, STM32U5A5VJT6, STM32U5A5VJT6Q, STM32U5A5ZJT6, STM32U5A5ZJT6Q, STM32U5A5ZJY6QTR, STM32U5A9BJY6QTR, STM32U5A9J-DK, STM32U5A9NJH6Q, STM32U5A9VJT6Q, STM32U5A9ZJT6Q, STM32U5A9ZJY6QTR, STM32U5F7VIT6, STM32U5F7VIT6Q, STM32U5F7VJT6, STM32U5F7VJT6Q, STM32U5F9BJY6QTR, STM32U5F9NJH6Q, STM32U5F9VIT6Q, STM32U5F9VJT6Q, STM32U5F9ZIJ6QTR, STM32U5F9ZIT6Q, STM32U5F9ZJJ6QTR, STM32U5F9ZJT6Q, STM32U5G7VJT6, STM32U5G7VJT6Q, STM32U5G9BJY6QTR, STM32U5G9J-DK1, STM32U5G9J-DK2, STM32U5G9NJH6Q, STM32U5G9VJT6Q, STM32U5G9ZJJ6QTR, STM32U5G9ZJT6Q, STM32WB05KZV6TR, STM32WB05KZV7TR, STM32WB05TZF6TR, STM32WB05TZF7TR, STM32WB06CCF6TR, STM32WB06CCF7TR, STM32WB06CCV6TR, STM32WB06CCV7TR, STM32WB06KCV6TR, STM32WB06KCV7TR, STM32WB07CCF6TR, STM32WB07CCF7TR, STM32WB07CCV6TR, STM32WB07CCV7TR, STM32WB07KCV6TR, STM32WB07KCV7TR, STM32WB09KEV6TR, STM32WB09KEV7TR, STM32WB09TEF6TR, STM32WB09TEF7TR, STM32WB1MMCH6, STM32WBA50KGU6, STM32WBA50KGU6TR, STM32WBA52CEU6, STM32WBA52CEU6TR, STM32WBA52CEU7, STM32WBA52CEU7TR, STM32WBA52CGU6, STM32WBA52CGU6TR, STM32WBA52CGU6U, STM32WBA52CGU7, STM32WBA52CGU7TR, STM32WBA52KEU6, STM32WBA52KEU6TR, STM32WBA52KGU6, STM32WBA52KGU6TR, STM32WBA54CEU6, STM32WBA54CEU6TR, STM32WBA54CEU7, STM32WBA54CEU7TR, STM32WBA54CGU6, STM32WBA54CGU6TR, STM32WBA54CGU7, STM32WBA54CGU7TR, STM32WBA54KEU6, STM32WBA54KEU6TR, STM32WBA54KEU7, STM32WBA54KEU7TR, STM32WBA54KGU6, STM32WBA54KGU6TR, STM32WBA54KGU7, STM32WBA54KGU7TR, STM32WBA55CEU6, STM32WBA55CEU6TR, STM32WBA55CEU7, STM32WBA55CEU7TR, STM32WBA55CGU6, STM32WBA55CGU6TR, STM32WBA55CGU6U, STM32WBA55CGU7, STM32WBA55CGU7TR, STM32WBA55G-DK1, STM32WBA55HEF6, STM32WBA55HEF7, STM32WBA55HGF6, STM32WBA55HGF7, STM32WBA55UEI6, STM32WBA55UEI6TR, STM32WBA55UEI7, STM32WBA55UEI7TR, STM32WBA55UGI6, STM32WBA55UGI6TR, STM32WBA55UGI7, STM32WBA55UGI7TR, STM32WBA5MMGH6TR, STM32WBA62MGF6, STM32WBA62MIF6, STM32WBA65MGF7, STM32WBA65MIF6, STM32WBA65MIF7, STM32WL30K8V6, STM32WL30KBV6, STM32WL31C8V6, STM32WL31CBV6, STM32WL31K8V6, STM32WL31KBV6, STM32WL33C8V6, STM32WL33C8V6X, STM32WL33CBV6, STM32WL33CBV6X, STM32WL33CCV6, STM32WL33CCV6A, STM32WL33CCV6X, STM32WL33K8V7, STM32WL33K8V7X, STM32WL33KBV7 , STM32WL33KBV7X, STM32WL33KCV7, STM32WL33KCV7X, STM32WL5MOCH6, STM32WL5MOCH6TR]
2025-09-07 21:30:54,319 [INFO] DbMcus:218 - Found 4801 MCUs, 4801 are supported
2025-09-07 21:30:54,319 [INFO] ApiDb:423 - Load user favorites file /home/tuna/.stm32cubeide/favorites.mcus.txt: 0 item(s)
2025-09-07 21:30:54,319 [INFO] ApiDb:427 - User favorites MCUs=[]
2025-09-07 21:30:54,319 [INFO] DbMcus:224 - Set 0 / 0 favorites MCUs
2025-09-07 21:30:54,711 [INFO] ApiDb:448 - Save user favorites file /home/tuna/.stm32cubeide/favorites.boards.txt: 0 item(s)
2025-09-07 21:30:54,711 [INFO] ApiDb:452 - User favorites Boards=[]
2025-09-07 21:30:54,712 [INFO] ApiDb:581 - Connected to CubeFinder SQLite database (/home/tuna/.stmcufinder/plugins/mcufinder/mcu/cube-finder-db.db)
2025-09-07 21:30:54,742 [INFO] ApiDb:668 - CubeFinder database Data Model version=2.1
2025-09-07 21:30:54,742 [INFO] ApiDb:669 - CubeFinder database Configuration version=3.0.39
2025-09-07 21:30:54,742 [INFO] ApiDb:670 - CubeFinder database generation date=2025-07-24 (1753349077)
2025-09-07 21:30:54,742 [INFO] ApiDb:671 - CubeFinder database FW Pack versions=[FP-ATR-ASTRA1_V2.0.0, FP-SNS-FLIGHT1_V5.1.0, FP-SNS-MOTENV1_V5.0.0, FP-SNS-MOTENVWB1_V1.4.0, FP-SNS-SMARTAG2_V1.2.0, FP-SNS-STBOX1_V2.0.0, STM32Cube_FW_C0_V1.4.0, STM32Cube_FW_F4_V1.28.2, STM32Cube_FW_F7_V1.17.3, STM32Cube_FW_G0_V1.6.2, STM32Cube_FW_G4_V1.6.1, STM32Cube_FW_H5_V1.5.0, STM32Cube_FW_H7RS_V1.2.0, STM32Cube_FW_H7_V1.12.1, STM32Cube_FW_L0_V1.12.2, STM32Cube_FW_L4_V1.18.1, STM32Cube_FW_L5_V1.5.1, STM32Cube_FW_N6_V1.2.0, STM32Cube_FW_U0_V1.3.0, STM32Cube_FW_U3_V1.2.0, STM32Cube_FW_U5_V1.8.0, STM32Cube_FW_WB0_V1.3.0, STM32Cube_FW_WBA_V1.7.0, STM32Cube_FW_WB_V1.23.0, STM32Cube_FW_WL3_V1.2.0, STM32Cube_FW_WL_V1.3.1, X-CUBE-ALGOBUILD_V1.4.0, X-CUBE-ALS_V1.0.2, X-CUBE-AZRTOS-F4_V1.1.0, X-CUBE-AZRTOS-F7_V1.1.0, X-CUBE-AZRTOS-G0_V1.1.0, X-CUBE-AZRTOS-G4_V2.0.0, X-CUBE-AZRTOS-H7RS_V1.1.0, X-CUBE-AZRTOS-H7_V3.4.0, X-CUBE-AZRTOS-L4_V2.0.0, X-CUBE-AZRTOS-L5_V2.0.0, X-CUBE-AZRTOS-WB_V2.0.0, X-CUBE-AZRTOS-WL_V2.0.0, X-CUBE-BLE1_V7.1.0, X-CUBE-BLE2_V3.3.0, X-CUBE-BLEMGR_V4.1.0, X-CUBE-EEPRMA1_V5.2.0, X-CUBE-FREERTOS_V1.3.1, X-CUBE-GNSS1_V6.0.0, X-CUBE-MEMS1_V11.3.0, X-CUBE-NFC4_V3.0.0, X-CUBE-NFC7_V2.0.0, X-CUBE-SFXS2LP1_V4.0.0, X-CUBE-ST67W61_V1.0.0, X-CUBE-SUBG2_V5.0.0, X-CUBE-TOF1_V3.4.3]
2025-09-07 21:30:54,776 [INFO] DbBoardsSqlite:226 - include board P-NUCLEO-WB55-NUCLEO as a kit item of type 'Nucleo-64'
2025-09-07 21:30:54,776 [INFO] DbBoardsSqlite:226 - include board P-NUCLEO-WB55-USBDONGLE as a kit item of type 'Nucleo USB Dongle'
2025-09-07 21:30:54,776 [INFO] DbBoardsSqlite:226 - include board STEVAL-IDP005V1 as a kit item of type 'Evaluation Board'
2025-09-07 21:30:54,776 [INFO] DbBoardsSqlite:226 - include board STEVAL-IDP005V2 as a kit item of type 'Evaluation Board'
2025-09-07 21:30:54,807 [INFO] ApiDb:240 - Found 880 in-development CPN: [B-G473E-ZEST1S, B-WB1M-WPAN1, B-WBA5M-WPAN, B-WL5M-SUBG1, NUCLEO-C031C6, NUCLEO-C051C8, NUCLEO-C071RB, NUCLEO-C092RC, NUCLEO-H503RB, NUCLEO-H533RE, NUCLEO-H563ZI, NUCLEO-H7S3L8, NUCLEO-N657X0-Q, NUCLEO-U031R8, NUCLEO-U083RC, NUCLEO-U385RG-Q, NUCLEO-U545RE-Q, NUCLEO-U5A5ZJ-Q, NUCLEO-WB05KZ, NUCLEO-WB07CC, NUCLEO-WB09KE, NUCLEO-WBA52CG, NUCLEO-WBA55CG, NUCLEO-WL33CC1, NUCLEO-WL33CC2, STEVAL-PROTEUS1, STEVAL-SMARTAG2, STEVAL-STWINBX1, STM320518-EVAL, STM32C0116-DK, STM32C011D6Y3TR, STM32C011D6Y6TR, STM32C011F4P3, STM32C011F4P6, STM32C011F4U3, STM32C011F4U6TR, STM32C011F6P3, STM32C011F6P6, STM32C011F6U3, STM32C011F6U6TR, STM32C011J4M3, STM32C011J4M6, STM32C011J6M3, STM32C011J6M6, STM32C0316-DK, STM32C031C4T3, STM32C031C4T6, STM32C031C4U3, STM32C031C4U6, STM32C031C6T3, STM32C031C6T6, STM32C031C6U3, STM32C031C6U6, STM32C031F4P3, STM32C031F4P6, STM32C031F6P3, STM32C031F6P6, STM32C031G4U3, STM32C031G4U6, STM32C031G6U3, STM32C031G6U6, STM32C031K4T3, STM32C031K4T6, STM32C031K4U3, STM32C031K4U6, STM32C031K6T3, STM32C031K6T6, STM32C031K6U3, STM32C031K6U6, STM32C051C6T6, STM32C051C6U6, STM32C051C8T6, STM32C051C8U6, STM32C051D8Y6TR, STM32C051F6P6, STM32C051F8P6, STM32C051G6U6, STM32C051G8U6, STM32C051K6T6, STM32C051K6U6, STM32C051K8T6, STM32C071C8T6, STM32C071C8T6N, STM32C071C8U6, STM32C071C8U6N, STM32C071CBT6, STM32C071CBT6N, STM32C071CBU6, STM32C071CBU6N, STM32C071F8P6, STM32C071F8P6N, STM32C071FBP6, STM32C071FBP6N, STM32C071FBY6TR, STM32C071G8U6, STM32C071G8U6N, STM32C071GBU6, STM32C071GBU6N, STM32C071K8T6, STM32C071K8T6N, STM32C071K8U6, STM32C071K8U6N, STM32C071KBT6, STM32C071KBT6N, STM32C071KBU6, STM32C071KBU6N, STM32C071R8T6, STM32C071R8T6N, STM32C071RBI6N, STM32C071RBT6, STM32C071RBT6N, STM32C091CBT6, STM32C091CBU6, STM32C091CCT6, STM32C091CCU6, STM32C091ECY6TR, STM32C091FBP6, STM32C091FCP6, STM32C091GBU6, STM32C091GCU6, STM32C091KBT6, STM32C091KBU6, STM32C091KCT6, STM32C091KCU6, STM32C091RBT6, STM32C091RCI6, STM32C091RCT6, STM32C092CBT6, STM32C092CBU6, STM32C092CCT6, STM32C092CCU6, STM32C092ECY6TR, STM32C092FBP6, STM32C092FCP6, STM32C092GBU6, STM32C092GCU6, STM32C092KBT6, STM32C092KBU6, STM32C092KCT6, STM32C092KCU6, STM32C092RBT6, STM32C092RCI6, STM32C092RCT6, STM32G071K8TXN, STM32G071K8UXN, STM32G081GBU6N, STM32G081KBT6N, STM32G081KBUXN, STM32G0B1CCT6N, STM32G0B1KCT6, STM32G0B1NEY6TR, STM32G0B1RCT6N, STM32G0C1CCT6, STM32G0C1CCT6N, STM32G0C1CCU6N, STM32G0C1CET6N, STM32G0C1CEU6N, STM32G0C1KCT6, STM32G0C1NEY6TR, STM32G0C1RCI6N, STM32G0C1RCT6N, STM32G0C1REI6N, STM32G0C1RET6N, STM32G0C1VCI6, STM32G0C1VEI6, STM32G411C6T3, STM32G411C6T6, STM32G411C6U3, STM32G411C6U6, STM32G411C8T3, STM32G411C8T6, STM32G411C8U3, STM32G411C8U6, STM32G411CBT3, STM32G411CBT6, STM32G411CBU3, STM32G411CBU6, STM32G411K6T3, STM32G411K6T6, STM32G411K6U3, STM32G411K6U6, STM32G411K8T3, STM32G411K8T6, STM32G411K8U3, STM32G411K8U6, STM32G411KBT3, STM32G411KBT6, STM32G411KBU3, STM32G411KBU6, STM32G411M6T3, STM32G411M6T6, STM32G411M8T3, STM32G411M8T6, STM32G411MBT3, STM32G411MBT6, STM32G411R6T3, STM32G411R6T6, STM32G411R8T3, STM32G411R8T6, STM32G411RBT3, STM32G411RBT6, STM32G414CBT3, STM32G414CBT6, STM32G414CBU3, STM32G414CBU6, STM32G414CCT3, STM32G414CCT6, STM32G414CCU3, STM32G414CCU6, STM32G414MBT3, STM32G414MBT6, STM32G414MCT3, STM32G414MCT6, STM32G414RBT3, STM32G414RBT6, STM32G414RCT3, STM32G414RCT6, STM32G414VBT3, STM32G414VBT6, STM32G414VCT3, STM32G414VCT6, STM32G431CBT3Z, STM32G431RBT3Z, STM32G471CCT6, STM32G471CCU6, STM32G471CET3, STM32G471CET6, STM32G471CEU3, STM32G471CEU6, STM32G471MCT6, STM32G471MET3, STM32G471MET6, STM32G471MEY6TR, STM32G471QCT6, STM32G471QET3, STM32G471RCT6, STM32G471RET3, STM32G471RET6, STM32G471VCH6, STM32G471VCI6, STM32G471VCT6, STM32G471VEH3, STM32G471VEH6, STM32G471VEI3, STM32G471VEI6, STM32G471VET3, STM32G471VET6, STM32G473QET3Z, STM32G473RET3Z, STM32G474CCT6, STM32G491RET3Z, STM32H503CBT6, STM32H503CBU6, STM32H503EBY6TR, STM32H503KBU6, STM32H503RBT6, STM32H523CCT6, STM32H523CCU6, STM32H523CET6, STM32H523CEU6, STM32H523HEY6TR, STM32H523RCT6, STM32H523RET6, STM32H523VCI6, STM32H523VCT6, STM32H523VEI6, STM32H523VET6, STM32H523ZCJ6, STM32H523ZCT6, STM32H523ZEJ6, STM32H523ZET6, STM32H533CET6, STM32H533CEU6, STM32H533HEY6TR, STM32H533RET6, STM32H533VEI6, STM32H533VET6, STM32H533ZEJ6, STM32H533ZET6, STM32H562AGI6, STM32H562AII6, STM32H562IGK6, STM32H562IGT6, STM32H562IIK6, STM32H562IIT6, STM32H562RGT6, STM32H562RGV6, STM32H562RIT6, STM32H562RIV6, STM32H562VGT6, STM32H562VIT6, STM32H562ZGT6, STM32H562ZIT6, STM32H563AGI6, STM32H563AII3Q, STM32H563AII6, STM32H563IGK6, STM32H563IGT6, STM32H563IIK3Q, STM32H563IIK6, STM32H563IIT3Q, STM32H563IIT6, STM32H563MIY3QTR, STM32H563RGT6, STM32H563RGV6, STM32H563RIT6, STM32H563RIV6, STM32H563VGT6, STM32H563VIT3Q, STM32H563VIT6, STM32H563ZGT6, STM32H563ZIT3Q, STM32H563ZIT6, STM32H573AII3Q, STM32H573AII6, STM32H573I-DK, STM32H573IIK3Q, STM32H573IIK6, STM32H573IIT3Q, STM32H573IIT6, STM32H573MIY3QTR, STM32H573RIT6, STM32H573RIV6, STM32H573VIT3Q, STM32H573VIT6, STM32H573ZIT3Q, STM32H573ZIT6, STM32H7R3A8I6, STM32H7R3I8K6, STM32H7R3I8T6, STM32H7R3L8H6, STM32H7R3L8H6H, STM32H7R3R8V6, STM32H7R3V8H6, STM32H7R3V8T6, STM32H7R3V8Y6TR, STM32H7R3Z8J6, STM32H7R3Z8T6, STM32H7R7A8I6, STM32H7R7I8K6, STM32H7R7I8T6, STM32H7R7L8H6, STM32H7R7L8H6H, STM32H7R7Z8J6, STM32H7S3A8I6, STM32H7S3I8K6, STM32H7S3I8T6, STM32H7S3L8H6, STM32H7S3L8H6H, STM32H7S3R8V6, STM32H7S3V8H6, STM32H7S3V8T6, STM32H7S3V8Y6TR, STM32H7S3Z8J6, STM32H7S3Z8T6, STM32H7S78-DK, STM32H7S7A8I6, STM32H7S7I8K6, STM32H7S7I8T6, STM32H7S7L8H6, STM32H7S7L8H6H, STM32H7S7Z8J6, STM32L4R5QGI6STR, STM32MP131AAE3, STM32MP131AAF3, STM32MP131AAG3, STM32MP131CAE3, STM32MP131CAF3, STM32MP131CAG3, STM32MP131DAE7, STM32MP131DAF7, STM32MP131DAG7, STM32MP131FAE7, STM32MP131FAF7, STM32MP131FAG7, STM32MP133AAE3, STM32MP133AAF3, STM32MP133AAG3, STM32MP133CAE3, STM32MP133CAF3, STM32MP133CAG3, STM32MP133DAE7, STM32MP133DAF7, STM32MP133DAG7, STM32MP133FAE7, STM32MP133FAF7, STM32MP133FAG7, STM32MP135AAE3, STM32MP135AAF3, STM32MP135AAG3, STM32MP135CAE3, STM32MP135CAF3, STM32MP135CAG3, STM32MP135DAE7, STM32MP135DAF7, STM32MP135DAG7, STM32MP135F-DK, STM32MP135FAE7, STM32MP135FAF7, STM32MP135FAF7T, STM32MP135FAF7U, STM32MP135FAG7, STM32MP211AAL3, STM32MP211AAM3, STM32MP211AAN3, STM32MP211AAO3, STM32MP211CAL3, STM32MP211CAM3, STM32MP211CAN3, STM32MP211CAO3, STM32MP211DAL3, STM32MP211DAM3, STM32MP211DAN3, STM32MP211DAO3, STM32MP211FAL3, STM32MP211FAM3, STM32MP211FAN3, STM32MP211FAO3, STM32MP213AAL3, STM32MP213AAM3, STM32MP213AAN3, STM32MP213AAO3, STM32MP213CAL3, STM32MP213CAM3, STM32MP213CAN3, STM32MP213CAO3, STM32MP213DAL3, STM32MP213DAM3, STM32MP213DAN3, STM32MP213DAO3, STM32MP213FAL3, STM32MP213FAM3, STM32MP213FAN3, STM32MP213FAO3, STM32MP215AAL3, STM32MP215AAM3, STM32MP215AAN3, STM32MP215AAO3, STM32MP215CAL3, STM32MP215CAM3, STM32MP215CAN3, STM32MP215CAO3, STM32MP215DAL3, STM32MP215DAM3, STM32MP215DAN3, STM32MP215DAO3, STM32MP215F-DK, STM32MP215FAL3, STM32MP215FAM3, STM32MP215FAN3, STM32MP215FAO3, STM32MP231AAJ3, STM32MP231AAK3, STM32MP231AAL3, STM32MP231CAJ3, STM32MP231CAK3, STM32MP231CAL3, STM32MP231DAJ3, STM32MP231DAK3, STM32MP231DAL3, STM32MP231FAJ3, STM32MP231FAK3, STM32MP231FAL3, STM32MP233AAJ3, STM32MP233AAK3, STM32MP233AAL3, STM32MP233CAJ3, STM32MP233CAK3, STM32MP233CAL3, STM32MP233DAJ3, STM32MP233DAK3, STM32MP233DAL3, STM32MP233FAJ3, STM32MP233FAK3, STM32MP233FAL3, STM32MP235AAJ3, STM32MP235AAK3, STM32MP235AAL3, STM32MP235CAJ3, STM32MP235CAK3, STM32MP235CAL3, STM32MP235DAJ3, STM32MP235DAK3, STM32MP235DAL3, STM32MP235FAJ3, STM32MP235FAK3, STM32MP235FAL3, STM32MP251AAI3, STM32MP251AAK3, STM32MP251AAL3, STM32MP251CAI3, STM32MP251CAK3, STM32MP251CAL3, STM32MP251DAI3, STM32MP251DAK3, STM32MP251DAL3, STM32MP251FAI3, STM32MP251FAK3, STM32MP251FAL3, STM32MP253AAI3, STM32MP253AAK3, STM32MP253AAL3, STM32MP253CAI3, STM32MP253CAK3, STM32MP253CAL3, STM32MP253DAI3, STM32MP253DAK3, STM32MP253DAL3, STM32MP253FAI3, STM32MP253FAK3, STM32MP253FAL3, STM32MP255AAI3, STM32MP255AAK3, STM32MP255AAL3, STM32MP255CAI3, STM32MP255CAK3, STM32MP255CAL3, STM32MP255DAI3, STM32MP255DAK3, STM32MP255DAL3, STM32MP255FAI3, STM32MP255FAK3, STM32MP255FAL3, STM32MP257AAI3, STM32MP257AAK3, STM32MP257AAL3, STM32MP257CAI3, STM32MP257CAK3, STM32MP257CAL3, STM32MP257DAI3, STM32MP257DAK3, STM32MP257DAL3, STM32MP257F-DK, STM32MP257F-EV1, STM32MP257FAI3, STM32MP257FAK3, STM32MP257FAL3, STM32N645A0H3Q, STM32N645B0H3Q, STM32N645I0H3Q, STM32N645L0H3Q, STM32N645X0H3Q, STM32N645Z0H3Q, STM32N647A0H3Q, STM32N647B0H3Q, STM32N647I0H3Q, STM32N647L0H3Q, STM32N647X0H3Q, STM32N647Z0H3Q, STM32N655A0H3Q, STM32N655B0H3Q, STM32N655I0H3Q, STM32N655L0H3Q, STM32N655X0H3Q, STM32N655Z0H3Q, STM32N6570-DK, STM32N657A0H3Q, STM32N657B0H3Q, STM32N657I0H3Q, STM32N657L0H3Q, STM32N657X0H3Q, STM32N657Z0H3Q, STM32U031C6T6, STM32U031C6U6, STM32U031C8T6, STM32U031C8U6, STM32U031F4P6, STM32U031F6P6, STM32U031F8P6, STM32U031G6Y6TR, STM32U031G8Y6TR, STM32U031K4U6, STM32U031K6U6, STM32U031K8U6, STM32U031R6I6, STM32U031R6T6, STM32U031R8I6, STM32U031R8T6, STM32U073C8T6, STM32U073C8U6, STM32U073CBT6, STM32U073CBU6, STM32U073CCT6, STM32U073CCU6, STM32U073H8Y6TR, STM32U073HBY6TR, STM32U073HCY6TR, STM32U073K8U6, STM32U073KBU6, STM32U073KCU6, STM32U073M8I6, STM32U073M8T6, STM32U073MBI6, STM32U073MBT6, STM32U073MCI6, STM32U073MCT6, STM32U073R8I6, STM32U073R8T6, STM32U073RBI6, STM32U073RBT6, STM32U073RCI6, STM32U073RCT6, STM32U083C-DK, STM32U083CCT6, STM32U083CCU6, STM32U083HCY6TR, STM32U083KCU6, STM32U083MCI6, STM32U083MCT6, STM32U083RCI6, STM32U083RCT6, STM32U375CET6, STM32U375CET6Q, STM32U375CEU6, STM32U375CEU6Q, STM32U375CEY6QTR, STM32U375CGT6, STM32U375CGT6Q, STM32U375CGU6, STM32U375CGU6Q, STM32U375CGY6QTR, STM32U375KEU6, STM32U375KGU6, STM32U375REI6, STM32U375REI6Q, STM32U375RET6, STM32U375RET6Q, STM32U375REY6GTR, STM32U375REY6QTR, STM32U375RGI6, STM32U375RGI6Q, STM32U375RGT6, STM32U375RGT6Q, STM32U375RGY6GTR, STM32U375RGY6QTR, STM32U375VEI6, STM32U375VEI6Q, STM32U375VET6, STM32U375VET6Q, STM32U375VGI6, STM32U375VGI6Q, STM32U375VGT6, STM32U375VGT6Q, STM32U385CGT6, STM32U385CGT6Q, STM32U385CGU6, STM32U385CGU6Q, STM32U385CGY6QTR, STM32U385KGU6, STM32U385RGI6, STM32U385RGI6Q, STM32U385RGT6, STM32U385RGT6Q, STM32U385RGY6GTR, STM32U385RGY6QTR, STM32U385VGI6, STM32U385VGI6Q, STM32U385VGT6, STM32U385VGT6Q, STM32U535CBT6, STM32U535CBT6Q, STM32U535CBU6, STM32U535CBU6Q, STM32U535CCT6, STM32U535CCT6Q, STM32U535CCU6, STM32U535CCU6Q, STM32U535CET6, STM32U535CET6Q, STM32U535CEU6, STM32U535CEU6Q, STM32U535JEY6QTR, STM32U535NCY6QTR, STM32U535NEY6QTR, STM32U535RBI6, STM32U535RBI6Q, STM32U535RBT6, STM32U535RBT6Q, STM32U535RCI6, STM32U535RCI6Q, STM32U535RCT6, STM32U535RCT6Q, STM32U535REI6, STM32U535REI6Q, STM32U535RET6, STM32U535RET6Q, STM32U535VCI6, STM32U535VCI6Q, STM32U535VCT6, STM32U535VCT6Q, STM32U535VEI6, STM32U535VEI6Q, STM32U535VET6, STM32U535VET6Q, STM32U545CET6, STM32U545CET6Q, STM32U545CEU6, STM32U545CEU6Q, STM32U545JEY6QTR, STM32U545NEY6QTR, STM32U545REI6, STM32U545REI6Q, STM32U545RET6, STM32U545RET6Q, STM32U545VEI6, STM32U545VEI6Q, STM32U545VET6, STM32U545VET6Q, STM32U595AIH6, STM32U595AIH6Q, STM32U595AJH6, STM32U595AJH6Q, STM32U595QII6, STM32U595QII6Q, STM32U595QJI6, STM32U595QJI6Q, STM32U595RIT6, STM32U595RIT6Q, STM32U595RJT6, STM32U595RJT6Q, STM32U595VIT6, STM32U595VIT6Q, STM32U595VJT6, STM32U595VJT6Q, STM32U595ZIT6, STM32U595ZIT6Q, STM32U595ZIY6QTR, STM32U595ZJT6, STM32U595ZJT6Q, STM32U595ZJY6QTR, STM32U599BJY6QTR, STM32U599NIH6Q, STM32U599NJH6Q, STM32U599VIT6Q, STM32U599VJT6, STM32U599VJT6Q, STM32U599ZIT6Q, STM32U599ZIY6QTR, STM32U599ZJT6Q, STM32U599ZJY6QTR, STM32U5A5AJH6, STM32U5A5AJH6Q, STM32U5A5QII3Q , STM32U5A5QJI6, STM32U5A5QJI6Q, STM32U5A5RJT6, STM32U5A5RJT6Q, STM32U5A5VJT6, STM32U5A5VJT6Q, STM32U5A5ZJT6, STM32U5A5ZJT6Q, STM32U5A5ZJY6QTR, STM32U5A9BJY6QTR, STM32U5A9J-DK, STM32U5A9NJH6Q, STM32U5A9VJT6Q, STM32U5A9ZJT6Q, STM32U5A9ZJY6QTR, STM32U5F7VIT6, STM32U5F7VIT6Q, STM32U5F7VJT6, STM32U5F7VJT6Q, STM32U5F9BJY6QTR, STM32U5F9NJH6Q, STM32U5F9VIT6Q, STM32U5F9VJT6Q, STM32U5F9ZIJ6QTR, STM32U5F9ZIT6Q, STM32U5F9ZJJ6QTR, STM32U5F9ZJT6Q, STM32U5G7VJT6, STM32U5G7VJT6Q, STM32U5G9BJY6QTR, STM32U5G9J-DK1, STM32U5G9J-DK2, STM32U5G9NJH6Q, STM32U5G9VJT6Q, STM32U5G9ZJJ6QTR, STM32U5G9ZJT6Q, STM32WB05KZV6TR, STM32WB05KZV7TR, STM32WB05TZF6TR, STM32WB05TZF7TR, STM32WB06CCF6TR, STM32WB06CCF7TR, STM32WB06CCV6TR, STM32WB06CCV7TR, STM32WB06KCV6TR, STM32WB06KCV7TR, STM32WB07CCF6TR, STM32WB07CCF7TR, STM32WB07CCV6TR, STM32WB07CCV7TR, STM32WB07KCV6TR, STM32WB07KCV7TR, STM32WB09KEV6TR, STM32WB09KEV7TR, STM32WB09TEF6TR, STM32WB09TEF7TR, STM32WB1MMCH6, STM32WBA50KGU6, STM32WBA50KGU6TR, STM32WBA52CEU6, STM32WBA52CEU6TR, STM32WBA52CEU7, STM32WBA52CEU7TR, STM32WBA52CGU6, STM32WBA52CGU6TR, STM32WBA52CGU6U, STM32WBA52CGU7, STM32WBA52CGU7TR, STM32WBA52KEU6, STM32WBA52KEU6TR, STM32WBA52KGU6, STM32WBA52KGU6TR, STM32WBA54CEU6, STM32WBA54CEU6TR, STM32WBA54CEU7, STM32WBA54CEU7TR, STM32WBA54CGU6, STM32WBA54CGU6TR, STM32WBA54CGU7, STM32WBA54CGU7TR, STM32WBA54KEU6, STM32WBA54KEU6TR, STM32WBA54KEU7, STM32WBA54KEU7TR, STM32WBA54KGU6, STM32WBA54KGU6TR, STM32WBA54KGU7, STM32WBA54KGU7TR, STM32WBA55CEU6, STM32WBA55CEU6TR, STM32WBA55CEU7, STM32WBA55CEU7TR, STM32WBA55CGU6, STM32WBA55CGU6TR, STM32WBA55CGU6U, STM32WBA55CGU7, STM32WBA55CGU7TR, STM32WBA55G-DK1, STM32WBA55HEF6, STM32WBA55HEF7, STM32WBA55HGF6, STM32WBA55HGF7, STM32WBA55UEI6, STM32WBA55UEI6TR, STM32WBA55UEI7, STM32WBA55UEI7TR, STM32WBA55UGI6, STM32WBA55UGI6TR, STM32WBA55UGI7, STM32WBA55UGI7TR, STM32WBA5MMGH6TR, STM32WBA62MGF6, STM32WBA62MIF6, STM32WBA65MGF7, STM32WBA65MIF6, STM32WBA65MIF7, STM32WL30K8V6, STM32WL30KBV6, STM32WL31C8V6, STM32WL31CBV6, STM32WL31K8V6, STM32WL31KBV6, STM32WL33C8V6, STM32WL33C8V6X, STM32WL33CBV6, STM32WL33CBV6X, STM32WL33CCV6, STM32WL33CCV6A, STM32WL33CCV6X, STM32WL33K8V7, STM32WL33K8V7X, STM32WL33KBV7 , STM32WL33KBV7X, STM32WL33KCV7, STM32WL33KCV7X, STM32WL5MOCH6, STM32WL5MOCH6TR]
2025-09-07 21:30:54,910 [INFO] BoardInfo:889 - No configuration file found for board P-NUCLEO-WB55
2025-09-07 21:30:54,910 [INFO] DbBoards:161 - Kit is not supported: P-NUCLEO-WB55
2025-09-07 21:30:54,915 [INFO] BoardInfo:889 - No configuration file found for board STEVAL-BFA001V1B
2025-09-07 21:30:54,915 [INFO] DbBoards:161 - Kit is not supported: STEVAL-BFA001V1B
2025-09-07 21:30:54,916 [INFO] BoardInfo:889 - No configuration file found for board STEVAL-BFA001V2B
2025-09-07 21:30:54,916 [INFO] DbBoards:161 - Kit is not supported: STEVAL-BFA001V2B
2025-09-07 21:30:54,995 [INFO] DbBoards:168 - Found 212 boards, 209 are supported
2025-09-07 21:30:54,995 [INFO] DbBoards:169 - Found 212 boards, 43 of them is supported for  Bsp
2025-09-07 21:30:54,997 [INFO] ApiDb:423 - Load user favorites file /home/tuna/.stm32cubeide/favorites.boards.txt: 0 item(s)
2025-09-07 21:30:54,997 [INFO] ApiDb:427 - User favorites Boards=[]
2025-09-07 21:30:54,997 [INFO] DbBoards:198 - Set 0 / 0 favorites Boards
2025-09-07 21:30:55,018 [INFO] LoadUrlFilesThread:185 - End of LoadServerUrlFiles without Thread
2025-09-07 21:30:55,018 [INFO] FinderAction:114 - Refresh all data is successful
2025-09-07 21:31:01,428 [INFO] MainUpdater:2872 - connection check result : 10
2025-09-07 21:31:01,780 [INFO] CheckServerUpdateThread:120 - End of CheckServer Thread
2025-09-07 21:31:04,209 [INFO] ServerAccessManage:452 - Complete download http(s) 200
2025-09-07 21:31:04,210 [INFO] ServerAccessManage:509 - Download File updaters.zip
2025-09-07 21:31:04,692 [INFO] FileExtend:248 - Unzip File : updaters.zip
2025-09-07 21:31:04,692 [INFO] FileExtend:263 - Standard Zip Deflate
2025-09-07 21:31:04,856 [INFO] ServerAccessManage:452 - Complete download http(s) 200
2025-09-07 21:31:04,857 [INFO] ServerAccessManage:509 - Download File PacksControlFlags.xml
2025-09-07 21:31:05,017 [INFO] ServerAccessManage:452 - Complete download http(s) 200
2025-09-07 21:31:05,017 [INFO] ServerAccessManage:509 - Download File cubemx.pidx
2025-09-07 21:31:05,067 [INFO] ThirdPartyModel:298 - Start build external matchings
2025-09-07 21:31:05,205 [INFO] CheckServerUpdateThread:120 - End of CheckServer Thread
2025-09-07 21:31:05,528 [INFO] ThirdPartyModel:316 - End build external matchings
2025-09-07 21:31:05,538 [INFO] LoadServerUpdatesThread:375 - End of LoadServerUpdate Thread
2025-09-07 21:31:07,240 [INFO] ServerAccessManage:452 - Complete download http(s) 200
2025-09-07 21:31:07,240 [INFO] ServerAccessManage:509 - Download File updaters.zip
2025-09-07 21:31:07,458 [INFO] FileExtend:248 - Unzip File : updaters.zip
2025-09-07 21:31:07,458 [INFO] FileExtend:263 - Standard Zip Deflate
2025-09-07 21:31:07,659 [INFO] ServerAccessManage:452 - Complete download http(s) 200
2025-09-07 21:31:07,660 [INFO] ServerAccessManage:509 - Download File PacksControlFlags.xml
2025-09-07 21:31:07,713 [INFO] ServerAccessManage:452 - Complete download http(s) 200
2025-09-07 21:31:07,713 [INFO] ServerAccessManage:509 - Download File cubemx.pidx
2025-09-07 21:31:07,724 [INFO] ThirdPartyModel:298 - Start build external matchings
2025-09-07 21:31:07,840 [INFO] CheckServerUpdateThread:120 - End of CheckServer Thread
2025-09-07 21:31:08,083 [INFO] ThirdPartyModel:316 - End build external matchings
2025-09-07 21:31:08,090 [INFO] LoadServerUpdatesThread:375 - End of LoadServerUpdate Thread
2025-09-07 21:37:46,154 [ERROR] ConfigurationRetriever:142 - IOException on connection: Read timed out
2025-09-07 21:43:22,644 [INFO] MainUpdater:2872 - connection check result : 10
2025-09-07 21:43:22,644 [INFO] MainUpdater:2872 - connection check result : 10
2025-09-07 21:43:23,015 [INFO] MicroXplorer:468 - Change Database Path : 
2025-09-07 21:43:23,015 [INFO] MicroXplorer:498 - Change Database Version : DB.6.0.150
2025-09-07 21:43:23,036 [ERROR] ProjectManagerView:395 - 
java.lang.NullPointerException: Cannot invoke "javax.swing.JTextField.getText()" because the return value of "java.util.List.get(int)" is null
	at com.st.microxplorer.plugins.projectmanager.gui.ProjectChoiceTab$9.caretUpdate(ProjectChoiceTab.java:2706) ~[filemanager.jar:?]
	at javax.swing.text.JTextComponent.fireCaretUpdate(JTextComponent.java:408) ~[?:?]
	at javax.swing.text.JTextComponent$MutableCaretEvent.fire(JTextComponent.java:4484) ~[?:?]
	at javax.swing.text.JTextComponent$MutableCaretEvent.stateChanged(JTextComponent.java:4506) ~[?:?]
	at javax.swing.text.DefaultCaret.fireStateChanged(DefaultCaret.java:857) ~[?:?]
	at javax.swing.text.DefaultCaret.changeCaretPosition(DefaultCaret.java:1343) ~[?:?]
	at javax.swing.text.DefaultCaret.handleSetDot(DefaultCaret.java:1242) ~[?:?]
	at javax.swing.text.DefaultCaret.setDot(DefaultCaret.java:1223) ~[?:?]
	at javax.swing.text.DefaultCaret$Handler.insertUpdate(DefaultCaret.java:1819) ~[?:?]
	at javax.swing.text.AbstractDocument.fireInsertUpdate(AbstractDocument.java:227) ~[?:?]
	at javax.swing.text.AbstractDocument.handleInsertString(AbstractDocument.java:781) ~[?:?]
	at javax.swing.text.AbstractDocument.insertString(AbstractDocument.java:740) ~[?:?]
	at javax.swing.text.PlainDocument.insertString(PlainDocument.java:131) ~[?:?]
	at javax.swing.text.AbstractDocument.replace(AbstractDocument.java:699) ~[?:?]
	at javax.swing.text.JTextComponent.setText(JTextComponent.java:1725) ~[?:?]
	at com.st.microxplorer.plugins.projectmanager.gui.ProjectChoiceTab.createHeapStackFields(ProjectChoiceTab.java:993) ~[filemanager.jar:?]
	at com.st.microxplorer.plugins.projectmanager.gui.ProjectChoiceTab.buildLinkSettingsPanel(ProjectChoiceTab.java:3813) ~[filemanager.jar:?]
	at com.st.microxplorer.plugins.projectmanager.gui.ProjectChoiceTab.defineWindowsFields(ProjectChoiceTab.java:1987) ~[filemanager.jar:?]
	at com.st.microxplorer.plugins.projectmanager.gui.ProjectChoiceTab.updateSettings(ProjectChoiceTab.java:558) ~[filemanager.jar:?]
	at com.st.microxplorer.plugins.projectmanager.gui.ProjectSettingsPanel.UpdateDialog(ProjectSettingsPanel.java:247) ~[filemanager.jar:?]
	at com.st.microxplorer.plugins.projectmanager.ProjectManagerView.propertyChange(ProjectManagerView.java:392) ~[filemanager.jar:?]
	at java.beans.PropertyChangeSupport.fire(PropertyChangeSupport.java:343) ~[?:?]
	at java.beans.PropertyChangeSupport.firePropertyChange(PropertyChangeSupport.java:335) ~[?:?]
	at java.beans.PropertyChangeSupport.firePropertyChange(PropertyChangeSupport.java:268) ~[?:?]
	at com.st.microxplorer.util.MXPropertyChangeSupport.firePropertyChange(MXPropertyChangeSupport.java:54) ~[STM32CubeMX.jar:?]
	at com.st.microxplorer.mxsystem.MxSystem.closeConfig(MxSystem.java:899) ~[STM32CubeMX.jar:?]
	at com.st.microxplorer.maingui.MainPanel.closeConfig(MainPanel.java:792) ~[STM32CubeMX.jar:?]
	at com.st.microxplorer.plugins.filemanager.engine.OpenFileManager.loadConfigurationFile(OpenFileManager.java:288) ~[filemanager.jar:?]
	at com.st.microxplorer.plugins.filemanager.engine.MainFileManager.userLoadConfig(MainFileManager.java:364) ~[filemanager.jar:?]
	at com.st.microxplorer.plugins.filemanager.engine.MainFileManager.userLoadConfig(MainFileManager.java:342) ~[filemanager.jar:?]
	at com.st.microxplorer.plugins.filemanager.FileManagerView.getSpecificTask(FileManagerView.java:264) ~[filemanager.jar:?]
	at com.st.stm32cube.common.mx.editor.CubeMxEditor.getMxTabbedPaneInstance(CubeMxEditor.java:1198) ~[com.st.stm32cube.common.mx_6.15.0.202507011659/:?]
	at com.st.stm32cube.common.mx.editor.CubeMxEditor$12$1.createSwingComponent(CubeMxEditor.java:1068) ~[com.st.stm32cube.common.mx_6.15.0.202507011659/:?]
	at com.st.stm32cube.common.mx.oss.core.awtswtbridge.EmbeddedSwingComposite.doComponentCreation(EmbeddedSwingComposite.java:492) ~[com.st.stm32cube.common.mx.oss_6.15.0.202507011659/:?]
	at com.st.stm32cube.common.mx.oss.core.awtswtbridge.EmbeddedSwingComposite$4.run(EmbeddedSwingComposite.java:291) ~[com.st.stm32cube.common.mx.oss_6.15.0.202507011659/:?]
	at com.st.stm32cube.common.mx.oss.core.awtswtbridge.AwtEnvironment$2.run(AwtEnvironment.java:166) ~[com.st.stm32cube.common.mx.oss_6.15.0.202507011659/:?]
	at java.awt.event.InvocationEvent.dispatch(InvocationEvent.java:318) ~[?:?]
	at java.awt.EventQueue.dispatchEventImpl(EventQueue.java:773) ~[?:?]
	at java.awt.EventQueue$4.run(EventQueue.java:720) ~[?:?]
	at java.awt.EventQueue$4.run(EventQueue.java:714) ~[?:?]
	at java.security.AccessController.doPrivileged(AccessController.java:400) ~[?:?]
	at java.security.ProtectionDomain$JavaSecurityAccessImpl.doIntersectionPrivilege(ProtectionDomain.java:87) ~[?:?]
	at java.awt.EventQueue.dispatchEvent(EventQueue.java:742) ~[?:?]
	at java.awt.EventDispatchThread.pumpOneEventForFilters(EventDispatchThread.java:203) ~[?:?]
	at java.awt.EventDispatchThread.pumpEventsForFilter(EventDispatchThread.java:124) ~[?:?]
	at java.awt.EventDispatchThread.pumpEventsForHierarchy(EventDispatchThread.java:113) ~[?:?]
	at java.awt.EventDispatchThread.pumpEvents(EventDispatchThread.java:109) ~[?:?]
	at java.awt.EventDispatchThread.pumpEvents(EventDispatchThread.java:101) ~[?:?]
	at java.awt.EventDispatchThread.run(EventDispatchThread.java:90) ~[?:?]
2025-09-07 21:43:23,037 [WARN] ThirdParty:871 - waiting for thirdparty lock release [close project]
2025-09-07 21:43:23,037 [INFO] ThirdParty:873 - entering critical section [close project]
2025-09-07 21:43:23,037 [INFO] ThirdParty:883 - exiting critical section [close project]
2025-09-07 21:43:23,039 [INFO] PinOutPanel:1589 - setPackage(No Configuration,No Configuration)
2025-09-07 21:43:23,047 [WARN] IpParametersView:155 - Warning: This peripheral hasn't parameters
2025-09-07 21:43:23,055 [WARN] MainPanel:289 - <html><b><center>Warning: This peripheral has no parameters to be configured<br></b></html>
2025-09-07 21:43:23,058 [INFO] UtilMem:75 - Begin LoadConfig() Used Memory: 924636752 Bytes (1044381696)
2025-09-07 21:43:23,059 [INFO] MicroXplorer:468 - Change Database Path : 
2025-09-07 21:43:23,059 [INFO] MicroXplorer:498 - Change Database Version : DB.6.0.150
2025-09-07 21:43:23,059 [INFO] OpenFileManager:355 - Change cursor
2025-09-07 21:43:23,073 [INFO] Mcu:2029 - Initializing MCU STM32F407Z(E-G)Tx STM32F407ZGTx STM32F407ZGT6
2025-09-07 21:43:24,013 [INFO] Context:786 - Trying to add GPIOservice into a context  which must be forbidden
2025-09-07 21:43:24,521 [INFO] ImportTextPane:234 - (OptionalMessage_ERROR) Pin34 (VP_RIF_VS_RIF1) cannot be retrieved for this MCU
2025-09-07 21:43:24,560 [INFO] RtosManager:558 - Registered RTOS mode: class=CMSIS, group=RTOS, mode=CMSIS_V1, owner=FREERTOS
2025-09-07 21:43:24,561 [INFO] RtosManager:558 - Registered RTOS mode: class=CMSIS, group=RTOS2, mode=CMSIS_V2, owner=FREERTOS
2025-09-07 21:43:24,561 [INFO] RtosManager:558 - Registered RTOS mode: class=RTOS, group=Core, mode=CMSIS_V1, owner=FREERTOS
2025-09-07 21:43:24,561 [INFO] RtosManager:558 - Registered RTOS mode: class=RTOS, group=Core, mode=CMSIS_V2, owner=FREERTOS
2025-09-07 21:43:24,561 [WARN] ModelIntegratedComponent:184 - Missing modes for component STMicroelectronics:FreeRTOS:0.0.1:STMicroelectronics:RTOS:FreeRTOS:Core:::10.2.0:
2025-09-07 21:43:24,576 [WARN] ModelIntegratedComponent:63 - No mode defined for component null
2025-09-07 21:43:24,576 [WARN] ModelIntegratedComponent:63 - No mode defined for component null
2025-09-07 21:43:24,577 [WARN] ModelIntegratedComponent:63 - No mode defined for component null
2025-09-07 21:43:24,577 [WARN] ModelIntegratedComponent:63 - No mode defined for component null
2025-09-07 21:43:24,577 [WARN] ModelIntegratedComponent:63 - No mode defined for component null
2025-09-07 21:43:24,577 [WARN] ModelIntegratedComponent:63 - No mode defined for component null
2025-09-07 21:43:24,577 [WARN] ModelIntegratedComponent:63 - No mode defined for component null
2025-09-07 21:43:24,577 [WARN] ModelIntegratedComponent:63 - No mode defined for component null
2025-09-07 21:43:24,577 [WARN] ModelIntegratedComponent:63 - No mode defined for component null
2025-09-07 21:43:24,577 [WARN] ModelIntegratedComponent:63 - No mode defined for component null
2025-09-07 21:43:24,577 [WARN] ModelIntegratedComponent:63 - No mode defined for component null
2025-09-07 21:43:24,577 [WARN] ModelIntegratedComponent:63 - No mode defined for component null
2025-09-07 21:43:24,577 [WARN] ModelIntegratedComponent:63 - No mode defined for component null
2025-09-07 21:43:24,577 [WARN] ModelIntegratedComponent:63 - No mode defined for component null
2025-09-07 21:43:24,578 [WARN] ModelIntegratedComponent:63 - No mode defined for component null
2025-09-07 21:43:24,578 [WARN] ModelIntegratedComponent:63 - No mode defined for component null
2025-09-07 21:43:24,578 [WARN] ModelIntegratedComponent:63 - No mode defined for component null
2025-09-07 21:43:24,578 [WARN] ModelIntegratedComponent:63 - No mode defined for component null
2025-09-07 21:43:24,578 [WARN] ModelIntegratedComponent:63 - No mode defined for component null
2025-09-07 21:43:24,578 [WARN] ModelIntegratedComponent:63 - No mode defined for component null
2025-09-07 21:43:24,578 [WARN] ModelIntegratedComponent:63 - No mode defined for component null
2025-09-07 21:43:24,578 [WARN] ModelIntegratedComponent:63 - No mode defined for component null
2025-09-07 21:43:24,578 [WARN] ModelIntegratedComponent:63 - No mode defined for component null
2025-09-07 21:43:24,578 [WARN] ModelIntegratedComponent:63 - No mode defined for component null
2025-09-07 21:43:24,578 [WARN] ModelIntegratedComponent:63 - No mode defined for component null
2025-09-07 21:43:24,578 [WARN] ModelIntegratedComponent:63 - No mode defined for component null
2025-09-07 21:43:24,578 [WARN] ModelIntegratedComponent:63 - No mode defined for component null
2025-09-07 21:43:24,578 [WARN] ModelIntegratedComponent:63 - No mode defined for component null
2025-09-07 21:43:24,578 [WARN] ModelIntegratedComponent:63 - No mode defined for component null
2025-09-07 21:43:24,578 [WARN] ModelIntegratedComponent:63 - No mode defined for component null
2025-09-07 21:43:24,578 [WARN] ModelIntegratedComponent:63 - No mode defined for component null
2025-09-07 21:43:24,578 [WARN] ModelIntegratedComponent:63 - No mode defined for component null
2025-09-07 21:43:24,578 [WARN] ModelIntegratedComponent:63 - No mode defined for component null
2025-09-07 21:43:24,578 [WARN] ModelIntegratedComponent:63 - No mode defined for component null
2025-09-07 21:43:24,579 [WARN] ModelIntegratedComponent:63 - No mode defined for component null
2025-09-07 21:43:24,579 [WARN] ModelPack:524 - Component already loaded: STMicroelectronics:HAL Drivers:0.0.0:STMicroelectronics:Device:STMicro_Driver:XSPI:HAL::0.0.1:HAL_XSPI
2025-09-07 21:43:24,651 [INFO] ThirdPartyModel:298 - Start build external matchings
2025-09-07 21:43:25,056 [INFO] ThirdPartyModel:316 - End build external matchings
2025-09-07 21:43:25,067 [INFO] ImportTextPane:234 - (OptionalMessage_ERROR) IP (RCC) : Parameter (RTCHSEDivFreq_Value) has invalid value (4000000)
2025-09-07 21:43:25,068 [WARN] IP:2250 - DEVICE_SERIAL0_CDC_FS not found: check if there is a RefParameter without a condition.
2025-09-07 21:43:25,068 [WARN] IP:2250 - DEVICE_SERIAL1_CDC_FS not found: check if there is a RefParameter without a condition.
2025-09-07 21:43:25,068 [WARN] IP:2250 - DEVICE_SERIAL2_CDC_FS not found: check if there is a RefParameter without a condition.
2025-09-07 21:43:25,263 [INFO] UtilMem:75 - End LoadConfig() Used Memory: 559821144 Bytes (1044381696)
2025-09-07 21:43:25,351 [WARN] ThirdParty:833 - waiting for thirdparty lock release [change project]
2025-09-07 21:43:25,351 [INFO] ThirdParty:835 - entering critical section [change project]
2025-09-07 21:43:25,351 [INFO] ThirdParty:1030 - CMSIS Pack Vendor :STMicroelectronics X-CUBE-PM33A1 1.0.0
2025-09-07 21:43:25,351 [INFO] ThirdParty:1030 - CMSIS Pack Vendor :STMicroelectronics USBPD 4.1
2025-09-07 21:43:25,351 [INFO] ThirdParty:1030 - CMSIS Pack Vendor :STMicroelectronics X-CUBE-NFC9 1.0.0
2025-09-07 21:43:25,351 [INFO] ThirdParty:1030 - CMSIS Pack Vendor :STMicroelectronics USB_HOST 2.0.0
2025-09-07 21:43:25,351 [INFO] ThirdParty:1030 - CMSIS Pack Vendor :STMicroelectronics FP-SNS-MOTENVWB1 1.4.0
2025-09-07 21:43:25,351 [INFO] ThirdParty:1030 - CMSIS Pack Vendor :STMicroelectronics X-CUBE-AZRTOS-F4 1.1.0
2025-09-07 21:43:25,351 [INFO] ThirdParty:1030 - CMSIS Pack Vendor :STMicroelectronics LIBJPEG 8.0.0
2025-09-07 21:43:25,351 [INFO] ThirdParty:1030 - CMSIS Pack Vendor :STMicroelectronics FP-ATR-ASTRA1 2.0.2
2025-09-07 21:43:25,351 [INFO] ThirdParty:1030 - CMSIS Pack Vendor :wolfSSL I-CUBE-wolfSSL 5.8.2
2025-09-07 21:43:25,351 [INFO] ThirdParty:1030 - CMSIS Pack Vendor :STMicroelectronics X-CUBE-BLE1 7.1.0
2025-09-07 21:43:25,351 [INFO] ThirdParty:1030 - CMSIS Pack Vendor :Avnet-IotConnect X-CUBE-IoTC-DA16k-PMOD 1.0.0
2025-09-07 21:43:25,351 [INFO] ThirdParty:1030 - CMSIS Pack Vendor :STMicroelectronics X-CUBE-SMBUS 2.1.0
2025-09-07 21:43:25,351 [INFO] ThirdParty:1030 - CMSIS Pack Vendor :wolfSSL I-CUBE-wolfMQTT 1.19.2
2025-09-07 21:43:25,351 [INFO] ThirdParty:1030 - CMSIS Pack Vendor :STMicroelectronics USB_DEVICE 3.0.0
2025-09-07 21:43:25,351 [INFO] ThirdParty:1030 - CMSIS Pack Vendor :STMicroelectronics X-CUBE-ISPU 2.1.0
2025-09-07 21:43:25,351 [INFO] ThirdParty:1030 - CMSIS Pack Vendor :STMicroelectronics X-CUBE-EEPRMA1 5.2.0
2025-09-07 21:43:25,351 [INFO] ThirdParty:1030 - CMSIS Pack Vendor :STMicroelectronics X-CUBE-BLEMGR 4.1.0
2025-09-07 21:43:25,351 [INFO] ThirdParty:1030 - CMSIS Pack Vendor :STMicroelectronics X-CUBE-AZRTOS-WB 2.0.0
2025-09-07 21:43:25,351 [INFO] ThirdParty:1030 - CMSIS Pack Vendor :STMicroelectronics X-CUBE-ST60 1.0.0
2025-09-07 21:43:25,351 [INFO] ThirdParty:1030 - CMSIS Pack Vendor :STMicroelectronics X-CUBE-GNSS1 7.0.1
2025-09-07 21:43:25,351 [INFO] ThirdParty:1030 - CMSIS Pack Vendor :STMicroelectronics X-CUBE-NFC12 1.0.0
2025-09-07 21:43:25,351 [INFO] ThirdParty:1030 - CMSIS Pack Vendor :STMicroelectronics X-CUBE-AZRTOS-F7 1.1.0
2025-09-07 21:43:25,351 [INFO] ThirdParty:1030 - CMSIS Pack Vendor :STMicroelectronics X-CUBE-AZRTOS-L5 2.0.0
2025-09-07 21:43:25,351 [INFO] ThirdParty:1030 - CMSIS Pack Vendor :STMicroelectronics X-CUBE-TOUCHGFX 4.25.0
2025-09-07 21:43:25,351 [INFO] ThirdParty:1030 - CMSIS Pack Vendor :STMicroelectronics USB_DEVICE 2.0.0
2025-09-07 21:43:25,352 [INFO] ThirdParty:1030 - CMSIS Pack Vendor :STMicroelectronics X-CUBE-NFC6 3.1.0
2025-09-07 21:43:25,352 [INFO] ThirdParty:1030 - CMSIS Pack Vendor :STMicroelectronics X-CUBE-AI 10.1.0
2025-09-07 21:43:25,352 [INFO] ThirdParty:1030 - CMSIS Pack Vendor :STMicroelectronics FP-SNS-STBOX1 2.0.0
2025-09-07 21:43:25,352 [INFO] ThirdParty:1030 - CMSIS Pack Vendor :quantropi X-CUBE-qispace-sdk-base 2.1.0
2025-09-07 21:43:25,352 [INFO] ThirdParty:1030 - CMSIS Pack Vendor :STMicroelectronics FreeRTOS 0.0.1
2025-09-07 21:43:25,352 [INFO] ThirdParty:1030 - CMSIS Pack Vendor :STMicroelectronics X-CUBE-AZRTOS-G0 1.1.0
2025-09-07 21:43:25,352 [INFO] ThirdParty:1030 - CMSIS Pack Vendor :STMicroelectronics X-CUBE-SAFEA1 1.2.2
2025-09-07 21:43:25,352 [INFO] ThirdParty:1030 - CMSIS Pack Vendor :STMicroelectronics X-CUBE-NFC4 3.0.0
2025-09-07 21:43:25,352 [INFO] ThirdParty:1030 - CMSIS Pack Vendor :STMicroelectronics X-CUBE-SUBG2 5.0.0
2025-09-07 21:43:25,352 [INFO] ThirdParty:1030 - CMSIS Pack Vendor :STMicroelectronics X-CUBE-AZRTOS-H7RS 1.1.0
2025-09-07 21:43:25,352 [INFO] ThirdParty:1030 - CMSIS Pack Vendor :STMicroelectronics STM32_WPAN 1.0.0
2025-09-07 21:43:25,352 [INFO] ThirdParty:1030 - CMSIS Pack Vendor :EmbeddedOffice I-CUBE-FS-RTOS 1.0.1
2025-09-07 21:43:25,352 [INFO] ThirdParty:1030 - CMSIS Pack Vendor :STMicroelectronics lwIP 2.0.3
2025-09-07 21:43:25,352 [INFO] ThirdParty:1030 - CMSIS Pack Vendor :Cesanta I-CUBE-Mongoose 7.13.0
2025-09-07 21:43:25,352 [INFO] ThirdParty:1030 - CMSIS Pack Vendor :STMicroelectronics USB_HOST 1.0.0
2025-09-07 21:43:25,352 [INFO] ThirdParty:1030 - CMSIS Pack Vendor :Infineon AIROC-Wi-Fi-Bluetooth-STM32 1.7.1
2025-09-07 21:43:25,352 [INFO] ThirdParty:1030 - CMSIS Pack Vendor :STMicroelectronics X-CUBE-AZRTOS-G4 2.0.0
2025-09-07 21:43:25,352 [INFO] ThirdParty:1030 - CMSIS Pack Vendor :STMicroelectronics X-CUBE-WB05N 2.0.0
2025-09-07 21:43:25,352 [INFO] ThirdParty:1030 - CMSIS Pack Vendor :STMicroelectronics PDM2PCM 3.1.0
2025-09-07 21:43:25,352 [INFO] ThirdParty:1030 - CMSIS Pack Vendor :STMicroelectronics PDM2PCM 3.3.0
2025-09-07 21:43:25,352 [INFO] ThirdParty:1030 - CMSIS Pack Vendor :wolfSSL I-CUBE-wolfTPM 3.8.0
2025-09-07 21:43:25,352 [INFO] ThirdParty:1030 - CMSIS Pack Vendor :STMicroelectronics X-CUBE-AZRTOS-H7 3.4.0
2025-09-07 21:43:25,352 [INFO] ThirdParty:1030 - CMSIS Pack Vendor :STMicroelectronics X-CUBE-DISPLAY 3.0.0
2025-09-07 21:43:25,352 [INFO] ThirdParty:1030 - CMSIS Pack Vendor :wolfSSL I-CUBE-wolfSSH 1.4.20
2025-09-07 21:43:25,352 [INFO] ThirdParty:1030 - CMSIS Pack Vendor :STMicroelectronics X-CUBE-NFC7 2.0.0
2025-09-07 21:43:25,352 [INFO] ThirdParty:1030 - CMSIS Pack Vendor :STMicroelectronics X-CUBE-TCPP 4.2.0
2025-09-07 21:43:25,352 [INFO] ThirdParty:1030 - CMSIS Pack Vendor :RealThread X-CUBE-RT-Thread_Nano 4.1.1
2025-09-07 21:43:25,352 [INFO] ThirdParty:1030 - CMSIS Pack Vendor :STMicroelectronics FP-ATR-SIGFOX1 3.2.0
2025-09-07 21:43:25,352 [INFO] ThirdParty:1030 - CMSIS Pack Vendor :STMicroelectronics X-CUBE-NFC10 1.0.0
2025-09-07 21:43:25,352 [INFO] ThirdParty:1030 - CMSIS Pack Vendor :STMicroelectronics X-CUBE-FREERTOS 1.3.1
2025-09-07 21:43:25,352 [INFO] ThirdParty:1030 - CMSIS Pack Vendor :STMicroelectronics HAL Drivers 0.0.0
2025-09-07 21:43:25,352 [INFO] ThirdParty:1030 - CMSIS Pack Vendor :STMicroelectronics MBEDTLS 2.16.2
2025-09-07 21:43:25,352 [INFO] ThirdParty:1030 - CMSIS Pack Vendor :STMicroelectronics X-CUBE-IPS 3.1.0
2025-09-07 21:43:25,352 [INFO] ThirdParty:1030 - CMSIS Pack Vendor :STMicroelectronics X-CUBE-ALS 1.0.2
2025-09-07 21:43:25,352 [INFO] ThirdParty:1030 - CMSIS Pack Vendor :emotas I-CUBE-CANOPEN 1.3.0
2025-09-07 21:43:25,352 [INFO] ThirdParty:1030 - CMSIS Pack Vendor :STMicroelectronics MBEDTLS 2.14.1
2025-09-07 21:43:25,352 [INFO] ThirdParty:1030 - CMSIS Pack Vendor :ITTIA_DB I-CUBE-ITTIADB 8.9.0
2025-09-07 21:43:25,352 [INFO] ThirdParty:1030 - CMSIS Pack Vendor :STMicroelectronics X-CUBE-STSE01 1.0.0
2025-09-07 21:43:25,352 [INFO] ThirdParty:1030 - CMSIS Pack Vendor :portGmbH I-Cube-SoM-uGOAL 1.1.0
2025-09-07 21:43:25,352 [INFO] ThirdParty:1030 - CMSIS Pack Vendor :STMicroelectronics X-CUBE-ST67W61 1.0.0
2025-09-07 21:43:25,352 [INFO] ThirdParty:1030 - CMSIS Pack Vendor :STMicroelectronics FP-SNS-STBOX1 2.1.0
2025-09-07 21:43:25,352 [INFO] ThirdParty:1030 - CMSIS Pack Vendor :STMicroelectronics X-CUBE-AI 10.2.0
2025-09-07 21:43:25,352 [INFO] ThirdParty:1030 - CMSIS Pack Vendor :STMicroelectronics FP-SNS-STAIOTCFT 1.0.0
2025-09-07 21:43:25,352 [INFO] ThirdParty:1030 - CMSIS Pack Vendor :STMicroelectronics ThreadX 1.0.0
2025-09-07 21:43:25,352 [INFO] ThirdParty:1030 - CMSIS Pack Vendor :STMicroelectronics FP-SNS-SMARTAG2 1.2.0
2025-09-07 21:43:25,352 [INFO] ThirdParty:1030 - CMSIS Pack Vendor :STMicroelectronics FP-SNS-FLIGHT1 5.1.0
2025-09-07 21:43:25,352 [INFO] ThirdParty:1030 - CMSIS Pack Vendor :STMicroelectronics X-CUBE-AZRTOS-WL 2.0.0
2025-09-07 21:43:25,352 [INFO] ThirdParty:1030 - CMSIS Pack Vendor :SEGGER I-CUBE-embOS 1.3.1
2025-09-07 21:43:25,352 [INFO] ThirdParty:1030 - CMSIS Pack Vendor :STMicroelectronics X-CUBE-ALGOBUILD 1.4.0
2025-09-07 21:43:25,352 [INFO] ThirdParty:1030 - CMSIS Pack Vendor :STMicroelectronics X-CUBE-DPower 1.3.0
2025-09-07 21:43:25,352 [INFO] ThirdParty:1030 - CMSIS Pack Vendor :STMicroelectronics X-CUBE-MEMS1 11.3.0
2025-09-07 21:43:25,352 [INFO] ThirdParty:1030 - CMSIS Pack Vendor :STMicroelectronics FP-SNS-MOTENV1 5.0.0
2025-09-07 21:43:25,352 [INFO] ThirdParty:1030 - CMSIS Pack Vendor :STMicroelectronics USB_DEVICE 1.0.0
2025-09-07 21:43:25,352 [INFO] ThirdParty:1030 - CMSIS Pack Vendor :STMicroelectronics X-CUBE-AZRTOS-L4 2.0.0
2025-09-07 21:43:25,352 [INFO] ThirdParty:1030 - CMSIS Pack Vendor :STMicroelectronics ThreadX 0.0.2
2025-09-07 21:43:25,352 [INFO] ThirdParty:1030 - CMSIS Pack Vendor :WES I-CUBE-Cesium 1.3.0
2025-09-07 21:43:25,352 [INFO] ThirdParty:1030 - CMSIS Pack Vendor :STMicroelectronics lwIP 2.1.2
2025-09-07 21:43:25,352 [INFO] ThirdParty:1030 - CMSIS Pack Vendor :STMicroelectronics X-CUBE-SFXS2LP1 4.0.0
2025-09-07 21:43:25,352 [INFO] ThirdParty:1030 - CMSIS Pack Vendor :STMicroelectronics X-CUBE-BLE2 3.3.0
2025-09-07 21:43:25,352 [INFO] ThirdParty:1030 - CMSIS Pack Vendor :STMicroelectronics X-CUBE-TOF1 3.4.3
2025-09-07 21:43:25,352 [INFO] ThirdParty:1030 - CMSIS Pack Vendor :STMicroelectronics PDM2PCM 3.2.0
2025-09-07 21:43:25,352 [INFO] ThirdParty:841 - exiting critical section [change project]
2025-09-07 21:43:25,654 [INFO] PinOutPanel:1589 - setPackage(No Configuration,No Configuration)
2025-09-07 21:43:25,655 [INFO] PinOutPanel:1589 - setPackage(STM32F407ZGTx,LQFP144)
2025-09-07 21:43:25,825 [INFO] UtilMem:75 - Before build in PCC Used Memory: 773978840 Bytes (1044381696)
2025-09-07 21:43:26,054 [INFO] UtilMem:75 - After build in PCC Used Memory: 823784152 Bytes (1044381696)
2025-09-07 21:43:26,069 [INFO] ApiDbMcu:532 - Load IP Config File for USB_DEVICE
2025-09-07 21:43:26,090 [INFO] IPUIPlugin:80 - create IPUIPlugin
2025-09-07 21:43:26,090 [INFO] IPUIPlugin:80 - create IPUIPlugin
2025-09-07 21:43:26,090 [INFO] IPUIPlugin:80 - create IPUIPlugin
2025-09-07 21:43:26,090 [INFO] IPUIPlugin:80 - create IPUIPlugin
2025-09-07 21:43:26,090 [INFO] IPUIPlugin:80 - create IPUIPlugin
2025-09-07 21:43:26,090 [INFO] IPUIPlugin:80 - create IPUIPlugin
2025-09-07 21:43:26,090 [INFO] IPUIPlugin:80 - create IPUIPlugin
2025-09-07 21:43:26,090 [INFO] IPUIPlugin:80 - create IPUIPlugin
2025-09-07 21:43:26,091 [INFO] IPUIPlugin:80 - create IPUIPlugin
2025-09-07 21:43:26,091 [INFO] IPUIPlugin:80 - create IPUIPlugin
2025-09-07 21:43:26,091 [INFO] IPUIPlugin:80 - create IPUIPlugin
2025-09-07 21:43:26,091 [INFO] IPUIPlugin:80 - create IPUIPlugin
2025-09-07 21:43:26,091 [INFO] IPUIPlugin:80 - create IPUIPlugin
2025-09-07 21:43:26,091 [INFO] IPUIPlugin:80 - create IPUIPlugin
2025-09-07 21:43:26,091 [INFO] IPUIPlugin:80 - create IPUIPlugin
2025-09-07 21:43:26,091 [INFO] IPUIPlugin:80 - create IPUIPlugin
2025-09-07 21:43:26,091 [INFO] IPUIPlugin:80 - create IPUIPlugin
2025-09-07 21:43:26,091 [INFO] IPUIPlugin:80 - create IPUIPlugin
2025-09-07 21:43:26,091 [INFO] IPUIPlugin:80 - create IPUIPlugin
2025-09-07 21:43:26,091 [INFO] IPUIPlugin:80 - create IPUIPlugin
2025-09-07 21:43:26,092 [INFO] IPUIPlugin:80 - create IPUIPlugin
2025-09-07 21:43:26,092 [INFO] IPUIPlugin:80 - create IPUIPlugin
2025-09-07 21:43:26,092 [INFO] IPUIPlugin:80 - create IPUIPlugin
2025-09-07 21:43:26,092 [INFO] IPUIPlugin:80 - create IPUIPlugin
2025-09-07 21:43:26,092 [INFO] IPUIPlugin:80 - create IPUIPlugin
2025-09-07 21:43:26,093 [INFO] IPUIPlugin:80 - create IPUIPlugin
2025-09-07 21:43:26,093 [INFO] IPUIPlugin:80 - create IPUIPlugin
2025-09-07 21:43:26,093 [INFO] IPUIPlugin:80 - create IPUIPlugin
2025-09-07 21:43:26,093 [INFO] IPUIPlugin:80 - create IPUIPlugin
2025-09-07 21:43:26,093 [INFO] IPUIPlugin:80 - create IPUIPlugin
2025-09-07 21:43:26,093 [INFO] IPUIPlugin:80 - create IPUIPlugin
2025-09-07 21:43:26,094 [INFO] IPUIPlugin:80 - create IPUIPlugin
2025-09-07 21:43:26,094 [INFO] IPUIPlugin:80 - create IPUIPlugin
2025-09-07 21:43:26,094 [INFO] IPUIPlugin:80 - create IPUIPlugin
2025-09-07 21:43:26,094 [INFO] IPUIPlugin:80 - create IPUIPlugin
2025-09-07 21:43:26,094 [INFO] IPUIPlugin:80 - create IPUIPlugin
2025-09-07 21:43:26,094 [INFO] IPUIPlugin:80 - create IPUIPlugin
2025-09-07 21:43:26,094 [INFO] IPUIPlugin:80 - create IPUIPlugin
2025-09-07 21:43:26,095 [INFO] IPUIPlugin:80 - create IPUIPlugin
2025-09-07 21:43:26,095 [INFO] IPUIPlugin:80 - create IPUIPlugin
2025-09-07 21:43:26,095 [INFO] IPUIPlugin:80 - create IPUIPlugin
2025-09-07 21:43:26,095 [INFO] IPUIPlugin:80 - create IPUIPlugin
2025-09-07 21:43:26,095 [INFO] IPUIPlugin:80 - create IPUIPlugin
2025-09-07 21:43:26,095 [INFO] IPUIPlugin:80 - create IPUIPlugin
2025-09-07 21:43:26,095 [INFO] IPUIPlugin:80 - create IPUIPlugin
2025-09-07 21:43:26,095 [INFO] IPUIPlugin:80 - create IPUIPlugin
2025-09-07 21:43:26,095 [INFO] IPUIPlugin:80 - create IPUIPlugin
2025-09-07 21:43:26,096 [INFO] IPUIPlugin:80 - create IPUIPlugin
2025-09-07 21:43:26,096 [INFO] IPUIPlugin:80 - create IPUIPlugin
2025-09-07 21:43:26,096 [INFO] IPUIPlugin:80 - create IPUIPlugin
2025-09-07 21:43:26,096 [INFO] IPUIPlugin:80 - create IPUIPlugin
2025-09-07 21:43:26,096 [INFO] IPUIPlugin:80 - create IPUIPlugin
2025-09-07 21:43:26,096 [INFO] IPUIPlugin:80 - create IPUIPlugin
2025-09-07 21:43:26,096 [INFO] IPUIPlugin:80 - create IPUIPlugin
2025-09-07 21:43:26,096 [INFO] IPUIPlugin:80 - create IPUIPlugin
2025-09-07 21:43:26,097 [INFO] IPUIPlugin:80 - create IPUIPlugin
2025-09-07 21:43:26,097 [INFO] IPUIPlugin:80 - create IPUIPlugin
2025-09-07 21:43:26,097 [INFO] IPUIPlugin:80 - create IPUIPlugin
2025-09-07 21:43:26,099 [INFO] ApiDbMcu:532 - Load IP Config File for PDM2PCM
2025-09-07 21:43:26,100 [WARN] IP:2250 - I2C_Coeff_DF not found: check if there is a RefParameter without a condition.
2025-09-07 21:43:26,100 [WARN] IP:2250 - Analog_Filter not found: check if there is a RefParameter without a condition.
2025-09-07 21:43:26,177 [INFO] CADModel:165 - CPN selected for project levelSTM32F407ZGT6
2025-09-07 21:43:26,177 [INFO] CADModel:114 - Register for checkConnection events
2025-09-07 21:43:26,216 [INFO] OpenFileManager:386 - Restore cursor
2025-09-07 21:43:26,332 [WARN] IP:2250 - DEVICE_SERIAL0_CDC_FS not found: check if there is a RefParameter without a condition.
2025-09-07 21:43:26,332 [WARN] IP:2250 - DEVICE_SERIAL1_CDC_FS not found: check if there is a RefParameter without a condition.
2025-09-07 21:43:26,332 [WARN] IP:2250 - DEVICE_SERIAL2_CDC_FS not found: check if there is a RefParameter without a condition.
2025-09-07 21:43:26,333 [WARN] IP:2250 - DEVICE_SERIAL0_CDC_FS not found: check if there is a RefParameter without a condition.
2025-09-07 21:43:26,333 [WARN] IP:2250 - DEVICE_SERIAL1_CDC_FS not found: check if there is a RefParameter without a condition.
2025-09-07 21:43:26,333 [WARN] IP:2250 - DEVICE_SERIAL2_CDC_FS not found: check if there is a RefParameter without a condition.
2025-09-07 21:43:26,395 [WARN] IP:2250 - I2C_Coeff_DF not found: check if there is a RefParameter without a condition.
2025-09-07 21:43:26,395 [WARN] IP:2250 - Analog_Filter not found: check if there is a RefParameter without a condition.
2025-09-07 21:43:26,396 [WARN] IP:2250 - I2C_Coeff_DF not found: check if there is a RefParameter without a condition.
2025-09-07 21:43:26,396 [WARN] IP:2250 - Analog_Filter not found: check if there is a RefParameter without a condition.
2025-09-07 21:47:09,117 [INFO] Gpio:278 - dependency for GPIO [ADC1, FSMC, I2C2, RCC, UART4, USB_OTG_FS]
2025-09-07 21:47:24,169 [WARN] IP:2250 - DEVICE_SERIAL0_CDC_FS not found: check if there is a RefParameter without a condition.
2025-09-07 21:47:24,170 [WARN] IP:2250 - DEVICE_SERIAL1_CDC_FS not found: check if there is a RefParameter without a condition.
2025-09-07 21:47:24,170 [WARN] IP:2250 - DEVICE_SERIAL2_CDC_FS not found: check if there is a RefParameter without a condition.
2025-09-07 21:47:24,171 [WARN] IP:2250 - DEVICE_SERIAL0_CDC_FS not found: check if there is a RefParameter without a condition.
2025-09-07 21:47:24,171 [WARN] IP:2250 - DEVICE_SERIAL1_CDC_FS not found: check if there is a RefParameter without a condition.
2025-09-07 21:47:24,171 [WARN] IP:2250 - DEVICE_SERIAL2_CDC_FS not found: check if there is a RefParameter without a condition.
2025-09-07 21:47:24,222 [WARN] IP:2250 - I2C_Coeff_DF not found: check if there is a RefParameter without a condition.
2025-09-07 21:47:24,223 [WARN] IP:2250 - Analog_Filter not found: check if there is a RefParameter without a condition.
2025-09-07 21:47:24,223 [WARN] IP:2250 - I2C_Coeff_DF not found: check if there is a RefParameter without a condition.
2025-09-07 21:47:24,223 [WARN] IP:2250 - Analog_Filter not found: check if there is a RefParameter without a condition.
2025-09-07 21:47:24,276 [INFO] Gpio:278 - dependency for GPIO [ADC1, FSMC, I2C2, RCC, UART4, USB_OTG_FS]
2025-09-07 21:47:24,402 [WARN] IP:2250 - DEVICE_SERIAL0_CDC_FS not found: check if there is a RefParameter without a condition.
2025-09-07 21:47:24,403 [WARN] IP:2250 - DEVICE_SERIAL1_CDC_FS not found: check if there is a RefParameter without a condition.
2025-09-07 21:47:24,403 [WARN] IP:2250 - DEVICE_SERIAL2_CDC_FS not found: check if there is a RefParameter without a condition.
2025-09-07 21:47:24,405 [WARN] IP:2250 - DEVICE_SERIAL0_CDC_FS not found: check if there is a RefParameter without a condition.
2025-09-07 21:47:24,405 [WARN] IP:2250 - DEVICE_SERIAL1_CDC_FS not found: check if there is a RefParameter without a condition.
2025-09-07 21:47:24,406 [WARN] IP:2250 - DEVICE_SERIAL2_CDC_FS not found: check if there is a RefParameter without a condition.
2025-09-07 21:47:24,452 [WARN] IP:2250 - I2C_Coeff_DF not found: check if there is a RefParameter without a condition.
2025-09-07 21:47:24,452 [WARN] IP:2250 - Analog_Filter not found: check if there is a RefParameter without a condition.
2025-09-07 21:47:24,453 [WARN] IP:2250 - I2C_Coeff_DF not found: check if there is a RefParameter without a condition.
2025-09-07 21:47:24,453 [WARN] IP:2250 - Analog_Filter not found: check if there is a RefParameter without a condition.
2025-09-07 21:47:24,488 [INFO] Gpio:278 - dependency for GPIO [ADC1, FSMC, I2C2, RCC, UART4, USB_OTG_FS]
2025-09-07 21:47:32,736 [INFO] UtilMem:75 - End SaveConfig() Used Memory: 833251464 Bytes (1044381696)
2025-09-07 21:47:34,543 [INFO] UtilMem:75 - End SaveConfig() Used Memory: 942825608 Bytes (1044381696)
2025-09-07 21:47:34,648 [INFO] BlockDiagram:2775 - set Specific Code input for plugin: FSMC
2025-09-07 21:47:34,648 [INFO] BlockDiagram:2775 - set Specific Code input for plugin: USB_DEVICE
2025-09-07 21:47:34,648 [INFO] BlockDiagram:2775 - set Specific Code input for plugin: SYS
2025-09-07 21:47:34,649 [INFO] BlockDiagram:2775 - set Specific Code input for plugin: ADC
2025-09-07 21:47:34,649 [INFO] BlockDiagram:2775 - set Specific Code input for plugin: RCC
2025-09-07 21:47:34,649 [INFO] BlockDiagram:2775 - set Specific Code input for plugin: I2C
2025-09-07 21:47:34,649 [INFO] BlockDiagram:2775 - set Specific Code input for plugin: USB_OTG_FS
2025-09-07 21:47:34,649 [INFO] BlockDiagram:2775 - set Specific Code input for plugin: NVIC
2025-09-07 21:47:34,649 [INFO] BlockDiagram:2775 - set Specific Code input for plugin: UART
2025-09-07 21:47:34,649 [INFO] BlockDiagram:2775 - set Specific Code input for plugin: GPIO
2025-09-07 21:47:34,649 [INFO] CodeGenerator:892 - code generatio: config db path: /home/tuna/st/stm32cubeide_1.18.1/plugins/com.st.stm32cube.common.mx_6.15.0.202507011659//db/
2025-09-07 21:47:34,658 [WARN] IP:2250 - I2C_Coeff_DF not found: check if there is a RefParameter without a condition.
2025-09-07 21:47:34,658 [WARN] IP:2250 - Analog_Filter not found: check if there is a RefParameter without a condition.
2025-09-07 21:47:34,664 [WARN] IP:2250 - DEVICE_SERIAL0_CDC_FS not found: check if there is a RefParameter without a condition.
2025-09-07 21:47:34,665 [WARN] IP:2250 - DEVICE_SERIAL1_CDC_FS not found: check if there is a RefParameter without a condition.
2025-09-07 21:47:34,665 [WARN] IP:2250 - DEVICE_SERIAL2_CDC_FS not found: check if there is a RefParameter without a condition.
2025-09-07 21:47:34,738 [INFO] CodeEngine:265 - oldGeneratedFile, /home/tuna/STM32CubeIDE/workspace_1.18.1/stm32f4_dev_board/stm32f4_mobile_base_sim/MXTmpFiles/license.tmp_save
2025-09-07 21:47:34,974 [INFO] CodeEngine:289 - Generated code: /home/tuna/STM32CubeIDE/workspace_1.18.1/stm32f4_dev_board/stm32f4_mobile_base_sim/MXTmpFiles/license.tmp
2025-09-07 21:47:35,027 [INFO] CodeEngine:265 - oldGeneratedFile, /home/tuna/STM32CubeIDE/workspace_1.18.1/stm32f4_dev_board/stm32f4_mobile_base_sim/Core/Src/gpio.c_save
2025-09-07 21:47:35,116 [INFO] CodeEngine:289 - Generated code: /home/tuna/STM32CubeIDE/workspace_1.18.1/stm32f4_dev_board/stm32f4_mobile_base_sim/Core/Src/gpio.c
2025-09-07 21:47:35,118 [INFO] CodeEngine:265 - oldGeneratedFile, /home/tuna/STM32CubeIDE/workspace_1.18.1/stm32f4_dev_board/stm32f4_mobile_base_sim/Core/Inc/gpio.h_save
2025-09-07 21:47:35,191 [INFO] CodeEngine:289 - Generated code: /home/tuna/STM32CubeIDE/workspace_1.18.1/stm32f4_dev_board/stm32f4_mobile_base_sim/Core/Inc/gpio.h
2025-09-07 21:47:35,261 [WARN] IPConfigManager:3238 - Warning: the RefConfig PWREx_EnableUSBVoltageDetector is not available in your config.xml file
2025-09-07 21:47:35,267 [INFO] CodeEngine:265 - oldGeneratedFile, /home/tuna/STM32CubeIDE/workspace_1.18.1/stm32f4_dev_board/stm32f4_mobile_base_sim/MXTmpFiles/usb_otg_fs_vars.tmp_save
2025-09-07 21:47:35,348 [INFO] CodeEngine:289 - Generated code: /home/tuna/STM32CubeIDE/workspace_1.18.1/stm32f4_dev_board/stm32f4_mobile_base_sim/MXTmpFiles/usb_otg_fs_vars.tmp
2025-09-07 21:47:35,349 [INFO] CodeEngine:265 - oldGeneratedFile, /home/tuna/STM32CubeIDE/workspace_1.18.1/stm32f4_dev_board/stm32f4_mobile_base_sim/MXTmpFiles/usb_otg_fs_inc.tmp_save
2025-09-07 21:47:35,400 [INFO] CodeEngine:289 - Generated code: /home/tuna/STM32CubeIDE/workspace_1.18.1/stm32f4_dev_board/stm32f4_mobile_base_sim/MXTmpFiles/usb_otg_fs_inc.tmp
2025-09-07 21:47:35,402 [INFO] CodeEngine:265 - oldGeneratedFile, /home/tuna/STM32CubeIDE/workspace_1.18.1/stm32f4_dev_board/stm32f4_mobile_base_sim/MXTmpFiles/usb_otg_fs_HalInit.tmp_save
2025-09-07 21:47:35,477 [INFO] CodeEngine:289 - Generated code: /home/tuna/STM32CubeIDE/workspace_1.18.1/stm32f4_dev_board/stm32f4_mobile_base_sim/MXTmpFiles/usb_otg_fs_HalInit.tmp
2025-09-07 21:47:35,478 [INFO] CodeEngine:265 - oldGeneratedFile, /home/tuna/STM32CubeIDE/workspace_1.18.1/stm32f4_dev_board/stm32f4_mobile_base_sim/MXTmpFiles/usb_otg_fs_Msp.tmp_save
2025-09-07 21:47:35,535 [INFO] CodeEngine:289 - Generated code: /home/tuna/STM32CubeIDE/workspace_1.18.1/stm32f4_dev_board/stm32f4_mobile_base_sim/MXTmpFiles/usb_otg_fs_Msp.tmp
2025-09-07 21:47:35,710 [INFO] Middleware:1452 - No code input for Bsp Dependency
2025-09-07 21:47:35,716 [INFO] CodeEngine:265 - oldGeneratedFile, /home/tuna/STM32CubeIDE/workspace_1.18.1/stm32f4_dev_board/stm32f4_mobile_base_sim/Core/Src/adc.c_save
2025-09-07 21:47:35,794 [INFO] CodeEngine:289 - Generated code: /home/tuna/STM32CubeIDE/workspace_1.18.1/stm32f4_dev_board/stm32f4_mobile_base_sim/Core/Src/adc.c
2025-09-07 21:47:35,795 [INFO] CodeEngine:265 - oldGeneratedFile, /home/tuna/STM32CubeIDE/workspace_1.18.1/stm32f4_dev_board/stm32f4_mobile_base_sim/Core/Inc/adc.h_save
2025-09-07 21:47:35,844 [INFO] CodeEngine:289 - Generated code: /home/tuna/STM32CubeIDE/workspace_1.18.1/stm32f4_dev_board/stm32f4_mobile_base_sim/Core/Inc/adc.h
2025-09-07 21:47:35,848 [INFO] CodeEngine:265 - oldGeneratedFile, /home/tuna/STM32CubeIDE/workspace_1.18.1/stm32f4_dev_board/stm32f4_mobile_base_sim/Core/Src/fsmc.c_save
2025-09-07 21:47:35,900 [INFO] CodeEngine:289 - Generated code: /home/tuna/STM32CubeIDE/workspace_1.18.1/stm32f4_dev_board/stm32f4_mobile_base_sim/Core/Src/fsmc.c
2025-09-07 21:47:35,901 [INFO] CodeEngine:265 - oldGeneratedFile, /home/tuna/STM32CubeIDE/workspace_1.18.1/stm32f4_dev_board/stm32f4_mobile_base_sim/Core/Inc/fsmc.h_save
2025-09-07 21:47:35,946 [INFO] CodeEngine:289 - Generated code: /home/tuna/STM32CubeIDE/workspace_1.18.1/stm32f4_dev_board/stm32f4_mobile_base_sim/Core/Inc/fsmc.h
2025-09-07 21:47:35,949 [INFO] CodeEngine:265 - oldGeneratedFile, /home/tuna/STM32CubeIDE/workspace_1.18.1/stm32f4_dev_board/stm32f4_mobile_base_sim/Core/Src/i2c.c_save
2025-09-07 21:47:36,009 [INFO] CodeEngine:289 - Generated code: /home/tuna/STM32CubeIDE/workspace_1.18.1/stm32f4_dev_board/stm32f4_mobile_base_sim/Core/Src/i2c.c
2025-09-07 21:47:36,010 [INFO] CodeEngine:265 - oldGeneratedFile, /home/tuna/STM32CubeIDE/workspace_1.18.1/stm32f4_dev_board/stm32f4_mobile_base_sim/Core/Inc/i2c.h_save
2025-09-07 21:47:36,050 [INFO] CodeEngine:289 - Generated code: /home/tuna/STM32CubeIDE/workspace_1.18.1/stm32f4_dev_board/stm32f4_mobile_base_sim/Core/Inc/i2c.h
2025-09-07 21:47:36,053 [INFO] CodeEngine:265 - oldGeneratedFile, /home/tuna/STM32CubeIDE/workspace_1.18.1/stm32f4_dev_board/stm32f4_mobile_base_sim/Core/Src/usart.c_save
2025-09-07 21:47:36,110 [INFO] CodeEngine:289 - Generated code: /home/tuna/STM32CubeIDE/workspace_1.18.1/stm32f4_dev_board/stm32f4_mobile_base_sim/Core/Src/usart.c
2025-09-07 21:47:36,111 [INFO] CodeEngine:265 - oldGeneratedFile, /home/tuna/STM32CubeIDE/workspace_1.18.1/stm32f4_dev_board/stm32f4_mobile_base_sim/Core/Inc/usart.h_save
2025-09-07 21:47:36,153 [INFO] CodeEngine:289 - Generated code: /home/tuna/STM32CubeIDE/workspace_1.18.1/stm32f4_dev_board/stm32f4_mobile_base_sim/Core/Inc/usart.h
2025-09-07 21:47:36,173 [INFO] Middleware:1452 - No code input for Bsp Dependency
2025-09-07 21:47:36,176 [INFO] CodeEngine:265 - oldGeneratedFile, /home/tuna/STM32CubeIDE/workspace_1.18.1/stm32f4_dev_board/stm32f4_mobile_base_sim/USB_DEVICE/App/usb_device.c_save
2025-09-07 21:47:36,226 [INFO] CodeEngine:289 - Generated code: /home/tuna/STM32CubeIDE/workspace_1.18.1/stm32f4_dev_board/stm32f4_mobile_base_sim/USB_DEVICE/App/usb_device.c
2025-09-07 21:47:36,227 [INFO] CodeEngine:265 - oldGeneratedFile, /home/tuna/STM32CubeIDE/workspace_1.18.1/stm32f4_dev_board/stm32f4_mobile_base_sim/USB_DEVICE/App/usb_device.h_save
2025-09-07 21:47:36,270 [INFO] CodeEngine:289 - Generated code: /home/tuna/STM32CubeIDE/workspace_1.18.1/stm32f4_dev_board/stm32f4_mobile_base_sim/USB_DEVICE/App/usb_device.h
2025-09-07 21:47:36,271 [INFO] CodeEngine:265 - oldGeneratedFile, /home/tuna/STM32CubeIDE/workspace_1.18.1/stm32f4_dev_board/stm32f4_mobile_base_sim/USB_DEVICE/Target/usbd_conf.h_save
2025-09-07 21:47:36,314 [INFO] CodeEngine:289 - Generated code: /home/tuna/STM32CubeIDE/workspace_1.18.1/stm32f4_dev_board/stm32f4_mobile_base_sim/USB_DEVICE/Target/usbd_conf.h
2025-09-07 21:47:36,315 [INFO] CodeEngine:265 - oldGeneratedFile, /home/tuna/STM32CubeIDE/workspace_1.18.1/stm32f4_dev_board/stm32f4_mobile_base_sim/USB_DEVICE/Target/usbd_conf.c_save
2025-09-07 21:47:36,362 [INFO] CodeEngine:289 - Generated code: /home/tuna/STM32CubeIDE/workspace_1.18.1/stm32f4_dev_board/stm32f4_mobile_base_sim/USB_DEVICE/Target/usbd_conf.c
2025-09-07 21:47:36,363 [INFO] CodeEngine:265 - oldGeneratedFile, /home/tuna/STM32CubeIDE/workspace_1.18.1/stm32f4_dev_board/stm32f4_mobile_base_sim/USB_DEVICE/App/usbd_desc.h_save
2025-09-07 21:47:36,406 [INFO] CodeEngine:289 - Generated code: /home/tuna/STM32CubeIDE/workspace_1.18.1/stm32f4_dev_board/stm32f4_mobile_base_sim/USB_DEVICE/App/usbd_desc.h
2025-09-07 21:47:36,407 [INFO] CodeEngine:265 - oldGeneratedFile, /home/tuna/STM32CubeIDE/workspace_1.18.1/stm32f4_dev_board/stm32f4_mobile_base_sim/USB_DEVICE/App/usbd_desc.c_save
2025-09-07 21:47:36,450 [INFO] CodeEngine:289 - Generated code: /home/tuna/STM32CubeIDE/workspace_1.18.1/stm32f4_dev_board/stm32f4_mobile_base_sim/USB_DEVICE/App/usbd_desc.c
2025-09-07 21:47:36,451 [INFO] CodeEngine:265 - oldGeneratedFile, /home/tuna/STM32CubeIDE/workspace_1.18.1/stm32f4_dev_board/stm32f4_mobile_base_sim/USB_DEVICE/App/usbd_cdc_if.h_save
2025-09-07 21:47:36,493 [INFO] CodeEngine:289 - Generated code: /home/tuna/STM32CubeIDE/workspace_1.18.1/stm32f4_dev_board/stm32f4_mobile_base_sim/USB_DEVICE/App/usbd_cdc_if.h
2025-09-07 21:47:36,494 [INFO] CodeEngine:265 - oldGeneratedFile, /home/tuna/STM32CubeIDE/workspace_1.18.1/stm32f4_dev_board/stm32f4_mobile_base_sim/USB_DEVICE/App/usbd_cdc_if.c_save
2025-09-07 21:47:36,539 [INFO] CodeEngine:289 - Generated code: /home/tuna/STM32CubeIDE/workspace_1.18.1/stm32f4_dev_board/stm32f4_mobile_base_sim/USB_DEVICE/App/usbd_cdc_if.c
2025-09-07 21:47:36,544 [INFO] CodeEngine:265 - oldGeneratedFile, /home/tuna/STM32CubeIDE/workspace_1.18.1/stm32f4_dev_board/stm32f4_mobile_base_sim/Core/Src/stm32f4xx_it.c_save
2025-09-07 21:47:36,634 [INFO] CodeEngine:289 - Generated code: /home/tuna/STM32CubeIDE/workspace_1.18.1/stm32f4_dev_board/stm32f4_mobile_base_sim/Core/Src/stm32f4xx_it.c
2025-09-07 21:47:36,634 [INFO] CodeEngine:265 - oldGeneratedFile, /home/tuna/STM32CubeIDE/workspace_1.18.1/stm32f4_dev_board/stm32f4_mobile_base_sim/Core/Inc/stm32f4xx_it.h_save
2025-09-07 21:47:36,674 [INFO] CodeEngine:289 - Generated code: /home/tuna/STM32CubeIDE/workspace_1.18.1/stm32f4_dev_board/stm32f4_mobile_base_sim/Core/Inc/stm32f4xx_it.h
2025-09-07 21:47:36,680 [INFO] CodeEngine:265 - oldGeneratedFile, /home/tuna/STM32CubeIDE/workspace_1.18.1/stm32f4_dev_board/stm32f4_mobile_base_sim/Core/Src/stm32f4xx_hal_msp.c_save
2025-09-07 21:47:36,736 [INFO] CodeEngine:289 - Generated code: /home/tuna/STM32CubeIDE/workspace_1.18.1/stm32f4_dev_board/stm32f4_mobile_base_sim/Core/Src/stm32f4xx_hal_msp.c
2025-09-07 21:47:36,737 [INFO] CodeEngine:265 - oldGeneratedFile, /home/tuna/STM32CubeIDE/workspace_1.18.1/stm32f4_dev_board/stm32f4_mobile_base_sim/MXTmpFiles/system.tmp_save
2025-09-07 21:47:36,776 [INFO] CodeEngine:289 - Generated code: /home/tuna/STM32CubeIDE/workspace_1.18.1/stm32f4_dev_board/stm32f4_mobile_base_sim/MXTmpFiles/system.tmp
2025-09-07 21:47:36,779 [INFO] CodeEngine:321 - oldGeneratedFile, /home/tuna/STM32CubeIDE/workspace_1.18.1/stm32f4_dev_board/stm32f4_mobile_base_sim/Core/Inc/stm32f4xx_hal_conf.h_save
2025-09-07 21:47:36,824 [INFO] CodeEngine:345 - Generated code: /home/tuna/STM32CubeIDE/workspace_1.18.1/stm32f4_dev_board/stm32f4_mobile_base_sim/Core/Inc/stm32f4xx_hal_conf.h
2025-09-07 21:47:36,836 [INFO] ApiDbMcu:532 - Load IP Config File for ADC1
2025-09-07 21:47:36,840 [INFO] ApiDbMcu:532 - Load IP Config File for FSMC
2025-09-07 21:47:36,842 [INFO] ApiDbMcu:532 - Load IP Config File for I2C2
2025-09-07 21:47:36,843 [INFO] ApiDbMcu:532 - Load IP Config File for UART4
2025-09-07 21:47:36,845 [INFO] ApiDbMcu:532 - Load IP Config File for RCC
2025-09-07 21:47:36,849 [INFO] CodeEngine:265 - oldGeneratedFile, /home/tuna/STM32CubeIDE/workspace_1.18.1/stm32f4_dev_board/stm32f4_mobile_base_sim/Core/Inc/main.h_save
2025-09-07 21:47:36,905 [INFO] CodeEngine:289 - Generated code: /home/tuna/STM32CubeIDE/workspace_1.18.1/stm32f4_dev_board/stm32f4_mobile_base_sim/Core/Inc/main.h
2025-09-07 21:47:36,906 [INFO] CodeEngine:265 - oldGeneratedFile, /home/tuna/STM32CubeIDE/workspace_1.18.1/stm32f4_dev_board/stm32f4_mobile_base_sim/Core/Src/main.c_save
2025-09-07 21:47:36,965 [INFO] CodeEngine:289 - Generated code: /home/tuna/STM32CubeIDE/workspace_1.18.1/stm32f4_dev_board/stm32f4_mobile_base_sim/Core/Src/main.c
2025-09-07 21:47:37,142 [INFO] ProjectBuilder:3606 - Time for Copy HAL[1] : 30mS.
2025-09-07 21:47:37,144 [INFO] ProjectBuilder:5216 - Project Generator version: 4.7.0-B52
2025-09-07 21:47:37,204 [INFO] ConfigFileManager:1595 - The Die is : DIE413
2025-09-07 21:47:37,207 [INFO] ApiDbMcu:532 - Load IP Config File for FATFS
2025-09-07 21:47:37,209 [INFO] ApiDbMcu:532 - Load IP Config File for FREERTOS
2025-09-07 21:47:37,210 [INFO] ApiDbMcu:532 - Load IP Config File for LIBJPEG
2025-09-07 21:47:37,214 [INFO] ApiDbMcu:532 - Load IP Config File for LWIP
2025-09-07 21:47:37,218 [INFO] ApiDbMcu:532 - Load IP Config File for MBEDTLS
2025-09-07 21:47:37,220 [INFO] ApiDbMcu:532 - Load IP Config File for USB_HOST
2025-09-07 21:47:37,657 [INFO] ProjectBuilder:5496 - Time for Generating toolchain IDE Files: 512mS.
2025-09-07 21:47:37,657 [INFO] ProjectBuilder:3463 - Time for Copy CMSIS : 0mS.
2025-09-07 21:47:37,658 [INFO] ProjectBuilder:3463 - Time for Copy CMSIS : 0mS.
2025-09-07 22:09:08,558 [INFO] MainUpdater:2872 - connection check result : 10
2025-09-07 22:09:08,558 [INFO] MainUpdater:2872 - connection check result : 10
2025-09-07 22:09:08,592 [INFO] MicroXplorer:468 - Change Database Path : 
2025-09-07 22:09:08,593 [INFO] MicroXplorer:498 - Change Database Version : DB.6.0.150
2025-09-07 22:09:08,606 [ERROR] ProjectManagerView:395 - 
java.lang.NullPointerException: Cannot invoke "javax.swing.JTextField.getText()" because the return value of "java.util.List.get(int)" is null
	at com.st.microxplorer.plugins.projectmanager.gui.ProjectChoiceTab$9.caretUpdate(ProjectChoiceTab.java:2706) ~[filemanager.jar:?]
	at javax.swing.text.JTextComponent.fireCaretUpdate(JTextComponent.java:408) ~[?:?]
	at javax.swing.text.JTextComponent$MutableCaretEvent.fire(JTextComponent.java:4484) ~[?:?]
	at javax.swing.text.JTextComponent$MutableCaretEvent.stateChanged(JTextComponent.java:4506) ~[?:?]
	at javax.swing.text.DefaultCaret.fireStateChanged(DefaultCaret.java:857) ~[?:?]
	at javax.swing.text.DefaultCaret.changeCaretPosition(DefaultCaret.java:1343) ~[?:?]
	at javax.swing.text.DefaultCaret.handleSetDot(DefaultCaret.java:1242) ~[?:?]
	at javax.swing.text.DefaultCaret.setDot(DefaultCaret.java:1223) ~[?:?]
	at javax.swing.text.DefaultCaret$Handler.insertUpdate(DefaultCaret.java:1819) ~[?:?]
	at javax.swing.text.AbstractDocument.fireInsertUpdate(AbstractDocument.java:227) ~[?:?]
	at javax.swing.text.AbstractDocument.handleInsertString(AbstractDocument.java:781) ~[?:?]
	at javax.swing.text.AbstractDocument.insertString(AbstractDocument.java:740) ~[?:?]
	at javax.swing.text.PlainDocument.insertString(PlainDocument.java:131) ~[?:?]
	at javax.swing.text.AbstractDocument.replace(AbstractDocument.java:699) ~[?:?]
	at javax.swing.text.JTextComponent.setText(JTextComponent.java:1725) ~[?:?]
	at com.st.microxplorer.plugins.projectmanager.gui.ProjectChoiceTab.createHeapStackFields(ProjectChoiceTab.java:993) ~[filemanager.jar:?]
	at com.st.microxplorer.plugins.projectmanager.gui.ProjectChoiceTab.buildLinkSettingsPanel(ProjectChoiceTab.java:3813) ~[filemanager.jar:?]
	at com.st.microxplorer.plugins.projectmanager.gui.ProjectChoiceTab.defineWindowsFields(ProjectChoiceTab.java:1987) ~[filemanager.jar:?]
	at com.st.microxplorer.plugins.projectmanager.gui.ProjectChoiceTab.updateSettings(ProjectChoiceTab.java:558) ~[filemanager.jar:?]
	at com.st.microxplorer.plugins.projectmanager.gui.ProjectSettingsPanel.UpdateDialog(ProjectSettingsPanel.java:247) ~[filemanager.jar:?]
	at com.st.microxplorer.plugins.projectmanager.ProjectManagerView.propertyChange(ProjectManagerView.java:392) ~[filemanager.jar:?]
	at java.beans.PropertyChangeSupport.fire(PropertyChangeSupport.java:343) ~[?:?]
	at java.beans.PropertyChangeSupport.firePropertyChange(PropertyChangeSupport.java:335) ~[?:?]
	at java.beans.PropertyChangeSupport.firePropertyChange(PropertyChangeSupport.java:268) ~[?:?]
	at com.st.microxplorer.util.MXPropertyChangeSupport.firePropertyChange(MXPropertyChangeSupport.java:54) ~[STM32CubeMX.jar:?]
	at com.st.microxplorer.mxsystem.MxSystem.closeConfig(MxSystem.java:899) ~[STM32CubeMX.jar:?]
	at com.st.microxplorer.maingui.MainPanel.closeConfig(MainPanel.java:792) ~[STM32CubeMX.jar:?]
	at com.st.microxplorer.plugins.filemanager.engine.OpenFileManager.loadConfigurationFile(OpenFileManager.java:288) ~[filemanager.jar:?]
	at com.st.microxplorer.plugins.filemanager.engine.MainFileManager.userLoadConfig(MainFileManager.java:364) ~[filemanager.jar:?]
	at com.st.microxplorer.plugins.filemanager.engine.MainFileManager.userLoadConfig(MainFileManager.java:342) ~[filemanager.jar:?]
	at com.st.microxplorer.plugins.filemanager.FileManagerView.getSpecificTask(FileManagerView.java:264) ~[filemanager.jar:?]
	at com.st.stm32cube.common.mx.editor.CubeMxEditor.getMxTabbedPaneInstance(CubeMxEditor.java:1198) ~[com.st.stm32cube.common.mx_6.15.0.202507011659/:?]
	at com.st.stm32cube.common.mx.editor.CubeMxEditor$12$1.createSwingComponent(CubeMxEditor.java:1068) ~[com.st.stm32cube.common.mx_6.15.0.202507011659/:?]
	at com.st.stm32cube.common.mx.oss.core.awtswtbridge.EmbeddedSwingComposite.doComponentCreation(EmbeddedSwingComposite.java:492) ~[com.st.stm32cube.common.mx.oss_6.15.0.202507011659/:?]
	at com.st.stm32cube.common.mx.oss.core.awtswtbridge.EmbeddedSwingComposite$4.run(EmbeddedSwingComposite.java:291) ~[com.st.stm32cube.common.mx.oss_6.15.0.202507011659/:?]
	at com.st.stm32cube.common.mx.oss.core.awtswtbridge.AwtEnvironment$2.run(AwtEnvironment.java:166) ~[com.st.stm32cube.common.mx.oss_6.15.0.202507011659/:?]
	at java.awt.event.InvocationEvent.dispatch(InvocationEvent.java:318) ~[?:?]
	at java.awt.EventQueue.dispatchEventImpl(EventQueue.java:773) ~[?:?]
	at java.awt.EventQueue$4.run(EventQueue.java:720) ~[?:?]
	at java.awt.EventQueue$4.run(EventQueue.java:714) ~[?:?]
	at java.security.AccessController.doPrivileged(AccessController.java:400) ~[?:?]
	at java.security.ProtectionDomain$JavaSecurityAccessImpl.doIntersectionPrivilege(ProtectionDomain.java:87) ~[?:?]
	at java.awt.EventQueue.dispatchEvent(EventQueue.java:742) ~[?:?]
	at java.awt.EventDispatchThread.pumpOneEventForFilters(EventDispatchThread.java:203) ~[?:?]
	at java.awt.EventDispatchThread.pumpEventsForFilter(EventDispatchThread.java:124) ~[?:?]
	at java.awt.EventDispatchThread.pumpEventsForHierarchy(EventDispatchThread.java:113) ~[?:?]
	at java.awt.EventDispatchThread.pumpEvents(EventDispatchThread.java:109) ~[?:?]
	at java.awt.EventDispatchThread.pumpEvents(EventDispatchThread.java:101) ~[?:?]
	at java.awt.EventDispatchThread.run(EventDispatchThread.java:90) ~[?:?]
2025-09-07 22:09:08,608 [WARN] ThirdParty:871 - waiting for thirdparty lock release [close project]
2025-09-07 22:09:08,608 [INFO] ThirdParty:873 - entering critical section [close project]
2025-09-07 22:09:08,609 [INFO] ThirdParty:883 - exiting critical section [close project]
2025-09-07 22:09:08,611 [INFO] PinOutPanel:1589 - setPackage(No Configuration,No Configuration)
2025-09-07 22:09:08,617 [WARN] IpParametersView:155 - Warning: This peripheral hasn't parameters
2025-09-07 22:09:08,622 [WARN] MainPanel:289 - <html><b><center>Warning: This peripheral has no parameters to be configured<br></b></html>
2025-09-07 22:09:08,626 [INFO] UtilMem:75 - Begin LoadConfig() Used Memory: 622694496 Bytes (1044381696)
2025-09-07 22:09:08,627 [INFO] MicroXplorer:468 - Change Database Path : 
2025-09-07 22:09:08,627 [INFO] MicroXplorer:498 - Change Database Version : DB.6.0.150
2025-09-07 22:09:08,627 [INFO] OpenFileManager:355 - Change cursor
2025-09-07 22:09:08,642 [INFO] RulesReader:64 - Compatibility file has been processed (317 Rules)
2025-09-07 22:09:08,645 [INFO] Mcu:2029 - Initializing MCU STM32F407Z(E-G)Tx STM32F407ZGTx STM32F407ZGT6
2025-09-07 22:09:09,603 [INFO] Context:786 - Trying to add GPIOservice into a context  which must be forbidden
2025-09-07 22:09:10,156 [INFO] ImportTextPane:234 - (OptionalMessage_ERROR) Pin90 (VP_RIF_VS_RIF1) cannot be retrieved for this MCU
2025-09-07 22:09:10,207 [INFO] RtosManager:558 - Registered RTOS mode: class=CMSIS, group=RTOS, mode=CMSIS_V1, owner=FREERTOS
2025-09-07 22:09:10,207 [INFO] RtosManager:558 - Registered RTOS mode: class=CMSIS, group=RTOS2, mode=CMSIS_V2, owner=FREERTOS
2025-09-07 22:09:10,207 [INFO] RtosManager:558 - Registered RTOS mode: class=RTOS, group=Core, mode=CMSIS_V1, owner=FREERTOS
2025-09-07 22:09:10,207 [INFO] RtosManager:558 - Registered RTOS mode: class=RTOS, group=Core, mode=CMSIS_V2, owner=FREERTOS
2025-09-07 22:09:10,207 [WARN] ModelIntegratedComponent:184 - Missing modes for component STMicroelectronics:FreeRTOS:0.0.1:STMicroelectronics:RTOS:FreeRTOS:Core:::10.2.0:
2025-09-07 22:09:10,218 [WARN] ModelIntegratedComponent:63 - No mode defined for component null
2025-09-07 22:09:10,218 [WARN] ModelIntegratedComponent:63 - No mode defined for component null
2025-09-07 22:09:10,218 [WARN] ModelIntegratedComponent:63 - No mode defined for component null
2025-09-07 22:09:10,218 [WARN] ModelIntegratedComponent:63 - No mode defined for component null
2025-09-07 22:09:10,218 [WARN] ModelIntegratedComponent:63 - No mode defined for component null
2025-09-07 22:09:10,218 [WARN] ModelIntegratedComponent:63 - No mode defined for component null
2025-09-07 22:09:10,218 [WARN] ModelIntegratedComponent:63 - No mode defined for component null
2025-09-07 22:09:10,218 [WARN] ModelIntegratedComponent:63 - No mode defined for component null
2025-09-07 22:09:10,218 [WARN] ModelIntegratedComponent:63 - No mode defined for component null
2025-09-07 22:09:10,218 [WARN] ModelIntegratedComponent:63 - No mode defined for component null
2025-09-07 22:09:10,218 [WARN] ModelIntegratedComponent:63 - No mode defined for component null
2025-09-07 22:09:10,219 [WARN] ModelIntegratedComponent:63 - No mode defined for component null
2025-09-07 22:09:10,219 [WARN] ModelIntegratedComponent:63 - No mode defined for component null
2025-09-07 22:09:10,219 [WARN] ModelIntegratedComponent:63 - No mode defined for component null
2025-09-07 22:09:10,219 [WARN] ModelIntegratedComponent:63 - No mode defined for component null
2025-09-07 22:09:10,219 [WARN] ModelIntegratedComponent:63 - No mode defined for component null
2025-09-07 22:09:10,219 [WARN] ModelIntegratedComponent:63 - No mode defined for component null
2025-09-07 22:09:10,219 [WARN] ModelIntegratedComponent:63 - No mode defined for component null
2025-09-07 22:09:10,219 [WARN] ModelIntegratedComponent:63 - No mode defined for component null
2025-09-07 22:09:10,219 [WARN] ModelIntegratedComponent:63 - No mode defined for component null
2025-09-07 22:09:10,219 [WARN] ModelIntegratedComponent:63 - No mode defined for component null
2025-09-07 22:09:10,219 [WARN] ModelIntegratedComponent:63 - No mode defined for component null
2025-09-07 22:09:10,219 [WARN] ModelIntegratedComponent:63 - No mode defined for component null
2025-09-07 22:09:10,219 [WARN] ModelIntegratedComponent:63 - No mode defined for component null
2025-09-07 22:09:10,219 [WARN] ModelIntegratedComponent:63 - No mode defined for component null
2025-09-07 22:09:10,219 [WARN] ModelIntegratedComponent:63 - No mode defined for component null
2025-09-07 22:09:10,219 [WARN] ModelIntegratedComponent:63 - No mode defined for component null
2025-09-07 22:09:10,219 [WARN] ModelIntegratedComponent:63 - No mode defined for component null
2025-09-07 22:09:10,219 [WARN] ModelIntegratedComponent:63 - No mode defined for component null
2025-09-07 22:09:10,219 [WARN] ModelIntegratedComponent:63 - No mode defined for component null
2025-09-07 22:09:10,219 [WARN] ModelIntegratedComponent:63 - No mode defined for component null
2025-09-07 22:09:10,219 [WARN] ModelIntegratedComponent:63 - No mode defined for component null
2025-09-07 22:09:10,219 [WARN] ModelIntegratedComponent:63 - No mode defined for component null
2025-09-07 22:09:10,219 [WARN] ModelIntegratedComponent:63 - No mode defined for component null
2025-09-07 22:09:10,219 [WARN] ModelIntegratedComponent:63 - No mode defined for component null
2025-09-07 22:09:10,219 [WARN] ModelPack:524 - Component already loaded: STMicroelectronics:HAL Drivers:0.0.0:STMicroelectronics:Device:STMicro_Driver:XSPI:HAL::0.0.1:HAL_XSPI
2025-09-07 22:09:10,315 [INFO] ThirdPartyModel:298 - Start build external matchings
2025-09-07 22:09:10,661 [INFO] ThirdPartyModel:316 - End build external matchings
2025-09-07 22:09:10,676 [INFO] ImportTextPane:234 - (OptionalMessage_ERROR) IP (ADC1) : Parameter (InjectedDiscontinuousConvMode) has invalid value (null)
2025-09-07 22:09:10,679 [INFO] ImportTextPane:234 - (OptionalMessage_ERROR) IP (DMA) : Parameter (Instance) has Id (SDIO_RX) currently not set
2025-09-07 22:09:10,679 [INFO] ImportTextPane:234 - (OptionalMessage_ERROR) IP (DMA) : Parameter (Channel) has Id (SDIO_RX) currently not set
2025-09-07 22:09:10,679 [INFO] ImportTextPane:234 - (OptionalMessage_ERROR) IP (DMA) : Parameter (Direction) has Id (SDIO_RX) currently not set
2025-09-07 22:09:10,679 [INFO] ImportTextPane:234 - (OptionalMessage_ERROR) IP (DMA) : Parameter (PeriphInc) has Id (SDIO_RX) currently not set
2025-09-07 22:09:10,679 [INFO] ImportTextPane:234 - (OptionalMessage_ERROR) IP (DMA) : Parameter (MemInc) has Id (SDIO_RX) currently not set
2025-09-07 22:09:10,679 [INFO] ImportTextPane:234 - (OptionalMessage_ERROR) IP (DMA) : Parameter (PeriphDataAlignment) has Id (SDIO_RX) currently not set
2025-09-07 22:09:10,679 [INFO] ImportTextPane:234 - (OptionalMessage_ERROR) IP (DMA) : Parameter (MemDataAlignment) has Id (SDIO_RX) currently not set
2025-09-07 22:09:10,679 [INFO] ImportTextPane:234 - (OptionalMessage_ERROR) IP (DMA) : Parameter (Mode) has Id (SDIO_RX) currently not set
2025-09-07 22:09:10,679 [INFO] ImportTextPane:234 - (OptionalMessage_ERROR) IP (DMA) : Parameter (Priority) has Id (SDIO_RX) currently not set
2025-09-07 22:09:10,679 [INFO] ImportTextPane:234 - (OptionalMessage_ERROR) IP (DMA) : Parameter (FIFOMode) has Id (SDIO_RX) currently not set
2025-09-07 22:09:10,680 [INFO] ImportTextPane:234 - (OptionalMessage_ERROR) IP (DMA) : Parameter (FIFOThreshold) has Id (SDIO_RX) currently not set
2025-09-07 22:09:10,680 [INFO] ImportTextPane:234 - (OptionalMessage_ERROR) IP (DMA) : Parameter (FIFOThreshold) has invalid value (null)
2025-09-07 22:09:10,680 [INFO] ImportTextPane:234 - (OptionalMessage_ERROR) IP (DMA) : Parameter (MemBurst) has Id (SDIO_RX) currently not set
2025-09-07 22:09:10,680 [INFO] ImportTextPane:234 - (OptionalMessage_ERROR) IP (DMA) : Parameter (MemBurst) has invalid value (null)
2025-09-07 22:09:10,680 [INFO] ImportTextPane:234 - (OptionalMessage_ERROR) IP (DMA) : Parameter (PeriphBurst) has Id (SDIO_RX) currently not set
2025-09-07 22:09:10,680 [INFO] ImportTextPane:234 - (OptionalMessage_ERROR) IP (DMA) : Parameter (PeriphBurst) has invalid value (null)
2025-09-07 22:09:10,680 [INFO] ImportTextPane:234 - (OptionalMessage_ERROR) IP (DMA) : Parameter (Instance) has Id (SDIO_TX) currently not set
2025-09-07 22:09:10,680 [INFO] ImportTextPane:234 - (OptionalMessage_ERROR) IP (DMA) : Parameter (Channel) has Id (SDIO_TX) currently not set
2025-09-07 22:09:10,680 [INFO] ImportTextPane:234 - (OptionalMessage_ERROR) IP (DMA) : Parameter (Direction) has Id (SDIO_TX) currently not set
2025-09-07 22:09:10,680 [INFO] ImportTextPane:234 - (OptionalMessage_ERROR) IP (DMA) : Parameter (PeriphInc) has Id (SDIO_TX) currently not set
2025-09-07 22:09:10,680 [INFO] ImportTextPane:234 - (OptionalMessage_ERROR) IP (DMA) : Parameter (MemInc) has Id (SDIO_TX) currently not set
2025-09-07 22:09:10,680 [INFO] ImportTextPane:234 - (OptionalMessage_ERROR) IP (DMA) : Parameter (PeriphDataAlignment) has Id (SDIO_TX) currently not set
2025-09-07 22:09:10,680 [INFO] ImportTextPane:234 - (OptionalMessage_ERROR) IP (DMA) : Parameter (MemDataAlignment) has Id (SDIO_TX) currently not set
2025-09-07 22:09:10,680 [INFO] ImportTextPane:234 - (OptionalMessage_ERROR) IP (DMA) : Parameter (Mode) has Id (SDIO_TX) currently not set
2025-09-07 22:09:10,680 [INFO] ImportTextPane:234 - (OptionalMessage_ERROR) IP (DMA) : Parameter (Priority) has Id (SDIO_TX) currently not set
2025-09-07 22:09:10,680 [INFO] ImportTextPane:234 - (OptionalMessage_ERROR) IP (DMA) : Parameter (FIFOMode) has Id (SDIO_TX) currently not set
2025-09-07 22:09:10,680 [INFO] ImportTextPane:234 - (OptionalMessage_ERROR) IP (DMA) : Parameter (FIFOThreshold) has Id (SDIO_TX) currently not set
2025-09-07 22:09:10,680 [INFO] ImportTextPane:234 - (OptionalMessage_ERROR) IP (DMA) : Parameter (FIFOThreshold) has invalid value (null)
2025-09-07 22:09:10,680 [INFO] ImportTextPane:234 - (OptionalMessage_ERROR) IP (DMA) : Parameter (MemBurst) has Id (SDIO_TX) currently not set
2025-09-07 22:09:10,680 [INFO] ImportTextPane:234 - (OptionalMessage_ERROR) IP (DMA) : Parameter (MemBurst) has invalid value (null)
2025-09-07 22:09:10,680 [INFO] ImportTextPane:234 - (OptionalMessage_ERROR) IP (DMA) : Parameter (PeriphBurst) has Id (SDIO_TX) currently not set
2025-09-07 22:09:10,680 [INFO] ImportTextPane:234 - (OptionalMessage_ERROR) IP (DMA) : Parameter (PeriphBurst) has invalid value (null)
2025-09-07 22:09:10,688 [WARN] IP:2250 - I2C_Coeff_DF not found: check if there is a RefParameter without a condition.
2025-09-07 22:09:10,688 [WARN] IP:2250 - Analog_Filter not found: check if there is a RefParameter without a condition.
2025-09-07 22:09:10,689 [INFO] ImportTextPane:234 - (OptionalMessage_ERROR) IP (RCC) : Parameter (RTCHSEDivFreq_Value) has invalid value (4000000)
2025-09-07 22:09:10,884 [INFO] UtilMem:75 - End LoadConfig() Used Memory: 754124936 Bytes (1044381696)
2025-09-07 22:09:10,894 [WARN] ThirdParty:833 - waiting for thirdparty lock release [change project]
2025-09-07 22:09:10,894 [INFO] ThirdParty:835 - entering critical section [change project]
2025-09-07 22:09:10,894 [INFO] ThirdParty:1030 - CMSIS Pack Vendor :STMicroelectronics X-CUBE-PM33A1 1.0.0
2025-09-07 22:09:10,894 [INFO] ThirdParty:1030 - CMSIS Pack Vendor :STMicroelectronics USBPD 4.1
2025-09-07 22:09:10,894 [INFO] ThirdParty:1030 - CMSIS Pack Vendor :STMicroelectronics X-CUBE-NFC9 1.0.0
2025-09-07 22:09:10,894 [INFO] ThirdParty:1030 - CMSIS Pack Vendor :STMicroelectronics USB_HOST 2.0.0
2025-09-07 22:09:10,894 [INFO] ThirdParty:1030 - CMSIS Pack Vendor :STMicroelectronics FP-SNS-MOTENVWB1 1.4.0
2025-09-07 22:09:10,895 [INFO] ThirdParty:1030 - CMSIS Pack Vendor :STMicroelectronics X-CUBE-AZRTOS-F4 1.1.0
2025-09-07 22:09:10,895 [INFO] ThirdParty:1030 - CMSIS Pack Vendor :STMicroelectronics LIBJPEG 8.0.0
2025-09-07 22:09:10,895 [INFO] ThirdParty:1030 - CMSIS Pack Vendor :STMicroelectronics FP-ATR-ASTRA1 2.0.2
2025-09-07 22:09:10,895 [INFO] ThirdParty:1030 - CMSIS Pack Vendor :wolfSSL I-CUBE-wolfSSL 5.8.2
2025-09-07 22:09:10,895 [INFO] ThirdParty:1030 - CMSIS Pack Vendor :STMicroelectronics X-CUBE-BLE1 7.1.0
2025-09-07 22:09:10,895 [INFO] ThirdParty:1030 - CMSIS Pack Vendor :Avnet-IotConnect X-CUBE-IoTC-DA16k-PMOD 1.0.0
2025-09-07 22:09:10,895 [INFO] ThirdParty:1030 - CMSIS Pack Vendor :STMicroelectronics X-CUBE-SMBUS 2.1.0
2025-09-07 22:09:10,895 [INFO] ThirdParty:1030 - CMSIS Pack Vendor :wolfSSL I-CUBE-wolfMQTT 1.19.2
2025-09-07 22:09:10,895 [INFO] ThirdParty:1030 - CMSIS Pack Vendor :STMicroelectronics USB_DEVICE 3.0.0
2025-09-07 22:09:10,895 [INFO] ThirdParty:1030 - CMSIS Pack Vendor :STMicroelectronics X-CUBE-ISPU 2.1.0
2025-09-07 22:09:10,895 [INFO] ThirdParty:1030 - CMSIS Pack Vendor :STMicroelectronics X-CUBE-EEPRMA1 5.2.0
2025-09-07 22:09:10,895 [INFO] ThirdParty:1030 - CMSIS Pack Vendor :STMicroelectronics X-CUBE-BLEMGR 4.1.0
2025-09-07 22:09:10,895 [INFO] ThirdParty:1030 - CMSIS Pack Vendor :STMicroelectronics X-CUBE-AZRTOS-WB 2.0.0
2025-09-07 22:09:10,895 [INFO] ThirdParty:1030 - CMSIS Pack Vendor :STMicroelectronics X-CUBE-ST60 1.0.0
2025-09-07 22:09:10,895 [INFO] ThirdParty:1030 - CMSIS Pack Vendor :STMicroelectronics X-CUBE-GNSS1 7.0.1
2025-09-07 22:09:10,895 [INFO] ThirdParty:1030 - CMSIS Pack Vendor :STMicroelectronics X-CUBE-NFC12 1.0.0
2025-09-07 22:09:10,895 [INFO] ThirdParty:1030 - CMSIS Pack Vendor :STMicroelectronics X-CUBE-AZRTOS-F7 1.1.0
2025-09-07 22:09:10,895 [INFO] ThirdParty:1030 - CMSIS Pack Vendor :STMicroelectronics X-CUBE-AZRTOS-L5 2.0.0
2025-09-07 22:09:10,895 [INFO] ThirdParty:1030 - CMSIS Pack Vendor :STMicroelectronics X-CUBE-TOUCHGFX 4.25.0
2025-09-07 22:09:10,895 [INFO] ThirdParty:1030 - CMSIS Pack Vendor :STMicroelectronics USB_DEVICE 2.0.0
2025-09-07 22:09:10,895 [INFO] ThirdParty:1030 - CMSIS Pack Vendor :STMicroelectronics X-CUBE-NFC6 3.1.0
2025-09-07 22:09:10,895 [INFO] ThirdParty:1030 - CMSIS Pack Vendor :STMicroelectronics X-CUBE-AI 10.1.0
2025-09-07 22:09:10,895 [INFO] ThirdParty:1030 - CMSIS Pack Vendor :STMicroelectronics FP-SNS-STBOX1 2.0.0
2025-09-07 22:09:10,895 [INFO] ThirdParty:1030 - CMSIS Pack Vendor :quantropi X-CUBE-qispace-sdk-base 2.1.0
2025-09-07 22:09:10,895 [INFO] ThirdParty:1030 - CMSIS Pack Vendor :STMicroelectronics FreeRTOS 0.0.1
2025-09-07 22:09:10,895 [INFO] ThirdParty:1030 - CMSIS Pack Vendor :STMicroelectronics X-CUBE-AZRTOS-G0 1.1.0
2025-09-07 22:09:10,895 [INFO] ThirdParty:1030 - CMSIS Pack Vendor :STMicroelectronics X-CUBE-SAFEA1 1.2.2
2025-09-07 22:09:10,895 [INFO] ThirdParty:1030 - CMSIS Pack Vendor :STMicroelectronics X-CUBE-NFC4 3.0.0
2025-09-07 22:09:10,895 [INFO] ThirdParty:1030 - CMSIS Pack Vendor :STMicroelectronics X-CUBE-SUBG2 5.0.0
2025-09-07 22:09:10,895 [INFO] ThirdParty:1030 - CMSIS Pack Vendor :STMicroelectronics X-CUBE-AZRTOS-H7RS 1.1.0
2025-09-07 22:09:10,895 [INFO] ThirdParty:1030 - CMSIS Pack Vendor :STMicroelectronics STM32_WPAN 1.0.0
2025-09-07 22:09:10,895 [INFO] ThirdParty:1030 - CMSIS Pack Vendor :EmbeddedOffice I-CUBE-FS-RTOS 1.0.1
2025-09-07 22:09:10,895 [INFO] ThirdParty:1030 - CMSIS Pack Vendor :STMicroelectronics lwIP 2.0.3
2025-09-07 22:09:10,895 [INFO] ThirdParty:1030 - CMSIS Pack Vendor :Cesanta I-CUBE-Mongoose 7.13.0
2025-09-07 22:09:10,895 [INFO] ThirdParty:1030 - CMSIS Pack Vendor :STMicroelectronics USB_HOST 1.0.0
2025-09-07 22:09:10,895 [INFO] ThirdParty:1030 - CMSIS Pack Vendor :Infineon AIROC-Wi-Fi-Bluetooth-STM32 1.7.1
2025-09-07 22:09:10,895 [INFO] ThirdParty:1030 - CMSIS Pack Vendor :STMicroelectronics X-CUBE-AZRTOS-G4 2.0.0
2025-09-07 22:09:10,895 [INFO] ThirdParty:1030 - CMSIS Pack Vendor :STMicroelectronics X-CUBE-WB05N 2.0.0
2025-09-07 22:09:10,895 [INFO] ThirdParty:1030 - CMSIS Pack Vendor :STMicroelectronics PDM2PCM 3.1.0
2025-09-07 22:09:10,895 [INFO] ThirdParty:1030 - CMSIS Pack Vendor :STMicroelectronics PDM2PCM 3.3.0
2025-09-07 22:09:10,895 [INFO] ThirdParty:1030 - CMSIS Pack Vendor :wolfSSL I-CUBE-wolfTPM 3.8.0
2025-09-07 22:09:10,895 [INFO] ThirdParty:1030 - CMSIS Pack Vendor :STMicroelectronics X-CUBE-AZRTOS-H7 3.4.0
2025-09-07 22:09:10,895 [INFO] ThirdParty:1030 - CMSIS Pack Vendor :STMicroelectronics X-CUBE-DISPLAY 3.0.0
2025-09-07 22:09:10,895 [INFO] ThirdParty:1030 - CMSIS Pack Vendor :wolfSSL I-CUBE-wolfSSH 1.4.20
2025-09-07 22:09:10,895 [INFO] ThirdParty:1030 - CMSIS Pack Vendor :STMicroelectronics X-CUBE-NFC7 2.0.0
2025-09-07 22:09:10,895 [INFO] ThirdParty:1030 - CMSIS Pack Vendor :STMicroelectronics X-CUBE-TCPP 4.2.0
2025-09-07 22:09:10,895 [INFO] ThirdParty:1030 - CMSIS Pack Vendor :RealThread X-CUBE-RT-Thread_Nano 4.1.1
2025-09-07 22:09:10,895 [INFO] ThirdParty:1030 - CMSIS Pack Vendor :STMicroelectronics FP-ATR-SIGFOX1 3.2.0
2025-09-07 22:09:10,895 [INFO] ThirdParty:1030 - CMSIS Pack Vendor :STMicroelectronics X-CUBE-NFC10 1.0.0
2025-09-07 22:09:10,895 [INFO] ThirdParty:1030 - CMSIS Pack Vendor :STMicroelectronics X-CUBE-FREERTOS 1.3.1
2025-09-07 22:09:10,895 [INFO] ThirdParty:1030 - CMSIS Pack Vendor :STMicroelectronics HAL Drivers 0.0.0
2025-09-07 22:09:10,895 [INFO] ThirdParty:1030 - CMSIS Pack Vendor :STMicroelectronics MBEDTLS 2.16.2
2025-09-07 22:09:10,895 [INFO] ThirdParty:1030 - CMSIS Pack Vendor :STMicroelectronics X-CUBE-IPS 3.1.0
2025-09-07 22:09:10,895 [INFO] ThirdParty:1030 - CMSIS Pack Vendor :STMicroelectronics X-CUBE-ALS 1.0.2
2025-09-07 22:09:10,895 [INFO] ThirdParty:1030 - CMSIS Pack Vendor :emotas I-CUBE-CANOPEN 1.3.0
2025-09-07 22:09:10,895 [INFO] ThirdParty:1030 - CMSIS Pack Vendor :STMicroelectronics MBEDTLS 2.14.1
2025-09-07 22:09:10,895 [INFO] ThirdParty:1030 - CMSIS Pack Vendor :ITTIA_DB I-CUBE-ITTIADB 8.9.0
2025-09-07 22:09:10,895 [INFO] ThirdParty:1030 - CMSIS Pack Vendor :STMicroelectronics X-CUBE-STSE01 1.0.0
2025-09-07 22:09:10,895 [INFO] ThirdParty:1030 - CMSIS Pack Vendor :portGmbH I-Cube-SoM-uGOAL 1.1.0
2025-09-07 22:09:10,895 [INFO] ThirdParty:1030 - CMSIS Pack Vendor :STMicroelectronics X-CUBE-ST67W61 1.0.0
2025-09-07 22:09:10,895 [INFO] ThirdParty:1030 - CMSIS Pack Vendor :STMicroelectronics FP-SNS-STBOX1 2.1.0
2025-09-07 22:09:10,895 [INFO] ThirdParty:1030 - CMSIS Pack Vendor :STMicroelectronics X-CUBE-AI 10.2.0
2025-09-07 22:09:10,895 [INFO] ThirdParty:1030 - CMSIS Pack Vendor :STMicroelectronics FP-SNS-STAIOTCFT 1.0.0
2025-09-07 22:09:10,895 [INFO] ThirdParty:1030 - CMSIS Pack Vendor :STMicroelectronics ThreadX 1.0.0
2025-09-07 22:09:10,895 [INFO] ThirdParty:1030 - CMSIS Pack Vendor :STMicroelectronics FP-SNS-SMARTAG2 1.2.0
2025-09-07 22:09:10,895 [INFO] ThirdParty:1030 - CMSIS Pack Vendor :STMicroelectronics FP-SNS-FLIGHT1 5.1.0
2025-09-07 22:09:10,895 [INFO] ThirdParty:1030 - CMSIS Pack Vendor :STMicroelectronics X-CUBE-AZRTOS-WL 2.0.0
2025-09-07 22:09:10,895 [INFO] ThirdParty:1030 - CMSIS Pack Vendor :SEGGER I-CUBE-embOS 1.3.1
2025-09-07 22:09:10,895 [INFO] ThirdParty:1030 - CMSIS Pack Vendor :STMicroelectronics X-CUBE-ALGOBUILD 1.4.0
2025-09-07 22:09:10,895 [INFO] ThirdParty:1030 - CMSIS Pack Vendor :STMicroelectronics X-CUBE-DPower 1.3.0
2025-09-07 22:09:10,895 [INFO] ThirdParty:1030 - CMSIS Pack Vendor :STMicroelectronics X-CUBE-MEMS1 11.3.0
2025-09-07 22:09:10,895 [INFO] ThirdParty:1030 - CMSIS Pack Vendor :STMicroelectronics FP-SNS-MOTENV1 5.0.0
2025-09-07 22:09:10,895 [INFO] ThirdParty:1030 - CMSIS Pack Vendor :STMicroelectronics USB_DEVICE 1.0.0
2025-09-07 22:09:10,895 [INFO] ThirdParty:1030 - CMSIS Pack Vendor :STMicroelectronics X-CUBE-AZRTOS-L4 2.0.0
2025-09-07 22:09:10,895 [INFO] ThirdParty:1030 - CMSIS Pack Vendor :STMicroelectronics ThreadX 0.0.2
2025-09-07 22:09:10,895 [INFO] ThirdParty:1030 - CMSIS Pack Vendor :WES I-CUBE-Cesium 1.3.0
2025-09-07 22:09:10,895 [INFO] ThirdParty:1030 - CMSIS Pack Vendor :STMicroelectronics lwIP 2.1.2
2025-09-07 22:09:10,895 [INFO] ThirdParty:1030 - CMSIS Pack Vendor :STMicroelectronics X-CUBE-SFXS2LP1 4.0.0
2025-09-07 22:09:10,895 [INFO] ThirdParty:1030 - CMSIS Pack Vendor :STMicroelectronics X-CUBE-BLE2 3.3.0
2025-09-07 22:09:10,895 [INFO] ThirdParty:1030 - CMSIS Pack Vendor :STMicroelectronics X-CUBE-TOF1 3.4.3
2025-09-07 22:09:10,895 [INFO] ThirdParty:1030 - CMSIS Pack Vendor :STMicroelectronics PDM2PCM 3.2.0
2025-09-07 22:09:10,895 [INFO] ThirdParty:841 - exiting critical section [change project]
2025-09-07 22:09:11,193 [INFO] PinOutPanel:1589 - setPackage(No Configuration,No Configuration)
2025-09-07 22:09:11,194 [INFO] PinOutPanel:1589 - setPackage(STM32F407ZGTx,LQFP144)
2025-09-07 22:09:11,404 [INFO] UtilMem:75 - Before build in PCC Used Memory: 421596768 Bytes (1044381696)
2025-09-07 22:09:11,660 [INFO] UtilMem:75 - After build in PCC Used Memory: 470879840 Bytes (1044381696)
2025-09-07 22:09:11,666 [INFO] ApiDbMcu:532 - Load IP Config File for FATFS
2025-09-07 22:09:11,677 [INFO] ApiDbMcu:532 - Load IP Config File for USB_HOST
2025-09-07 22:09:11,706 [INFO] IPUIPlugin:80 - create IPUIPlugin
2025-09-07 22:09:11,706 [INFO] IPUIPlugin:80 - create IPUIPlugin
2025-09-07 22:09:11,707 [INFO] IPUIPlugin:80 - create IPUIPlugin
2025-09-07 22:09:11,707 [INFO] IPUIPlugin:80 - create IPUIPlugin
2025-09-07 22:09:11,707 [INFO] IPUIPlugin:80 - create IPUIPlugin
2025-09-07 22:09:11,707 [INFO] IPUIPlugin:80 - create IPUIPlugin
2025-09-07 22:09:11,707 [INFO] IPUIPlugin:80 - create IPUIPlugin
2025-09-07 22:09:11,707 [INFO] IPUIPlugin:80 - create IPUIPlugin
2025-09-07 22:09:11,708 [INFO] IPUIPlugin:80 - create IPUIPlugin
2025-09-07 22:09:11,708 [INFO] IPUIPlugin:80 - create IPUIPlugin
2025-09-07 22:09:11,708 [INFO] IPUIPlugin:80 - create IPUIPlugin
2025-09-07 22:09:11,708 [INFO] IPUIPlugin:80 - create IPUIPlugin
2025-09-07 22:09:11,708 [INFO] IPUIPlugin:80 - create IPUIPlugin
2025-09-07 22:09:11,708 [INFO] IPUIPlugin:80 - create IPUIPlugin
2025-09-07 22:09:11,708 [INFO] IPUIPlugin:80 - create IPUIPlugin
2025-09-07 22:09:11,709 [INFO] IPUIPlugin:80 - create IPUIPlugin
2025-09-07 22:09:11,709 [INFO] IPUIPlugin:80 - create IPUIPlugin
2025-09-07 22:09:11,709 [INFO] IPUIPlugin:80 - create IPUIPlugin
2025-09-07 22:09:11,709 [INFO] IPUIPlugin:80 - create IPUIPlugin
2025-09-07 22:09:11,709 [INFO] IPUIPlugin:80 - create IPUIPlugin
2025-09-07 22:09:11,709 [INFO] IPUIPlugin:80 - create IPUIPlugin
2025-09-07 22:09:11,710 [INFO] IPUIPlugin:80 - create IPUIPlugin
2025-09-07 22:09:11,710 [INFO] IPUIPlugin:80 - create IPUIPlugin
2025-09-07 22:09:11,710 [INFO] IPUIPlugin:80 - create IPUIPlugin
2025-09-07 22:09:11,710 [INFO] IPUIPlugin:80 - create IPUIPlugin
2025-09-07 22:09:11,710 [INFO] IPUIPlugin:80 - create IPUIPlugin
2025-09-07 22:09:11,711 [INFO] IPUIPlugin:80 - create IPUIPlugin
2025-09-07 22:09:11,711 [INFO] IPUIPlugin:80 - create IPUIPlugin
2025-09-07 22:09:11,711 [INFO] IPUIPlugin:80 - create IPUIPlugin
2025-09-07 22:09:11,711 [INFO] IPUIPlugin:80 - create IPUIPlugin
2025-09-07 22:09:11,711 [INFO] IPUIPlugin:80 - create IPUIPlugin
2025-09-07 22:09:11,711 [INFO] IPUIPlugin:80 - create IPUIPlugin
2025-09-07 22:09:11,711 [INFO] IPUIPlugin:80 - create IPUIPlugin
2025-09-07 22:09:11,711 [INFO] IPUIPlugin:80 - create IPUIPlugin
2025-09-07 22:09:11,712 [INFO] IPUIPlugin:80 - create IPUIPlugin
2025-09-07 22:09:11,712 [INFO] IPUIPlugin:80 - create IPUIPlugin
2025-09-07 22:09:11,712 [INFO] IPUIPlugin:80 - create IPUIPlugin
2025-09-07 22:09:11,712 [INFO] IPUIPlugin:80 - create IPUIPlugin
2025-09-07 22:09:11,712 [INFO] IPUIPlugin:80 - create IPUIPlugin
2025-09-07 22:09:11,712 [INFO] IPUIPlugin:80 - create IPUIPlugin
2025-09-07 22:09:11,712 [INFO] IPUIPlugin:80 - create IPUIPlugin
2025-09-07 22:09:11,712 [INFO] IPUIPlugin:80 - create IPUIPlugin
2025-09-07 22:09:11,713 [INFO] IPUIPlugin:80 - create IPUIPlugin
2025-09-07 22:09:11,713 [INFO] IPUIPlugin:80 - create IPUIPlugin
2025-09-07 22:09:11,713 [INFO] IPUIPlugin:80 - create IPUIPlugin
2025-09-07 22:09:11,713 [INFO] IPUIPlugin:80 - create IPUIPlugin
2025-09-07 22:09:11,713 [INFO] IPUIPlugin:80 - create IPUIPlugin
2025-09-07 22:09:11,713 [INFO] IPUIPlugin:80 - create IPUIPlugin
2025-09-07 22:09:11,713 [INFO] IPUIPlugin:80 - create IPUIPlugin
2025-09-07 22:09:11,714 [INFO] IPUIPlugin:80 - create IPUIPlugin
2025-09-07 22:09:11,714 [INFO] IPUIPlugin:80 - create IPUIPlugin
2025-09-07 22:09:11,714 [INFO] IPUIPlugin:80 - create IPUIPlugin
2025-09-07 22:09:11,714 [INFO] IPUIPlugin:80 - create IPUIPlugin
2025-09-07 22:09:11,714 [INFO] IPUIPlugin:80 - create IPUIPlugin
2025-09-07 22:09:11,715 [INFO] IPUIPlugin:80 - create IPUIPlugin
2025-09-07 22:09:11,715 [INFO] IPUIPlugin:80 - create IPUIPlugin
2025-09-07 22:09:11,716 [INFO] IPUIPlugin:80 - create IPUIPlugin
2025-09-07 22:09:11,716 [INFO] IPUIPlugin:80 - create IPUIPlugin
2025-09-07 22:09:11,718 [INFO] ApiDbMcu:532 - Load IP Config File for PDM2PCM
2025-09-07 22:09:11,720 [INFO] Can:71 - Can Add PropertyChangeListener com.st.microxplorer.plugins.ip.can.Can@4f84653c
2025-09-07 22:09:11,721 [WARN] IP:2250 - I2C_Coeff_DF not found: check if there is a RefParameter without a condition.
2025-09-07 22:09:11,721 [WARN] IP:2250 - Analog_Filter not found: check if there is a RefParameter without a condition.
2025-09-07 22:09:11,785 [INFO] CADModel:165 - CPN selected for project levelSTM32F407ZGT6
2025-09-07 22:09:11,785 [INFO] CADModel:114 - Register for checkConnection events
2025-09-07 22:09:11,824 [INFO] OpenFileManager:386 - Restore cursor
2025-09-07 22:09:12,033 [WARN] IP:2250 - I2C_Coeff_DF not found: check if there is a RefParameter without a condition.
2025-09-07 22:09:12,033 [WARN] IP:2250 - Analog_Filter not found: check if there is a RefParameter without a condition.
2025-09-07 22:09:12,033 [WARN] IP:2250 - I2C_Coeff_DF not found: check if there is a RefParameter without a condition.
2025-09-07 22:09:12,033 [WARN] IP:2250 - Analog_Filter not found: check if there is a RefParameter without a condition.
2025-09-07 22:09:21,428 [WARN] IpParametersView:155 - Warning: This peripheral hasn't parameters
2025-09-07 22:15:28,522 [INFO] WebApp:194 - Connection lost
2025-09-07 22:15:29,059 [INFO] WebApp:191 - Connection restablished
2025-09-07 23:01:55,327 [ERROR] LogOutputStream:75 - [STDERR_REDIRECT] 
