:020000040800F2
:10000000000002205D170008351600083D160008A4
:10001000451600084D16000855160008000000009F
:100020000000000000000000000000005D16000855
:100030006B160008000000007916000887160008FB
:10004000AD170008AD170008AD170008AD17000880
:10005000AD170008AD170008AD170008AD17000870
:10006000AD170008AD170008AD170008AD17000860
:10007000AD170008AD170008AD170008AD17000850
:10008000AD170008AD170008AD170008AD17000840
:10009000AD170008AD170008AD170008AD17000830
:1000A000AD170008AD170008AD170008AD17000820
:1000B000AD17000895160008AD170008AD17000829
:1000C000AD170008AD170008AD170008AD17000800
:1000D000AD170008A9160008AD170008AD170008F5
:1000E000BD160008AD170008AD170008AD170008D1
:1000F000AD170008AD170008AD170008AD170008D0
:10010000AD170008AD170008AD170008AD170008BF
:10011000AD170008AD170008AD170008AD170008AF
:10012000AD170008AD170008AD170008AD1700089F
:10013000AD170008AD170008AD170008AD1700088F
:10014000AD170008AD170008AD170008AD1700087F
:10015000AD170008AD170008AD170008AD1700086F
:10016000AD170008AD170008AD170008AD1700085F
:10017000AD170008AD170008AD170008000000001B
:08018000AD170008AD170008DF
:1001900010B5054C237833B9044B13B10448AFF3C1
:1001A00000800123237010BD5C00002000000000CF
:1001B000688C000808B5034B1BB103490348AFF333
:1001C000008008BD0000000060000020688C00086E
:1001D000034613F8012B002AFBD1181A0138704787
:1001E00001F0FF01102A2BDB10F0070F08D010F8E8
:1001F000013B013A8B422DD010F0070F42B3F6D1EC
:10020000F0B441EA012141EA014122F007047FF004
:1002100000070023F0E80256083C85EA010586EA5B
:10022000010685FA47F5A3FA87F586FA47F6A5FA97
:1002300087F68EB9EED1F0BC01F0FF0102F00702A3
:1002400032B110F8013B013A83EA010313B1F8D14E
:100250000020704701387047002D06BF354603382F
:10026000073815F0010F07D1013015F4807F02BF68
:10027000013015F4C03F0130F0BC0138704700BFB9
:1002800053B94AB9002908BF00281CBF4FF0FF31FD
:100290004FF0FF3000F088B9ADF1080C6DE904CEE5
:1002A00000F006F8DDF804E0DDE9022304B0704751
:1002B0002DE9F047089D8E4604468846002B4AD11A
:1002C0008A42174662D9B2FA82F64EB1C6F12003CD
:1002D00001FA06F820FA03F3B74043EA0808B440ED
:1002E0004FEA174E1FFA87FCB8FBFEF1230C0EFBFA
:1002F000118843EA084301FB0CF29A4209D9FB1822
:1003000001F1FF3080F0EA809A4240F2E780023942
:100310003B449A1AA3B2B2FBFEF00EFB102243EA52
:10032000024300FB0CFC9C4509D9FB1800F1FF328D
:1003300080F0D6809C4540F2D3803B44023840EAAE
:100340000140A3EB0C0300211DB1F3400022C5E9DD
:100350000032BDE8F0878B4205D90DB1C5E9000137
:1003600000210846F5E7B3FA83F1002946D1734529
:1003700002D3824200F20581841A6EEB030201204F
:100380009046002DE5D0C5E90048E2E7002A00F0DC
:100390009080B2FA82F6002E40F0A4808A1A030CF4
:1003A0004FEA174E80B2BCB20121B2FBFEFC0EFB3D
:1003B0001C2243EA024304FB0CF29A4207D9FB18C1
:1003C0000CF1FF3802D29A4200F2E080C4469B1A38
:1003D000B3FBFEF20EFB123340EA034302FB04F4CC
:1003E0009C4207D9FB1802F1FF3002D29C4200F276
:1003F000CA8002461B1B42EA0C40A5E7C1F1200659
:100400008B4022FA06F71F430EFA01F420FA06F396
:100410002EFA06FE4FEA1749234300FA01F81FFAA5
:1004200087FCBEFBF9F01C0C09FB10EE44EA0E44FD
:1004300000FB0CFEA64502FA01F209D93C1900F1B5
:10044000FF3A80F09C80A64540F2998002383C44F7
:10045000A4EB0E041FFA83FEB4FBF9F309FB13446B
:100460004EEA044403FB0CFCA44508D93C1903F1F3
:10047000FF3E80F08280A4457FD9023B3C4443EAA2
:100480000040A4EB0C04A0FB02EC64457346E1467B
:1004900062D35FD05DB1B8EB030264EB090404FAE8
:1004A00006F622FA01F31E43CC40C5E900640021A0
:1004B0004FE7B1FBF2FC010C41EA0E4180B240EA89
:1004C00001423B4638463C46B846BE462026B1FB74
:1004D000F7F1A2EB080241EA0C4166E7014618E792
:1004E00010462CE7C6F120022EFA02F3B740B140C5
:1004F00020FA02F24FEA174E0A43B3FBFEF8BCB2F1
:100500000EFB1833110C41EA034108FB04F9B0401B
:1005100089454FEA104380B23ED9791808F1FF3C73
:1005200001D289451FD8A1EB0901B1FBFEF909FBF6
:1005300004F80EFB191192B242EA0142424529D257
:10054000BA1809F1FF31C4D24245C2D2A9F1020161
:100550003A44BEE7F0459DD2BEEB02036CEB070CBC
:100560000138E14696E7A7EB09094944A8F1020CD6
:10057000B1FBFEF909FB04F8DBE773467FE7504661
:1005800066E70846FDE63B44023A33E7ACF1020C6D
:100590003B441CE749469CE7A1EB0901C446B1FB7B
:1005A000FEF909FB04F8C4E7704700BF80B483B0CC
:1005B00000AF0346FB710B46BB7113467B71FB79A1
:1005C0001BB21B021BB223F4FF6323F007031AB212
:1005D000BB791BB2DB001BB203F4FC631BB21343F9
:1005E0001AB27B79DB08DBB21BB213431BB29BB29E
:1005F00018460C37BD465DF8047B704790B587B050
:1006000002AF0446084611461A462346FB800346BD
:10061000BB800B467B8013463B80B7F90230002B32
:1006200036DBB7F902301D4A1288934230DAB7F947
:100630000620B7F904309A4205DDFB88FB81BB88B0
:10064000FB80FB89BB80B7F90430002B22DBB7F9B4
:100650000630134A128893421CDAB7F90630002B91
:1006600001DA0023FB80B7F904300D4A1288934267
:1006700004DB0B4B1B88013B9BB2BB80F88879885D
:10068000BA887C883B880093234607F0F5FC02E09B
:1006900000BF00E000BF1437BD4690BDB801002088
:1006A000BA01002090B585B000AF04460846114657
:1006B0001A462346FB800346BB800B467B801346CD
:1006C0003B800023FB817B88BB817B88C3F10103D6
:1006D0009BB27B816DE0FA88FB89D31A9BB218B27A
:1006E000FA88FB8913449BB219B2BA88BB891344B8
:1006F0009BB21AB23B88FFF781FFFA88FB89D31AB5
:100700009BB218B2FA88FB8913449BB219B2BA881B
:10071000BB89D31A9BB21AB23B88FFF76FFFFA88E6
:10072000BB89D31A9BB218B2FA88BB8913449BB217
:1007300019B2BA88FB8913449BB21AB23B88FFF7FF
:100740005DFFFA88BB89D31A9BB218B2FA88BB89BD
:1007500013449BB219B2BA88FB89D31A9BB21AB25E
:100760003B88FFF74BFFB7F90E309BB201339BB2CA
:10077000FB81B7F90A30002B09DAFB895B009AB2DA
:100780007B8913449BB201339BB27B8111E0B7F9A3
:100790000C309BB2013B9BB2BB81FA89BB89D31A57
:1007A0009BB25B009AB27B8913449BB201339BB22C
:1007B0007B81B7F90C20B7F90E309A428BDA00BF73
:1007C00000BF1437BD4690BDB0B58CB002AF034634
:1007D000FB800B46BB8013467B801E221E21DC2043
:1007E000FFF7E4FE0346FB844622B4211E20FFF7F8
:1007F000DDFE0346BB84142246217820FFF7D6FE97
:1008000003467B844FF6FF733B84B7F9063007EE4F
:10081000903AB8EEE77AB7F9023007EE903AF8EE80
:10082000E77ADFEDDD6A67EEA67A77EE677AFDEEAE
:10083000E77A17EE903A18B2B7F9043007EE903A1B
:10084000B8EEE77AB7F9023007EE903AF8EEE77AB9
:10085000DFEDD26A67EEA67A77EE677AFDEEE77A89
:1008600017EE903A19B2B7F9023007EE903AF8EE67
:10087000E77A9FEDCB7A67EE877AFDEEE77A17EE9F
:10088000903A1AB2FB8CFFF70DFFB7F9063007EE6E
:10089000903AB8EEE77AB7F9023007EE903AF8EE00
:1008A000E77ADFEDBD6A67EEA67A77EE277AFDEE8E
:1008B000E77A17EE903A18B2B7F9043007EE903A9B
:1008C000B8EEE77AB7F9023007EE903AF8EEE77A39
:1008D000DFEDB26A67EEA67A77EE677AFDEEE77A29
:1008E00017EE903A19B2B7F9023007EE903AF8EEE7
:1008F000E77A9FEDAB7A67EE877AFDEEE77A17EE3F
:10090000903A1AB2FB8CFFF7CDFEB7F9043007EE30
:10091000903AB8EEE77AB7F9023007EE903AF8EE7F
:10092000E77ADFEDA06A67EEA67A77EE277AFDEE2A
:10093000E77A17EE903A19B2B7F9023007EE903A1B
:10094000F8EEE77A9FED987A67EE877AFDEEE77A20
:1009500017EE903A1AB2FB8CB7F90600FFF7A2FE29
:10096000B7F9043007EE903AB8EEE77AB7F90230FB
:1009700007EE903AF8EEE77ADFED8C6A67EEA67A3A
:1009800077EE677AFDEEE77A17EE903A19B2B7F98B
:10099000023007EE903AF8EEE77A9FED857A67EE3F
:1009A000877AFDEEE77A17EE903A1AB23B8CB7F9E8
:1009B0000600FFF777FEB7F9023007EE903AF8EE3F
:1009C000E77A9FED7C7A67EE877AFDEEE77A17EE9D
:1009D000903AFB83B7F9023007EE903AF8EEE77AE7
:1009E0009FED757A67EE877AFDEEE77A17EE903A1B
:1009F000BB83FA88B7F91E30D90F0B445B101BB2CA
:100A00009BB2D31A9BB27B83B7F9043007EE903ABE
:100A1000B8EEE77AB7F9023007EE903AF8EEE76AF7
:100A2000B7F91C3007EE903AF8EEE77A9FED636A6B
:100A300067EE867A76EEA77A77EE677AFDEEE77A4A
:100A400017EE903A3B83B7F91E30DA0F13445B1070
:100A50001BB29AB2FB8813449BB2FB823A8BBB8BCE
:100A600013449BB2BB82788B398BFA8ABC8A7B8C0D
:100A70000093234607F000FBB7F9023007EE903AE7
:100A8000F8EEE77A9FED4E7A67EE877AFDEEE77A29
:100A900017EE903A7B82B7F9023007EE903AF8EE03
:100AA000E77A9FED427A67EE877AFDEEE77A17EEF6
:100AB000903A1BB29AB2FB8813449BB23B82BA882D
:100AC000B7F9023007EE903AF8EEE77A9FED3D7AFB
:100AD00067EE877AFDEEE77A17EE903A1BB29BB28B
:100AE000D31A9BB2FB81BB8CB7F91220B7F90E1059
:100AF000B7F91000FFF7D6FDB7F9123007EE903ABC
:100B0000F8EEE77A9FED267A67EE877AFDEEE77AD0
:100B100017EE903A1BB29AB23B8A13449BB218B2BA
:100B2000B7F9123007EE903AF8EEE77A9FED267AA1
:100B300067EE877AFDEEE77A17EE903A1BB29AB22B
:100B4000FB8913449BB219B2B7F9123007EE903A01
:100B5000F8EEE77A9FED1B7A67EE877AFDEEE77A8B
:100B600017EE903A1AB23B8CFFF79CFDFA89B7F961
:100B7000123007EE903AF8EEE77A9FED147A67EEBE
:100B8000877AFDEEE77A17EE903A1BB29BB2D31A42
:100B90009BB219B21EE000BFC3F5A83E3333B33E8B
:100BA0003333333F9A99193E3333733F6666263F9A
:100BB000295C8F3E0AD7233E6666E63ECDCC4C3E8E
:100BC0005C8FC23E9A99593FCDCCCC3D6666663F5C
:100BD000EC51383EB7F9123007EE903AF8EEE77A6A
:100BE000B6EE087A67EE877AFDEEE77A17EE903A6E
:100BF0001AB23B8CB7F91000FFF754FDB7F9123069
:100C000007EE903AF8EEE77A1FED107A67EE877AF2
:100C1000FDEEE77A17EE903A1BB29AB2FB891344C5
:100C20009BB219B2B7F9123007EE903AF8EEE77AB4
:100C3000B6EE087A67EE877AFDEEE77A17EE903A1D
:100C40001AB23B8CB7F91000FFF72CFDFA88B7F900
:100C5000023007EE903AF8EEE77AB6EE007A67EEE9
:100C6000877AFDEEE77A17EE903A1BB29BB2D31A61
:100C70009BB21CB2B7F9023007EE903AF8EEE77A71
:100C80001FED2D7A67EE877AFDEEE77A17EE903A40
:100C90001DB2FF22FF21FF20FFF788FC0346B7F9B2
:100CA00004102A462046FFF7FDFC00BF2837BD464A
:100CB000B0BD00BF80B500AF4FF6FF7006F0ACFFCF
:100CC0008C22F0214FF4C870FFF77EFD00BF80BD7D
:100CD00080B500AF00F06CFD00F072F800F0A6F9EE
:100CE00000F0D6F800F078F900F0ACFA00F0FEF869
:100CF0004FF4FA7000F0CEFD04212E4802F042FFBE
:100D00002C4B1B6840F2F3129A6304F077FF1F200C
:100D100006F082FF284B18220021002007F08AF8F5
:100D2000FFF7C8FF012007F0EFF9244B1B7803F011
:100D30009003002B3AD0214B1B7803F00F03012BBB
:100D400004D14FF6FF7006F067FF2FE01B4B1B78B6
:100D500003F00F03022B04D14FF61F0006F05CFFD7
:100D600024E0164B1B7803F00F03032B04D14FF440
:100D7000784006F051FF19E0104B1B7803F00F0389
:100D8000042B04D14FF4FC6006F046FF0EE00B4B41
:100D90001B7803F00F03052B04D14FF6E07006F02B
:100DA0003BFF03E04FF4784006F036FF034B002290
:100DB0001A70B7E7CC000020808C0008DA01002010
:100DC00080B594B000AF07F120033022002118460F
:100DD00007F0CCFA07F10C0300221A605A609A60FF
:100DE000DA601A610023BB60274B1B6C264A43F074
:100DF00080531364244B1B6C03F08053BB60BB68AF
:100E000000237B60214B1B68204A43F4804313601E
:100E10001E4B1B6803F480437B607B6801233B62AD
:100E20004FF480337B620223BB634FF48003FB6388
:100E300004233B6448237B640223BB640423FB64D8
:100E400007F12003184602F09FF80346002B01D05B
:100E500000F072FA0F23FB6002233B6100237B61E9
:100E60004FF48053BB610023FB6107F10C030221A7
:100E7000184602F001FB0346002B01D000F05CFA9B
:100E800000BF5037BD4680BD0038024000700040B2
:100E900080B500AF124B134A1A60114B124A5A60C8
:100EA0000F4B00229A600E4B0022DA600C4B4FF47D
:100EB00080421A610A4B00225A61094B00229A6152
:100EC000074B0022DA61064B00221A62044801F047
:100ED0009BF80346002B01D000F02EFA00BF80BD26
:100EE0007800002000580040801A060080B58EB0BF
:100EF00000AF07F1280300221A605A609A60DA6096
:100F000007F1200300221A605A603B1D00221A607C
:100F10005A609A60DA601A615A619A612C4B2D4AC4
:100F20001A602B4B47225A60294B00229A60284BAB
:100F300040F2F312DA60264B00221A61244B802221
:100F40009A61234802F075FD0346002B01D000F0A2
:100F5000F3F94FF48053BB6207F1280319461C488C
:100F600003F0A2F80346002B01D000F0E5F9184881
:100F700002F0AEFD0346002B01D000F0DDF90023A6
:100F80003B6200237B6207F120031946104803F0FF
:100F900095FC0346002B01D000F0CEF960237B6066
:100FA0000023BB600023FB6000237B613B1D042208
:100FB0001946074802F0B6FF0346002B01D000F0A7
:100FC000BBF9034800F056FA00BF3837BD4680BD74
:100FD000CC0000200004004080B500AF114B124A45
:100FE0001A60104B4FF4E1325A600E4B00229A60A7
:100FF0000C4B0022DA600B4B00221A61094B0C22C9
:101000005A61084B00229A61064B0022DA610548BA
:1010100003F0E4FC0346002B01D000F08DF900BF83
:1010200080BD00BF140100200010014080B58EB0CB
:1010300000AF07F1240300221A605A609A60DA6058
:101040001A6100233B62794B1B6B784A43F004031F
:101050001363764B1B6B03F004033B623B6A002374
:10106000FB61724B1B6B714A43F0200313636F4BA0
:101070001B6B03F02003FB61FB690023BB616B4B1F
:101080001B6B6A4A43F080031363684B1B6B03F0CE
:101090008003BB61BB6900237B61644B1B6B634AAC
:1010A00043F001031363614B1B6B03F001037B618E
:1010B0007B6900233B615D4B1B6B5C4A43F0020381
:1010C00013635A4B1B6B03F002033B613B69002324
:1010D000FB60564B1B6B554A43F040031363534B65
:1010E0001B6B03F04003FB60FB680023BB604F4BAE
:1010F0001B6B4E4A43F0100313634C4B1B6B03F006
:101100001003BB60BB6800237B60484B1B6B474AE6
:1011100043F008031363454B1B6B03F008037B602C
:101120007B6801224FF40051414800F02FFF01225B
:101130008021404800F02AFF012202213E4800F0B1
:1011400025FF012248F21F013C4800F01FFF4FF429
:1011500000537B620123BB620023FB6200233B63DD
:1011600007F124031946324800F05CFD80237B62BE
:101170000123BB620023FB6203233B6307F12403CB
:1011800019462C4800F04EFD02237B620123BB620E
:101190000123FB6203233B6307F12403194626481E
:1011A00000F040FD4FF470437B620023BB620123DB
:1011B000FB6207F124031946214800F033FD0323A5
:1011C0007B621123BB620023FB6200233B6307F1B8
:1011D00024031946194800F025FD48F21C037B62E0
:1011E0000123BB620123FB6203233B6307F124035A
:1011F0001946124800F016FD4FF400537B624FF47D
:101200004413BB620123FB6207F1240319460B4818
:1012100000F008FD00220021282000F03AFC2820E0
:1012200000F053FC00BF3837BD4680BD0038024097
:101230000008024000000240000402400018024082
:101240000014024080B58EB000AF07F11C030022ED
:101250001A605A609A60DA601A615A619A613B4674
:1012600000221A605A609A60DA601A615A619A61C3
:101270002F4B4FF020421A602D4B2E4A5A602C4BB8
:1012800000229A602A4B0022DA60294B00221A6160
:10129000274B10225A61264B00229A61244B0022D0
:1012A000DA61234B00221A62214B00225A62204B42
:1012B0004FF480529A621E4B0022DA621C4B4FF4AC
:1012C00080421A631A4B00225A63194B00229A6318
:1012D000174B00225A640F23FB610F233B623C2310
:1012E0007B620023BB621023FB6211233B6300235C
:1012F0007B6309233B600F237B600823BB600023D3
:10130000FB6010233B6111237B610023BB613A46E4
:1013100007F11C031946064802F0CEFA0346002BDB
:1013200001D000F009F800BF3837BD4680BD00BFCE
:1013300058010020040100A080B400AF72B600BFC5
:1013400000BFFDE780B483B000AF00237B60104B8B
:101350005B6C0F4A43F4804353640D4B5B6C03F4A6
:1013600080437B607B6800233B60094B1B6C084A11
:1013700043F080531364064B1B6C03F080533B60B7
:101380003B6800BF0C37BD465DF8047B704700BF6B
:101390000038024080B58AB000AF786007F11403CE
:1013A00000221A605A609A60DA601A617B681B68D2
:1013B000194A93422BD100233B61184B1B6B174AF0
:1013C00043F020031363154B1B6B03F020033B61B9
:1013D0003B6903237B611223BB610023FB61032371
:1013E0003B6204237B6207F1140319460C4800F0AA
:1013F00019FC0023FB60094B1B6C084A43F4800373
:101400001364064B1B6C03F48003FB60FB6800BF96
:101410002837BD4680BD00BF00580040003802405C
:101420000014024080B584B000AF78607B681B6810
:101430000E4A934215D10023FB600D4B1B6C0C4AE6
:1014400043F0020313640A4B1B6C03F00203FB60BE
:10145000FB68002200211D2000F01BFB1D2000F076
:1014600034FB00BF1037BD4680BD00BF0004004004
:101470000038024080B588B000AF786007F10C03F7
:1014800000221A605A609A60DA601A617B681B68F1
:10149000124A93421DD10023BB60114B1B6B104AB3
:1014A00043F0020313630E4B1B6B03F00203BB609C
:1014B000BB682023FB6002233B6101237B61032384
:1014C000BB610223FB6107F10C031946054800F0DC
:1014D000A9FB00BF2037BD4680BD00BF000400400F
:1014E000003802400004024080B58AB000AF786046
:1014F00007F1140300221A605A609A60DA601A61D8
:101500007B681B681D4A934234D100233B611C4B0E
:101510005B6C1B4A43F010035364194B5B6C03F084
:1015200010033B613B690023FB60154B1B6B144AA6
:1015300043F001031363124B1B6B03F00103FB60C9
:10154000FB684FF4C0637B610223BB610023FB6136
:1015500003233B6207237B6207F114031946094802
:1015600000F060FB00220021252000F092FA2520E7
:1015700000F0ABFA00BF2837BD4680BD0010014027
:10158000003802400000024080B586B000AF3B1D2D
:1015900000221A605A609A60DA601A611C4B1B685C
:1015A000002B31D11A4B01221A6000233B60194BEA
:1015B0009B6B184A43F001039363164B9B6B03F03C
:1015C00001033B603B684FF680737B600223BB6086
:1015D0000123FB6003233B610C237B613B1D194608
:1015E0000D4800F01FFB4EF2B3737B600223BB601B
:1015F0000123FB6003233B610C237B613B1D1946E8
:10160000064800F00FFB00E000BF1837BD4680BD64
:10161000A80100200038024000100240000C0240E7
:1016200080B582B000AF7860FFF7AEFF00BF08372B
:10163000BD4680BD80B400AF00BFFDE780B400AF01
:1016400000BFFDE780B400AF00BFFDE780B400AF8E
:1016500000BFFDE780B400AF00BFFDE780B400AF7E
:1016600000BFBD465DF8047B704780B400AF00BF8B
:10167000BD465DF8047B704780B400AF00BFBD4637
:101680005DF8047B704780B500AF00F0E3F800BF61
:1016900080BD000080B500AF024802F03BFB00BFF8
:1016A00080BD00BFCC00002080B500AF024803F031
:1016B000E3F900BF80BD00BF1401002080B500AF7A
:1016C0004FF4005000F07CFC00BF80BD80B586B0B8
:1016D00000AF7860144A154BD31A7B617B693B617C
:1016E000134B1B68002B02D1114B124A1A60104B8E
:1016F0001A687B6813443A699A4207D206F03EFEA4
:1017000003460C221A604FF0FF3309E0084B1B68B8
:10171000FB60074B1A687B681344054A1360FB683B
:1017200018461837BD4680BD0000022000040000A6
:10173000AC0100202803002080B400AF064BD3F892
:101740008830054A43F47003C2F8883000BFBD46B4
:101750005DF8047B704700BF00ED00E0DFF834D097
:101760000D480E490E4A002302E0D458C4500433F9
:10177000C4188C42F9D30B4A0B4C002301E01360D0
:101780000432A242FBD3FFF7D7FF06F0FDFDFFF7BF
:101790009FFA704700000220000000205C0000203B
:1017A000D80901085C00002024030020FEE70000A7
:1017B00080B500AF0E4B1B680D4A43F400731360F5
:1017C0000B4B1B680A4A43F480631360084B1B6889
:1017D000074A43F480731360032000F04FF90F2091
:1017E00000F008F8FFF7AEFD0023184680BD00BFEB
:1017F000003C024080B582B000AF7860124B1A689E
:10180000124B1B7819464FF47A73B3FBF1F3B2FB1A
:10181000F3F3184600F067F90346002B01D00123CB
:101820000EE07B680F2B0AD8002279684FF0FF305A
:1018300000F02FF9064A7B681360002300E00123C3
:1018400018460837BD4680BD000000200800002073
:101850000400002080B400AF064B1B781A46064BEC
:101860001B681344044A136000BFBD465DF8047B47
:10187000704700BF08000020B001002080B400AF16
:10188000034B1B681846BD465DF8047B704700BFDC
:10189000B001002080B584B000AF7860FFF7EEFFA4
:1018A000B8607B68FB60FB68B3F1FF3F05D00A4B73
:1018B0001B781A46FB681344FB6000BFFFF7DEFF8E
:1018C0000246BB68D31AFA689A42F7D800BF00BF35
:1018D0001037BD4680BD00BF0800002080B485B031
:1018E00000AF78607B6803F00703FB600C4BDB689C
:1018F000BB60BA684FF6FF031340BB60FB681A0277
:10190000BB68134343F0BF6343F40033BB60044A36
:10191000BB68D36000BF1437BD465DF8047B7047D9
:1019200000ED00E080B400AF044BDB681B0A03F05D
:1019300007031846BD465DF8047B704700ED00E0E4
:1019400080B483B000AF0346FB7197F90730002BDA
:101950000BDBFB7903F01F02074997F907305B099E
:10196000012000FA02F241F8232000BF0C37BD46E7
:101970005DF8047B704700BF00E100E080B483B0F5
:1019800000AF03463960FB7197F90730002B0ADB83
:101990003B68DAB20C4997F907301201D2B20B4416
:1019A00083F800230AE03B68DAB20849FB7903F0C8
:1019B0000F03043B1201D2B20B441A7600BF0C375E
:1019C000BD465DF8047B704700E100E000ED00E0FB
:1019D00080B489B000AFF860B9607A60FB6803F04A
:1019E0000703FB61FB69C3F10703042B28BF042332
:1019F000BB61FB690433062B02D9FB69033B00E0A2
:101A000000237B614FF0FF32BB6902FA03F3DA4334
:101A1000BB681A407B699A404FF0FF317B6901FA3D
:101A200003F3D9437B680B40134318462437BD4664
:101A30005DF8047B7047000080B582B000AF78602D
:101A40007B68013BB3F1807F01D301230FE00A4A99
:101A50007B68013B53600F214FF0FF30FFF78EFF93
:101A6000054B00229A60044B07221A600023184697
:101A70000837BD4680BD00BF10E000E080B582B0F1
:101A800000AF78607868FFF729FF00BF0837BD46D0
:101A900080BD80B586B000AF0346B9607A60FB7345
:101AA00000237B61FFF73EFF78617A68B968786947
:101AB000FFF78EFF024697F90F3011461846FFF7E1
:101AC0005DFF00BF1837BD4680BD80B582B000AF56
:101AD0000346FB7197F907301846FFF731FF00BF47
:101AE0000837BD4680BD80B582B000AF78607868A9
:101AF000FFF7A2FF034618460837BD4680BD80B5F4
:101B000084B000AF78607B689B6DFB60FFF7B6FE2A
:101B1000B8607B6893F83530DBB2022B08D07B6865
:101B200080225A657B68002283F83420012352E02A
:101B30007B681B681A687B681B6822F016021A60B3
:101B40007B681B685A697B681B6822F080025A61B7
:101B50007B681B6C002B03D17B689B6C002B07D030
:101B60007B681B681A687B681B6822F008021A6091
:101B70007B681B681A687B681B6822F001021A6088
:101B800013E0FFF77BFE0246BB68D31A052B0CD986
:101B90007B6820225A657B68032283F835207B68A6
:101BA000002283F83420032315E07B681B681B6840
:101BB00003F00103002BE4D17B68DB6D3F229A40E8
:101BC000FB689A607B68012283F835207B680022DD
:101BD00083F83420002318461037BD4680BD80B4FA
:101BE00083B000AF78607B6893F83530DBB2022BAE
:101BF00004D07B6880225A6501230CE07B680522B3
:101C000083F835207B681B681A687B681B6822F0A4
:101C100001021A60002318460C37BD465DF8047BAC
:101C20007047000080B489B000AF7860396000234D
:101C30007B6100233B610023BB610023FB616BE1FF
:101C40000122FB6902FA03F37B613B681B687A6936
:101C500013403B613A697B699A4240F05A813B6884
:101C60005B6803F00303012B05D03B685B6803F05E
:101C70000303022B30D17B689B68BB61FB695B006F
:101C8000032202FA03F3DB43BA691340BB613B68EA
:101C9000DA68FB695B0002FA03F3BA691343BB61BC
:101CA0007B68BA699A607B685B68BB610122FB69EB
:101CB00002FA03F3DB43BA691340BB613B685B681C
:101CC0001B0903F00102FB6902FA03F3BA6913432B
:101CD000BB617B68BA695A603B685B6803F00303C9
:101CE000032B17D07B68DB68BB61FB695B000322B9
:101CF00002FA03F3DB43BA691340BB613B689A689D
:101D0000FB695B0002FA03F3BA691343BB617B68AA
:101D1000BA69DA603B685B6803F00303022B23D1E6
:101D2000FB69DA087B68083253F82230BB61FB6933
:101D300003F007039B000F2202FA03F3DB43BA69A7
:101D40001340BB613B681A69FB6903F007039B0002
:101D500002FA03F3BA691343BB61FB69DA087B68D3
:101D60000832B96943F822107B681B68BB61FB69C4
:101D70005B00032202FA03F3DB43BA691340BB6141
:101D80003B685B6803F00302FB695B0002FA03F344
:101D9000BA691343BB617B68BA691A603B685B68C8
:101DA00003F44033002B00F0B4800023FB60604B51
:101DB0005B6C5F4A43F4804353645D4B5B6C03F49C
:101DC0008043FB60FB685B4AFB699B08023352F867
:101DD0002330BB61FB6903F003039B000F2202FA6F
:101DE00003F3DB43BA691340BB617B68524A9342F9
:101DF0002BD07B68514A934225D07B68504A93424E
:101E00001FD07B684F4A934219D07B684E4A934259
:101E100013D07B684D4A93420DD07B684C4A934265
:101E200007D07B684B4A934201D107230EE0082379
:101E30000CE006230AE0052308E0042306E0032360
:101E400004E0022302E0012300E00023FA6902F02B
:101E5000030292009340BA691343BB613549FB69A1
:101E60009B080233BA6941F823203B4B1B68BB61D6
:101E70003B69DB43BA691340BB613B685B6803F4B1
:101E80008033002B03D0BA693B691343BB61324AEC
:101E9000BB691360304B5B68BB613B69DB43BA696C
:101EA0001340BB613B685B6803F40033002B03D035
:101EB000BA693B691343BB61274ABB695360264B30
:101EC0009B68BB613B69DB43BA691340BB613B68FC
:101ED0005B6803F48013002B03D0BA693B6913439A
:101EE000BB611D4ABB6993601B4BDB68BB613B69EF
:101EF000DB43BA691340BB613B685B6803F40013C2
:101F0000002B03D0BA693B691343BB61124ABB691A
:101F1000D360FB690133FB61FB690F2B7FF690AE49
:101F200000BF00BF2437BD465DF8047B704700BF8B
:101F30000038024000380140000002400004024026
:101F400000080240000C0240001002400014024051
:101F500000180240001C0240003C014080B485B0E3
:101F600000AF78600B467B807B681A697B881340E2
:101F7000002B02D00123FB7301E00023FB73FB7BEA
:101F800018461437BD465DF8047B704780B483B0B3
:101F900000AF78600B467B8013467B707B78002B0C
:101FA00003D07A887B689A6103E07B881A047B6897
:101FB0009A6100BF0C37BD465DF8047B7047000096
:101FC00080B582B000AF0346FB80084B5A69FB889E
:101FD0001340002B06D0054AFB885361FB88184646
:101FE00000F006F800BF0837BD4680BD003C014048
:101FF00080B483B000AF0346FB8000BF0C37BD4602
:102000005DF8047B7047000080B584B000AF786055
:102010007B68002B01D101232BE17B6893F83D30D5
:10202000DBB2002B06D17B68002283F83C20786865
:10203000FFF7B0F97B68242283F83D207B681B689A
:102040001A687B681B6822F001021A607B681B68B3
:102050001A687B681B6842F400421A607B681B6840
:102060001A687B681B6822F400421A6001F0FCFBCE
:10207000F8607B685B68814A934207D8FB68804AB6
:10208000934294BF01230023DBB206E0FB687D4A44
:10209000934294BF01230023DBB2002B01D0012324
:1020A000E7E0FB68784AA2FB03239B0CBB607B68DC
:1020B0001B685B6823F03F017B681B68BA680A43B2
:1020C0005A607B681B681B6A23F03F017B685B6872
:1020D0006A4A934202D8BB68013309E0BB684FF4F7
:1020E000967202FB03F3694AA2FB03239B090133A7
:1020F0007A6812680B4313627B681B68DB6923F400
:102100004F4222F0FF027B685B685C498B4219D822
:10211000FB68591E7B685B685B00B1FBF3F3591CDD
:1021200040F6FC730B40002B0AD0FB68591E7B68FD
:102130005B685B00B1FBF3F30133C3F30B0351E0C6
:1021400004234FE07B689B68002B11D1FB68581E6D
:102150007B6859680B465B000B44B0FBF3F301331B
:10216000C3F30B03002B0CBF01230023DBB212E0EF
:10217000FB68581E7B6859680B469B000B4499000E
:102180000B44B0FBF3F30133C3F30B03002B0CBF81
:1021900001230023DBB2002B01D0012322E07B6866
:1021A0009B68002B0ED1FB68581E7B6859680B4654
:1021B0005B000B44B0FBF3F30133C3F30B0343F4B5
:1021C00000430FE0FB68581E7B6859680B469B0074
:1021D0000B4499000B44B0FBF3F30133C3F30B033F
:1021E00043F44043796809681343CB617B681B68FB
:1021F0001B6823F0C0017B68DA697B681B6A1A439D
:102200007B681B680A431A607B681B689B6823F421
:10221000034323F0FF037A6811697A68D268114397
:102220007A6812680B4393607B681B68DB6823F055
:10223000FF017B685A697B689B691A437B681B684E
:102240000A43DA607B681B681A687B681B6842F087
:1022500001021A607B6800221A647B68202283F8DE
:102260003D207B6800221A637B68002283F83E20B1
:10227000002318461037BD4680BD00BFA086010070
:102280007F841E00FF083D0083DE1B43D34D621098
:1022900080B588B002AFF860084611461A4603467A
:1022A0007B810B463B811346FB80FFF7E7FA7861A1
:1022B000FB6893F83D30DBB2202B40F0D9807B697E
:1022C0000093192301226D49F86800F07FFC034652
:1022D000002B01D00223CCE0FB6893F83C30012BAB
:1022E00001D10223C5E0FB68012283F83C20FB6892
:1022F0001B681B6803F00103012B07D0FB681B68F8
:102300001A68FB681B6842F001021A60FB681B68D0
:102310001A68FB681B6822F400621A60FB682122BD
:1023200083F83D20FB68402283F83E20FB680022B2
:102330001A64FB683A6A5A62FB68BA8C5A85FB6871
:102340005B8D9AB2FB681A85FB684D4ADA62F888A1
:102350003A8979897B690193BB6A00930346F868DF
:1023600000F0B6FA0346002B52D0012381E07A69CF
:10237000B96AF86800F000FD0346002B0DD0FB6839
:102380001B6C042B07D1FB681B681A68FB681B6871
:1023900042F400721A6001236BE0FB685B6A1A78F2
:1023A000FB681B681A61FB685B6A5A1CFB685A620F
:1023B000FB681B8D013B9AB2FB681A85FB685B8D3D
:1023C0009BB2013B9AB2FB685A85FB681B685B694C
:1023D00003F00403042B1BD1FB681B8D002B17D0CB
:1023E000FB685B6A1A78FB681B681A61FB685B6AAA
:1023F0005A1CFB685A62FB681B8D013B9AB2FB6852
:102400001A85FB685B8D9BB2013B9AB2FB685A85CB
:10241000FB681B8D002BAAD17A69B96AF86800F0B5
:10242000ECFC0346002B0DD0FB681B6C042B07D182
:10243000FB681B681A68FB681B6842F400721A602C
:10244000012316E0FB681B681A68FB681B6842F4EE
:1024500000721A60FB68202283F83D20FB6800228E
:1024600083F83E20FB68002283F83C20002300E034
:10247000022318461837BD4680BD00BF0200100079
:102480000000FFFF80B58CB002AFF860084611462F
:102490001A4603467B810B463B811346FB80FFF7C0
:1024A000EDF97862FB6893F83D30DBB2202B40F009
:1024B00008827B6A0093192301227B49F86800F0A7
:1024C00085FB0346002B01D00223FBE1FB6893F858
:1024D0003C30012B01D10223F4E1FB68012283F897
:1024E0003C20FB681B681B6803F00103012B07D02D
:1024F000FB681B681A68FB681B6842F001021A60DF
:10250000FB681B681A68FB681B6822F400621A608B
:10251000FB68222283F83D20FB68402283F83E209E
:10252000FB6800221A64FB683A6B5A62FB68BA8E39
:102530005A85FB685B8D9AB2FB681A85FB685B4A1B
:10254000DA62F8883A8979897B6A0193BB6B0093D8
:102550000346F86800F052FA0346002B01D001232D
:10256000B0E1FB681B8D002B13D100233B62FB689D
:102570001B685B693B62FB681B689B693B623B6A4B
:10258000FB681B681A68FB681B6842F400721A60DB
:1025900084E1FB681B8D012B1BD1FB681B681A684B
:1025A000FB681B6822F480621A600023FB61FB68F1
:1025B0001B685B69FB61FB681B689B69FB61FB69CE
:1025C000FB681B681A68FB681B6842F400721A609B
:1025D00064E1FB681B8D022B1BD1FB681B681A682A
:1025E000FB681B6822F480621A60FB681B681A682B
:1025F000FB681B6842F400621A600023BB61FB6841
:102600001B685B69BB61FB681B689B69BB61BB693D
:1026100044E100237B61FB681B685B697B61FB68AD
:102620001B689B697B617B6938E1FB681B8D032B11
:1026300000F2F180FB681B8D012B23D17A6AB96B04
:10264000F86800F01BFC0346002B01D0012339E1A0
:10265000FB681B681A69FB685B6AD2B21A70FB6878
:102660005B6A5A1CFB685A62FB681B8D013B9AB27D
:10267000FB681A85FB685B8D9BB2013B9AB2FB68D5
:102680005A850BE1FB681B8D022B4ED17B6A0093B0
:10269000BB6B00220649F86800F098FA0346002B4D
:1026A00008D001230EE100BF020010000000FFFF70
:1026B00004000100FB681B681A68FB681B6842F491
:1026C00000721A60FB681B681A69FB685B6AD2B209
:1026D0001A70FB685B6A5A1CFB685A62FB681B8DA8
:1026E000013B9AB2FB681A85FB685B8D9BB2013B8C
:1026F0009AB2FB685A85FB681B681A69FB685B6ABB
:10270000D2B21A70FB685B6A5A1CFB685A62FB689B
:102710001B8D013B9AB2FB681A85FB685B8D9BB2EF
:10272000013B9AB2FB685A85B8E07B6A0093BB6BA9
:1027300000226649F86800F049FA0346002B01D0F0
:102740000123BFE0FB681B681A68FB681B6822F462
:1027500080621A60FB681B681A69FB685B6AD2B208
:102760001A70FB685B6A5A1CFB685A62FB681B8D17
:10277000013B9AB2FB681A85FB685B8D9BB2013BFB
:102780009AB2FB685A857B6A0093BB6B00224F4963
:10279000F86800F01BFA0346002B01D0012391E0FA
:1027A000FB681B681A68FB681B6842F400721A60B9
:1027B000FB681B681A69FB685B6AD2B21A70FB6817
:1027C0005B6A5A1CFB685A62FB681B8D013B9AB21C
:1027D000FB681A85FB685B8D9BB2013B9AB2FB6874
:1027E0005A85FB681B681A69FB685B6AD2B21A706B
:1027F000FB685B6A5A1CFB685A62FB681B8D013BD5
:102800009AB2FB681A85FB685B8D9BB2013B9AB25A
:10281000FB685A8542E07A6AB96BF86800F02EFBD3
:102820000346002B01D001234CE0FB681B681A69AA
:10283000FB685B6AD2B21A70FB685B6A5A1CFB6861
:102840005A62FB681B8D013B9AB2FB681A85FB68D4
:102850005B8D9BB2013B9AB2FB685A85FB681B6893
:102860005B6903F00403042B18D1FB681B681A6929
:10287000FB685B6AD2B21A70FB685B6A5A1CFB6821
:102880005A62FB681B8D013B9AB2FB681A85FB6894
:102890005B8D9BB2013B9AB2FB685A85FB681B8D2E
:1028A000002B7FF4C2AEFB68202283F83D20FB683A
:1028B000002283F83E20FB68002283F83C2000239E
:1028C00000E0022318462837BD4680BD0400010001
:1028D00080B588B002AFF860084611461A46034634
:1028E0007B810B463B811346FB80FB681B681A68A3
:1028F000FB681B6842F480721A607B6A00933B6A33
:1029000000224FF00111F86800F060F90346002B37
:102910000DD0FB681B681B6803F48073B3F5807FE0
:1029200003D1FB684FF400721A6403235FE07B89D4
:10293000DBB21A46FB681B6802F0FE021A617B6A72
:102940003A6A2D49F86800F098F90346002B01D047
:1029500001234CE000237B61FB681B685B697B61A2
:10296000FB681B689B697B617B697A6A396AF868D6
:1029700000F002FA0346002B0DD0FB681B6C042B01
:1029800007D1FB681B681A68FB681B6842F4007279
:102990001A6001232BE0FB88012B05D13B89DAB2B9
:1029A000FB681B681A6121E03B891B0A9BB2DAB203
:1029B000FB681B681A617A6A396AF86800F0DCF90A
:1029C0000346002B0DD0FB681B6C042B07D1FB6862
:1029D0001B681A68FB681B6842F400721A600123C6
:1029E00005E03B89DAB2FB681B681A6100231846D0
:1029F0001837BD4680BD00BF0200010080B588B019
:102A000002AFF860084611461A4603467B810B4622
:102A10003B811346FB80FB681B681A68FB681B68D8
:102A200042F480621A60FB681B681A68FB681B68C6
:102A300042F480721A607B6A00933B6A00224FF076
:102A40000111F86800F0C2F80346002B0DD0FB68B6
:102A50001B681B6803F48073B3F5807F03D1FB68A8
:102A60004FF400721A640323AAE07B89DBB21A4692
:102A7000FB681B6802F0FE021A617B6A3A6A5249DF
:102A8000F86800F0FAF80346002B01D0012397E024
:102A900000237B61FB681B685B697B61FB681B68CB
:102AA0009B697B617B697A6A396AF86800F064F92E
:102AB0000346002B0DD0FB681B6C042B07D1FB6871
:102AC0001B681A68FB681B6842F400721A600123D5
:102AD00076E0FB88012B05D13B89DAB2FB681B68E5
:102AE0001A6121E03B891B0A9BB2DAB2FB681B68C2
:102AF0001A617A6A396AF86800F03EF90346002BD9
:102B00000DD0FB681B6C042B07D1FB681B681A688F
:102B1000FB681B6842F400721A60012350E03B8995
:102B2000DAB2FB681B681A617A6A396AF86800F0E1
:102B300023F90346002B0DD0FB681B6C042B07D137
:102B4000FB681B681A68FB681B6842F400721A6015
:102B5000012335E0FB681B681A68FB681B6842F4B8
:102B600080721A607B6A00933B6A00224FF0011169
:102B7000F86800F02BF80346002B0DD0FB681B68AB
:102B80001B6803F48073B3F5807F03D1FB684FF4B7
:102B900000721A64032313E07B89DBB243F0010364
:102BA000DAB2FB681B681A617B6A3A6A0649F86800
:102BB00000F063F80346002B01D0012300E000235E
:102BC00018461837BD4680BD0200010080B584B0AC
:102BD00000AFF860B9603B601346FB7125E03B68CD
:102BE000B3F1FF3F21D0FEF749FE0246BB69D31A7D
:102BF0003A689A4202D33B68002B16D1FB68002248
:102C00001A63FB68202283F83D20FB68002283F8CA
:102C10003E20FB681B6C43F02002FB681A64FB68D3
:102C2000002283F83C20012323E0BB681B0CDBB2AD
:102C3000012B0DD1FB681B685B69DA43BB6813404D
:102C40009BB2002B0CBF01230023DBB21A460CE021
:102C5000FB681B689B69DA43BB6813409BB2002B7F
:102C60000CBF01230023DBB21A46FB799A42B6D08F
:102C7000002318461037BD4680BD80B584B000AF34
:102C8000F860B9607A603B6051E0FB681B685B6983
:102C900003F48063B3F5806F23D1FB681B681A6867
:102CA000FB681B6842F400721A60FB681B686FF4D3
:102CB00080625A61FB6800221A63FB68202283F855
:102CC0003D20FB68002283F83E20FB681B6C43F02C
:102CD0000402FB681A64FB68002283F83C2001238D
:102CE00046E07B68B3F1FF3F21D0FEF7C7FD024607
:102CF0003B68D31A7A689A4202D37B68002B16D1BC
:102D0000FB6800221A63FB68202283F83D20FB68E1
:102D1000002283F83E20FB681B6C43F02002FB6816
:102D20001A64FB68002283F83C20012320E0BB6882
:102D30001B0CDBB2012B0CD1FB681B685B69DA430F
:102D4000BB6813409BB2002B14BF01230023DBB2EE
:102D50000BE0FB681B689B69DA43BB6813409BB2BE
:102D6000002B14BF01230023DBB2002B8DD10023E5
:102D700018461037BD4680BD80B584B000AFF860FE
:102D8000B9607A602DE0F86800F0CEF80346002BB9
:102D900001D001232DE0BB68B3F1FF3F21D0FEF746
:102DA0006DFD02467B68D31ABA689A4202D3BB68AB
:102DB000002B16D1FB6800221A63FB68202283F8DF
:102DC0003D20FB68002283F83E20FB681B6C43F02B
:102DD0002002FB681A64FB68002283F83C20012370
:102DE00007E0FB681B685B6903F08003802BCAD196
:102DF000002318461037BD4680BD80B584B000AFB3
:102E0000F860B9607A602DE0F86800F08DF803464C
:102E1000002B01D001232DE0BB68B3F1FF3F21D08F
:102E2000FEF72CFD02467B68D31ABA689A4202D399
:102E3000BB68002B16D1FB6800221A63FB682022B6
:102E400083F83D20FB68002283F83E20FB681B6C62
:102E500043F02002FB681A64FB68002283F83C20E0
:102E6000012307E0FB681B685B6903F00403042B84
:102E7000CAD1002318461037BD4680BD80B584B046
:102E800000AFF860B9607A6042E0FB681B685B697C
:102E900003F01003102B19D1FB681B686FF01002B0
:102EA0005A61FB6800221A63FB68202283F83D20E8
:102EB000FB68002283F83E20FB681A6CFB681A64EA
:102EC000FB68002283F83C20012329E0FEF7D6FCB2
:102ED00002467B68D31ABA689A4202D3BB68002BB9
:102EE00016D1FB6800221A63FB68202283F83D207C
:102EF000FB68002283F83E20FB681B6C43F0200235
:102F0000FB681A64FB68002283F83C20012307E079
:102F1000FB681B685B6903F04003402BB5D10023BD
:102F200018461037BD4680BD80B483B000AF7860CE
:102F30007B681B685B6903F48063B3F5806F1BD10A
:102F40007B681B686FF480625A617B6800221A6399
:102F50007B68202283F83D207B68002283F83E2096
:102F60007B681B6C43F004027B681A647B68002258
:102F700083F83C20012300E0002318460C37BD46AF
:102F80005DF8047B7047000080B586B000AF7860C4
:102F90007B68002B01D1012367E27B681B6803F08B
:102FA0000103002B75D0884B9B6803F00C03042BA6
:102FB0000CD0854B9B6803F00C03082B12D1824B7D
:102FC0005B6803F48003B3F5800F0BD17E4B1B6865
:102FD00003F40033002B5BD07B685B68002B57D178
:102FE000012342E27B685B68B3F5803F06D1764BF4
:102FF0001B68754A43F4803313601DE07B685B688F
:10300000B3F5A02F0CD1704B1B686F4A43F480239B
:1030100013606D4B1B686C4A43F4803313600BE004
:10302000694B1B68684A23F480331360664B1B6846
:10303000654A23F4802313607B685B68002B13D000
:10304000FEF71CFC386108E0FEF718FC02463B69FD
:10305000D31A642B01D9032307E25B4B1B6803F4EB
:103060000033002BF0D014E0FEF708FC386108E0D4
:10307000FEF704FC02463B69D31A642B01D90323F3
:10308000F3E1514B1B6803F40033002BF0D100E057
:1030900000BF7B681B6803F00203002B63D04A4B20
:1030A0009B6803F00C03002B0BD0474B9B6803F08D
:1030B0000C03082B1CD1444B5B6803F48003002BEA
:1030C00016D1414B1B6803F00203002B05D07B682F
:1030D000DB68012B01D00123C7E13B4B1B6823F0C8
:1030E000F8027B681B69DB00374913430B603AE049
:1030F0007B68DB68002B20D0344B01221A60FEF77E
:10310000BDFB386108E0FEF7B9FB02463B69D31A04
:10311000022B01D90323A8E12B4B1B6803F0020308
:10312000002BF0D0284B1B6823F0F8027B681B694A
:10313000DB00254913430B6015E0244B00221A6085
:10314000FEF79CFB386108E0FEF798FB02463B69FE
:10315000D31A022B01D9032387E11B4B1B6803F011
:103160000203002BF0D17B681B6803F00803002BDF
:1031700036D07B685B69002B16D0154B01221A6094
:10318000FEF77CFB386108E0FEF778FB02463B69FE
:10319000D31A022B01D9032367E10B4B5B6F03F0BA
:1031A0000203002BF0D01BE0094B00221A60FEF74F
:1031B00065FB38610EE0FEF761FB02463B69D31AFE
:1031C000022B07D9032350E1003802400000474298
:1031D000800E4742884B5B6F03F00203002BEAD15D
:1031E0007B681B6803F00403002B00F0978000232A
:1031F000FB75814B1B6C03F08053002B0FD1002318
:10320000BB607D4B1B6C7C4A43F0805313647A4B4C
:103210001B6C03F08053BB60BB680123FB75774BCD
:103220001B6803F48073002B18D1744B1B68734A1E
:1032300043F480731360FEF721FB386108E0FEF76A
:103240001DFB02463B69D31A022B01D903230CE173
:103250006A4B1B6803F48073002BF0D07B689B687B
:10326000012B06D1644B1B6F634A43F001031367C4
:103270001CE07B689B68052B0CD15F4B1B6F5E4A83
:1032800043F0040313675C4B1B6F5B4A43F001037D
:1032900013670BE0584B1B6F574A23F0010313676A
:1032A000554B1B6F544A23F0040313677B689B68DC
:1032B000002B15D0FEF7E2FA38610AE0FEF7DEFADD
:1032C00002463B69D31A41F28832934201D9032363
:1032D000CBE0494B1B6F03F00203002BEED014E050
:1032E000FEF7CCFA38610AE0FEF7C8FA02463B69FD
:1032F000D31A41F28832934201D90323B5E03E4B01
:103300001B6F03F00203002BEED1FB7D012B05D1D7
:10331000394B1B6C384A23F0805313647B689B69DC
:10332000002B00F0A180344B9B6803F00C03082BAA
:103330005CD07B689B69022B41D1314B00221A6023
:10334000FEF79CFA386108E0FEF798FA02463B69FE
:10335000D31A022B01D9032387E0274B1B6803F004
:103360000073002BF0D17B68DA697B681B6A1A4313
:103370007B685B6A9B011A437B689B6A5B08013B25
:103380001B041A437B68DB6A1B061B4913434B6013
:103390001B4B01221A60FEF771FA386108E0FEF754
:1033A0006DFA02463B69D31A022B01D903235CE074
:1033B000114B1B6803F00073002BF0D054E0104B4E
:1033C00000221A60FEF75AFA386108E0FEF756FA52
:1033D00002463B69D31A022B01D9032345E0064B71
:1033E0001B6803F00073002BF0D13DE07B689B6904
:1033F000012B07D1012338E0003802400070004063
:10340000600047421B4B5B68FB607B689B69012B3C
:1034100028D0FB6803F480027B68DB699A4221D1E3
:10342000FB6803F03F027B681B6A9A421AD1FA6874
:1034300047F6C07313407A68526A9201934211D1E1
:10344000FB6803F440327B689B6A5B08013B1B040A
:103450009A4207D1FB6803F070627B68DB6A1B0647
:103460009A4201D0012300E0002318461837BD46D8
:1034700080BD00BF0038024080B584B000AF7860E6
:1034800039607B68002B01D10123CCE0684B1B68BD
:1034900003F007033A689A420CD9654B3A68D2B2F6
:1034A0001A70634B1B6803F007033A689A4201D015
:1034B0000123B8E07B681B6803F00203002B20D0D7
:1034C0007B681B6803F00403002B05D0594B9B68F5
:1034D000584A43F4E05393607B681B6803F0080389
:1034E000002B05D0534B9B68524A43F460439360D2
:1034F000504B9B6823F0F0027B689B684D49134357
:103500008B607B681B6803F00103002B44D07B6851
:103510005B68012B07D1474B1B6803F40033002B7A
:1035200019D101237FE07B685B68022B03D07B68A5
:103530005B68032B07D13F4B1B6803F00073002B24
:1035400009D101236FE03B4B1B6803F00203002B02
:1035500001D1012367E0374B9B6823F003027B68AE
:103560005B68344913438B60FEF788F9F8600AE022
:10357000FEF784F90246FB68D31A41F2883293427F
:1035800001D903234FE02B4B9B6803F00C027B68AF
:103590005B689B009A42EBD1254B1B6803F0070345
:1035A0003A689A420CD2224B3A68D2B21A70204B37
:1035B0001B6803F007033A689A4201D0012332E006
:1035C0007B681B6803F00403002B08D0194B9B6831
:1035D00023F4E0527B68DB68164913438B607B68F9
:1035E0001B6803F00803002B09D0124B9B6823F4DF
:1035F00060427B681B69DB000E4913438B6000F05F
:1036000021F802460B4B9B681B0903F00F030A4984
:10361000CB5C22FA03F3094A1360094B1B68184676
:10362000FEF7E8F8002318461037BD4680BD00BFFE
:10363000003C024000380240C08C0008000000201E
:10364000040000202DE9B04F94B000AF00237B644C
:103650000023FB6400233B640023BB64794B9B681D
:1036600003F00C03082B0DD0082B00F2E180002B97
:1036700002D0042B03D0DBE0734BBB64DBE0734B65
:10368000BB64D8E06F4B5B6803F03F037B646D4B1A
:103690005B6803F48003002B63D06A4B5B689B0973
:1036A0000022BB63FA63BB6BC3F308033B630023D5
:1036B0007B63D7E90C4522462B464FF000004FF0C4
:1036C0000001590141EAD261500102460B462146F0
:1036D000511A3961294663EB01037B614FF0000207
:1036E0004FF00003D7E904AB59468B01514643EA3A
:1036F000916351468A015146B2EB0108594663EB8A
:1037000001094FF000024FF000034FEAC90343EAFA
:1037100058734FEAC80290469946234618EB0303B4
:10372000BB602B4649EB0303FB604FF000024FF0F8
:103730000003D7E9024529464B02214643EAD1530B
:1037400021464A02104619467B6C0022BB62FA628F
:10375000D7E90A23FCF794FD02460B461346FB64A7
:1037600058E0384B5B689B09002218461146C0F3AD
:1037700008033B6200237B62D7E9088942464B4637
:103780004FF000004FF00001590141EAD2615001B1
:1037900002460B464146B2EB010A494663EB010B78
:1037A0004FF000024FF000034FEA8B1343EA9A6395
:1037B0004FEA8A12B2EB0A0463EB0B054FF00002EA
:1037C0004FF00003EB0043EA5473E20014461D4639
:1037D0004346E3183B604B4645EB03037B604FF0E9
:1037E00000024FF00003D7E9004529468B0221462D
:1037F00043EA915321468A02104619467B6C002207
:10380000BB61FA61D7E90623FCF73AFD02460B4695
:103810001346FB640B4B5B681B0C03F00303013383
:103820005B003B64FA6C3B6CB2FBF3F3BB6402E0FD
:10383000054BBB6400BFBB6C18465037BD46BDE8A6
:10384000B08F00BF003802400024F40000127A005C
:1038500080B400AF034B1B681846BD465DF8047B7F
:10386000704700BF0000002080B500AFFFF7F0FFF9
:103870000246054B9B689B0A03F007030349CB5C98
:1038800022FA03F3184680BD00380240D08C0008AD
:1038900080B500AFFFF7DCFF0246054B9B685B0B72
:1038A00003F007030349CB5C22FA03F3184680BDFB
:1038B00000380240D08C000880B584B000AFF860BA
:1038C000B9607A60FB68002B01D1012334E0FB680A
:1038D00093F84930DBB2002B06D1FB68002283F855
:1038E0004820F868FDF79CFEFB681A68FB680833FF
:1038F0001946104601F086FFFB681868FB689B6854
:103900001A46B96801F0D0FFFB685868FB689A68EE
:10391000FB681B6B796802F005F8FB681B68FA68A6
:10392000926853F82210FB681B68FA68926841F0AD
:10393000010143F82210002318461037BD4680BD10
:1039400080B487B000AFF860B9607A603B60BB6854
:103950007B61FB6893F84830012B01D1022322E000
:10396000FB68012283F84820FB68022283F8492083
:103970000DE07B691B889AB27B681A807B680233F2
:103980007B607B6902337B613B68013B3B603B684A
:10399000002BEED1FB68012283F84920FB6800224E
:1039A00083F84820002318461C37BD465DF8047B89
:1039B000704780B487B000AFF860B9607A603B6050
:1039C000BB687B61FB6893F84930DBB2042B01D103
:1039D000012328E0FB6893F84830012B01D1022332
:1039E00021E0FB68012283F84820FB68022283F86B
:1039F00049200CE07B681A887B691A807B68023357
:103A00007B607B6902337B613B68013B3B603B68C9
:103A1000002BEFD1FB68012283F84920FB680022CC
:103A200083F84820002318461C37BD465DF8047B08
:103A3000704780B582B000AF78607B68002B01D101
:103A4000012341E07B6893F83D30DBB2002B06D1C7
:103A50007B68002283F83C207868FDF7E3FC7B68F4
:103A6000022283F83D207B681A687B68043319467C
:103A7000104600F013FC7B68012283F846207B6827
:103A8000012283F83E207B68012283F83F207B6877
:103A9000012283F840207B68012283F841207B6863
:103AA000012283F842207B68012283F843207B684F
:103AB000012283F844207B68012283F845207B683B
:103AC000012283F83D20002318460837BD4680BDFB
:103AD00080B582B000AF78607B68002B01D10123F4
:103AE00041E07B6893F83D30DBB2002B06D17B6868
:103AF000002283F83C20786800F039F87B680222C5
:103B000083F83D207B681A687B68043319461046A9
:103B100000F0C4FB7B68012283F846207B68012209
:103B200083F83E207B68012283F83F207B680122D6
:103B300083F840207B68012283F841207B680122C2
:103B400083F842207B68012283F843207B680122AE
:103B500083F844207B68012283F845207B6801229A
:103B600083F83D20002318460837BD4680BD80B449
:103B700083B000AF786000BF0C37BD465DF8047BB2
:103B80007047000080B584B000AF786039603B6852
:103B9000002B09D17B6893F83E30DBB2012B14BFB8
:103BA00001230023DBB222E03B68042B09D17B68B0
:103BB00093F83F30DBB2012B14BF01230023DBB2AB
:103BC00015E03B68082B09D17B6893F84030DBB2E5
:103BD000012B14BF01230023DBB208E07B6893F8BC
:103BE0004130DBB2012B14BF01230023DBB2002BD9
:103BF00001D001237CE03B68002B04D17B680222CA
:103C000083F83E2013E03B68042B04D17B6802223A
:103C100083F83F200BE03B68082B04D17B6802222D
:103C200083F8402003E07B68022283F841207B6810
:103C30001B6801223968184600F01AFE7B681B6871
:103C40002D4A934204D07B681B682C4A934201D1D1
:103C5000012300E00023002B07D07B681B685A6C0F
:103C60007B681B6842F400425A647B681B68224AE6
:103C7000934222D07B681B68B3F1804F1DD07B68D4
:103C80001B681F4A934218D07B681B681D4A9342E9
:103C900013D07B681B681C4A93420ED07B681B685C
:103CA000164A934209D07B681B68184A934204D095
:103CB0007B681B68164A934211D17B681B689B681E
:103CC00003F00703FB60FB68062B10D07B681B68C2
:103CD0001A687B681B6842F001021A6007E07B6883
:103CE0001B681A687B681B6842F001021A60002397
:103CF00018461037BD4680BD000001400004014059
:103D00000004004000080040000C0040004001405A
:103D10000018004080B582B000AF78607B681B68F7
:103D20001B6903F00203022B22D17B681B68DB684E
:103D300003F00203022B1BD17B681B686FF00202A9
:103D40001A617B6801221A777B681B689B6903F004
:103D50000303002B03D0786800F081FA05E078684F
:103D600000F073FA786800F084FA7B6800221A7712
:103D70007B681B681B6903F00403042B22D17B685A
:103D80001B68DB6803F00403042B1BD17B681B68F2
:103D90006FF004021A617B6802221A777B681B6845
:103DA0009B6903F44073002B03D0786800F057FA46
:103DB00005E0786800F049FA786800F05AFA7B6804
:103DC00000221A777B681B681B6903F00803082B25
:103DD00022D17B681B68DB6803F00803082B1BD12A
:103DE0007B681B686FF008021A617B6804221A77EF
:103DF0007B681B68DB6903F00303002B03D0786842
:103E000000F02DFA05E0786800F01FFA786800F0FD
:103E100030FA7B6800221A777B681B681B6903F005
:103E20001003102B22D17B681B68DB6803F01003A2
:103E3000102B1BD17B681B686FF010021A617B6826
:103E400008221A777B681B68DB6903F44073002B38
:103E500003D0786800F003FA05E0786800F0F5F91F
:103E6000786800F006FA7B6800221A777B681B6886
:103E70001B6903F00103012B0ED17B681B68DB6813
:103E800003F00103012B07D17B681B686FF001026F
:103E90001A61786800F0CFF97B681B681B6903F032
:103EA0008003802B0ED17B681B68DB6803F08003E6
:103EB000802B07D17B681B686FF080021A617868DD
:103EC00000F082FD7B681B681B6903F04003402BF8
:103ED0000ED17B681B68DB6803F04003402B07D1E1
:103EE0007B681B686FF040021A61786800F0CBF9BC
:103EF0007B681B681B6903F02003202B0ED17B68B5
:103F00001B68DB6803F02003202B07D17B681B684C
:103F10006FF020021A61786800F04CFD00BF08378E
:103F2000BD4680BD80B586B000AFF860B9607A60EC
:103F30000023FB75FB6893F83C30012B01D1022371
:103F4000AEE0FB68012283F83C207B680C2B00F27A
:103F50009F8001A252F823F08D3F00089140000895
:103F60009140000891400008CD3F000891400008B2
:103F700091400008914000080F400008914000085F
:103F800091400008914000084F400008FB681B6802
:103F9000B968184600F022FAFB681B689A69FB684A
:103FA0001B6842F008029A61FB681B689A69FB680B
:103FB0001B6822F004029A61FB681B689969BB6860
:103FC0001A69FB681B680A439A6164E0FB681B6816
:103FD000B968184600F072FAFB681B689A69FB68BA
:103FE0001B6842F400629A61FB681B689A69FB686F
:103FF0001B6822F480629A61FB681B689969BB6840
:104000001B691A02FB681B680A439A6143E0FB685C
:104010001B68B968184600F0C7FAFB681B68DA69C4
:10402000FB681B6842F00802DA61FB681B68DA690A
:10403000FB681B6822F00402DA61FB681B68D9691F
:10404000BB681A69FB681B680A43DA6123E0FB68F6
:104050001B68B968184600F01BFBFB681B68DA692F
:10406000FB681B6842F40062DA61FB681B68DA696E
:10407000FB681B6822F48062DA61FB681B68D969FF
:10408000BB681B691A02FB681B680A43DA6102E01D
:104090000123FB7500BFFB68002283F83C20FB7DF9
:1040A00018461837BD4680BD80B584B000AF786033
:1040B00039600023FB737B6893F83C30012B01D1FE
:1040C0000223B4E07B68012283F83C207B68022253
:1040D00083F83D207B681B689B68BB60BB6823F04E
:1040E0007703BB60BB6823F47F43BB607B681B68BE
:1040F000BA689A603B681B68B3F5005F3ED0B3F5C1
:10410000005F00F28780B3F5805F00F08680B3F532
:10411000805F7FD8702B1AD0702B7BD8602B50D04B
:10412000602B77D8502B3CD0502B73D8402B58D0D5
:10413000402B6FD8302B64D0302B6BD8202B60D025
:10414000202B67D8002B5CD0102B5AD062E07B6804
:1041500018683B6899683B685A683B68DB6800F000
:1041600067FB7B681B689B68BB60BB6843F0770399
:10417000BB607B681B68BA689A604FE07B68186810
:104180003B6899683B685A683B68DB6800F050FB05
:104190007B681B689A687B681B6842F480429A605F
:1041A0003CE07B6818683B6859683B68DB681A46E6
:1041B00000F0C4FA7B681B685021184600F01DFB14
:1041C0002CE07B6818683B6859683B68DB681A46D6
:1041D00000F0E3FA7B681B686021184600F00DFBD5
:1041E0001CE07B6818683B6859683B68DB681A46C6
:1041F00000F0A4FA7B681B684021184600F0FDFA25
:104200000CE07B681A683B681B681946104600F092
:10421000F4FA03E00123FB7300E000BF7B68012296
:1042200083F83D207B68002283F83C20FB7B184606
:104230001037BD4680BD80B483B000AF786000BF4A
:104240000C37BD465DF8047B704780B483B000AF87
:10425000786000BF0C37BD465DF8047B704780B4C2
:1042600083B000AF786000BF0C37BD465DF8047BBB
:10427000704780B483B000AF786000BF0C37BD4694
:104280005DF8047B704780B483B000AF786000BFF6
:104290000C37BD465DF8047B7047000080B485B0E4
:1042A00000AF786039607B681B68FB607B68404AC0
:1042B000934213D07B68B3F1804F0FD07B683D4AA7
:1042C00093420BD07B683C4A934207D07B683B4AC1
:1042D000934203D07B683A4A934208D1FB6823F0AB
:1042E0007003FB603B685B68FA681343FB607B68A4
:1042F0002F4A93422BD07B68B3F1804F27D07B6845
:104300002C4A934223D07B682B4A93421FD07B6870
:104310002A4A93421BD07B68294A934217D07B6874
:10432000284A934213D07B68274A93420FD07B6878
:10433000264A93420BD07B68254A934207D07B687C
:10434000244A934203D07B68234A934208D1FB68F6
:1043500023F44073FB603B68DB68FA681343FB603F
:10436000FB6823F080023B685B691343FB607B685A
:10437000FA681A603B689A687B68DA623B681A6878
:104380007B689A627B680A4A934203D07B680C4A36
:10439000934203D13B681A697B681A637B680122E8
:1043A0005A6100BF1437BD465DF8047B704700BFFB
:1043B000000001400004004000080040000C0040E4
:1043C0000004014000400140004401400048014019
:1043D00000180040001C00400020004080B487B05E
:1043E00000AF786039607B681B6A23F001027B684C
:1043F0001A627B681B6A7B617B685B683B617B68D8
:104400009B69FB60FB6823F07003FB60FB6823F093
:104410000303FB603B681B68FA681343FB607B691E
:1044200023F002037B613B689B687A6913437B61DD
:104430007B68204A934203D07B681F4A93420CD189
:104440007B6923F008037B613B68DB687A6913436F
:104450007B617B6923F004037B617B68154A93428F
:1044600003D07B68144A934211D13B6923F48073D3
:104470003B613B6923F400733B613B685B693A69CC
:1044800013433B613B689B693A6913433B617B681B
:104490003A695A607B68FA689A613B685A687B6837
:1044A0005A637B687A691A6200BF1C37BD465DF8A3
:1044B000047B7047000001400004014080B487B0D5
:1044C00000AF786039607B681B6A23F010027B685C
:1044D0001A627B681B6A7B617B685B683B617B68F7
:1044E0009B69FB60FB6823F4E043FB60FB6823F4FB
:1044F0004073FB603B681B681B02FA681343FB6058
:104500007B6923F020037B613B689B681B017A6910
:1045100013437B617B68224A934203D07B68214A24
:1045200093420DD17B6923F080037B613B68DB689C
:104530001B017A6913437B617B6923F040037B6134
:104540007B68174A934203D07B68164A934213D183
:104550003B6923F480633B613B6923F400633B6167
:104560003B685B699B003A6913433B613B689B690D
:104570009B003A6913433B617B683A695A607B68E8
:10458000FA689A613B685A687B689A637B687A69C3
:104590001A6200BF1C37BD465DF8047B704700BF40
:1045A000000001400004014080B487B000AF786093
:1045B00039607B681B6A23F480727B681A627B68AF
:1045C0001B6A7B617B685B683B617B68DB69FB60C6
:1045D000FB6823F07003FB60FB6823F00303FB60C0
:1045E0003B681B68FA681343FB607B6923F4007324
:1045F0007B613B689B681B027A6913437B617B6824
:10460000214A934203D07B68204A93420DD17B69B3
:1046100023F400637B613B68DB681B027A69134308
:104620007B617B6923F480637B617B68164A9342DC
:1046300003D07B68154A934213D13B6923F480531E
:104640003B613B6923F400533B613B685B691B01A1
:104650003A6913433B613B689B691B013A69134309
:104660003B617B683A695A607B68FA68DA613B684B
:104670005A687B68DA637B687A691A6200BF1C3704
:10468000BD465DF8047B7047000001400004014016
:1046900080B487B000AF786039607B681B6A23F410
:1046A00080527B681A627B681B6A3B617B685B682F
:1046B0007B617B68DB69FB60FB6823F4E043FB60A4
:1046C000FB6823F44073FB603B681B681B02FA68BD
:1046D0001343FB603B6923F400533B613B689B68D9
:1046E0001B033A6913433B617B68124A934203D030
:1046F0007B68114A934209D17B6923F480437B6133
:104700003B685B699B017A6913437B617B687A69CB
:104710005A607B68FA68DA613B685A687B681A6499
:104720007B683A691A6200BF1C37BD465DF8047B9E
:10473000704700BF000001400004014080B487B012
:1047400000AFF860B9607A60FB681B6A7B61FB6848
:104750001B6A23F00102FB681A62FB689B693B61DC
:104760003B6923F0F0033B617B681B013A6913430B
:104770003B617B6923F00A037B617A69BB68134361
:104780007B61FB683A699A61FB687A691A6200BFCB
:104790001C37BD465DF8047B704780B487B000AF1E
:1047A000F860B9607A60FB681B6A23F01002FB684E
:1047B0001A62FB689B697B61FB681B6A3B617B69D2
:1047C00023F470437B617B681B037A6913437B612D
:1047D0003B6923F0A0033B61BB681B013A691343AB
:1047E0003B61FB687A699A61FB683A691A6200BFAB
:1047F0001C37BD465DF8047B704780B485B000AFC0
:10480000786039607B689B68FB60FB6823F070030D
:10481000FB603A68FB68134343F00703FB607B6867
:10482000FA689A6000BF1437BD465DF8047B704794
:1048300080B487B000AFF860B9607A603B60FB6815
:104840009B687B617B6923F47F437B613B681A0231
:104850007B681A43BB6813437A6913437B61FB6827
:104860007A699A6000BF1C37BD465DF8047B7047CB
:1048700080B487B000AFF860B9607A60BB6803F0BD
:104880001F03012202FA03F37B61FB681A6A7B694A
:10489000DB431A40FB681A62FB681A6ABB6803F0C4
:1048A0001F03796801FA03F31A43FB681A6200BF19
:1048B0001C37BD465DF8047B7047000080B485B0AE
:1048C00000AF786039607B6893F83C30012B01D1F0
:1048D00002235AE07B68012283F83C207B68022295
:1048E00083F83D207B681B685B68FB607B681B6806
:1048F0009B68BB60FB6823F07003FB603B681B6830
:10490000FA681343FB607B681B68FA685A607B682F
:104910001B68214A934222D07B681B68B3F1804F09
:104920001DD07B681B681D4A934218D07B681B68AA
:104930001B4A934213D07B681B681A4A93420ED0DD
:104940007B681B68184A934209D07B681B68174A2A
:10495000934204D07B681B68154A93420CD1BB6814
:1049600023F08003BB603B685B68BA681343BB609D
:104970007B681B68BA689A607B68012283F83D20D7
:104980007B68002283F83C20002318461437BD467C
:104990005DF8047B704700BF000001400004004048
:1049A00000080040000C00400004014000400140AD
:1049B0000018004080B483B000AF786000BF0C37AF
:1049C000BD465DF8047B704780B483B000AF78606B
:1049D00000BF0C37BD465DF8047B704780B582B0E0
:1049E00000AF78607B68002B01D101233FE07B683A
:1049F00093F83D30DBB2002B06D17B68002283F8B0
:104A00003C207868FCF770FD7B68242283F83D2009
:104A10007B681B68DA687B681B6822F40052DA60E6
:104A2000786800F07BFC7B681B681A697B681B68F0
:104A300022F490421A617B681B685A697B681B6884
:104A400022F02A025A617B681B68DA687B681B685F
:104A500042F40052DA607B6800221A647B682022EC
:104A600083F83D207B68202283F83E2000231846EF
:104A70000837BD4680BD000080B5BAB000AF786091
:104A80007B681B681B68C7F8E4307B681B68DB68C1
:104A9000C7F8E0307B681B685B69C7F8DC3000232F
:104AA000C7F8D8300023C7F8D430D7F8E43003F083
:104AB0000F03C7F8D830D7F8D830002B0FD1D7F86C
:104AC000E43003F02003002B09D0D7F8E03003F0E6
:104AD0002003002B03D0786800F065FB56E2D7F87E
:104AE000D830002B00F0DE80D7F8DC3003F0010373
:104AF000002B06D1D7F8E03003F49073002B00F0C0
:104B0000D180D7F8E43003F00103002B0BD0D7F8A5
:104B1000E03003F48073002B05D07B681B6C43F0FE
:104B200001027B681A64D7F8E43003F00403002B19
:104B30000BD0D7F8DC3003F00103002B05D07B68E5
:104B40001B6C43F002027B681A64D7F8E43003F070
:104B50000203002B0BD0D7F8DC3003F00103002B4D
:104B600005D07B681B6C43F004027B681A64D7F89D
:104B7000E43003F00803002B11D0D7F8E03003F045
:104B80002003002B05D1D7F8DC3003F00103002B04
:104B900005D07B681B6C43F008027B681A647B6855
:104BA0001B6C002B00F0ED81D7F8E43003F02003FC
:104BB000002B08D0D7F8E03003F02003002B02D000
:104BC000786800F0F0FA7B681B685B6903F04003CB
:104BD000402B0CBF01230023DBB2C7F8D4307B6825
:104BE0001B6C03F00803002B03D1D7F8D430002B43
:104BF0004FD0786800F0F8F97B681B685B6903F0B8
:104C00004003402B41D17B681B681433C7F89C30AC
:104C1000D7F89C3053E8003FC7F89830D7F8983061
:104C200023F04003C7F8D0307B681B681433D7F8F3
:104C3000D020C7F8A820C7F8A430D7F8A410D7F818
:104C4000A82041E80023C7F8A030D7F8A030002BF7
:104C5000D9D17B689B6B002B13D07B689B6B7D4A03
:104C60001A657B689B6B1846FCF7B9FF0346002B5F
:104C700016D07B689B6B1B6D7A68926B10469847C9
:104C80000EE0786800F09AF90AE0786800F096F98A
:104C900006E0786800F092F97B6800221A6470E1FF
:104CA00000BF6EE17B681B6B012B40F04A81D7F897
:104CB000E43003F01003002B00F04381D7F8E0301C
:104CC00003F01003002B00F03C810023BB607B68E5
:104CD0001B681B68BB607B681B685B68BB60BB684C
:104CE0007B681B685B6903F04003402B40F0B48095
:104CF0007B689B6B1B685B68A7F8BE30B7F8BE305B
:104D0000002B00F040817B689B8DB7F8BE209A4253
:104D100080F039817B68B7F8BE20DA857B689B6BB1
:104D2000DB69B3F5807F00F088807B681B680C33FB
:104D3000C7F88830D7F8883053E8003FC7F8843088
:104D4000D7F8843023F48073C7F8B8307B681B68C9
:104D50000C33D7F8B820C7F89420C7F89030D7F8AC
:104D60009010D7F8942041E80023C7F88C30D7F88A
:104D70008C30002BD9D17B681B6814337B677B6F29
:104D800053E8003F3B673B6F23F00103C7F8B430A3
:104D90007B681B681433D7F8B420C7F88020FB6702
:104DA000F96FD7F8802041E80023BB67BB6F002B69
:104DB000E1D17B681B6814333B663B6E53E8003FD0
:104DC000FB65FB6D23F04003C7F8B0307B681B68C0
:104DD0001433D7F8B020FA66BB66B96EFA6E41E8B4
:104DE00000237B667B6E002BE3D17B68202283F857
:104DF0003E207B6800221A637B681B680C33FB64CF
:104E0000FB6C53E8003FBB64BB6C23F01003C7F896
:104E1000AC307B681B680C33D7F8AC20BA657B6577
:104E2000796DBA6D41E800233B653B6D002BE3D102
:104E30007B689B6B1846FCF762FE7B689A8D7B68EB
:104E4000DB8D9BB2D31A9BB21946786800F0C0F88C
:104E500099E000BFAF5000087B689A8D7B68DB8DBE
:104E60009BB2D31AA7F8CE307B68DB8D9BB2002BA8
:104E700000F08B80B7F8CE30002B00F086807B6886
:104E80001B680C33BB63BB6B53E8003F7B637B6BDE
:104E900023F49073C7F8C8307B681B680C33D7F8CD
:104EA000C8207A643B64396C7A6C41E80023FB6368
:104EB000FB6B002BE3D17B681B6814337B627B6A3E
:104EC00053E8003F3B623B6A23F00103C7F8C4305C
:104ED0007B681B681433D7F8C4203A63FB62F96A15
:104EE0003A6B41E80023BB62BB6A002BE3D17B68CD
:104EF000202283F83E207B6800221A637B681B68AF
:104F00000C333B613B6953E8003FFB60FB6823F0D7
:104F10001003C7F8C0307B681B680C33D7F8C0207B
:104F2000FA61BB61B969FA6941E800237B617B6979
:104F3000002BE3D1B7F8CE301946786800F048F876
:104F400023E0D7F8E43003F08003002B09D0D7F832
:104F5000E03003F08003002B03D0786800F0BBF84A
:104F600014E0D7F8E43003F04003002B0ED0D7F85C
:104F7000E03003F04003002B08D0786800F0FBF825
:104F800004E000BF02E000BF00E000BFE837BD461C
:104F900080BD00BF80B483B000AF786000BF0C3725
:104FA000BD465DF8047B704780B483B000AF786085
:104FB00000BF0C37BD465DF8047B704780B483B0FA
:104FC00000AF786000BF0C37BD465DF8047B7047CA
:104FD00080B483B000AF78600B467B8000BF0C3795
:104FE000BD465DF8047B704780B495B000AF786033
:104FF0007B681B680C337B637B6B53E8003F3B6330
:105000003B6B23F49073FB647B681B680C33FA6C76
:105010003A64FB63F96B3A6C41E80023BB63BB6BFA
:10502000002BE5D17B681B6814333B623B6A53E875
:10503000003FFB61FB6923F00103BB647B681B68D5
:105040001433BA6CFA62BB62B96AFA6A41E80023A7
:105050007B627B6A002BE5D17B681B6B012B19D12E
:105060007B681B680C33FB60FB6853E8003FBB6048
:10507000BB6823F010037B647B681B680C337A6C7D
:10508000BA617B617969BA6941E800233B613B6998
:10509000002BE5D17B68202283F83E207B6800222C
:1050A0001A6300BF5437BD465DF8047B704780B576
:1050B00084B000AF78607B689B6BFB60FB6800226C
:1050C000DA85FB680022DA84F868FFF777FF00BF13
:1050D0001037BD4680BD80B485B000AF78607B6876
:1050E00093F83D30DBB2212B3ED17B689B68B3F552
:1050F000805F14D17B681B69002B10D17B681B6A11
:10510000FB60FB681B881A467B681B68C2F30802B9
:105110005A607B681B6A9A1C7B681A6208E07B688D
:105120001B6A591C7A6811621A787B681B685A607E
:105130007B68DB8C9BB2013B9BB27A681946D184B9
:10514000002B0FD17B681B68DA687B681B6822F034
:105150008002DA607B681B68DA687B681B6842F053
:105160004002DA60002300E0022318461437BD46EF
:105170005DF8047B704780B582B000AF78607B68D3
:105180001B68DA687B681B6822F04002DA607B6883
:10519000202283F83D207868FFF7FCFE00231846A4
:1051A0000837BD4680BD80B58CB000AF78607B68A5
:1051B00093F83E30DBB2222B40F0AB807B689B68DB
:1051C000B3F5805F17D17B681B69002B13D10023D7
:1051D000FB627B689B6ABB627B681B685B689BB2F7
:1051E000C3F308039AB2BB6A1A807B689B6A9A1C55
:1051F0007B689A6226E07B689B6AFB620023BB6245
:105200007B689B68B3F5805F07D07B689B68002B49
:105210000AD17B681B69002B06D17B681B685B6821
:10522000DAB2FB6A1A7008E07B681B685B68DBB265
:1052300003F07F03DAB2FB6A1A707B689B6A5A1C20
:105240007B689A627B68DB8D9BB2013B9BB27A687C
:105250001946D185002B5AD17B681B68DA687B68B8
:105260001B6822F02002DA607B681B68DA687B68C2
:105270001B6822F48072DA607B681B685A697B685D
:105280001B6822F001025A617B68202283F83E20CD
:105290007B681B6B012B35D17B6800221A637B680E
:1052A0001B680C337B617B6953E8003F3B613B69C2
:1052B00023F010037B627B681B680C337A6A3A62C6
:1052C000FB61F9693A6A41E80023BB61BB69002BC5
:1052D000E5D17B681B681B6803F01003102B0AD113
:1052E0000023FB607B681B681B68FB607B681B6896
:1052F0005B68FB60FB687B689B8D19467868FFF7ED
:1053000067FE02E07868FFF74FFE002302E000230B
:1053100000E0022318463037BD4680BD2DE9B04F6E
:10532000C0B000AFC7F8F400D7F8F4301B681B69B1
:1053300023F44050D7F8F430D968D7F8F4301A681D
:1053400040EA01031361D7F8F4309A68D7F8F430D3
:105350001B691A43D7F8F4305B691A43D7F8F43065
:10536000DB691343C7F8F830D7F8F4301B68DB6803
:1053700023F4164121F00C01D7F8F4301A68D7F85D
:10538000F8300B43D360D7F8F4301B685B6923F423
:105390004070D7F8F4309969D7F8F4301A6840EAC9
:1053A00001035361D7F8F4301A688F4B9A4205D045
:1053B000D7F8F4301A688D4B9A4204D1FEF768FA98
:1053C000C7F8FC0003E0FEF74FFAC7F8FC00D7F877
:1053D000F430DB69B3F5004F40F00C81D7F8FC30B6
:1053E0000022C7F8E830C7F8EC20D7E93A45224652
:1053F0002B469118B9655B41FB65D7E91623214619
:1054000012EB0108294643EB01094FF000024FF06F
:1054100000034FEAC90343EA58734FEAC8029046B3
:105420009946234618EB0303C7F8E0302B4649EBB7
:105430000303C7F8E430D7F8F4305B680022C7F8FC
:10544000D830C7F8DC20D7E936120B46DB183B65AD
:10545000134642EB03037B65D7E91423D7E93801F0
:10546000FAF70EFF02460B46614BA3FB02235B09D2
:105470001C01D7F8FC300022C7F8D030C7F8D42080
:10548000D7E9348942464B469118B9645B41FB64C5
:10549000D7E91223414612EB010A494643EB010BBF
:1054A0004FF000024FF000034FEACB0343EA5A7378
:1054B0004FEACA0292469B4643461AEB0303C7F8DB
:1054C000C8304B464BEB0303C7F8CC30D7F8F43069
:1054D0005B680022C7F8C030C7F8C420D7E9301293
:1054E0000B46DB183B64134642EB03037B64D7E9AE
:1054F0001023D7E93201FAF7C3FE02460B461146E4
:105500003B4BA3FB01235B09642202FB03F3CB1A91
:10551000DB0003F13202364BA3FB02235B095B0085
:1055200003F4F8731C44D7F8FC300022C7F8B830F5
:10553000C7F8BC20D7E92E8942464B469118B9637B
:105540005B41FB63D7E90E23414651183963494655
:105550004B417B634FF000024FF00003D7E90CABE7
:105560005946CB00514643EA51735146CA00104692
:105570001946034642469B18C7F8B0304B460A46C8
:1055800042EB0303C7F8B430D7F8F4305B6800226D
:10559000C7F8A830C7F8AC20D7E92A120B46DB18A9
:1055A000BB62134642EB0303FB62D7E90A23D7E948
:1055B0002C01FAF765FE02460B460D4BA3FB0213C6
:1055C0005B09642101FB03F3D31ADB003233084A81
:1055D000A2FB03235B0903F00702D7F8F4301B6832
:1055E00022449A6006E100BF00100140001401400F
:1055F0001F85EB51D7F8FC300022C7F8A030C7F860
:10560000A420D7E9288942464B46911839625B416C
:105610007B62D7E9082341465418494643EB01050C
:105620004FF000024FF00003EB0043EA5473E20036
:1056300014461D464346E318C7F898304B4645EBE1
:105640000303C7F89C30D7F8F4305B680022C7F832
:105650009030C7F894204FF000024FF00003D7E9D4
:10566000244529468B00214643EA917321468A004E
:10567000D7E92601FAF704FE02460B46604BA3FB6E
:1056800002235B091C01D7F8FC300022C7F88830E0
:10569000C7F88C20D7E9228942464B469118B96158
:1056A0005B41FB61D7E90623414651183961494600
:1056B0004B417B614FF000024FF00003D7E904AB90
:1056C0005946CB00514643EA51735146CA00104631
:1056D0001946034642469B18C7F880304B460A4697
:1056E00042EB0303C7F88430D7F8F4305B6800223C
:1056F000BB67FA674FF000024FF00003D7E91E893D
:1057000049468B00414643EA917341468A00D7E9F6
:105710002001FAF7B5FD02460B461146384BA3FBB4
:1057200001235B09642202FB03F3CB1A1B01323312
:10573000334AA2FB03235B0903F0F0031C44D7F8B0
:10574000FC3000223B677A67D7E91C8942464B460A
:105750009118B9605B41FB60D7E9022341465118BB
:10576000396049464B417B604FF000024FF0000327
:10577000D7E900AB5946CB00514643EA5173514635
:10578000CA0010461946034642469B18BB664B4664
:105790000A4642EB0303FB66D7F8F4305B6800224D
:1057A0003B667A664FF000024FF00003D7E9188994
:1057B00049468B00414643EA917341468A00D7E946
:1057C0001A01FAF75DFD02460B460D4BA3FB0213CF
:1057D0005B09642101FB03F3D31A1B013233084A2E
:1057E000A2FB03235B0903F00F02D7F8F4301B6818
:1057F00022449A6000BF07F58077BD46BDE8B08FB0
:105800001F85EB5180B485B000AF7860396000230C
:10581000FB603B681A687B6853F82230FB60FA68CB
:10582000204B1340FB603B685A683B689B681A43F7
:105830003B68DB681A433B681B691A433B685B693A
:105840001A433B689B691A433B68DB691A433B6810
:105850001B6A1A433B685B6A1A433B689B6A1A439C
:105860003B68DB6A1A433B68DB6B1A433B681B6B84
:105870001343FA681343FB603B689B68082B03D112
:10588000FB6843F04003FB603B681A687B68F9687B
:1058900043F82210002318461437BD465DF8047BF8
:1058A000704700BF8000F0FF80B487B000AFF860A1
:1058B000B9607A6000237B617B685A1CFB6853F8EF
:1058C00022307B617B6903F040437B61BB681A68CF
:1058D000BB685B681B011A43BB689B681B021A43C9
:1058E000BB68DB681B041A43BB681B69013B1B05D3
:1058F0001A43BB685B69023B1B061A43BB689B6982
:1059000013437A6913437B617B685A1CFB6879698E
:1059100043F82210002318461C37BD465DF8047B6F
:105920007047000080B487B000AFF860B9607A605B
:105930003B6000237B613B68B3F5804F22D1FB685D
:105940007A6853F822307B617A69154B13407B618A
:10595000BB681A68BB685B681B011A43BB689B681D
:105960001B021A43BB68DB681B041A43BB689B69B4
:1059700013437A6913437B61FB687A68796943F85A
:10598000221005E0FB687A686FF0704143F822103E
:10599000002318461C37BD465DF8047B704700BFE6
:1059A0000000F0CF80B584B000AF7860FDF750FF05
:1059B0000346094AA2FB03235A0D7B6802FB03F34B
:1059C000FB6000BFFB685A1EFA60002BFAD100BFD3
:1059D00000BF1037BD4680BD83DE1B4380B582B05B
:1059E00000AF0346FB8000BF00BFBA1D01234FF08C
:1059F000C0410348FDF7DDFF00BF0837BD4680BD4D
:105A00005801002080B582B000AF0346FB8000BF84
:105A100000BFBA1D012304490448FDF7CAFF00BFB7
:105A20000837BD4680BD00BF000008605801002057
:105A300080B582B000AFBA1D012304490448FDF7C8
:105A40007FFFFB8818460837BD4680BD0000086010
:105A50005801002080B582B000AF03460A46FB80A3
:105A60001346BB80BA1D01234FF0C0410648FDF725
:105A7000A0FF3A1D012305490348FDF79AFF00BF27
:105A80000837BD4680BD00BF5801002000000860F7
:105A900080B582B000AF0346FB80FB881846FFF755
:105AA0009DFF0520FFF77EFFFFF7C2FF0346184664
:105AB0000837BD4680BD000080B582B000AF034608
:105AC0000A46FB801346BB80474B1B68B3F5804FEB
:105AD0005ED1464B1A88FB881B0A9BB219461046BA
:105AE000FFF7B8FF414B1B8801339BB2FA88D2B253
:105AF00092B211461846FFF7ADFF3C4B1B880233AC
:105B00009AB23B4B1B88013B1B129BB219461046B5
:105B1000FFF7A0FF354B1B8803339AB2344B1B8829
:105B2000013B9BB2DBB29BB219461046FFF792FFD6
:105B3000304B1A88BB881B0A9BB219461046FFF7E8
:105B400089FF2C4B1B8801339BB2BA88D2B292B228
:105B500011461846FFF77EFF264B1B8802339AB288
:105B6000254B1B88013B1B129BB219461046FFF7C1
:105B700071FF204B1B8803339AB21F4B1B88013BDC
:105B80009BB2DBB29BB219461046FFF763FF27E0DA
:105B9000164B1A88FB881B0A9BB219461046FFF762
:105BA00059FF124B1B8801339BB2FA88D2B292B2D2
:105BB00011461846FFF74EFF0E4B1A88BB881B0A8A
:105BC0009BB219461046FFF745FF0A4B1B8801336D
:105BD0009BB2BA88D2B292B211461846FFF73AFF8A
:105BE00000BF0837BD4680BDB4010020BE010020C3
:105BF000BA010020C0010020B8010020B0B58EB06D
:105C000000AF914B3C461D460FCD0FC40FCD0FC4C6
:105C10000FCD0FC42B6823604FF45A40FFF738FFB5
:105C200003461A46894B1A60884B1B681B02874A39
:105C300013604FF45B40FFF72BFF03461A46834B7C
:105C40001B681343814A1360804B1B681B027F4A09
:105C500013604FF45C40FFF71BFF03461A467B4B73
:105C60001B681343794A13600023FB86774B1B683C
:105C7000B3F5004F40F0958155214FF47040FFF788
:105C8000E9FEAA214FF20100FFF7E4FE52214FF294
:105C90000200FFF7DFFE08214FF20300FFF7DAFEF4
:105CA00001214FF20400FFF7D5FE0D214FF43040E3
:105CB000FFF7D0FE0D214BF20100FFF7CBFE0D21C7
:105CC0004BF20200FFF7C6FE34214FF43640FFF7D7
:105CD000C1FE34214BF20160FFF7BCFE34214BF2D0
:105CE0000260FFF7B7FE0D214FF43140FFF7B2FE1F
:105CF0000D214BF20110FFF7ADFE0D214BF202100A
:105D0000FFF7A8FE34214FF43740FFF7A3FE3421FC
:105D10004BF20170FFF79EFE34214BF20270FFF749
:105D200099FE00214FF43240FFF794FE00214BF220
:105D30000120FFF78FFE00214BF20220FFF78AFEC1
:105D400024214FF43840FFF785FE24214BF6010053
:105D5000FFF780FE24214BF60200FFF77BFE0121B6
:105D60004FF43F40FFF776FE0F214FF43340FFF72B
:105D700071FE0F214BF20130FFF76CFE0F214BF249
:105D80000230FFF767FE34214FF43940FFF762FE1F
:105D900034214BF60110FFF75DFE34214BF6021063
:105DA000FFF758FE08214FF43540FFF753FE082156
:105DB0004BF20150FFF74EFE08214BF20250FFF765
:105DC00049FE03214FF44240FFF744FE24214FF4E3
:105DD0003A40FFF73FFE24214BF60120FFF73AFE41
:105DE00024214BF60220FFF735FE00214FF43C4002
:105DF000FFF730FE78214BF60140FFF72BFE002124
:105E00004BF60240FFF726FE00214FF43D40FFF71E
:105E100021FE78214BF60150FFF71CFE00214BF6C6
:105E20000250FFF717FE00214FF43E40FFF712FE2D
:105E300064214BF60160FFF70DFED123BB861FE006
:105E40000023FB8616E000BF8C8C0008B401002004
:105E5000BB8E1B029AB2FB8E13449AB2FB8E383370
:105E60003B4413F8383C19461046FFF7F3FDFB8E10
:105E70000133FB86FB8E332BEAD9BB8E0133BB8605
:105E8000BB8ED62BDCD955214FF47040FFF7E2FDD5
:105E9000AA214FF20100FFF7DDFD52214FF202006F
:105EA000FFF7D8FD08214FF20300FFF7D3FD0021D3
:105EB0004FF20400FFF7CEFDCC214FF43140FFF745
:105EC000C9FD00214BF20110FFF7C4FD05214FF47D
:105ED0003640FFF7BFFD70214FF43740FFF7BAFDA2
:105EE00070214BF20170FFF7B5FD01214FF43840EE
:105EF000FFF7B0FD03214BF60100FFF7ABFD0321D7
:105F00004BF60200FFF7A6FD03214BF60300FFF757
:105F1000A1FD02214FF43C40FFF79CFD00214BF610
:105F20000140FFF797FD00214BF60240FFF792FD7D
:105F3000D0214FF44940FFF78DFD02214CF60110AE
:105F4000FFF788FD50214CF60210FFF783FD50212A
:105F50004CF60310FFF77EFD50214CF60410FFF7BE
:105F600079FD00214FF45450FFF774FD55214FF493
:105F70006850FFF76FFD4FF48850FFF72FFD782032
:105F8000FFF710FD01F038FE602001F07FFD4FF6B5
:105F9000FF7001F041FE01F01FFE0123FB8601F0BE
:105FA0006FBD034B1B68B3F5024F41F01A8001E04F
:105FB000B401002055214FF47040FFF74BFDAA219A
:105FC0004FF20100FFF746FD52214FF20200FFF7AA
:105FD00041FD08214FF20300FFF73CFD01214FF284
:105FE0000400FFF737FD00214FF45140FFF732FD69
:105FF00000214DF20110FFF72DFD22214DF202107C
:10600000FFF728FD55214DF20310FFF723FD7821FE
:106010004DF20410FFF71EFD40214DF20510FFF771
:1060200019FD93214DF20610FFF714FDBF214DF22B
:106030000710FFF70FFDE0214DF20810FFF70AFDF2
:1060400010214DF20910FFF705FD55214DF20A1000
:10605000FFF700FD33214DF20B10FFF7FBFC4F2142
:106060004DF20C10FFF7F6FC66214DF20D10FFF714
:10607000F1FC7A214DF20E10FFF7ECFC55214DF2A8
:106080000F10FFF7E7FC8C214DF21010FFF7E2FC38
:106090009C214DF21110FFF7DDFCA9214DF21210E9
:1060A000FFF7D8FCB6214DF21310FFF7D3FC5521B2
:1060B0004DF21410FFF7CEFCC2214DF21510FFF780
:1060C000C9FCCE214DF21610FFF7C4FCD8214DF2C9
:1060D0001710FFF7BFFCE2214DF21810FFF7BAFCD2
:1060E00055214DF21910FFF7B5FCEC214DF21A10B5
:1060F000FFF7B0FCED214DF21B10FFF7ABFCF621D2
:106100004DF21C10FFF7A6FCFF214DF21D10FFF70A
:10611000A1FCAA214DF21E10FFF79CFC07214DF2B5
:106120001F10FFF797FC0F214DF22010FFF792FC94
:1061300017214DF22110FFF78DFC20214DF2221086
:10614000FFF788FCAA214DF22310FFF783FC2821DA
:106150004DF22410FFF77EFC30214DF22510FFF7A1
:1061600079FC3A214DF22610FFF774FC44214DF2E0
:106170002710FFF76FFCAA214DF22810FFF76AFCE9
:1061800052214DF22910FFF765FC66214DF22A10CD
:10619000FFF760FC86214DF22B10FFF75BFCC52159
:1061A0004DF22C10FFF756FCFF214DF22D10FFF79A
:1061B00051FC00214DF22E10FFF74CFC51214DF205
:1061C0002F10FFF747FC8D214DF23010FFF742FCF6
:1061D000C4214DF23110FFF73DFC0F214DF232107A
:1061E000FFF738FCE0214DF23310FFF733FCFF21BD
:1061F0004DF23410FFF72EFC00214FF45240FFF710
:1062000029FC00214DF20120FFF724FC22214DF250
:106210000220FFF71FFC55214DF20320FFF71AFC67
:1062200078214DF20420FFF715FC40214DF20520A6
:10623000FFF710FC93214DF20620FFF70BFCBF2166
:106240004DF20720FFF706FCE0214DF20820FFF792
:1062500001FC10214DF20920FFF7FCFB55214DF206
:106260000A20FFF7F7FB33214DF20B20FFF7F2FB7B
:106270004F214DF20C20FFF7EDFB66214DF20D2072
:10628000FFF7E8FB7A214DF20E20FFF7E3FB5521E3
:106290004DF20F20FFF7DEFB8C214DF21020FFF7AF
:1062A000D9FB9C214DF21120FFF7D4FBA9214DF21F
:1062B0001220FFF7CFFBB6214DF21320FFF7CAFBE8
:1062C00055214DF21420FFF7C5FBC2214DF21520D8
:1062D000FFF7C0FBCE214DF21620FFF7BBFBD82104
:1062E0004DF21720FFF7B6FBE2214DF21820FFF721
:1062F000B1FB55214DF21920FFF7ACFBEC214DF21B
:106300001A20FFF7A7FBED214DF21B20FFF7A2FBA0
:10631000F6214DF21C20FFF79DFBFF214DF21D20C1
:10632000FFF798FBAA214DF21E20FFF793FB0721F0
:106330004DF21F20FFF78EFB0F214DF22020FFF7BB
:1063400089FB17214DF22120FFF784FB20214DF21C
:106350002220FFF77FFBAA214DF22320FFF77AFBD3
:1063600028214DF22420FFF775FB30214DF2252026
:10637000FFF770FB3A214DF22620FFF76BFB44211B
:106380004DF22720FFF766FBAA214DF22820FFF7E8
:1063900061FB52214DF22920FFF75CFB66214DF293
:1063A0002A20FFF757FB86214DF22B20FFF752FBE7
:1063B000C5214DF22C20FFF74DFBFF214DF22D2082
:1063C000FFF748FB00214DF22E20FFF743FB512140
:1063D0004DF22F20FFF73EFB8D214DF23020FFF7CD
:1063E00039FBC4214DF23120FFF734FB0F214DF270
:1063F0003220FFF72FFBE0214DF23320FFF72AFB7D
:10640000FF214DF23420FFF725FB00214FF45340CC
:10641000FFF720FB00214DF20130FFF71BFB22218B
:106420004DF20230FFF716FB55214DF20330FFF716
:1064300011FB78214DF20430FFF70CFB40214DF2A7
:106440000530FFF707FB93214DF20630FFF702FB03
:10645000BF214DF20730FFF7FDFAE0214DF2083081
:10646000FFF7F8FA10214DF20930FFF7F3FA552142
:106470004DF20A30FFF7EEFA33214DF20B30FFF701
:10648000E9FA4F214DF20C30FFF7E4FA66214DF2A4
:106490000D30FFF7DFFA7A214DF20E30FFF7DAFA0E
:1064A00055214DF20F30FFF7D5FA8C214DF2103007
:1064B000FFF7D0FA9C214DF21130FFF7CBFAA9215A
:1064C0004DF21230FFF7C6FAB6214DF21330FFF746
:1064D000C1FA55214DF21430FFF7BCFAC2214DF23A
:1064E0001530FFF7B7FACE214DF21630FFF7B2FAAA
:1064F000D8214DF21730FFF7ADFAE2214DF21830F6
:10650000FFF7A8FA55214DF21930FFF7A3FAEC2155
:106510004DF21A30FFF79EFAED214DF21B30FFF7D6
:1065200099FAF6214DF21C30FFF794FAFF214DF253
:106530001D30FFF78FFAAA214DF21E30FFF78AFABD
:1065400007214DF21F30FFF785FA0F214DF2203061
:10655000FFF780FA17214DF22130FFF77BFA202157
:106560004DF22230FFF776FAAA214DF22330FFF7E1
:1065700071FA28214DF22430FFF76CFA30214DF2E8
:106580002530FFF767FA3A214DF22630FFF762FA1D
:1065900044214DF22730FFF75DFAAA214DF2283051
:1065A000FFF758FA52214DF22930FFF753FA6621CE
:1065B0004DF22A30FFF74EFA86214DF22B30FFF7CD
:1065C00049FAC5214DF22C30FFF744FAFF214DF274
:1065D0002D30FFF73FFA00214DF22E30FFF73AFA47
:1065E00051214DF22F30FFF735FA8D214DF2303029
:1065F000FFF730FAC4214DF23130FFF72BFA0F21AB
:106600004DF23230FFF726FAE0214DF23330FFF73A
:1066100021FAFF214DF23430FFF71CFA00214FF42C
:106620005440FFF717FA00214DF20140FFF712FA2C
:1066300022214DF20240FFF70DFA55214DF20340A1
:10664000FFF708FA78214DF20440FFF703FA4021E2
:106650004DF20540FFF7FEF993214DF20640FFF79A
:10666000F9F9BF214DF20740FFF7F4F9E0214DF2AF
:106670000840FFF7EFF910214DF20940FFF7EAF962
:1066800055214DF20A40FFF7E5F933214DF20B4059
:10669000FFF7E0F94F214DF20C40FFF7DBF96621DF
:1066A0004DF20D40FFF7D6F97A214DF20E40FFF77B
:1066B000D1F955214DF20F40FFF7CCF98C214DF265
:1066C0001040FFF7C7F99C214DF21140FFF7C2F9C6
:1066D000A9214DF21240FFF7BDF9B6214DF213404A
:1066E000FFF7B8F955214DF21440FFF7B3F9C22175
:1066F0004DF21540FFF7AEF9CE214DF21640FFF7EF
:10670000A9F9D8214DF21740FFF7A4F9E2214DF283
:106710001840FFF79FF955214DF21940FFF79AF9FC
:10672000EC214DF21A40FFF795F9ED214DF21B4097
:10673000FFF790F9F6214DF21C40FFF78BF9FF218E
:106740004DF21D40FFF786F9AA214DF21E40FFF7DA
:1067500081F907214DF21F40FFF77CF90F214DF21F
:106760002040FFF777F917214DF22140FFF772F92A
:1067700020214DF22240FFF76DF9AA214DF223406E
:10678000FFF768F928214DF22440FFF763F9302123
:106790004DF22540FFF75EF93A214DF22640FFF712
:1067A00059F944214DF22740FFF754F9AA214DF23F
:1067B0002840FFF74FF952214DF22940FFF74AF9DF
:1067C00066214DF22A40FFF745F986214DF22B4014
:1067D000FFF740F9C5214DF22C40FFF73BF9FF21AF
:1067E0004DF22D40FFF736F900214DF22E40FFF714
:1067F00031F951214DF22F40FFF72CF98D214DF247
:106800003040FFF727F9C4214DF23140FFF722F95C
:106810000F214DF23240FFF71DF9E0214DF23340D8
:10682000FFF718F9FF214DF23440FFF713F900216B
:106830004FF45540FFF70EF900214DF20150FFF7DC
:1068400009F922214DF20250FFF704F955214DF2CA
:106850000350FFF7FFF878214DF20450FFF7FAF8E4
:1068600040214DF20550FFF7F5F893214DF2065007
:10687000FFF7F0F8BF214DF20750FFF7EBF8E021EA
:106880004DF20850FFF7E6F810214DF20950FFF7DE
:10689000E1F855214DF20A50FFF7DCF833214DF2B3
:1068A0000B50FFF7D7F84F214DF20C50FFF7D2F8FD
:1068B00066214DF20D50FFF7CDF87A214DF20E50C2
:1068C000FFF7C8F855214DF20F50FFF7C3F88C21A0
:1068D0004DF21050FFF7BEF89C214DF21150FFF71A
:1068E000B9F8A9214DF21250FFF7B4F8B6214DF2D4
:1068F0001350FFF7AFF855214DF21450FFF7AAF8E7
:10690000C2214DF21550FFF7A5F8CE214DF21650D9
:10691000FFF7A0F8D8214DF21750FFF79BF8E221BE
:106920004DF21850FFF796F855214DF21950FFF728
:1069300091F8EC214DF21A50FFF78CF8ED214DF251
:106940001B50FFF787F8F6214DF21C50FFF782F835
:10695000FF214DF21D50FFF77DF8AA214DF21E5088
:10696000FFF778F807214DF21F50FFF773F80F215A
:106970004DF22050FFF76EF817214DF22150FFF72E
:1069800069F820214DF22250FFF764F8AA214DF258
:106990002350FFF75FF828214DF22450FFF75AF8F3
:1069A00030214DF22550FFF755F83A214DF226508F
:1069B000FFF750F844214DF22750FFF74BF8AA217A
:1069C0004DF22850FFF746F852214DF22950FFF7BB
:1069D00041F866214DF22A50FFF73CF886214DF22E
:1069E0002B50FFF737F8C5214DF22C50FFF732F846
:1069F000FF214DF22D50FFF72DF800214DF22E50C2
:106A0000FFF728F851214DF22F50FFF723F88D2181
:106A10004DF23050FFF71EF8C4214DF23150FFF710
:106A200019F80F214DF23250FFF714F8E0214DF222
:106A30003350FFF70FF8FF214DF23450FFF70AF8FB
:106A400000214FF45640FFF705F800214DF2016098
:106A5000FFF700F822214DF20260FEF7FBFF5521FF
:106A60004DF20360FEF7F6FF78214DF20460FEF769
:106A7000F1FF40214DF20560FEF7ECFF93214DF24E
:106A80000660FEF7E7FFBF214DF20760FEF7E2FF69
:106A9000E0214DF20860FEF7DDFF10214DF20960A4
:106AA000FEF7D8FF55214DF20A60FEF7D3FF3321E0
:106AB0004DF20B60FEF7CEFF4F214DF20C60FEF75A
:106AC000C9FF66214DF20D60FEF7C4FF7A214DF239
:106AD0000E60FEF7BFFF55214DF20F60FEF7BAFFC3
:106AE0008C214DF21060FEF7B5FF9C214DF2116034
:106AF000FEF7B0FFA9214DF21260FEF7ABFFB62101
:106B00004DF21360FEF7A6FF55214DF21460FEF71B
:106B1000A1FFC2214DF21560FEF79CFFCE214DF280
:106B20001660FEF797FFD8214DF21760FEF792FF2F
:106B3000E2214DF21860FEF78DFF55214DF21960EC
:106B4000FEF788FFEC214DF21A60FEF783FFED217E
:106B50004DF21B60FEF77EFFF6214DF21C60FEF742
:106B600079FFFF214DF21D60FEF774FFAA214DF25F
:106B70001E60FEF76FFF07214DF21F60FEF76AFFF0
:106B80000F214DF22060FEF765FF17214DF22160C5
:106B9000FEF760FF20214DF22260FEF75BFFAA2185
:106BA0004DF22360FEF756FF28214DF22460FEF7D8
:106BB00051FF30214DF22560FEF74CFF3A214DF296
:106BC0002660FEF747FF44214DF22760FEF742FFA3
:106BD000AA214DF22860FEF73DFF52214DF22960B7
:106BE000FEF738FF66214DF22A60FEF733FF86215B
:106BF0004DF22B60FEF72EFFC5214DF22C60FEF703
:106C000029FFFF214DF22D60FEF724FF00214DF2F8
:106C10002E60FEF71FFF51214DF22F60FEF71AFF85
:106C20008D214DF23060FEF715FFC4214DF2316029
:106C3000FEF710FF0F214DF23260FEF70BFFE0214F
:106C40004DF23360FEF706FFFF214DF23460FEF790
:106C500001FF00214FF43040FEF7FCFE00214BF213
:106C60000100FEF7F7FE00214BF20200FEF7F2FEF4
:106C700005214FF43140FEF7EDFE05214BF20110E6
:106C8000FEF7E8FE05214BF20210FEF7E3FE442179
:106C90004FF43640FEF7DEFE44214BF20160FEF772
:106CA000D9FE44214BF20260FEF7D4FE34214FF4AA
:106CB0003740FEF7CFFE34214BF20170FEF7CAFEDB
:106CC00034214BF20270FEF7C5FE34214FF43940F7
:106CD000FEF7C0FE34214BF60110FEF7BBFE342157
:106CE0004BF60210FEF7B6FE14214FF43A40FEF7C1
:106CF000B1FE14214BF60120FEF7ACFE14214BF639
:106D00000220FEF7A7FE00214FF43C40FEF7A2FE52
:106D1000B8214BF60140FEF79DFE00214FF43D40A7
:106D2000FEF798FEB8214BF60150FEF793FE0021C6
:106D30004FF43E40FEF78EFE58214BF60160FEF701
:106D400089FE55214FF47040FEF784FEAA214FF2D0
:106D50000100FEF77FFE52214FF20200FEF77AFE9D
:106D600008214FF20300FEF775FE00214FF20400E8
:106D7000FEF770FE10214FF43440FEF76BFE022147
:106D80004FF43640FEF766FE00214FF43040FEF728
:106D900061FEF8214FF43140FEF75CFE00214BF21A
:106DA0000110FEF757FE0A20FEF7FCFD22214FF4EA
:106DB0003740FEF74FFE22214BF20170FEF74AFEEC
:106DC00001214FF44840FEF745FE00214CF601003A
:106DD000FEF740FE54214CF60200FEF73BFE382140
:106DE0004CF60300FEF736FE54214CF60400FEF785
:106DF00031FE38214CF60500FEF72CFE54214CF6EE
:106E00000600FEF727FE38214CF60700FEF722FEAB
:106E100054214CF60800FEF71DFE38214CF60900FF
:106E2000FEF718FE8C214CF60A00FEF713FE2A210D
:106E30004CF60B00FEF70EFE2A214CF60C00FEF776
:106E400009FE8C214CF60D00FEF704FE8C214CF659
:106E50000E00FEF7FFFD2A214CF60F00FEF7FAFDAB
:106E60002A214CF61000FEF7F5FD01214FF43840C1
:106E7000FEF7F0FD03214BF60100FEF7EBFD0321C9
:106E80004BF60200FEF7E6FD03214BF60300FEF78A
:106E9000E1FD05214FF43C40FEF7DCFD05214BF6FA
:106EA0000140FEF7D7FD05214BF60240FEF7D2FD6B
:106EB00001214FF45040FEF7CDFD01214FF43A403F
:106EC000FEF7C8FD01214FF43D40FEF7C3FD102140
:106ED0004BF60150FEF7BEFD07214BF60250FEF7C0
:106EE000B9FD07214BF60350FEF7B4FD01214FF425
:106EF0003E40FEF7AFFD10214BF60160FEF7AAFD04
:106F000007214BF60260FEF7A5FD07214BF6036053
:106F1000FEF7A0FD01214FF43F40FEF79BFD10213D
:106F20004BF60170FEF796FD07214BF60270FEF757
:106F300091FD07214BF60370FEF78CFD55214FF4B0
:106F40007040FEF787FDAA214FF20100FEF782FD97
:106F500052214FF20200FEF77DFD08214FF203009F
:106F6000FEF778FD02214FF20400FEF773FD0021C9
:106F70004FF44340FEF76EFDA9214CF20130FEF7BD
:106F800069FD00214FF47E40FEF764FD94214FF629
:106F90000160FEF75FFD00214FF45450FEF75AFDEB
:106FA00008214FF45850FEF755FD55214FF4685015
:106FB000FEF750FD00214FF48850FEF74BFD78207E
:106FC000FEF7F0FC00F018FE602000F05FFD4FF6C9
:106FD000FF7000F021FE00F0FFFD0123FB8600F0B2
:106FE0004FBD034B1B68B3F5804F40F0498501E06E
:106FF000B401002080214FF47F40FEF72BFD0921D2
:107000004FF60170FEF726FD01214FF60270FEF7E4
:1070100021FD80214FF68070FEF71CFD09214FF6FF
:107020008170FEF717FD01214FF60370FEF712FD88
:1070300010214CF2B400FEF70DFD08214CF28940FE
:10704000FEF708FD00214CF2A300FEF703FDA3218B
:107050004CF28250FEF7FEFCD6214CF29050FEF727
:10706000F9FC87214CF29150FEF7F4FC74214FF4A7
:107070005840FEF7EFFC72214DF60100FEF7EAFCE6
:1070800060214FF45940FEF7E5FC09214FF46140BF
:10709000FEF7E0FC0C214EF20110FEF7DBFC1221A2
:1070A0004EF20210FEF7D6FC0E214EF20310FEF750
:1070B000D1FC08214EF20410FEF7CCFC19214EF24F
:1070C0000510FEF7C7FC0C214EF20610FEF7C2FCBD
:1070D0000B214EF20710FEF7BDFC01214EF2081005
:1070E000FEF7B8FC05214EF20910FEF7B3FC0321B0
:1070F0004EF20A10FEF7AEFC07214EF20B10FEF71F
:10710000A9FC0E214EF20C10FEF7A4FC26214EF233
:107110000D10FEF79FFC23214EF20E10FEF79AFC95
:107120001B214EF20F10FEF795FC09214FF462402F
:10713000FEF790FC0C214EF20120FEF78BFC122191
:107140004EF20220FEF786FC0E214EF20320FEF7DF
:1071500081FC08214EF20420FEF77CFC19214EF23E
:107160000520FEF777FC0C214EF20620FEF772FC9C
:107170000B214EF20720FEF76DFC01214EF2082094
:10718000FEF768FC05214EF20920FEF763FC03219F
:107190004EF20A20FEF75EFC07214EF20B20FEF7AE
:1071A00059FC0E214EF20C20FEF754FC26214EF223
:1071B0000D20FEF74FFC23214EF20E20FEF74AFC75
:1071C0001B214EF20F20FEF745FC66214CF2811088
:1071D000FEF740FC08214CF2A110FEF73BFC832196
:1071E0004CF28140FEF736FC01214CF29250FEF742
:1071F00031FCA9214CF2B150FEF72CFC85214CF654
:107200008060FEF727FC03214CF68160FEF722FC2C
:1072100000214CF68260FEF71DFC84214CF6836051
:10722000FEF718FC03214CF68460FEF713FC0021E6
:107230004CF68560FEF70EFC83214CF68660FEF767
:1072400009FC03214CF68760FEF704FC00214CF694
:107250008860FEF7FFFB82214CF68960FEF7FAFB9F
:1072600003214CF68A60FEF7F5FB00214CF68B609B
:10727000FEF7F0FB38214CF6A060FEF7EBFB022195
:107280004CF6A160FEF7E6FB03214CF6A260FEF788
:10729000E1FB21214CF6A360FEF7DCFB00214CF65C
:1072A000A460FEF7D7FB00214CF6A560FEF7D2FBE9
:1072B00000214CF6A660FEF7CDFB38214CF6A76006
:1072C000FEF7C8FB01214CF6A860FEF7C3FB0321C3
:1072D0004CF6A960FEF7BEFB22214CF6AA60FEF731
:1072E000B9FB00214CF6AB60FEF7B4FB00214CF675
:1072F000AC60FEF7AFFB00214CF6AD60FEF7AAFBD9
:1073000038214CF6B060FEF7A5FB00214CF6B160C9
:10731000FEF7A0FB03214CF6B260FEF79BFB232196
:107320004CF6B360FEF796FB00214CF6B460FEF716
:1073300091FB00214CF6B560FEF78CFB00214CF66A
:10734000B660FEF787FB30214CF6B760FEF782FB94
:1073500000214CF6B860FEF77DFB03214CF6B960C6
:10736000FEF778FB24214CF6BA60FEF773FB002190
:107370004CF6BB60FEF76EFB00214CF6BC60FEF7DE
:1073800069FB00214CF6BD60FEF764FB30214CF632
:10739000C060FEF75FFB01214CF6C160FEF75AFBAF
:1073A00003214CF6C260FEF755FB25214CF6C36065
:1073B000FEF750FB00214CF6C460FEF74BFB0021AA
:1073C0004CF6C560FEF746FB00214CF6C660FEF7A2
:1073D00041FB30214CF6C760FEF73CFB02214CF626
:1073E000C860FEF737FB03214CF6C960FEF732FB9D
:1073F00026214CF6CA60FEF72DFB00214CF6CB602F
:10740000FEF728FB00214CF6CC60FEF723FB0021A1
:107410004CF6CD60FEF71EFB30214CF6D060FEF737
:1074200019FB03214CF6D160FEF714FB03214CF647
:10743000D260FEF70FFB27214CF6D360FEF70AFB64
:1074400000214CF6D460FEF705FB00214CF6D56018
:10745000FEF700FB00214CF6D660FEF7FBFA302168
:107460004CF6D760FEF7F6FA04214CF6D860FEF72A
:10747000F1FA03214CF6D960FEF7ECFA28214CF61C
:10748000DA60FEF7E7FA00214CF6DB60FEF7E2FA7D
:1074900000214CF6DC60FEF7DDFA00214CF6DD60E1
:1074A000FEF7D8FA00214CF6C070FEF7D3FA00219F
:1074B0004CF6C170FEF7CEFA00214CF6C270FEF712
:1074C000C9FA00214CF6C370FEF7C4FA00214CF64D
:1074D000C470FEF7BFFA00214CF6C570FEF7BAFA89
:1074E00000214CF6C670FEF7B5FA00214CF6C770C5
:1074F000FEF7B0FA00214CF6C870FEF7ABFA002197
:107500004CF6C970FEF7A6FA00214CF6D070FEF7D3
:10751000A1FA00214CF6C030FEF79CFA00214CF68F
:10752000C130FEF797FA00214CF6C230FEF792FA0E
:1075300000214CF6C330FEF78DFA04214CF6C4301E
:10754000FEF788FA04214CF6C530FEF783FA0421D1
:107550004CF6C630FEF77EFA04214CF6C730FEF733
:1075600079FA04214CF6C830FEF774FA04214CF67F
:10757000C930FEF76FFA00214CF6CA30FEF76AFAFE
:1075800000214CF6CB30FEF765FA00214CF6CC30EA
:10759000FEF760FA00214CF6CD30FEF75BFA0021D1
:1075A0004CF6CE30FEF756FA00214CF6D030FEF7FE
:1075B00051FA00214CF6D130FEF74CFA00214CF67E
:1075C000D230FEF747FA00214CF6D330FEF742FAEC
:1075D00000214CF6D430FEF73DFA00214CF6D530B0
:1075E000FEF738FA00214CF6D630FEF733FA0021C8
:1075F0004CF6D730FEF72EFA00214CF6D830FEF7C5
:1076000029FA04214CF6D930FEF724FA04214CF66D
:10761000DA30FEF71FFA04214CF6DB30FEF71AFAD7
:1076200004214CF6DC30FEF715FA04214CF6DD306F
:10763000FEF710FA04214CF6DE30FEF70BFA0021BB
:107640004CF6E030FEF706FA00214CF6E130FEF78A
:1076500001FA00214CF6E230FEF7FCF900214CF66D
:10766000E330FEF7F7F900214CF6E430FEF7F2F9CB
:1076700000214CF6E530FEF7EDF900214CF6E6303E
:10768000FEF7E8F900214CF6E730FEF7E3F90021B8
:107690004CF6E830FEF7DEF900214CF6E930FEF753
:1076A000D9F900214CF68040FEF7D4F900214CF6C0
:1076B0008140FEF7CFF900214CF68240FEF7CAF96F
:1076C00000214CF68340FEF7C5F90C214CF68440AE
:1076D000FEF7C0F90A214CF68540FEF7BBF91021F0
:1076E0004CF68640FEF7B6F90E214CF68740FEF7C1
:1076F000B1F903214CF68840FEF7ACF904214CF6B1
:107700008940FEF7A7F900214CF69040FEF7A2F958
:1077100000214CF69140FEF79DF900214CF6924075
:10772000FEF798F900214CF69340FEF793F90021FB
:107730004CF69440FEF78EF900214CF69540FEF78A
:1077400089F900214CF69640FEF784F900214CF6A9
:107750009740FEF77FF900214CF69840FEF77AF942
:1077600000214CF69940FEF775F900214CF69A403D
:10777000FEF770F900214CF69B40FEF76BF90021F3
:107780004CF69C40FEF766F900214CF69D40FEF752
:1077900061F90B214CF69E40FEF75CF909214CF68D
:1077A000A040FEF757F90F214CF6A140FEF752F921
:1077B0000D214CF6A240FEF74DF901214CF6A340F5
:1077C000FEF748F902214CF6A440FEF743F90021E8
:1077D0004CF6A540FEF73EF900214CF6A640FEF718
:1077E00039F900214CF6A740FEF734F900214CF698
:1077F000A840FEF72FF900214CF6A940FEF72AF920
:1078000000214CF6AA40FEF725F900214CF6AB40CA
:10781000FEF720F900214CF6AC40FEF71BF90021E1
:107820004CF6AD40FEF716F900214CF6AE40FEF7DF
:1078300011F900214CF6B040FEF70CF900214CF68E
:10784000B140FEF707F900214CF6B240FEF702F90D
:1078500000214CF6B340FEF7FDF80D214CF6B44084
:10786000FEF7F8F80F214CF6B540FEF7F3F80921C2
:107870004CF6B640FEF7EEF80B214CF6B740FEF79B
:10788000E9F802214CF6B840FEF7E4F801214CF685
:10789000B940FEF7DFF800214CF6C040FEF7DAF8F9
:1078A00000214CF6C140FEF7D5F800214CF6C2404D
:1078B000FEF7D0F800214CF6C340FEF7CBF80021CC
:1078C0004CF6C440FEF7C6F800214CF6C540FEF762
:1078D000C1F800214CF6C640FEF7BCF800214CF67A
:1078E000C740FEF7B7F800214CF6C840FEF7B2F8E3
:1078F00000214CF6C940FEF7ADF800214CF6CA4015
:10790000FEF7A8F800214CF6CB40FEF7A3F80021C3
:107910004CF6CC40FEF79EF800214CF6CD40FEF729
:1079200099F80E214CF6CE40FEF794F810214CF653
:10793000D040FEF78FF80A214CF6D140FEF78AF8C6
:107940000C214CF6D240FEF785F804214CF6D340CA
:10795000FEF780F803214CF6D440FEF77BF80021B7
:107960004CF6D540FEF776F800214CF6D640FEF7EF
:1079700071F800214CF6D740FEF76CF800214CF668
:10798000D840FEF767F800214CF6D940FEF762F8C0
:1079900000214CF6DA40FEF75DF800214CF6DB40A2
:1079A000FEF758F800214CF6DC40FEF753F80021B2
:1079B0004CF6DD40FEF74EF800214CF6DE40FEF7B7
:1079C00049F8FF214FF47F40FEF744F8FF214FF6BE
:1079D0000170FEF73FF8FF214FF60270FEF73AF80C
:1079E000D0214FF45850FEF735F800214FF4545091
:1079F000FEF730F801214FF48840FEF72BF8FF2105
:107A000044F20140FEF726F808214FF45850FEF7E3
:107A100021F800214FF45450FEF71CF801214FF4D7
:107A20008840FEF717F8222144F20140FEF712F8D1
:107A3000FF214FF4A240FEF70DF82C214FF4A64091
:107A4000FEF708F800214FF4AA40FEF703F855218D
:107A50004FF46850FDF7FEFF4FF48850FDF7BEFF6E
:107A60007820FDF79FFF00F0C7F8602000F00EF8C7
:107A70004FF6FF7000F0D0F800F0AEF80123FB865F
:107A8000FB8EDBB218463837BD46B0BD80B582B03C
:107A900000AF0346FB714B4B4FF430521A804A4BF8
:107AA0004FF428521A80494B4FF42C521A80FB791C
:107AB000002B08D0FB79802B05D0FB79402B02D01E
:107AC000FB79C02B08D1424B4FF4F0721A80414B26
:107AD0004FF448721A8007E03D4B4FF448721A8009
:107AE0003C4B4FF4F0721A80FB799BB219464FF46D
:107AF0005850FDF7AFFF344B1B881846FDF76EFF5B
:107B00000020FDF77FFF304B1B8801339BB21846E6
:107B1000FDF764FF0020FDF775FF2B4B1B88023338
:107B20009BB21846FDF75AFF294B1B88013B1B12DD
:107B30009BB21846FDF766FF234B1B8803339BB2AD
:107B40001846FDF74BFF224B1B88013B9BB2DBB273
:107B50009BB21846FDF756FF1C4B1B881846FDF7D5
:107B60003DFF0020FDF74EFF184B1B8801339BB2F1
:107B70001846FDF733FF0020FDF744FF134B1B8829
:107B800002339BB21846FDF729FF124B1B88013BBD
:107B90001B129BB21846FDF735FF0C4B1B880333B5
:107BA0009BB21846FDF71AFF0A4B1B88013B9BB29C
:107BB000DBB29BB21846FDF725FF00BF0837BD4674
:107BC00080BD00BFBC010020BE010020C00100201C
:107BD000BA010020B801002080B500AF4FF4245056
:107BE000FDF7FCFE012220210248FAF7CFF900BF81
:107BF00080BD00BF0004024080B500AF00222021FC
:107C00000448FAF7C3F94FF42050FDF7E7FE00BF30
:107C100080BD00BF0004024080B584B000AF0346C1
:107C2000FB800023FB604FF4F073BB60BB684FF434
:107C3000487202FB03F3BB6000210020FDF73CFF0C
:107C4000104B1B881846FDF7C9FE0023FB6008E0B7
:107C5000BA1D01230C490D48FBF7ABFEFB6801334D
:107C6000FB60FA68BB689A42F2D3FA88084B1A8024
:107C7000FB88DB439AB2074B1A8000BF1037BD4622
:107C800080BD00BFBC01002000000860580100203A
:107C90000A000020C201002090B585B000AF044664
:107CA000084611461A462346FB800346BB800B4616
:107CB000FB701346BB70BB887B81BB78DB08DBB2F3
:107CC0001A46BB785B08DBB212FB03F33B81FB78FF
:107CD000203BFB700023BB8190E0BB780C2B0BD1C9
:107CE000FA78B9894A4813465B0013449B00034461
:107CF0000B441B78FB7340E0BB78102B08D1FA785B
:107D0000BB89444912010A4413441B78FB7334E0D5
:107D1000BB78182B0BD1FA78B9893F481346DB00A2
:107D200013449B0003440B441B78FB7325E0BB7892
:107D3000202B08D1FA78BB893849D2010A44134470
:107D40001B78FB7319E0BB78302B0BD1FA78B9891B
:107D500033481346DB0013441B0103440B441B78D8
:107D6000FB730AE0FA78B9892D481346DB00134407
:107D70001B0103440B441B78FB730023BB7335E0EA
:107D800097F90F30002B07DA264B1A88B988FB8841
:107D9000184600F0B1F80AE097F82030002B06D121
:107DA000214B1A88B988FB88184600F0A5F8FB7BA0
:107DB0005B00FB73BB880133BB801C4B1B88BA88FC
:107DC0009A4221D2BA887B89D21ABB789A420AD1C8
:107DD0007B89BB80FB880133FB80154B1B88FA88AD
:107DE0009A4207D311E0BB7B0133BB73BB7B072BEC
:107DF000C6D900E000BFBB890133BB81BA893B898A
:107E00009A42FFF46AAF00E000BF1437BD4690BD50
:107E1000D88C00084C9100083C97000898A40008F2
:107E200018D40008C20100200A000020B801002078
:107E3000BA01002008B490B5BAB002AF0346FB7196
:107E40000B46BB7113467B710023A7F8DE3000237D
:107E5000A7F8DC3007F1F003FB6007F11000FB68C6
:107E6000D7F8EC20C92100F073FA07F11003184687
:107E7000F8F7AEF90346A7F8DC3007F1100318460F
:107E8000F8F7A6F90346C82B02D9C823A7F8DC30B7
:107E90000023A7F8DE3021E0BA79B7F8DE301344CA
:107EA0009BB27A795208D2B213FB02F398B2FB79F3
:107EB0009AB27B799BB212FB03F399B2B7F8DE302A
:107EC000E0333B4413F8D02C7B7900240094FFF777
:107ED000E3FEB7F8DE300133A7F8DE30B7F8DE2076
:107EE000B7F8DC309A42D7D300BF00BFE037BD46B9
:107EF000BDE8904001B0704780B582B000AF034646
:107F0000FB800B46BB8013467B80554B1B68B3F54B
:107F1000804F64D1534B1B881846FDF75FFDFB88EB
:107F20001B0A9BB21846FDF76DFD4E4B1B880133B3
:107F30009BB21846FDF752FDFB88DBB29BB2184698
:107F4000FDF760FD474B1B8802339BB21846FDF7D7
:107F500045FDFB881B0A9BB21846FDF753FD414BBC
:107F60001B8803339BB21846FDF738FDFB88DBB254
:107F70009BB21846FDF746FD3B4B1B881846FDF7A4
:107F80002DFDBB881B0A9BB21846FDF73BFD364B07
:107F90001B8801339BB21846FDF720FDBB88DBB27E
:107FA0009BB21846FDF72EFD2F4B1B8802339BB268
:107FB0001846FDF713FDBB881B0A9BB21846FDF758
:107FC00021FD294B1B8803339BB21846FDF706FDA4
:107FD000BB88DBB29BB21846FDF714FD2FE0214BA6
:107FE0001B881846FDF7FAFCFB881B0A9BB2184653
:107FF000FDF708FD1B4B1B8801339BB21846FDF7AC
:10800000EDFCFB88DBB29BB21846FDF7FBFC164B80
:108010001B881846FDF7E2FCBB881B0A9BB218467A
:10802000FDF7F0FC104B1B8801339BB21846FDF79F
:10803000D5FCBB88DBB29BB21846FDF7E3FC0123FD
:108040000A4A4FF0C0410A48FBF7B3FCBA1C0123AF
:1080500008490748FBF7ADFC00BF0837BD4680BDA7
:10806000B4010020BE010020C0010020BC0100209E
:10807000580100200000086090B585B000AF0446AC
:10808000084611461A462346FB800346BB800B4632
:108090007B8013463B8000237B817A88FB88D31A40
:1080A0009BB201337B81BB88FB811EE0FA89FB8890
:1080B00011461846FDF700FD104B1B881846FDF7CA
:1080C0008DFC0023BB8109E0012307F120020C494C
:1080D0000C48FBF76EFCBB890133BB81BA897B89F5
:1080E0009A42F1D3FB890133FB81FA893B889A429A
:1080F000DCD900BF00BF1437BD4690BDBC010020D5
:10810000000008605801002080B588B004AF034625
:10811000FB710023FB720023BB724FF400516F48C8
:10812000F9F71CFF0346002B40F0D4804FF47A731C
:1081300002930123019307F10A030093102348F2ED
:108140004E1228216648FAF79DF9BB7A5BB2002BE4
:1081500080F2C080BB7A03F00F03052B00F3BA80D6
:10816000BA7A604B1A700023FB720FE0FB7A1A4652
:108170005D4B002123F81210FB7A1A465B4B00215D
:1081800023F81210FB7A0133DBB2FB72FB7A042B6B
:10819000ECD90023FB7284E0FB7A1A46544B33F887
:1081A00012204FF47A7302930423019307F10C0316
:1081B0000093102328214A48FAF764F9FB79002B31
:1081C00016D17B7B1B029BB23A7B1146FA7A0B4499
:1081D00099B2454B23F81210FB7B1B029BB2BA7B72
:1081E0001146FA7A0B4499B2404B23F8121054E02E
:1081F000FB79012B18D17B7B1B029BB23A7B13448A
:108200009BB2FA7AC3F5F07399B2384B23F8121087
:10821000FB7B1B029BB2BA7B1146FA7A0B4499B2E4
:10822000314B23F8121038E0FB79022B1AD17B7BFB
:108230001B029BB23A7B13449BB2FA7AC3F5F073EC
:1082400099B2294B23F81210FB7B1B029BB2BA7B1D
:1082500013449BB2FA7AC3F5487399B2234B23F8BF
:1082600012101AE0FB79032B17D17B7B1B029BB208
:108270003A7B1146FA7A0B4499B21C4B23F8121040
:10828000FB7B1B029BB2BA7B13449BB2FA7AC3F509
:10829000487399B2144B23F81210FB7A0133DBB206
:1082A000FB72FB7A1A46BB7A03F00F039A42FFF681
:1082B00073AF0023FB724FF47A730293012301938F
:1082C00007F10B030093102348F24E1228210448B3
:1082D000F9F7DEFF00BF1037BD4680BD0018024031
:1082E00078000020DA010020C4010020D001002025
:1082F0008809010830B51446002C9BB005461A4683
:1083000005DA8B2303604FF0FF301BB030BD4FF414
:108310000273ADF80C304FF00003199314BF04F151
:10832000FF332346029305934FF6FF7300910491A8
:10833000ADF80E3069461E9B00F0A0F9431CBCBF8F
:108340008B232B60002CE0D0009B00221A70DCE70E
:1083500007B5009313460A46014603480068FFF735
:10836000C9FF03B05DF804FB0C0000200244034683
:10837000934200D1704703F8011BF9E7014B1868DD
:10838000704700BF0C00002070B50D4D0D4C641BF4
:10839000A4100026A64209D10B4D0C4C00F064FC41
:1083A000641BA4100026A64205D170BD55F8043BFD
:1083B00098470136EEE755F8043B98470136F2E757
:1083C000D0090108D0090108D0090108D409010821
:1083D0007047704738B50546002941D051F8043C34
:1083E0000C1F002BB8BFE41800F0E0F81D4A13681A
:1083F00033B9636014602846BDE8384000F0DCB84B
:10840000A34208D9206821188B4201BF19685B6814
:1084100009182160EDE71A465B680BB1A342FAD94F
:1084200011685018A0420BD12068014450188342B3
:108430001160E0D118685B68536008441060DAE7A7
:1084400002D90C232B60D6E7206821188B4204BF89
:1084500019685B68636004BF091821605460CAE74B
:1084600038BD00BF2003002070B50F4E0C463168A8
:10847000054611B900F0A4FB30602146284600F003
:108480009FFB431C03D14FF0FF34204670BDC41C3A
:1084900024F00304A042F8D0211A284600F090FBF3
:1084A0000130F2D1EFE700BF1C0300202DE9F843B3
:1084B000CD1C25F0030508350C2D38BF0C25002DEB
:1084C000064601DBA94204D90C2333600020BDE835
:1084D000F883DFF8D48000F069F8D8F800301C4643
:1084E00044BB29463046FFF7BFFF431C044658D122
:1084F000D8F800402746002F43D1002C4BD02368EA
:108500003946304604EB030900F05AFB814542D15D
:1085100021686D1A29463046FFF7A6FF01303AD090
:1085200023682B442360D8F800305A6862BBC8F82F
:1085300000700FE02268521B20D40B2A17D9611952
:10854000A342256018BF5960636808BFC8F80010CF
:1085500062514B60304600F02FF804F10B00231DF0
:1085600020F00700C21A1CBF1B1AA350AFE76268B5
:10857000A3420CBFC8F800205A60EBE723466468AA
:10858000AEE73C467F68B6E71A465B68A342FBD17C
:1085900000235360DEE70C233360304600F00CF814
:1085A00094E70560D6E700BF200300200148FFF7ED
:1085B0000FBF00BF180300200148FFF70ABF00BF2C
:1085C000180300202DE9F0478E681F46BE420B6855
:1085D00082460C4690462DD8B1F90C2012F4906FCB
:1085E00026D06569096905EB4505A3EB010905EB93
:1085F000D5757B1C4B446D109D4238BF1D465305FD
:1086000027D52946FFF752FF064660B321694A463F
:1086100000F0E6FAA38923F4906343F08003A3817A
:10862000266165614E44A5EB09052660A5603E46BE
:10863000BE4200D93E4620683246414600F0A6FAC6
:10864000A3689B1BA3602368334423600020BDE81C
:10865000F0872A4600F0D2FA06460028E0D12169C8
:108660005046FFF7B7FE0C23CAF80030A38943F049
:108670004003A3814FF0FF30E9E700002DE9F04F00
:1086800098468B891B069DB007460D46144610D5AB
:108690000B6973B94021FFF709FF2860286130B9E1
:1086A0000C233B604FF0FF301DB0BDE8F08F40233E
:1086B0006B610023099320238DF82930CDF80C80BD
:1086C0003023DFF89C818DF82A304FF001092346D2
:1086D0009A4613F8012B0AB1252AF9D1BAEB040BFB
:1086E0000BD05B46224629463846FFF76BFF013028
:1086F00000F0A780099A5A4409929AF80030002B9A
:1087000000F09F8000234FF0FF32CDE905230AF1EE
:10871000010A049307938DF853301A9354460522A7
:1087200014F8011B4E48F7F75BFD049AD8B9D00640
:1087300044BF20238DF85330110744BF2B238DF8FD
:1087400053309AF800302A2B15D0079A544600204F
:108750004FF00A0C214611F8013B303B092B4BD955
:10876000B0B1079214E0A0EB080309FA03F3134336
:108770000493A246D2E7039B191D1B680391002BAB
:10878000BBBF5B4242F0020207930793B8BF04925B
:1087900023782E2B0AD163782A2B32D1039B1A1D02
:1087A0001B68039243EAE37302340593DFF8C0A029
:1087B000217803225046F7F713FD38B1049BA0EB54
:1087C0000A004022824013430134049314F8011B31
:1087D00024488DF828100622F7F702FD002836D02D
:1087E000214B1BBB039B073323F007030833039381
:1087F000099B334409936AE70CFB02320C460120C3
:10880000A8E700230134059319464FF00A0C2046CF
:1088100010F8012B303A092A03D9002BC6D0059154
:10882000C4E70CFB012104460123F0E703AB0093EE
:108830002A460E4B04A93846AFF30080421C064678
:10884000D6D1AB895B063FF52DAF09982CE703AB7A
:1088500000932A46054B04A9384600F079F8EDE765
:10886000940901089E09010800000000C585000860
:108870009A0901082DE9F047164698468A680B695F
:10888000DDF820909342B8BF1346336091F843203F
:1088900007460C460AB1013333602368990642BF8C
:1088A000336802333360256815F0060506D104F1FC
:1088B000190AE36832689B1AAB4226DC94F843300D
:1088C0002268003B18BF012392062BD404F1430217
:1088D00041463846C84701301ED02368226903F05C
:1088E0000603042B02BFE5683368ED1AA3680CBFCA
:1088F00025EAE57500259342C4BF9B1AED180026B2
:108900001A34B5421AD1002008E0012352464146EC
:108910003846C847013003D14FF0FF30BDE8F0873B
:108920000135C6E7E1185A1C302081F84300224483
:1089300094F8451082F843100233C7E7012322461A
:1089400041463846C8470130E6D00136D9E7000035
:108950002DE9FF470F7E0C9E782F914680460C46EE
:108960009A4601F1430207D8622F0AD8002F00F07F
:10897000D180582F00F0B88004F1420684F842708C
:108980003AE0A7F16303152BF6D801A151F823F0C3
:10899000E9890008FD8900087989000879890008BB
:1089A0007989000879890008FD890008798900081B
:1089B000798900087989000879890008FB8A00080C
:1089C000278A0008B58A0008798900087989000893
:1089D0001D8B000879890008278A0008798900081A
:1089E00079890008BD8A000833681A1D1B68326047
:1089F00004F1420684F8423001239CE03368206889
:108A0000191D3160060601D51D6803E04506FBD53A
:108A1000B3F90050002D03DA2D236D4284F8433062
:108A200058480A2311E021683368080653F8045BAC
:108A300002D4490648BFADB26F2F5248336014BF0D
:108A40000A230823002184F843106668A660002EDC
:108A500005DB21682E4321F0040121604BD016462E
:108A6000B5FBF3F103FB1157C75D06F8017D2F46F7
:108A7000BB420D46F4D9082B0BD12368DF0708D57C
:108A8000236961689942DEBF302306F8013C06F194
:108A9000FF36921B2261CDF800A04B4603AA214667
:108AA0004046FFF7E7FE01304AD14FF0FF3004B0F7
:108AB000BDE8F087236843F020032360324878271D
:108AC00084F84570236831681F0651F8045B02D4AE
:108AD0005F0648BFADB23160D90744BF43F0200301
:108AE00023601DB11023ADE72648E9E7236823F092
:108AF00020032360F6E71646BDE733682568616901
:108B0000181D30602E061B6801D5196002E068064A
:108B1000FBD51980002323611646BCE733681A1D74
:108B200032601E68626800213046F7F759FB08B1D1
:108B3000801B606063682361002384F84330AAE7E8
:108B40002369324649464046D0470130ADD02368BC
:108B50009B0713D4E068039B9842B8BF1846A6E76A
:108B60000123324649464046D04701309DD0013569
:108B7000E36803995B1AAB42F2DCEBE7002504F1F2
:108B80001906F5E7A5090108B6090108884210B5DC
:108B900001EB020402D98442234607D8431EA142B6
:108BA00008D011F8012B03F8012FF8E70244014621
:108BB0008A4200D110BD13F8014D02F8014DF7E7CC
:108BC00038B5064D0023044608462B60F8F77EFDB5
:108BD000431C02D12B6803B1236038BD140300206D
:108BE0000A44914200F1FF3300D1704710B511F8EB
:108BF000014B03F8014F9142F9D110BD2DE9F0412D
:108C0000074614460D4621B9BDE8F0411146FFF76D
:108C10004DBC2AB9FFF7DEFB25462846BDE8F081AA
:108C200000F01AF88442064602D8B4EB500FF4D88C
:108C300021463846FFF73AFC804608B94546ECE73E
:108C4000B4422246294628BF3246FFF7C9FF2946CB
:108C50003846FFF7BFFBF1E751F8043C181F002B23
:108C6000BCBF0B58C0187047F8B500BFF8BC08BCB3
:108C70009E467047F8B500BFF8BC08BC9E467047DA
:108C80004C43442052656164792100000033003474
:108C9000003A004A005C008100A600E5011301547F
:108CA000018201CA0200020102340267028402A4A6
:108CB00002B702CF02DE02F202FE03100333036D9D
:108CC000000000000000000001020304060708097C
:108CD000000000000102030400000000000000008A
:108CE00000000000000000003F4000000000000005
:108CF00000003000400030004000000009000BC0C0
:108D00003D000BC03D00090018C024407FE0224018
:108D100031800000180024C01B000D80324001800B
:108D200003801C4027401C8007400040100060006A
:108D300000000000000000000000000000001F8094
:108D4000204040200000402020401F800000000004
:108D5000090006001F80060009000000040004004E
:108D60003F800400040000000010006000000000CC
:108D700000000000040004000400040004000000DF
:108D8000000000400000000000000000002001C0C2
:108D900006003800400000001F8020402040204096
:108DA0001F800000000010403FC000400000000095
:108DB00018C021402240244018400000108020406C
:108DC000244024401B80000002000D0011003FC021
:108DD000014000003C8024402440244023800000C7
:108DE0001F802440244034400380000030002000D5
:108DF00027C03800200000001B802440244024406D
:108E00001B8000001C0022C0224022401F80000066
:108E1000000000000840000000000000000000000A
:108E20000460000000000000000004000A001100BF
:108E300020804040090009000900090009000000E5
:108E400000004040208011000A00040018002000AB
:108E500023402400180000001F80204027402940A4
:108E60001F400000004007C039000F0001C0004053
:108E700020403FC0244024401B8000001F80204031
:108E8000204020403080000020403FC02040204053
:108E90001F80000020403FC024402E4030C0000012
:108EA00020403FC024402E00300000000F00108002
:108EB000204022403380020020403FC004000400D4
:108EC0003FC02040204020403FC0204020400000C4
:108ED0000060202020203FC02000200020403FC014
:108EE00024400B0030C0204020403FC020400040C4
:108EF000004000C03FC03C0003C03C003FC0000039
:108F000020403FC00C4023003FC020001F80204075
:108F1000204020401F80000020403FC0244024000B
:108F2000180000001F802140214020E01FA0000009
:108F300020403FC02440260019C0004018C02440F3
:108F40002440224031800000300020403FC02040BB
:108F50003000000020003F80004000403F802000A3
:108F600020003E0001C0070038002000380007C084
:108F70003C0007C038000000204039C0060039C05E
:108F8000204000002000384007C03840200000008A
:108F9000304021C02640384020C0000000000000C2
:108FA0007FE0402040200000000070000C000380A3
:108FB000004000000000402040207FE00000000052
:108FC0000000200040002000000000000010001001
:108FD0000010001000100010000000004000000011
:108FE00000000000000002800540054003C0004072
:108FF00020003FC0044004400380000000000380C4
:109000000440044006400000000003800440244067
:109010003FC00040000003800540054003400000C1
:10902000000004401FC0244024402000000002E053
:10903000055005500650042020403FC00440040065
:1090400003C000400000044027C0004000000000B2
:1090500000100010041027E00000000020403FC076
:109060000140070004C00440204020403FC00040B1
:109070000040000007C0040007C0040003C0000057
:10908000044007C00440040003C000400000038007
:109090000440044003800000041007F00450044022
:1090A00003800000000003800440045007F000101B
:1090B000044007C002400400040000000000064015
:1090C0000540054004C00000000004001F8004406B
:1090D00000400000040007800040044007C000403A
:1090E0000400070004C0018006000400060001C05F
:1090F000070001C006000000044006C0010006C0D1
:10910000044000000410071004E001800600040081
:109110000000044005C006400440000000000000BC
:1091200004007BE040200000000000000000FFF091
:1091300000000000000040207BE004000000000070
:10914000400080004000200020004000000000009F
:10915000000000000000000000000000000000000F
:1091600000001FCC000C0000000000000000080000
:10917000300060000800300060000000022003FCA6
:109180001E20022003FC1E200220000000000E18FA
:1091900011043FFF10840C78000000000F001084C1
:1091A0000F3800C0077818840078000000780F841A
:1091B00010C411240E9800E4008400080800680020
:1091C000700000000000000000000000000000002F
:1091D000000007E0181820044002000000004002D0
:1091E0002004181807E000000000000002400240C0
:1091F00001800FF0018002400240000000800080EA
:1092000000800FF800800080008000000001000D49
:10921000000E0000000000000000000000000080C0
:109220000080008000800080008000800000000C32
:10923000000C00000000000000000000000000061C
:10924000001800600180060018002000000007F0F0
:10925000080810041004080807F0000000000804C3
:1092600008041FFC000400040000000000000E0CB5
:1092700010141024104411840E0C000000000C186F
:1092800010041104110412880C700000000000E0AA
:109290000320042408241FFC0024000000001F9861
:1092A000108411041104108810700000000007F0F1
:1092B00008881104110418880070000000001C00C8
:1092C000100010FC13001C001000000000000E38FD
:1092D00011441084108411440E380000000007006F
:1092E000088C10441044088807F0000000000000BB
:1092F0000000030C030C0000000000000000000050
:1093000000010106000000000000000000000080D5
:10931000014002200410080810040000022002206E
:10932000022002200220022002200000000010047F
:1093300008080410022001400080000000000E0018
:109340001200100C106C10800F00000003E00C18CD
:1093500013E4142417C4082807D000000004003CBC
:1093600003C41C40074000E4001C000410041FFC60
:109370001104110411040E880070000003E00C18A1
:1093800010041004100410081C10000010041FFC2E
:10939000100410041004080807F0000010041FFC5B
:1093A0001104110417C410040818000010041FFC55
:1093B0001104110017C010000800000003E00C1891
:1093C0001004100410441C780040000010041FFC1E
:1093D00010840080008010841FFC10040000100422
:1093E00010041FFC10041004000000000003000122
:1093F000100110011FFE10001000000010041FFCDF
:10940000110403801464181C1004000010041FFCD5
:109410001004000400040004000C000010041FFCF1
:109420001F0000FC1F001FFC1004000010041FFCA4
:109430000C04030000E010181FFC100007F00808DF
:10944000100410041004080807F0000010041FFCAA
:1094500010841080108010800F00000007F00818A2
:1094600010241024101C080A07F2000010041FFC2E
:109470001104110011C011300E0C000400000E1C6C
:1094800011041084108410441C38000018001000CF
:1094900010041FFC100410001800000010001FF83A
:1094A00010040004000410041FF8100010001E0037
:1094B00011E0001C007013801C0010001FC0103C45
:1094C00000E01F0000E0103C1FC000001004180C5A
:1094D000163401C001C01634180C100410001C0012
:1094E000130400FC13041C00100000000804101CEE
:1094F0001064108413041C04101800000000000005
:1095000000007FFE400240024002000000003000E8
:109510000C0003800060001C0003000000004002FB
:10952000400240027FFE000000000000000000003A
:109530002000400040004000200000000001000129
:1095400000010001000100010001000100004000D5
:109550004000200000000000000000000000009813
:10956000012401440144014400FC000410001FFCDC
:1095700000880104010400880070000000000070F1
:10958000008801040104010400880000000000704C
:1095900000880104010411081FFC0004000000F809
:1095A000014401440144014400C8000000000104DA
:1095B00001040FFC1104110411001800000000D672
:1095C00001290129012901C90106000010041FFC1D
:1095D000008401000100010400FC000400000104FB
:1095E000190419FC0004000400000000000000033E
:1095F00000010101190119FE0000000010041FFC08
:109600000024004001B4010C01040000000010041B
:1096100010041FFC0004000400000000010401FC11
:109620000104010001FC0104010000FC010401FC33
:10963000008401000100010400FC0004000000F8A7
:10964000010401040104010400F80000010101FF0C
:109650000085010401040088007000000000007013
:10966000008801040104010501FF00010104010457
:1096700001FC00840104010001800000000000CC16
:1096800001240124012401240198000000000100AC
:10969000010007F80104010400000000010001F8C6
:1096A000000400040004010801FC00040100018022
:1096B0000170000C001001600180010001F0010C3C
:1096C000003001C00030010C01F001000000010475
:1096D000018C00740170018C010400000101018102
:1096E0000171000E0018016001800100000001847A
:1096F000010C013401440184010C00000000000051
:109700000000000001003EFC40024002000000009A
:1097100000000000FFFF0000000000000000400209
:1097200040023EFC0100000000000000000060005C
:109730008000800040004000200020000000000069
:109740000000000000000000000000000000000019
:109750000000000000000000000000000000000009
:109760000000000000000000000000000000000FEA
:1097700080380FFE380F8038000000000000000025
:1097800000000000000000000000010000060000D2
:109790000C00003800003100000600000C0000380A
:1097A0000000300000000000000000006180006741
:1097B000F807F980006180006180006180006180AD
:1097C0000067F807F98000618000000000000000D9
:1097D000000001C0E003E0F00630080418081FFF95
:1097E000FE040E080787F00381E00000000000007F
:1097F00001F000060C00040408060C7001F9C0001A
:109800000E00003BE000EC18070808040C180003E9
:10981000E00000000001E00007F003F818041C0855
:1098200004170807E1D003C0E00023B0003C0800A3
:1098300020080000100000000000000100003100BE
:10984000003200001C0000000000000000000000CA
:109850000000000000000000000000000000000008
:109860000000000000000000000000007F0001FF79
:10987000C00780F00C001810000420000200000057
:109880000000002000021000040C00180780F00106
:10989000FFC0007F0000000000000000000000008A
:1098A00000000000000000004200006600006600AA
:1098B000003C0000180003FFC0001800003C00003E
:1098C000660000660000420000000000080000087A
:1098D0000000080000080000080001FFC0000800A8
:1098E0000008000008000008000008000000000058
:1098F000000100003100003200001C0000000000E8
:109900000000000000000000000000000000000057
:109910000000000008000008000008000008000027
:109920000800000800000800000800000800000807
:1099300000000000000000000000000038000038B7
:1099400000003800000000000000000000000000DF
:109950000000000000000000000000000006000001
:109960001C000070000180000E0000380000C000E4
:109970000700001C00003000000000000000000094
:109980007F8001FFE00380700600180400080400D7
:109990000806001803807001FFE0007F80000000CF
:1099A0000000000000000100080100080100080399
:1099B000FFF807FFF800000800000800000800009A
:1099C0000000000000000001C03802C058040098E8
:1099D000040118040218040418061C1803F81801DE
:1099E000E0F800000000000000000001C0E003C03B
:1099F000F004000804080804080806180803F4180E
:109A000001E7F00001E0000000000000000000009D
:109A10000300000D00001100006100008108030137
:109A20000807FFF80FFFF800010800010800000018
:109A30000000000000E007FCD00608080610080639
:109A40001008061008061838060FF00607C00000B8
:109A500000000000000000003F8001FFE0038430B0
:109A6000020818041008041008041008071810034E
:109A70000FF00007C000000000000000000003C05D
:109A8000000700000600000600F80607F8061800A8
:109A900006E00007000006000000000000000001D2
:109AA000E1E003F7F0063410041808041808040C69
:109AB00008040C0806161803F3F001C1E0000000CA
:109AC00000000000F80003FC30030638040208041C
:109AD00002080402080404100308F001FFC0007F1C
:109AE0000000000000000000000000000000000076
:109AF000000000007038007038007038000000006E
:109B00000000000000000000000000000000000055
:109B10000000000000000000301A00301C000000AF
:109B20000000000000000000000000000000000035
:109B30000000000800001400002200004100008026
:109B4000800100400200200400100800080000000E
:109B50000000000021000021000021000021000081
:109B6000210000210000210000210000210000212F
:109B700000000000000000000000080008040010C1
:109B8000020020010040008080004100002200000F
:109B9000140000080000000000000003C00004C022
:109BA00000040000080038080F38080838081000C2
:109BB0000C300007E00003C00000000000000000BF
:109BC0003F8000FFE0038070020F1006708804C021
:109BD00088048308047F8802C09003012000FE40AF
:109BE0000000080000180001F8003E0801C200074C
:109BF000020007E20000FE00001FC80001F800009C
:109C00003800000804000807FFF807FFF8040808F8
:109C100004080804080804080806180803F41801D2
:109C2000E7F00001E0000000000000003F8001FFBD
:109C3000E003807002001804000804000804000813
:109C40000400100600200780C00000000400080780
:109C5000FFF807FFF80400080400080400080400E7
:109C60001802001003807001FFE0007F80000000F8
:109C700004000807FFF807FFF804080804080804B0
:109C80000808040808043E0804000806001801003B
:109C90006000000004000807FFF807FFF804080848
:109CA000040800040800040800043E000600000642
:109CB0000000018000000000000000003F8001FF64
:109CC000E00380700600180400080402080402087B
:109CD0000203F00783F000020000020004000807FE
:109CE000FFF807FFF8040808000800000800000853
:109CF0000000080004080807FFF807FFF804000840
:109D00000000000000000400080400080400080728
:109D1000FFF807FFF804000804000804000800002A
:109D20000000000000000000000600000700000125
:109D300004000104000104000307FFFE07FFFC0408
:109D4000000004000004000004000807FFF807FFFB
:109D5000F8040C08001800003E0004C7800503C882
:109D60000600F80400380400180000080400080782
:109D7000FFF807FFF80400080000080000080000D2
:109D80000800000800000800001800006000000043
:109D900004000807FFF807800807FC00007FC000E8
:109DA00003F80007C000780007800807FFF807FFE6
:109DB000F804000804000807FFF807000803C000C3
:109DC00000E000003800001E000007000001C00491
:109DD00000F007FFF8040000000000007F8001FF92
:109DE000E00380700600180400080400080600184C
:109DF00003003001FFE0007F80000000040008073E
:109E0000FFF807FFF8040408040400040400040435
:109E100000040400060C0003F80001F0000000003C
:109E2000000000007F8001FFE003807006008804CE
:109E300000880400C806003C03003E01FFE6007FE6
:109E40008400000004000807FFF807FFF804080872
:109E5000040800040C00040F00040BC00610F003FB
:109E6000F03801E00800000800000001E0F803F00D
:109E700030063010041808041808040C08040C08F4
:109E80000206180207F00781E000000001800006CA
:109E9000000004000004000004000807FFF807FFAA
:109EA000F80400080400000400000600000180001F
:109EB00004000007FFE007FFF0040018000008009E
:109EC000000800000800000800000804001007FF58
:109ED000E004000004000006000007E00007FE00A8
:109EE000041FE00001F80000380001E0043E000714
:109EF000C00006000004000004000007E00007FFA7
:109F0000C0041FF80007C007F80007FF80043FF8EF
:109F10000007C004F800070000040000000000046F
:109F2000000806001807C07805F1C8003E00001FB1
:109F3000800463E80780F8060018040008000000A9
:109F400004000006000007800007E008047C080009
:109F50001FF80007F800180804E0080700000600D2
:109F6000000400000000000100080600380400F8AA
:109F70000403E8040F08047C0805F00807C008077C
:109F80000018040060000000000000000000000055
:109F9000000000000000003FFFFE20000220000241
:109FA000200002200002200002000000000000004B
:109FB000000008000007000000C000003800000694
:109FC000000001C000003000000E00000100000091
:109FD00000000000000020000220000220000220FB
:109FE00000022000023FFFFE000000000000000011
:109FF0000000000000000000000000000008000059
:10A0000010000030000020000030000010000008A8
:10A01000000000000000000000000100000100003E
:10A02000010000010000010000010000010000012A
:10A03000000001000001000001000001000000001C
:10A0400000000000002000002000001000001000B0
:10A050000000000000000000000000000000000000
:10A060000000000000F00019F8001B180022080092
:10A070002608002408002410003FF8001FF8000004
:10A080000800001800000004000007FFF80FFFF0B0
:10A0900000181800100800200800200800301800E0
:10A0A0001FF0000FC00000000000000007C0001FEC
:10A0B000F0001830002008002008002008003C08AC
:10A0C000001C100000600000000000000000000004
:10A0D00007C0001FF00038180020080020080020EA
:10A0E0000804101007FFF80FFFF000001000000038
:10A0F0000000000000000007C0001FF00012300048
:10A100002218002208002208003208001E10000E4B
:10A1100020000000000000002000002008002008AF
:10A1200001FFF803FFF806200804200804200807B0
:10A13000200003000000000000000000000E000EE0
:10A140006E001FF30031B10020B10020B100319149
:10A15000001F13002E1E00200E003000000000041F
:10A16000000807FFF80FFFF800100800200000208B
:10A1700000002008003FF8001FF800000800000061
:10A180000000000000000020080020080020080651
:10A190003FF8063FF8000008000008000008000033
:10A1A00000000000000000000000000003000003A9
:10A1B000002001002001002003063FFE063FFC00B6
:10A1C000000000000000000000000004000807FF7D
:10A1D000F80FFFF8000188000300002FC00038F8D6
:10A1E00000203800200800000800000000000000E7
:10A1F000000004000804000804000807FFF80FFF2F
:10A20000F80000080000080000080000000000003E
:10A21000002008003FF8003FF80010080020000070
:10A220003FF8003FF8001008002000003FF8003F12
:10A23000F8000008000000002008003FF8003FF888
:10A24000001008001000002000002008003FF80067
:10A250001FF80000080000000000000007C0000F09
:10A26000F0001830003008002008002008003008F6
:10A27000001830000FF00007C000000000000000D0
:10A280002001003FFF003FFF0010110020090020C7
:10A2900008002008003038001FF0000FC000000048
:10A2A0000000000007C0001FF00038180020080060
:10A2B0002008002009001011001FFF003FFF0000D0
:10A2C00001000000002008002008002008003FF8DE
:10A2D000003FF800080800100800200800200000D7
:10A2E0003000003000000000000000000000000C02
:10A2F00078001E1800330800230800210800218878
:10A300000021980030F000386000000000000000DC
:10A31000200000200000200000FFF003FFF80020D4
:10A3200008002008002008000030000000000000A5
:10A33000000000002000003FF0007FF8000018003F
:10A340000008000008002010003FF8007FF0000027
:10A3500010000000000000002000003000003C0061
:10A36000003F800023F00000780000700023800090
:10A370003C00003000002000002000003C00003FB6
:10A38000E00023F80000E0002700003E00003FE06E
:10A390000021F80001E0003E000020000000000065
:10A3A0002008002008003838003E6800278000039D
:10A3B000C8002CF8003838002018002008000000E1
:10A3C000000000002000003003003C01003F83003B
:10A3D00023EC000070002380003C000020000020DF
:10A3E00000000000000000000000003808002038D5
:10A3F0000020F80023E8002F88003E0800380800FD
:10A4000020180000700000000000000000000000A4
:10A41000000000000000000008000014001FF7FC0E
:10A4200030000620000200000000000000000000D4
:10A430000000000000000000000000000000FFFF1E
:10A44000FF0000000000000000000000000000000D
:10A450000000000000002000023000061FF7FC0092
:10A4600014000008000000000000000000000000D0
:10A470000000000000000018000060000040000024
:10A48000400000200000100000080000040000044C
:10A4900000000C00001000000000000000000000A0
:10A4A00000000000000000000000000000000000AC
:10A4B000000000000000000000000000000000009C
:10A4C000000000000000000000000000000000008C
:10A4D000000000000000000000000000000000007C
:10A4E000000000000000000000000000000000006C
:10A4F000000000000000000000000000000000005C
:10A50000000000000000000000000000000000004B
:10A51000000000000000000000000000000000003B
:10A52000000000000000000000000000000000002B
:10A5300007F000C007FFE1E007F001E0000000C005
:10A54000000000000000000000000000000000000B
:10A5500000000000000000000000000000000000FB
:10A5600000000000000000000000000000000000EB
:10A5700000000000000000000000000000000000DB
:10A5800000000000000000000000000000000000CB
:10A5900000000000000000000000000000000000BB
:10A5A0000020000001C00000078000001F00000024
:10A5B0001E0000001C20000001C0000007800000F9
:10A5C0001F0000001E0000001C0000000000000032
:10A5D000000000000000000000000000000000007B
:10A5E000000000000000000000000000000000006B
:10A5F000000000000000000000000000000000005B
:10A60000000000000000000000000000000000004A
:10A6100000000000000000000000000000180C0016
:10A6200000180C0000180FE0001FFC0003F80C00DD
:10A6300000180C0000180C0000180C0000180C008A
:10A6400000180FE0001FFC0003F80C0000180C00BD
:10A6500000180C00000000000000000000000000D6
:10A6600000000000000000000000000000000000EA
:10A6700000000000000000000000000000000000DA
:10A6800000000000000000000000000000000000CA
:10A6900000000000000000000000000000000000BA
:10A6A00000000780007807C000FC0640010E002073
:10A6B00003070020020380200FFFFFFC0201C020DF
:10A6C0000200E0600130704001F03F8000F01F00A8
:10A6D000000000000000000000000000000000007A
:10A6E000000000000000000000000000000000006A
:10A6F000000000000000000000000000000000005A
:10A700000000000000000000000000000000000049
:10A71000000000000000000000FE000001FF00003B
:10A720000301800002008060030181C001FF070077
:10A7300000FE18000000E0000003BF00000CFFC096
:10A740000071806001C10020030180600000FFC033
:10A7500000003F00000000000000000000000000BA
:10A7600000000000000000000000000000000000E9
:10A7700000000000000000000000000000000000D9
:10A7800000000000000000000000000000000000C9
:10A79000000000000000000000001F0000007FC05B
:10A7A00000FCC0C001FF80600303E02002027820AB
:10A7B00002061E2003FC074001F00380000103C0D5
:10A7C00000011C600001E0200001002000010040A9
:10A7D00000000180000000000000000000000000F8
:10A7E0000000000000000000000000000000000069
:10A7F0000000000000000000000000000000000059
:10A800000000000000000000000000000000000048
:10A810000000000000000000000000000020000018
:10A820001C6000001C4000001F8000000F000000A2
:10A830000000000000000000000000000000000018
:10A840000000000000000000000000000000000008
:10A8500000000000000000000000000000000000F8
:10A8600000000000000000000000000000000000E8
:10A8700000000000000000000000000000000000D8
:10A8800000000000000000000000000000000000C8
:10A8900000000000000000000000000000000000B8
:10A8A00000000000000000000000000000000000A8
:10A8B000000000000007F800003FFF00007807C01C
:10A8C00001C000E00300003004000008080000049C
:10A8D0001000000200000000000000000000000066
:10A8E0000000000000000000000000000000000068
:10A8F0000000000000000000000000000000000058
:10A900000000000000000000000000000000000047
:10A910000000000000000000000000001000000225
:10A9200008000004040000080300003001C000E03B
:10A93000007807C0003FFF000007F800000000009B
:10A940000000000000000000000000000000000007
:10A9500000000000000000000000000000000000F7
:10A9600000000000000000000000000000000000E7
:10A9700000000000000000000000000000000000D7
:10A9800000000000000000000000000000000000C7
:10A9900000000000000000000000000000000000B7
:10A9A000000C1800000E3800000E380000063000C1
:10A9B000000360000061438000FFFF8000614300EE
:10A9C0000003600000063000000E3800000E380062
:10A9D000000C180000000000000000000000000053
:10A9E0000000000000000000000000000000000067
:10A9F0000000000000000000000000000000000057
:10AA00000000000000000000000000000000000046
:10AA10000000000000000000000000000000000036
:10AA20000000800000008000000080000000800026
:10AA30000000800000008000007FFF000000800018
:10AA40000000800000008000000080000000800006
:10AA50000000800000000000000000000000000076
:10AA600000000000000000000000000000000000E6
:10AA700000000000000000000000000000000000D6
:10AA800000000000000000000000000000000000C6
:10AA900000000000000000000000000000000001B5
:10AAA000000000E3000000E2000000FC000000786D
:10AAB0000000000000000000000000000000000096
:10AAC0000000000000000000000000000000000086
:10AAD0000000000000000000000000000000000076
:10AAE0000000000000000000000000000000000066
:10AAF0000000000000000000000000000000000056
:10AB00000000000000000000000000000000000045
:10AB100000000000000000000000000000008000B5
:10AB20000000800000008000000080000000800025
:10AB30000000800000008000000080000000800015
:10AB40000000800000008000000080000000800005
:10AB50000000800000000000000000000000000075
:10AB600000000000000000000000000000000000E5
:10AB700000000000000000000000000000000000D5
:10AB800000000000000000000000000000000000C5
:10AB900000000000000000000000000000000000B5
:10ABA000000000C0000001E0000001E0000000C063
:10ABB0000000000000000000000000000000000095
:10ABC0000000000000000000000000000000000085
:10ABD0000000000000000000000000000000000075
:10ABE0000000000000000000000000000000000065
:10ABF0000000000000000000000000000000000055
:10AC00000000000000000000000000000000000044
:10AC10000000000000000000000000000000000C28
:10AC200000000038000000E00000038000000E007B
:10AC3000000038000000E00000038000000E00006B
:10AC40000038000000E00000038000000E0000005B
:10AC500018000000000000000000000000000000DC
:10AC600000000000000000000000000000000000E4
:10AC700000000000000000000000000000000000D4
:10AC800000000000000000000000000000000000C4
:10AC900000000000000000000000000000000000B4
:10ACA000000FF800007FFF0000F00780018000C067
:10ACB00003000060020000200200002002000020CB
:10ACC00003000060018000C000E00380007FFF00FF
:10ACD000000FF8000000000000000000000000006D
:10ACE0000000000000000000000000000000000064
:10ACF0000000000000000000000000000000000054
:10AD00000000000000000000000000000000000043
:10AD10000000000000000000000000000000000033
:10AD20000000000000800020008000200080002043
:10AD30000080006001FFFFE003FFFFE00000006013
:10AD400000000020000000200000002000000000A3
:10AD500000000000000000000000000000000000F3
:10AD600000000000000000000000000000000000E3
:10AD700000000000000000000000000000000000D3
:10AD800000000000000000000000000000000000C3
:10AD900000000000000000000000000000000000B3
:10ADA000007800E000980160010002600200046089
:10ADB0000200086002001060020020600200406093
:10ADC000030080600183006001FE00E0007C0780DA
:10ADD0000000000000000000000000000000000073
:10ADE0000000000000000000000000000000000063
:10ADF0000000000000000000000000000000000053
:10AE00000000000000000000000000000000000042
:10AE10000000000000000000000000000000000032
:10AE200000F0078001F007C0010000400200002090
:10AE30000201002002010020020100200303802003
:10AE40000186804001FCC0C000787F8000001E00A9
:10AE500000000000000000000000000000000000F2
:10AE600000000000000000000000000000000000E2
:10AE700000000000000000000000000000000000D2
:10AE800000000000000000000000000000000000C2
:10AE900000000000000000000000000000000800AA
:10AEA000000038000000480000018800000608008B
:10AEB000000C0810003008100040081001FFFFF0DF
:10AEC00003FFFFF003FFFFF0000008100000081070
:10AED000000008100000000000000000000000005A
:10AEE0000000000000000000000000000000000062
:10AEF0000000000000000000000000000000000052
:10AF00000000000000000000000000000000000041
:10AF10000000000000000000000000000000000031
:10AF200000000780001F864003E10020030200208C
:10AF30000304002003040020030400200304002075
:10AF400003060040030301C00301FF8003007E00ED
:10AF500000000000000000000000000000000000F1
:10AF600000000000000000000000000000000000E1
:10AF700000000000000000000000000000000000D1
:10AF800000000000000000000000000000000000C1
:10AF900000000000000000000000000000000000B1
:10AFA0000007FC00003FFF000070C380008180C0EC
:10AFB00001010060030200200202002002020020C2
:10AFC000020200200203004001C180C000C0FF80D7
:10AFD00000007E00000000000000000000000000F3
:10AFE0000000000000000000000000000000000061
:10AFF0000000000000000000000000000000000051
:10B000000000000000000000000000000000000040
:10B010000000000000000000000000000000000030
:10B0200000F0000003C000000380000003000000E7
:10B03000030007E003003FE00301C0000306000037
:10B0400003180000036000000380000003000000FC
:10B0500000000000000000000000000000000000F0
:10B0600000000000000000000000000000000000E0
:10B0700000000000000000000000000000000000D0
:10B0800000000000000000000000000000000000C0
:10B0900000000000000000000000000000001F0091
:10B0A00000783F8000FC60C0018EC0400307802014
:10B0B0000203002002018020020180200201C02042
:10B0C0000301E040018670C000FC3F8000781F0053
:10B0D0000000000000000000000000000000000070
:10B0E0000000000000000000000000000000000060
:10B0F0000000000000000000000000000000000050
:10B10000000000000000000000000000000000003F
:10B11000000000000000000000000000003F0000F0
:10B1200000FF81C001C0C1C00100602002002020DA
:10B13000020020200200202002002060020040C007
:10B140000100C18000C18F00007FFE00001FF000E1
:10B1500000000000000000000000000000000000EF
:10B1600000000000000000000000000000000000DF
:10B1700000000000000000000000000000000000CF
:10B1800000000000000000000000000000000000BF
:10B1900000000000000000000000000000000000AF
:10B1A000000000000000000000000000000000009F
:10B1B000000300C0000781E0000781E0000300C039
:10B1C000000000000000000000000000000000007F
:10B1D000000000000000000000000000000000006F
:10B1E000000000000000000000000000000000005F
:10B1F000000000000000000000000000000000004F
:10B20000000000000000000000000000000000003E
:10B21000000000000000000000000000000000002E
:10B22000000000000000000000000000000000001E
:10B230000006006600060078000000000000000024
:10B2400000000000000000000000000000000000FE
:10B2500000000000000000000000000000000000EE
:10B2600000000000000000000000000000000000DE
:10B2700000000000000000000000000000000000CE
:10B2800000000000000000000000000000000000BE
:10B2900000000000000000000000000000000000AE
:10B2A000000080000001C0000003600000063000C4
:10B2B000000C180000180C000030060000600300AD
:10B2C00000C00180010000400200002004000010C6
:10B2D000000000000000000000000000000000006E
:10B2E000000000000000000000000000000000005E
:10B2F000000000000000000000000000000000004E
:10B30000000000000000000000000000000000003D
:10B310000000000000000000000000000004100019
:10B3200000041000000410000004100000041000CD
:10B3300000041000000410000004100000041000BD
:10B3400000041000000410000004100000041000AD
:10B3500000041000000000000000000000000000D9
:10B3600000000000000000000000000000000000DD
:10B3700000000000000000000000000000000000CD
:10B3800000000000000000000000000000000000BD
:10B3900000000000000000000000000000000000AD
:10B3A00004000010020000200100004000C00180E5
:10B3B000006003000030060000180C00000C1800AC
:10B3C00000063000000360000001C00000008000A3
:10B3D000000000000000000000000000000000006D
:10B3E000000000000000000000000000000000005D
:10B3F000000000000000000000000000000000004D
:10B40000000000000000000000000000000000003C
:10B41000000000000000000000000000000000002C
:10B420000078000001F8000002380000020000006F
:10B43000040000C0040079E0040081E0040100C0C1
:10B4400004030000020200000306000001FC0000EB
:10B4500000F80000000000000000000000000000F4
:10B4600000000000000000000000000000000000DC
:10B4700000000000000000000000000000000000CC
:10B4800000000000000000000000000000000000BC
:10B49000000000000000000000000000000FF800A5
:10B4A000003FFE000070078000C000C00101F840AE
:10B4B0000307FC20021E0420023008200220302056
:10B4C000023FFC20013F044001800CC000E03180BD
:10B4D000001FC2000000000000000000000000008B
:10B4E000000000000000000000000000000000005C
:10B4F000000000000000000000000000000000004C
:10B50000000000000000000000000000000000003B
:10B5100000000000000000000000002000000060AB
:10B52000000003E000003E200003E020003E200079
:10B5300003E020000380200007FC2000003FE00023
:10B540000003FE2000003FE0000001E000000020BA
:10B5500000000020000000000000000000000000CB
:10B5600000000000000000000000000000000000DB
:10B5700000000000000000000000000000000000CB
:10B5800000000000000000000000000000000000BB
:10B590000000000000000000000000000200002089
:10B5A0000200002003FFFFE003FFFFE00201002094
:10B5B00002010020020100200201002002010020FF
:10B5C000030300200186806001FCC0C000F87F807A
:10B5D00000001F000000000000000000000000004C
:10B5E000000000000000000000000000000000005B
:10B5F000000000000000000000000000000000004B
:10B60000000000000000000000000000000000003A
:10B610000000000000000000000000000007F8002B
:10B62000003FFF000070078000C000C00100004024
:10B630000300002002000020020000200200002081
:10B640000200002001000040018000C003C0018012
:10B6500000300600000000000000000000000000B4
:10B6600000000000000000000000000000000000DA
:10B6700000000000000000000000000000000000CA
:10B6800000000000000000000000000000000000BA
:10B690000000000000000000000000000200002088
:10B6A0000200002003FFFFE003FFFFE00200002094
:10B6B00002000020020000200200002003000060C1
:10B6C00001000040018000C000F00780007FFE0004
:10B6D000000FF80000000000000000000000000063
:10B6E000000000000000000000000000000000005A
:10B6F000000000000000000000000000000000004A
:10B700000000000000000000000000000000000039
:10B710000000000000000000000000000200002007
:10B720000200002003FFFFE003FFFFE00201002012
:10B73000020100200201002002010020020100207D
:10B7400002038020020FE0200300006003C000E03D
:10B750000060030000000000000000000000000086
:10B7600000000000000000000000000000000000D9
:10B7700000000000000000000000000000000000C9
:10B7800000000000000000000000000000000000B9
:10B790000000000000000000000000000200002087
:10B7A0000200002003FFFFE003FFFFE00201002092
:10B7B000020100200201000002010000020100005D
:10B7C0000201000002038000030FE00003000000FC
:10B7D00003C0000000600000000000000000000046
:10B7E0000000000000000000000000000000000059
:10B7F0000000000000000000000000000000000049
:10B800000000000000000000000000000000000038
:10B810000000000000000000000000000007F80029
:10B82000003FFE000070078001C001C00100004021
:10B83000030000200200002002000020020000207F
:10B84000010020200100204003C03F8000303F80E5
:10B8500000002000000020000000000000000000A8
:10B8600000000000000000000000000000000000D8
:10B8700000000000000000000000000000000000C8
:10B8800000000000000000000000000000000000B8
:10B890000000000000000000020000200200002064
:10B8A00003FFFFE003FFFFE0020080200200802092
:10B8B0000000800000008000000080000200802066
:10B8C0000200802003FFFFE003FFFFE002000020F2
:10B8D0000200002000000000000000000000000046
:10B8E0000000000000000000000000000000000058
:10B8F0000000000000000000000000000000000048
:10B900000000000000000000000000000000000037
:10B910000000000000000000000000000000000027
:10B9200000000000020000200200002002000020B1
:10B930000200002003FFFFE003FFFFE00200002001
:10B940000200002002000020020000200000000091
:10B9500000000000000000000000000000000000E7
:10B9600000000000000000000000000000000000D7
:10B9700000000000000000000000000000000000C7
:10B9800000000000000000000000000000000000B7
:10B990000000000000000000000000000000000E99
:10B9A0000000000F0000000F000000010200000175
:10B9B00002000001020000030200000603FFFFFC7A
:10B9C00003FFFFF802000000020000000200000078
:10B9D0000200000000000000000000000000000065
:10B9E0000000000000000000000000000000000057
:10B9F0000000000000000000000000000000000047
:10BA00000000000000000000000000000000000036
:10BA10000000000000000000000000000200002004
:10BA20000200002003FFFFE003FFFFE00200C02050
:10BA30000201002000078000000FE0000030F80045
:10BA400002603E2003800F20030003E0020000E0BC
:10BA500002000020000000200000000000000000A4
:10BA600000000000000000000000000000000000D6
:10BA700000000000000000000000000000000000C6
:10BA800000000000000000000000000000000000B6
:10BA90000000000000000000000000000200002084
:10BAA0000200002003FFFFE003FFFFE00200002090
:10BAB0000200002000000020000000200000002004
:10BAC000000000200000002000000060000000E0F6
:10BAD0000000030000000000000000000000000063
:10BAE0000000000000000000000000000000000056
:10BAF0000000000000000000000000000000000046
:10BB00000000000000000000000000000000000035
:10BB100000000000000000000200002002000020E1
:10BB200003FFFFE003E0002003FF0020001FF00000
:10BB30000001FF8000000FE000001E000003E00095
:10BB4000003E002003E0002003FFFFE003FFFFE0D2
:10BB500002000020020000200000000000000000A1
:10BB600000000000000000000000000000000000D5
:10BB700000000000000000000000000000000000C5
:10BB800000000000000000000000000000000000B5
:10BB90000000000000000000020000200200002061
:10BBA00003FFFFE00380002003F0002000FC000002
:10BBB000001F00000007C0000001F00000007C0032
:10BBC00002001F80020007E003FFFFE00200000008
:10BBD0000200000000000000000000000000000063
:10BBE0000000000000000000000000000000000055
:10BBF0000000000000000000000000000000000045
:10BC00000000000000000000000000000000000034
:10BC1000000000000000000000000000000FF8001D
:10BC2000003FFE0000F00780018000C001000040DE
:10BC3000020000200200002002000020020000207C
:10BC400001000040018000C000F00380003FFE00C2
:10BC5000000FF800000000000000000000000000DD
:10BC600000000000000000000000000000000000D4
:10BC700000000000000000000000000000000000C4
:10BC800000000000000000000000000000000000B4
:10BC90000000000000000000000000000200002082
:10BCA0000200002003FFFFE003FFFFE0020080200E
:10BCB000020080200200800002008000020080005C
:10BCC00002008000030180000183000000FE0000EC
:10BCD000007C0000000000000000000000000000E8
:10BCE0000000000000000000000000000000000054
:10BCF0000000000000000000000000000000000044
:10BD00000000000000000000000000000000000033
:10BD1000000000000000000000000000000FF8001C
:10BD2000007FFF0000F00380018001C00100064099
:10BD3000020004200200042002000620020003E0AA
:10BD4000010000F80180005C00E0038C003FFF0C64
:10BD5000000FFC18000000000000000000000000C0
:10BD600000000000000000000000000000000000D3
:10BD700000000000000000000000000000000000C3
:10BD800000000000000000000000000000000000B3
:10BD90000000000000000000000000000200002081
:10BDA0000200002003FFFFE003FFFFE0020100208C
:10BDB00002010020020180000201E0000201FC00FB
:10BDC00003033F80018607E001FC00E000F800204B
:10BDD0000000002000000000000000000000000043
:10BDE0000000000000000000000000000000000053
:10BDF0000000000000000000000000000000000043
:10BE00000000000000000000000000000000000032
:10BE10000000000000000000000000000000000022
:10BE20000078060000FE01E0018600C00303004028
:10BE30000203002002018020020180200201C020B4
:10BE40000200C0200100E060018070C003E03F807C
:10BE500000001F00000000000000000000000000C3
:10BE600000000000000000000000000000000000D2
:10BE700000000000000000000000000000000000C2
:10BE800000000000000000000000000000000000B2
:10BE90000000000000000000000000000060000042
:10BEA00003800000030000000200000002000020E8
:10BEB0000200002003FFFFE003FFFFE0020000207C
:10BEC00002000020020000000200000003800000C9
:10BED00000E0000000000000000000000000000082
:10BEE0000000000000000000000000000000000052
:10BEF0000000000000000000000000000000000042
:10BF00000000000000000000000000000000000031
:10BF1000000000000000000002000000020000001D
:10BF200003FFFF0003FFFFC00200004002000060AB
:10BF30000000002000000020000000200000002081
:10BF4000020000400200008003FFFF00020000002A
:10BF500002000000000000000000000000000000DF
:10BF600000000000000000000000000000000000D1
:10BF700000000000000000000000000000000000C1
:10BF800000000000000000000000000000000000B1
:10BF9000000000000000000000000000020000009F
:10BFA0000200000003C0000003FC0000023FC000CC
:10BFB0000003F80000007F80000007E00000078019
:10BFC000000078000203C000023C000003C0000033
:10BFD000020000000200000000000000000000005D
:10BFE0000000000000000000000000000000000051
:10BFF0000000000000000000000000000000000041
:10C000000000000000000000000000000000000030
:10C0100000000000000000000200000003C000005B
:10C0200003FF8000023FFE0002007FE000000F00DF
:10C030000200F00003EF000003FF8000020FFE008B
:10C0400000003FE000001F000207E00003F80000CE
:10C0500003000000020000000000000000000000DB
:10C0600000000000000000000000000000000000D0
:10C0700000000000000000000000000000000000C0
:10C0800000000000000000000000000000000000B0
:10C09000000000000000000000000000020000207E
:10C0A00002000020038000E003F0032002FC0C20CB
:10C0B000021F30000007C0000007F00002187C00DB
:10C0C00002601F20038003E0020000E00200002065
:10C0D0000000002000000000000000000000000040
:10C0E0000000000000000000000000000000000050
:10C0F0000000000000000000000000000000000040
:10C10000000000000000000000000000000000002F
:10C11000000000000000000000000000020000001D
:10C120000300000003C0000003F80000023E0020EE
:10C13000020FC0200001FFE000007FE0000380202C
:10C14000021C0020027000000380000002000000BA
:10C1500002000000000000000000000000000000DD
:10C1600000000000000000000000000000000000CF
:10C1700000000000000000000000000000000000BF
:10C1800000000000000000000000000000000000AF
:10C19000000000000000000000000000000000207F
:10C1A000006000E0038003E003000FA002003E20D7
:10C1B0000200F8200203E020020F8020023E00204F
:10C1C0000278002003E00060038000E0020003002A
:10C1D000000000000000000000000000000000005F
:10C1E000000000000000000000000000000000004F
:10C1F000000000000000000000000000000000003F
:10C20000000000000000000000000000000000002E
:10C21000000000000000000000000000000000001E
:10C22000000000000000000000000000000000000E
:10C230001FFFFFFC100000041000000410000004A9
:10C24000100000041000000410000004100000049E
:10C2500000000000000000000000000000000000DE
:10C2600000000000000000000000000000000000CE
:10C2700000000000000000000000000000000000BE
:10C2800000000000000000000000000000000000AE
:10C29000000000000000000000000000000000009E
:10C2A000000000000700000003C00000007800004C
:10C2B000001E00000003C0000000F00000001E008F
:10C2C00000000780000000F00000003C00000006B5
:10C2D000000000000000000000000000000000005E
:10C2E000000000000000000000000000000000004E
:10C2F000000000000000000000000000000000003E
:10C30000000000000000000000000000000000002D
:10C31000000000000000000000000000000000001D
:10C3200010000004100000041000000410000004BD
:10C330001000000410000004100000041FFFFFFCA8
:10C3400000000000000000000000000000000000ED
:10C3500000000000000000000000000000000000DD
:10C3600000000000000000000000000000000000CD
:10C3700000000000000000000000000000000000BD
:10C3800000000000000000000000000000000000AD
:10C39000000000000000000000000000000000009D
:10C3A0000000000000000000020000000400000087
:10C3B0000800000018000000100000001800000035
:10C3C000180000000400000002000000000000004F
:10C3D000000000000000000000000000000000005D
:10C3E000000000000000000000000000000000004D
:10C3F000000000000000000000000000000000003D
:10C40000000000000000000000000000000000002C
:10C41000000000000000000000000001000000011A
:10C420000000000100000001000000010000000108
:10C4300000000001000000010000000100000001F8
:10C4400000000001000000010000000100000001E8
:10C4500000000001000000010000000000000000DA
:10C4600000000000000000000000000000000000CC
:10C4700000000000000000000000000000000000BC
:10C4800000000000000000000000000000000000AC
:10C49000000000000000000000000000000000009C
:10C4A000000000001000000010000000100000005C
:10C4B0001800000008000000040000000000000058
:10C4C000000000000000000000000000000000006C
:10C4D000000000000000000000000000000000005C
:10C4E000000000000000000000000000000000004C
:10C4F000000000000000000000000000000000003C
:10C50000000000000000000000000000000000002B
:10C510000000000000000000000000000000038098
:10C5200000018FC000038C6000061820000410205A
:10C5300000041020000420200004204000062040B9
:10C540000003FFC00001FFE0000000200000002009
:10C55000000000C00000000000000000000000001B
:10C5600000000000000000000000000000000000CB
:10C5700000000000000000000000000000000000BB
:10C5800000000000000000000000000000000000AB
:10C590000000000000000000000000000200000099
:10C5A0000200000003FFFFE007FFFFC0000180C0A2
:10C5B00000020060000200200004002000040020AF
:10C5C0000004002000060040000300C00001FF80BE
:10C5D0000000FE000000000000000000000000005D
:10C5E000000000000000000000000000000000004B
:10C5F000000000000000000000000000000000003B
:10C60000000000000000000000000000000000002A
:10C61000000000000000000000000000000000001A
:10C6200000007E000001FF80000381C00002004086
:10C630000006002000040020000400200004002068
:10C64000000600200003C0400001C080000003007D
:10C6500000000000000000000000000000000000DA
:10C6600000000000000000000000000000000000CA
:10C6700000000000000000000000000000000000BA
:10C6800000000000000000000000000000000000AA
:10C69000000000000000000000000000000000009A
:10C6A00000007E000001FF80000380C000060060E3
:10C6B00000040020000400200004002002040040C8
:10C6C0000202008003FFFFE007FFFFC00000004000
:10C6D000000000400000000000000000000000001A
:10C6E000000000000000000000000000000000004A
:10C6F000000000000000000000000000000000003A
:10C700000000000000000000000000000000000029
:10C710000000000000000000000000000000000019
:10C7200000007E000001FF80000311C000021040E5
:10C7300000041060000410200004102000041020E9
:10C7400000061020000310400001F0C0000071003E
:10C7500000000000000000000000000000000000D9
:10C7600000000000000000000000000000000000C9
:10C7700000000000000000000000000000000000B9
:10C7800000000000000000000000000000000000A9
:10C790000000000000000000000000000000000099
:10C7A0000004000000040020000400200004002019
:10C7B000007FFFE001FFFFE00104002003040020F0
:10C7C0000204002002040020020400000200000015
:10C7D00001C0000001C000000000000000000000D7
:10C7E0000000000000000000000000000000000049
:10C7F0000000000000000000000000000000000039
:10C800000000000000000000000000000000000028
:10C810000000000000000000000000000000000018
:10C820000000001C0000E33E0003FFC200020CC336
:10C83000000404C1000404C1000404C1000404C1D4
:10C8400000060CC10003F8C30005F0620006007E7C
:10C850000006003C00000000000000000000000096
:10C8600000000000000000000000000000000000C8
:10C8700000000000000000000000000000000000B8
:10C8800000000000000000000000000000000000A8
:10C890000000000000000000000000000200002076
:10C8A0000200002003FFFFE007FFFFE0000100207F
:10C8B0000002002000060000000400000004000048
:10C8C00000040020000600200003FFE00001FFE05C
:10C8D0000000002000000020000000000000000018
:10C8E0000000000000000000000000000000000048
:10C8F0000000000000000000000000000000000038
:10C900000000000000000000000000000000000027
:10C910000000000000000000000000000000000017
:10C92000000000000004002000040020000400209B
:10C93000000400200387FFE0038FFFE00380002056
:10C940000000002000000020000000200000000087
:10C9500000000000000000000000000000000000D7
:10C9600000000000000000000000000000000000C7
:10C9700000000000000000000000000000000000B7
:10C9800000000000000000000000000000000000A7
:10C990000000000000000000000000000000000097
:10C9A0000000000000000006000000070000000179
:10C9B0000000000100040001000400010004000365
:10C9C000000400060387FFFC038FFFF803800000CC
:10C9D0000000000000000000000000000000000057
:10C9E0000000000000000000000000000000000047
:10C9F0000000000000000000000000000000000037
:10CA00000000000000000000000000000000000026
:10CA100000000000000000000000000002000020F4
:10CA20000200002003FFFFE007FFFFE000000820F6
:10CA300000001020000030000000FC0000058E0007
:10CA4000000707A0000601E0000400E00004002049
:10CA500000000020000000000000000000000000B6
:10CA600000000000000000000000000000000000C6
:10CA700000000000000000000000000000000000B6
:10CA800000000000000000000000000000000000A6
:10CA90000000000000000000000000000000000096
:10CAA0000000000002000020020000200200002020
:10CAB0000200002003FFFFE007FFFFE0000000206E
:10CAC0000000002000000020000000200000000006
:10CAD0000000000000000000000000000000000056
:10CAE0000000000000000000000000000000000046
:10CAF0000000000000000000000000000000000036
:10CB00000000000000000000000000000000000025
:10CB100000000000000000000000000000040020F1
:10CB20000007FFE0000FFFE000020020000400000B
:10CB3000000400200007FFE00003FFE000020020E7
:10CB400000040000000400200007FFE00003FFE0F5
:10CB500000000020000000000000000000000000B5
:10CB600000000000000000000000000000000000C5
:10CB700000000000000000000000000000000000B5
:10CB800000000000000000000000000000000000A5
:10CB90000000000000000000000000000004002071
:10CBA000000400200007FFE0000FFFE0000100206C
:10CBB0000002002000020000000400000004000049
:10CBC00000040020000600200003FFE00001FFE059
:10CBD0000000002000000020000000000000000015
:10CBE0000000000000000000000000000000000045
:10CBF0000000000000000000000000000000000035
:10CC00000000000000000000000000000000000024
:10CC10000000000000000000000000000000000014
:10CC200000007E000000FF80000381C00002004081
:10CC30000006002000040020000400200004002062
:10CC40000006002000020040000381C00001FF80B8
:10CC500000007E0000000000000000000000000056
:10CC600000000000000000000000000000000000C4
:10CC700000000000000000000000000000000000B4
:10CC800000000000000000000000000000000000A4
:10CC9000000000000000000000000000000400018F
:10CCA000000400010007FFFF000FFFFF000100C1AB
:10CCB00000020041000400200004002000040020C5
:10CCC0000004002000060040000301C00001FF80B6
:10CCD00000007E00000000000000000000000000D6
:10CCE0000000000000000000000000000000000044
:10CCF0000000000000000000000000000000000034
:10CD00000000000000000000000000000000000023
:10CD10000000000000000000000000000000000013
:10CD200000007E000001FF80000380C00002006060
:10CD30000004002000040020000400200004002063
:10CD400000020041000300C10003FFFF0007FFFFD6
:10CD500000000001000000010000000000000000D1
:10CD600000000000000000000000000000000000C3
:10CD700000000000000000000000000000000000B3
:10CD800000000000000000000000000000000000A3
:10CD9000000000000000000000000000000400206F
:10CDA000000400200004002000040020000FFFE029
:10CDB000000FFFE00000C020000100200002002062
:10CDC000000600200004000000040000000700002E
:10CDD0000003000000000000000000000000000050
:10CDE0000000000000000000000000000000000043
:10CDF0000000000000000000000000000000000033
:10CE00000000000000000000000000000000000022
:10CE10000000000000000000000000000000000012
:10CE2000000003E00001C0E00003E0400006302005
:10CE300000043020000418200004182000041820EA
:10CE400000040C2000020C60000307C00007838070
:10CE500000000000000000000000000000000000D2
:10CE600000000000000000000000000000000000C2
:10CE700000000000000000000000000000000000B2
:10CE800000000000000000000000000000000000A2
:10CE90000000000000000000000000000000000092
:10CEA000000400000004000000040000000C00006A
:10CEB000001FFF8000FFFFC000040060000400208E
:10CEC0000004002000040020000400400000018055
:10CED0000000000000000000000000000000000052
:10CEE0000000000000000000000000000000000042
:10CEF0000000000000000000000000000000000032
:10CF00000000000000000000000000000000000021
:10CF1000000000000000000000000000000400000D
:10CF2000000400000007FF80000FFFC00000006049
:10CF30000000002000000020000000200000002071
:10CF400000040040000400800007FFE0000FFFC065
:10CF50000000004000000040000000000000000051
:10CF600000000000000000000000000000000000C1
:10CF700000000000000000000000000000000000B1
:10CF800000000000000000000000000000000000A1
:10CF9000000000000000000000000000000400008D
:10CFA00000040000000780000007F0000004FE00FD
:10CFB00000041FC0000003E00000038000001C000C
:10CFC000000460000007800000060000000400006C
:10CFD0000000000000000000000000000000000051
:10CFE0000000000000000000000000000000000041
:10CFF0000000000000000000000000000000000031
:10D000000000000000000000000000000000000020
:10D010000000000000000000000400000006000006
:10D020000007C0000007FC0000043F80000003E090
:10D0300000040F800006F0000007F0000007FF80EA
:10D0400000040FE00000038000043C000007C00063
:10D0500000060000000400000000000000000000C6
:10D0600000000000000000000000000000000000C0
:10D0700000000000000000000000000000000000B0
:10D0800000000000000000000000000000000000A0
:10D090000000000000000000000000000000002070
:10D0A0000004002000040060000700E00007832067
:10D0B0000007E6000004F80000003C0000045E20C9
:10D0C000000587A0000601E00004006000040020C5
:10D0D0000000002000000000000000000000000030
:10D0E0000000000000000000000000000000000040
:10D0F0000000000000000000000000000000000030
:10D10000000000000000000000000000000000001F
:10D11000000000000000000000000000000400000B
:10D1200000040003000700030007E0010004F80109
:10D1300000041F02000007FC000000E000000700E0
:10D14000000438000007C0000006000000040000D2
:10D1500000040000000000000000000000000000CB
:10D1600000000000000000000000000000000000BF
:10D1700000000000000000000000000000000000AF
:10D18000000000000000000000000000000000009F
:10D19000000000000000000000000000000000008F
:10D1A00000078060000600E0000403E0000407A020
:10D1B00000040E2000043C20000470200005E02044
:10D1C0000007802000070060000400E000000380EA
:10D1D000000000000000000000000000000000004F
:10D1E000000000000000000000000000000000003F
:10D1F000000000000000000000000000000000002F
:10D20000000000000000000000000000000000001E
:10D21000000000000000000000000000000000000E
:10D2200000000000000000000000000000000000FE
:10D2300000000000000080000000800000014000AD
:10D2400007FE3FF808000004100000021000000272
:10D2500000000000000000000000000000000000CE
:10D2600000000000000000000000000000000000BE
:10D2700000000000000000000000000000000000AE
:10D28000000000000000000000000000000000009E
:10D29000000000000000000000000000000000008E
:10D2A000000000000000000000000000000000007E
:10D2B0000000000000000000FFFFFFFF0000000072
:10D2C000000000000000000000000000000000005E
:10D2D000000000000000000000000000000000004E
:10D2E000000000000000000000000000000000003E
:10D2F000000000000000000000000000000000002E
:10D30000000000000000000000000000000000001D
:10D31000000000000000000000000000000000000D
:10D3200010000002100000020800000407FE3FF891
:10D3300000014000000080000000800000000000AC
:10D3400000000000000000000000000000000000DD
:10D3500000000000000000000000000000000000CD
:10D3600000000000000000000000000000000000BD
:10D3700000000000000000000000000000000000AD
:10D38000000000000000000000000000000000009D
:10D390000000000000000000000000001800000075
:10D3A000300000004000000040000000400000008D
:10D3B0002000000030000000080000000400000011
:10D3C0000200000002000000020000000C0000004B
:10D3D0001800000000000000000000000000000035
:10D3E000000000000000000000000000000000003D
:10D3F000000000000000000000000000000000002D
:10D40000000000000000000000000000000000001C
:10D41000000000000000000000000000000000000C
:10D4200000000000000000000000000000000000FC
:10D4300000000000000000000000000000000000EC
:10D4400000000000000000000000000000000000DC
:10D4500000000000000000000000000000000000CC
:10D4600000000000000000000000000000000000BC
:10D4700000000000000000000000000000000000AC
:10D48000000000000000000000000000000000009C
:10D49000000000000000000000000000000000008C
:10D4A000000000000000000000000000000000007C
:10D4B000000000000000000000000000000000006C
:10D4C000000000000000000000000000000000005C
:10D4D0000000000000000000000000000E0000FF3F
:10D4E000C0001F0001FFFFFC1F0001FFFFFC1F0029
:10D4F00000FFC0000E00000000000000000000005F
:10D50000000000000000000000000000000000001B
:10D51000000000000000000000000000000000000B
:10D5200000000000000000000000000000000000FB
:10D5300000000000000000000000000000000000EB
:10D5400000000000000400000000001800000000BF
:10D5500000700000000001E00000000007C00000B3
:10D5600000000F80000000001F00000000001E00EF
:10D57000000000000C040000000000180000000083
:10D5800000700000000001E00000000007C0000083
:10D5900000000F80000000001F00000000001E00BF
:10D5A000000000000C00000000000000000000006F
:10D5B000000000000000000000000000000000006B
:10D5C000000000000000000000000000000000015A
:10D5D000E00F00000001E00F00000001E00F00007C
:10D5E0000001E00FFF000001FFFFFF0000FFFFFF51
:10D5F000000000FFE00F00000001E00F000000014C
:10D60000E00F00000001E00F00000001E00F00004B
:10D610000001E00F00000001E00F00000001E00F3A
:10D62000FF000001FFFFFF0000FFFFFF000000FF01
:10D63000E00F00000001E00F00000001E00F00001B
:10D640000001E00F000000000000000000000000EA
:10D6500000000000000000000000000000000000CA
:10D660000000000000000001E0000007C003F80017
:10D67000001FF003FC00003FF803E6000070FC010F
:10D68000C20000403E00010000C01E0001000080FA
:10D690000F00010007FFFFFFFFF807FFFFFFFFF884
:10D6A000008003C00100008001E0030000C001F021
:10D6B0000200006380FC0E00007F803FFC00003F02
:10D6C000801FF800000F0007E000000000000000CD
:10D6D000000000000000000000000000000000004A
:10D6E0000000000000000000000FF8000000003FF4
:10D6F000FE00000000600700000000C00180000084
:10D70000008000800300008000800E000080018007
:10D71000380000600301C000003FFE070000000F5A
:10D72000F83C0000000000E0000000000380000062
:10D7300000001E0FF0000000707FFC000001C0E040
:10D740000600000F0180030000380100010000E026
:10D7500001000100008001800300000000E00600DD
:10D760000000007FFC000000000FF000000000003F
:10D77000000000000000000000000007E0000000C2
:10D78000003FF8000000007FFC00000000E03E00C9
:10D79000000FE1800E00003FFF00070000603FC067
:10D7A000030000400FF00300008005FC0300008030
:10D7B0000C7F03000080181F820000C07807E6007D
:10D7C000007FF001FC00007FE200F800001F8200F3
:10D7D0007C0000000203DE00000003FF0F000000D9
:10D7E00003F0070000000300030000000200030034
:10D7F000000002000200000000000600000000001F
:10D8000018000000000000000000000000000002FE
:10D81000000000000E06000000001F0C00000000C9
:10D820001F1C000000001FF8000000000FE00000B7
:10D83000000007C000000000000000000000000021
:10D8400000000000000000000000000000000000D8
:10D8500000000000000000000000000000000000C8
:10D8600000000000000000000000000000000000B8
:10D8700000000000000000000000000000000000A8
:10D880000000000000000000000000000000000098
:10D890000000000000000000000000000000000088
:10D8A0000000000000000000000000000000000078
:10D8B0000000000000000000000000000000000068
:10D8C0000000000000000000000000000000000058
:10D8D0001FF800000001FFFF80000007FFFFE000CD
:10D8E000001FE003F800003E00007E0000F0000092
:10D8F0000F0001C0000003800380000000C006008C
:10D90000000000600C000000003010000000000863
:10D910000000000000000000000000000000000007
:10D9200000000000000000000000000000001000E7
:10D93000000000081800000000180E000000007031
:10D940000700000000E00380000001C000E00000CC
:10D950000780007800001E00003E00007C00000FE1
:10D96000E007F0000003FFFFE0000000FFFF000001
:10D9700000001FF800000000000000000000000090
:10D980000000000000000000000000000000000097
:10D990000000000000000000000000000000000087
:10D9A0000000000000000000000000000000000077
:10D9B0000000000000000000000000000000000067
:10D9C000300C00000000781E00000000781E0000EF
:10D9D00000003C3C000000001C3C000000001C3823
:10D9E000000000000E700000000006600000000053
:10D9F00003C00000000FF187F000000FFFFFF000F0
:10DA0000000FE18FF000000003C00000000006607E
:10DA1000000000000E70000000001C380000000034
:10DA20003C38000000003C3C00000000781E000074
:10DA30000000781E00000000300E00000000000012
:10DA400000000000000000000000000000000000D6
:10DA50000180000000000180000000000180000043
:10DA60000000018000000000018000000000018033
:10DA700000000000018000000000018000000000A4
:10DA800001800000000FFFFFF000000FFFFFF0001B
:10DA90000000018000000000018000000000018003
:10DAA0000000000001800000000001800000000074
:10DAB00001800000000001800000000001800000E3
:10DAC00000000180000000000000000000000000D5
:10DAD0000000000000000000000000000000000046
:10DAE00000000002000000000E06000000001F0CF5
:10DAF000000000001F1C000000001FF800000000D4
:10DB00000FE00000000007C000000000000000005F
:10DB10000000000000000000000000000000000005
:10DB200000000000000000000000000000000000F5
:10DB300000000000000000000000000000000000E5
:10DB400000000000000000000000000000000000D5
:10DB500000000000000000000000000000000000C5
:10DB600000000000000000000000000000000000B5
:10DB70000180000000000180000000000180000022
:10DB80000000018000000000018000000000018012
:10DB90000000000001800000000001800000000083
:10DBA00001800000000001800000000001800000F2
:10DBB00000000180000000000180000000000180E2
:10DBC0000000000001800000000001800000000053
:10DBD00001800000000001800000000001800000C2
:10DBE0000000018000000000018000000000000033
:10DBF0000000000000000000000000000000000025
:10DC000000000000000000001E00000000003F00B7
:10DC1000000000003F00000000003F000000000086
:10DC20003F00000000001E00000000000000000097
:10DC300000000000000000000000000000000000E4
:10DC400000000000000000000000000000000000D4
:10DC500000000000000000000000000000000000C4
:10DC600000000000000000000000000000000000B4
:10DC700000000000000000000000000000000000A4
:10DC80000000000000000000000000000000000094
:10DC9000000000180000000000700000000001C03B
:10DCA000000000000700000000001C000000000051
:10DCB00060000000000380000000000E0000000073
:10DCC00000380000000000E00000000003800000B9
:10DCD00000000E0000000000380000000000E0001E
:10DCE0000000000300000000001C000000000070A5
:10DCF0000000000001C0000000000700000000005C
:10DD00000C00000000000000000000000000000007
:10DD10000000000000000000000000000000000003
:10DD20003FFC00000001FFFF80000007FFFFE00054
:10DD3000001FC003F800003C00003C000070000021
:10DD40000E0000600000020000C000000300008020
:10DD500000000100008000000100008000000100C0
:10DD60000080000001000040000002000060000090
:10DD70000600003800001C00001F8001F800000FA2
:10DD8000FFFFE0000001FFFF800000003FFC0000FB
:10DD90000000000000000000000000000000000083
:10DDA0000000000000000000000000000000000073
:10DDB0000000000000000000000000000000000063
:10DDC0000000000000000010000001000010000032
:10DDD0000100001000000100001000000100001010
:10DDE00000000300003FFFFFFF00007FFFFFFF0078
:10DDF00000FFFFFFFF000000000003000000000024
:10DE0000010000000000010000000000010000000F
:10DE10000000010000000000000000000000000001
:10DE200000000000000000000000000000000000F2
:10DE300000000000000000000000000000000000E2
:10DE4000000007000007C0001F00001FE0003700AF
:10DE5000003FE00067000020E000C7000040000332
:10DE600087000040000707000080000E07000080C8
:10DE7000001C0700008000380700008000700700C9
:10DE8000008000E0070000C001C0070000600780BC
:10DE9000070000781F000700003FFE000F00001F72
:10DEA000F8003F000007E000F00000000000000064
:10DEB0000000000000000000000000000000000062
:10DEC0000000000000000000000000000000000052
:10DED0000000000000000000F000000F0001F8004A
:10DEE000001F8001FC00003F8000E600006380000E
:10DEF00002000040000001000080010001000080DD
:10DF0000010001000080010001000080010001000B
:10DF100000800380010000C00280030000600680D2
:10DF2000020000781CC00600003FF8701C00001FB3
:10DF3000F03FF8000007C01FF00000000007C0001D
:10DF400000000000000000000000000000000000D1
:10DF500000000000000000000000000000000000C1
:10DF6000000E00000000001E00000000007600000F
:10DF7000000000C6000000000306000000000E06BE
:10DF800000000000180600000000700601000000FC
:10DF9000C0060100000380060100000E000601001B
:10DFA000001800060100007FFFFFFF0000FFFFFFD9
:10DFB000FF0000FFFFFFFF0000000006030000005D
:10DFC000000601000000000601000000000601003C
:10DFD000000000060100000000000000000000003A
:10DFE0000000000000000000000000000000000031
:10DFF0000000000000000001E0000000FF83F800C6
:10E0000000FF0383FC0000E00701C60000E00C00F5
:10E01000020000E00C00030000E01800010000E036
:10E020001800010000E01800010000E018000100E5
:10E0300000E01800010000E01800030000E01C00F0
:10E04000020000E00E000E0000E007C03C0000E00F
:10E0500003FFF80000E001FFF0000000007F8000F7
:10E0600000000000000000000000000000000000B0
:10E0700000000000000000000000000000000000A0
:10E080001FFE00000000FFFFC0000007FFFFF000C0
:10E09000000F80C0F800001803801C00003003004F
:10E0A0000600006006000200004006000300008039
:10E0B0000C00010000800C00010000800C00010039
:10E0C00000800C00010000800C00010000FC0E002C
:10E0D0000200007C07000600007C07C01C00001C3A
:10E0E00003FFF800000000FFF0000000003FC00048
:10E0F0000000000000000000000000000000000020
:10E10000000000000000000000000000000000000F
:10E110000000000000070000000000FC00000000FC
:10E1200000F00000000000F00000000000E000002F
:10E13000000000E000007E0000E00007FF0000E0BB
:10E14000003FFF0000E000FFFF0000E003E00000F0
:10E1500000E00F00000000E03800000000E0E000F8
:10E16000000000E38000000000EE0000000000F866
:10E170000000000000F00000000000C000000000EF
:10E18000000000000000000000000000000000008F
:10E19000000000000000000000000000000000007F
:10E1A0000007E0000007C01FF000001FF03FF8006C
:10E1B000003FF8781C0000707CE0060000603F80A3
:10E1C000020000C01F00030000800F00010000805B
:10E1D000070001000080078001000080038001002B
:10E1E000008003C00100008003E0010000C007E0E0
:10E1F000020000600CF8060000783C7C1C00003F28
:10E20000F83FFC00001FF01FF0000007C007E0000F
:10E2100000000000000000000000000000000000FE
:10E2200000000000000000000000000000000001ED
:10E23000FC000000000FFF800000001FFFC01C005A
:10E24000003C03E03E00007000E03E000040007033
:10E250001F0000C00070010000800030010000803D
:10E260000030010000800030010000800030030019
:10E27000008000600200004000600600004000C016
:10E280001C00003001807800001C0707F000000F20
:10E29000FFFFC0000003FFFF000000007FF0000050
:10E2A000000000000000000000000000000000006E
:10E2B000000000000000000000000000000000005E
:10E2C000000000000000000000000000000000004E
:10E2D000000000000000000000000000000000003E
:10E2E000000000000000000000001E001E000000F2
:10E2F0003F003F0000003F003F0000003F003F00A4
:10E3000000003F003F0000001E001E000000000053
:10E3100000000000000000000000000000000000FD
:10E3200000000000000000000000000000000000ED
:10E3300000000000000000000000000000000000DD
:10E3400000000000000000000000000000000000CD
:10E3500000000000000000000000000000000000BD
:10E3600000000000000000000000000000000000AD
:10E37000000000000000000000000000000000009D
:10E380001E000F0800001E000F7800001E000FF096
:10E3900000001E000F8000000000000000000000D0
:10E3A000000000000000000000000000000000006D
:10E3B000000000000000000000000000000000005D
:10E3C000000000000000000000000000000000004D
:10E3D000000000000000000000000000000000003D
:10E3E00000000000000001000000000003800000A9
:10E3F000000006C0000000000C60000000001830A3
:10E4000000000000301800000000600C0000000058
:10E41000C00600000001800300000003000180002E
:10E4200000060000C000000C0000600000180000A2
:10E430003000003000001800006000000C0000E018
:10E4400000000E0001C00000070000800000020074
:10E4500000000000000000000000000000000000BC
:10E4600000000000000000000000000000000000AC
:10E47000300C00000000300C00000000300C0000E8
:10E480000000300C00000000300C00000000300CD8
:10E4900000000000300C00000000300C0000000004
:10E4A000300C00000000300C00000000300C0000B8
:10E4B0000000300C00000000300C00000000300CA8
:10E4C00000000000300C00000000300C00000000D4
:10E4D000300C00000000300C00000000300C000088
:10E4E0000000300C00000000300C000000000000B4
:10E4F000000000000000000000000000000000001C
:10E500000000000000800000020001C000000700C1
:10E5100000E000000E00006000000C000030000071
:10E520001800001800003000000C00006000000619
:10E530000000C00000030001800000018003000013
:10E540000000C00600000000600C00000000301851
:10E55000000000001830000000000C600000000007
:10E5600006C0000000000380000000000100000061
:10E57000000000000000000000000000000000009B
:10E580000000000000000000000000000000000784
:10E59000C0000000001FE0000000003BE0000000A1
:10E5A0000061E000000000C0E000000000C00000CA
:10E5B0000000018000000000018000000E000180CA
:10E5C00000001F000180007F1F00018000FF1F006E
:10E5D000018001C00E0001800380000000C0070020
:10E5E000000000E00F00000000701E000000003F6F
:10E5F000FC000000001FF80000000007E000000021
:10E60000000000000000000000000000000000000A
:10E6100000000000000000000000000000000000FA
:10E620001FF800000000FFFF80000003FFFFE00074
:10E63000000FC003F000001C00007800003001FC57
:10E640001C0000600FFF0E0000403E03860000C06B
:10E65000F00187000081C0018300008100030300F6
:10E660000082000703000082001C0300008207FFF5
:10E6700003000041FFFF86000043FF818600002267
:10E6800000018C00003800031C00000F001E300049
:10E690000007FFF8E0000000FFC08000000000005D
:10E6A0000000000000000000000000000100000069
:10E6B00000000300000000003F0000000003FF0016
:10E6C0000000003FC100000003FC010000003FD03B
:10E6D00000000003FC100000003FC010000000FC20
:10E6E0000010000000F80010000001FF8010000082
:10E6F000007FF81000000003FFD0000000003FFE84
:10E700000100000003FFE1000000003FFF000000E7
:10E710000003FF00000000003F00000000000300B5
:10E7200000000000010000000000010000000000E7
:10E7300000000000000000000080000001000080D8
:10E740000000010000800000010000FFFFFFFF004B
:10E7500000FFFFFFFF0000FFFFFFFF00008002003F
:10E760000100008002000100008002000100008022
:10E770000200010000800200010000800200010090
:10E7800000800200010000C00600010000E00D0052
:10E79000030000703D000200007FF9C00600003F4A
:10E7A000F0F01C00000FC07FFC000000003FF800EC
:10E7B0000000000FE000000000000000000000006A
:10E7C0000000000000000000000000000000000049
:10E7D0001FFC00000000FFFF80000003FFFFE000BF
:10E7E000000FC003F800001E00007C00003800008D
:10E7F0001C00002000000E00004000000600004049
:10E8000000000300008000000300008000000300FF
:10E810000080000003000080000003000080000072
:10E82000030000C000000600004000000600006079
:10E8300000000C00007000001800007C0000300098
:10E8400000FF0001E0000003800300000000000062
:10E8500000000000000000000080000001000080B7
:10E860000000010000800000010000FFFFFFFF002A
:10E8700000FFFFFFFF0000FFFFFFFF000080000020
:10E880000100008000000100008000000100008005
:10E890000000010000800000010000800000030073
:10E8A0000040000002000040000006000060000080
:10E8B0000600003000001C00001C00003800000FA3
:10E8C0008003F0000007FFFFE0000001FFFF800071
:10E8D00000003FF800000000000000000000000001
:10E8E0000000000000000000008000000100008027
:10E8F0000000010000800000010000FFFFFFFF009A
:10E9000000FFFFFFFF0000FFFFFFFF00008002008D
:10E910000100008002000100008002000100008070
:10E9200002000100008002000100008002000100DE
:10E9300000800200010000800300010000800780C9
:10E94000010000C07FF0030000E00000030000F0C1
:10E9500000000700003C00000F00000600003C0023
:10E9600000000000C00000000000000000000000E7
:10E970000000000000000000008000000100008096
:10E980000000010000800000010000FFFFFFFF0009
:10E9900000FFFFFFFF0000FFFFFFFF0000800100FE
:10E9A00001000080010001000080010001000080E2
:10E9B0000100000000800100000000800100000054
:10E9C0000080010000000080010000000080018044
:10E9D0000000008003C0000000C03FF8000000E01D
:10E9E0000000000000E00000000000F00000000057
:10E9F000003C0000000000060000000000000000D5
:10EA0000000000000000000000001FF800000000EF
:10EA1000FFFF80000003FFFFE000000FC003F000D5
:10EA2000001E00007C00003800000C0000600000A8
:10EA3000060000400000020000C00000030000804B
:10EA400000000100008000000100008000000100C3
:10EA50000080000001000040002001000040002074
:10EA600002000070003006000078003FFC0000FF4C
:10EA7000003FFC000003803FFC000000003000006D
:10EA80000000002000000000002000000000000046
:10EA90000000000000000000008000000100008075
:10EAA0000000010000FFFFFFFF0000FFFFFFFF006D
:10EAB00000FFFFFFFF000080010001000080010057
:10EAC00001000080010001000000010000000000C2
:10EAD0000100000000000100000000000100000033
:10EAE0000000010000000080010001000080010022
:10EAF000010000800100010000FFFFFFFF0000FF98
:10EB0000FFFFFF0000FFFFFFFF000080000001008B
:10EB100000800000010000800000010000000000F3
:10EB200000000000000000000000000000000000E5
:10EB300000000000000000000000000000000000D5
:10EB40000080000001000080000001000080000043
:10EB50000100008000000100008000000100008032
:10EB60000000010000FFFFFFFF0000FFFFFFFF00AC
:10EB700000FFFFFFFF000080000001000080000098
:10EB80000100008000000100008000000100008002
:10EB900000000100008000000100000000000000F3
:10EBA0000000000000000000000000000000000065
:10EBB0000000000000000000000000000000000055
:10EBC000000000700000000000F80000000000F8E5
:10EBD00000000000007C00000000000400000000B5
:10EBE0000004008000000004008000000004008099
:10EBF00000000004008000000008008000000018F1
:10EC000000800000003000FFFFFFFFF000FFFFFF6B
:10EC1000FFC000FFFFFFFF00008000000000008039
:10EC200000000000008000000000008000000000E4
:10EC300000800000000000800000000000000000D4
:10EC400000000000000000000080000001000080C3
:10EC50000000010000800000010000FFFFFFFF0036
:10EC600000FFFFFFFF0000FFFFFFFF00008001C06B
:10EC7000010000800780010000800E0001000000FC
:10EC80003F00000000007FC000000001E7F000002E
:10EC9000008381FC00000087007F0000009E001FB1
:10ECA000E10000F80003F90000F00000FF0000E0C0
:10ECB00000003F0000C000000F00008000000300C3
:10ECC00000800000010000000000010000000000C2
:10ECD00000000000000000000000000000000080B4
:10ECE0000000010000800000010000800000010021
:10ECF00000FFFFFFFF0000FFFFFFFF0000FFFFFF1F
:10ED0000FF00008000000100008000000100008082
:10ED100000000100000000000100000000000100F0
:10ED200000000000010000000000010000000000E1
:10ED300001000000000001000000000003000000CE
:10ED400000000300000000000700000000000F00AA
:10ED5000000000003E0000000000E0000000000095
:10ED600000000000000000000080000001000080A2
:10ED70000000010000FFFFFFFF0000FC0000010099
:10ED800000FFE0000100007FFE0001000003FFF033
:10ED9000000000003FFF0000000001FFF80000003D
:10EDA000001FFF0000000001FE000000000FE00057
:10EDB000000001FC000000003FC000000003FC0058
:10EDC0000100007FC000010000F80000010000FF0A
:10EDD000FFFFFF0000FFFFFFFF0000FFFFFFFF003E
:10EDE00000800000010000800000010000800000A1
:10EDF0000100000000000000008000000100008011
:10EE00000000010000800000010000FFFFFFFF0084
:10EE100000F00000010000FC00000100003F0000C5
:10EE20000100001FC00000000007F000000000010A
:10EE3000FC00000000007F00000000001FC0000078
:10EE4000000007E00000000001F800000000007E64
:10EE500000000000001F800000800007E00000802C
:10EE60000003F80000800000FE0000FFFFFFFF002D
:10EE70000080000000000080000000000080000012
:10EE80000000000000000000000000000000000082
:10EE90003FF800000001FFFF80000007FFFFE000D7
:10EEA000000F8001F000003C00003800003000003E
:10EEB0000C0000600000060000400000020000801E
:10EEC000000001000080000001000080000001003F
:10EED00000800000010000800000010000400000F0
:10EEE0000200004000000600003000000C00003C62
:10EEF00000001800000F8001F0000007FFFFE00095
:10EF00000001FFFF800000001FF80000000000006B
:10EF100000000000000000000080000001000080F0
:10EF20000000010000800000010000FFFFFFFF0063
:10EF300000FFFFFFFF0000FFFFFFFF0000800080D9
:10EF4000010000800080010000800080010000803E
:10EF50000080000000800080000000800080000031
:10EF600000800080000000800080000000C0018060
:10EF700000000040010000000060030000000038B5
:10EF80000E000000003FFE000000001FF80000001F
:10EF90000007F0000000000000000000000000007A
:10EFA0000000000000000000000000000000000061
:10EFB0003FFC00000001FFFFC0000007FFFFE00072
:10EFC000001F8003F800003C00007C00007000007F
:10EFD000FC0000600001860000C000030200008009
:10EFE0000003010000800003010000800003810095
:10EFF00000800001E10000800001FF0000400000EF
:10F000007FC0004000001FE0002000000FF000382B
:10F0100000003C70001F8001F8700007FFFFE060F7
:10F020000001FFFF818000003FFC000000000000A5
:10F0300000000000000000000080000001000080CF
:10F040000000010000800000010000FFFFFFFF0042
:10F0500000FFFFFFFF0000FFFFFFFF000080010037
:10F06000010000800100010000800100010000801B
:10F0700001000000008001800000008001F000001D
:10F08000008001FC000000C003FF000000C0031F5F
:10F09000E00000600607F80000781E00FF00003F57
:10F0A000FC003F00001FF8000700000FE000030015
:10F0B000000000000100000000000100000000004E
:10F0C0000000000000000000000000000000000739
:10F0D000E003C000000FF001FF00003FF8003E0019
:10F0E00000383C000E0000601E00060000400E00CC
:10F0F000020000800F000300008007000100008074
:10F10000078001000080038001000080038001006F
:10F11000008001C0010000C001E00100004000E0EB
:10F120000200006000F006000078007C1C00007EF9
:10F13000003FFC0000FF001FF00000000007E0009F
:10F1400000000000000000000000000000000000BF
:10F150000000000000000000000600000000007C2D
:10F160000000000000F00000000000C000000000EF
:10F17000008000000000008000000000008000000F
:10F18000010000800000010000800000010000FF7D
:10F19000FFFFFF0000FFFFFFFF0000FFFFFFFF007A
:10F1A00000800000010000800000010000800000DD
:10F1B000010000800000000000800000000000C08E
:10F1C0000000000000E00000000000FC0000000063
:10F1D0000006000000000000000000000000000029
:10F1E000000000000000000000800000000000801F
:10F1F0000000000000FFFFFFE00000FFFFFFF8003D
:10F2000000FFFFFFFC00008000001E0000800000E7
:10F21000060000800000070000000000030000005E
:10F2200000000300000000000300000000000300D5
:10F2300000000000030000000000030000000000C8
:10F240000600008000000600008000000C00008026
:10F250000000380000FFFFFFE00000800000000019
:10F26000008000000000008000000000000000009E
:10F27000000000000000000000800000000000808E
:10F280000000000000C00000000000F800000000C6
:10F2900000FF8000000000FFF00000000087FF007A
:10F2A00000000080FFE0000000000FFE00000000F2
:10F2B00001FFE0000000001FFC0000000001FF0053
:10F2C00000000000FC000000000FC000000000FE75
:10F2D000000000000FE000000080FE00000000CFF2
:10F2E000F000000000FF0000000000F0000000003F
:10F2F00000C000000000008000000000008000004E
:10F30000000000000000000000800000000000FF7E
:10F310000000000000FFFE00000000FFFFFC0000F6
:10F320000081FFFFF800008003FFFF0000000007DE
:10F33000FC000000000FC000008000FC000000C0C6
:10F3400007C0000000FE7E00000000FFFC0000007F
:10F3500000FFFFF800000081FFFFF000008003FFC6
:10F36000FF000000000FF80000800FFE0000008783
:10F37000FF80000000FFE000000000F80000000037
:10F38000008000000000008000000000000000007D
:10F3900000000000000000000000000001000080EC
:10F3A0000000010000800000030000C00000070012
:10F3B00000F000001F0000FE0000710000FF80014F
:10F3C000C100008FE00700000083F81C000000006F
:10F3D000FE70000000003FC0000000000FF00000C1
:10F3E00000003DFC00000000F07F00000083801F53
:10F3F000E100008E0003F90000F80000FF0000E0CB
:10F4000000003F0000C000000F000080000003006B
:10F41000008000000100000000000100000000006A
:10F4200000000000000000000080000000000080DC
:10F430000000000000E00000000000F800000000F4
:10F4400000FF0000000000FFC00000000087F8007F
:10F4500001000081FF00010000003FC0010000002A
:10F460000FFFFF00000001FFFF00000003FFFF008F
:10F4700000001F80010000807E0001000083F0007A
:10F48000010000DF8000000000FC0000000000F030
:10F490000000000000C0000000000080000000002C
:10F4A00000800000000000000000000000000000DC
:10F4B000000000000000000000000000000000004C
:10F4C00000000100000600000700003C00001F00D3
:10F4D00000F800007F0000E00001FD0000C0000710
:10F4E000F10000C0000FC1000080003F010000805B
:10F4F00000FC0100008003F0010000800FC001004B
:10F5000000803F0001000080FC0001000083F80043
:10F510000100008FE000030000BF8000030000FE38
:10F520000000070000F800001F0000E000007C0061
:10F5300000800000C000000000000000000000008B
:10F5400000000000000000000000000000000000BB
:10F5500000000000000000000000000000000000AB
:10F56000000000000000000000000000000000009B
:10F5700000000000000000001FFFFFFFFFF81FFF5A
:10F58000FFFFFFF818000000001818000000001826
:10F5900018000000001818000000001818000000F3
:10F5A00000181800000000181800000000181800CB
:10F5B0000000001818000000001800000000000003
:10F5C000000000000000000000000000000000003B
:10F5D000000000000000000000000000000000002B
:10F5E0000000000000000000000003000000000018
:10F5F00003E00000000000F800000000003F0000F1
:10F6000000000007C00000000001F800000000003A
:10F610003F00000000000FC00000000001F80000E3
:10F620000000007E00000000000FC000000000038A
:10F63000F000000000007E00000000001F800000BD
:10F64000000003F00000000000FC00000000001CAF
:10F6500000000000000400000000000000000000A6
:10F66000000000000000000000000000000000009A
:10F67000000000001800000000181800000000182A
:10F680001800000000181800000000181800000002
:10F6900000181800000000181800000000181800DA
:10F6A000000000181800000000181FFFFFFFFFF8FF
:10F6B0001FFFFFFFFFF80000000000000000000037
:10F6C000000000000000000000000000000000003A
:10F6D000000000000000000000000000000000002A
:10F6E000000000000000000000000000000000001A
:10F6F000000000000000000000000000000000000A
:10F7000000000000000000000000000000000000F9
:10F710000000000000000080000000000100000068
:10F7200000000700000000000E00000000001C00A8
:10F73000000000001C000000000018000000000095
:10F740001C00000000001C00000000000E00000073
:10F750000000070000000000010000000000008021
:10F760000000000000000000000000000000000099
:10F770000000000000000000000000000000000089
:10F780000000000000000000000000000003000076
:10F790000000000300000000000300000000000360
:10F7A0000000000000030000000000030000000053
:10F7B0000003000000000003000000000003000040
:10F7C0000000000300000000000300000000000330
:10F7D0000000000000030000000000030000000023
:10F7E0000003000000000003000000000003000010
:10F7F0000000000300000000000300000000000300
:10F8000000000000000300000000000300000000F2
:10F8100000030000000000000000000000000000E5
:10F8200000000000000000000000100000000000C8
:10F830001000000000001800000000001800000088
:10F8400000001C00000000001C00000000000E0072
:10F8500000000000060000000000020000000000A0
:10F860000100000000000000000000000000000097
:10F870000000000000000000000000000000000088
:10F880000000000000000000000000000000000078
:10F890000000000000000000000000000000000068
:10F8A0000000000000000000000000000000000058
:10F8B00000007800000003C1FC00000007C3FE0048
:10F8C000000007C7860000000C06030000000804C3
:10F8D00001000000100C01000000100801000000F1
:10F8E00010080100000010080100000010180200BC
:10F8F00000001010020000001810040000000C109E
:10F90000040000000FFFFE00000007FFFF000000E2
:10F9100003FFFF00000000000300000000000300E0
:10F92000000000000600000000001C0000000000B5
:10F9300000000000000000000080000000000080C7
:10F940000000000000800000000000FFFFFFFF003B
:10F9500001FFFFFFFE0003FFFFFFFC00000003802C
:10F960000E0000000700020000000C000300000071
:10F970000C00010000001800010000001800010048
:10F9800000001800010000001800010000001C0029
:10F99000020000000E00060000000F801C000000A6
:10F9A00007FFF800000003FFF0000000007FC00028
:10F9B0000000000000000000000000000000000047
:10F9C0000000000000000000000000000000000037
:10F9D000000000000000003F8000000000FFF00079
:10F9E000000003FFF800000007C07C0000000600D4
:10F9F0001E0000000C0006000000080007000000C8
:10FA000010000300000010000300000010000300BD
:10FA100000001000030000001000030000001800A8
:10FA2000030000000DC0060000000FC0060000002B
:10FA300007C00C00000003C0380000000000600098
:10FA400000000000000000000000000000000000B6
:10FA500000000000000000000000000000000000A6
:10FA6000000000000000003FC000000001FFF000A7
:10FA7000000003FFF800000007803C0000000E00BB
:10FA80000E0000000800070000001800030000003E
:10FA9000100003000000100003000000100003002D
:10FAA000000010000300008008000600008008002D
:10FAB0000C0000800400380000FFFFFFFF0001FF82
:10FAC000FFFFFF0003FFFFFFFE0000000000020039
:10FAD0000000000002000000000002000000000022
:10FAE0000000000000000000000000000000000016
:10FAF000000000000000003F8000000000FFF00058
:10FB0000000003FFF800000007087C0000000C085C
:10FB10001E0000000808060000001808070000008A
:10FB20001008030000001008030000001008030084
:10FB3000000010080300000010080300000008087F
:10FB4000020000000C080600000007080C0000007E
:10FB500007F81800000003F83000000000780000EB
:10FB60000000000000000000000000000000000095
:10FB70000000000000000000000000000000000085
:10FB80001000000000001000010000001000010043
:10FB90000000100001000000100001000000100033
:10FBA00001000007FFFFFF00001FFFFFFF00003FF5
:10FBB000FFFFFF0000701000010000401000010076
:10FBC0000080100001000080100001000080100083
:10FBD000010000801000010000801000000000FC07
:10FBE00010000000007C00000000007C000000000D
:10FBF00000380000000000000000000000000000CD
:10FC000000000000000000000000000000000000F4
:10FC1000000000000000000000F0000000F871F893
:10FC2000000003FCFBFC000007FEFE0C00000E07BA
:10FC30001C04000018011C06000010009C020000BB
:10FC400010008C02000010008C02000010008E02D8
:10FC5000000010008E02000018018E0200000E0746
:10FC60000E0600000FFF060400000FFC070C00004A
:10FC700009F807FC0000180003F800001C0001E070
:10FC800000001E00000000000E0000000000000048
:10FC90000000000000000000008000000100008063
:10FCA0000000010000800000010000FFFFFFFF00D6
:10FCB00001FFFFFFFF0003FFFFFFFF000000030045
:10FCC000010000000600010000000C00010000001F
:10FCD0000C000000000018000000000018000000E8
:10FCE00000001800000000001800010000001C00C7
:10FCF000010000001E00010000000FFFFF000000D7
:10FD000007FFFF00000003FFFF00000000000100EC
:10FD100000000000010000000000010000000000E1
:10FD200000000000000000000000000000000000D3
:10FD300000000000000000000000000000000000C3
:10FD40000000100001000000100001000000100081
:10FD50000100000010000100000010000100007010
:10FD60001000010000F81FFFFF0000F83FFFFF0038
:10FD700000F83FFFFF0000700000010000000000DD
:10FD80000100000000000100000000000100000070
:10FD90000000010000000000010000000000000061
:10FDA0000000000000000000000000000000000053
:10FDB0000000000000000000000000000000000043
:10FDC000000000000000000000000000000000181B
:10FDD00000000000003C00000000003E00000000A9
:10FDE000001E00000000000E0000000000060000E1
:10FDF00000000006000010000006000010000006D1
:10FE000000001000000C00001000000C007010003A
:10FE1000003800F81FFFFFF800F83FFFFFF000F880
:10FE20003FFFFFC000700000000000000000000065
:10FE300000000000000000000000000000000000C2
:10FE400000000000000000000080000001000080B1
:10FE50000000010000800000010000FFFFFFFF0024
:10FE600001FFFFFFFF0003FFFFFFFF000000000393
:10FE700081000000000701000000001E01000000DA
:10FE8000003C00000000007C0000000000FF0000BB
:10FE9000000019CFC00000001B83F10000001E010C
:10FEA000F90000001C007F00000018001F00000087
:10FEB00018000F00000018000300000018000100E7
:10FEC0000000000001000000000000000000000031
:10FED0000000000000000000000000000000000022
:10FEE0000000000000000000000000000000000012
:10FEF0000080000001000080000001000080000080
:10FF0000010000800000010000800000010000806E
:10FF10000000010001FFFFFFFF0001FFFFFFFF00E6
:10FF200003FFFFFFFF0000000000010000000000D1
:10FF300001000000000001000000000001000000BE
:10FF400000000100000000000100000000000000AF
:10FF500000000000000000000000000000000000A1
:10FF60000000000000000000000010000100000080
:10FF70001FFFFF0000001FFFFF0000003FFFFF000A
:10FF800000000600010000000C0001000000180045
:10FF9000000000001800010000001800010000002F
:10FFA0001FFFFF0000001FFFFF00000007FFFF0012
:10FFB00000000600010000000C0001000000180015
:10FFC00000000000180001000000180001000000FF
:10FFD0001FFFFF0000000FFFFF00000007FFFF00F2
:10FFE000000000000100000000000100000000000F
:10FFF00000000000000000000000100001000000F0
:020000040801F1
:100000001000010000001000010000001FFFFF00B1
:1000100000001FFFFF0000003FFFFF000000030083
:10002000010000000600010000000E0001000000B9
:100030000C00000000001800000000001800000084
:1000400000001800000000001800010000001C0063
:10005000010000001E00010000000FFFFF00000073
:1000600007FFFF00000003FFFF0000000000010089
:10007000000000000100000000000100000000007E
:100080000000000000000000000000000000000070
:10009000003F8000000000FFE000000001FFF800CA
:1000A000000003C03C00000006000C0000000C0033
:1000B0000600000008000200000018000100000017
:1000C00010000100000010000100000010000100FD
:1000D00000001000010000001800010000000800EE
:1000E000020000000C000600000006000C000000EA
:1000F00007C03C00000003FFF800000000FFE00024
:100100000000003F80000000000000000000000030
:1001100000000000000000000000100000020000CD
:100120001000000200001000000200001FFFFFFE90
:1001300000001FFFFFFE00003FFFFFFE0000030066
:100140000C0200000600060200000C000202000083
:100150000C00010000001800010000001800010060
:100160000000180001000000180001000000180045
:10017000030000000C00060000000E000E0000004E
:1001800007803C00000007FFF800000001FFF000BE
:100190000000007F80000000000000000000000060
:1001A000000000000000000000000000000000004F
:1001B000003FC000000001FFF000000003FFFC0052
:1001C000000007803C0000000E000E000000080048
:1001D00007000000180003000000100003000000EA
:1001E00010000300000010000300000010000300D6
:1001F00000000800060200000800060200000600D9
:100200001C02000007FFFFFE00000FFFFFFE0000C2
:100210001FFFFFFE000000000002000000000002BF
:1002200000000000000200000000000000000000CC
:1002300000000000000000000000000000000000BE
:10024000100001000000100001000000100001007B
:1002500000001000010000001000010000001FFF5E
:10026000FF0000003FFFFF0000003FFFFF00000015
:1002700000E0010000000180010000000300010017
:1002800000000600010000000C0001000000080052
:10029000010000001800000000001800000000002D
:1002A0001F00000000001F00000000000F00000001
:1002B00000000E0000000000000000000000000030
:1002C000000000000000000000000000000000002E
:1002D00000000000000000000000000000007E00A0
:1002E000000003E03F00000007F00E0000000FF0E8
:1002F000060000000C380200000018380200000060
:10030000101C01000000101C01000000100C010076
:100310000000100E01000000100E01000000100788
:1003200001000000080701000000080703000000AA
:100330000C03C60000000F03FE0000000781FC0054
:1003400000000000F80000000000000000000000B5
:10035000000000000000000000000000000000009D
:10036000000000000000100000000000100000006D
:10037000000010000000000010000000000030002D
:10038000000000003000000000007FFFF8000001C6
:10039000FFFFFC00000FFFFFFE00000010000F0039
:1003A0000000100003000000100003000000100017
:1003B0000300000010000300000010000200000015
:1003C00010000600000010000C00000000003000CB
:1003D000000000000000000000000000000000001D
:1003E00000000000000000000000100000000000FD
:1003F0001000000000001000000000001FFFF800C7
:1004000000001FFFFC0000003FFFFE000000000096
:100410000F000000000007000000000003000000C3
:1004200000000300000000000300000000000300C3
:100430000000000002000000100006000000100094
:100440000C0000001000180000001FFFFF0000005B
:100450001FFFFF0000003FFFFE0000000000020041
:100460000000000002000000000002000000000088
:10047000000000000000000000000000000000007C
:100480001000000000001000000000001800000034
:1004900000001E00000000001F80000000001FF090
:1004A000000000001BFE00000000107F8000000024
:1004B000101FF00000000003FE00000000007F009D
:1004C000000000003E0000000001F0000000100FDE
:1004D00080000000107E000000001BF00000000003
:1004E0001F80000000001E00000000001800000037
:1004F00000001000000000001000000000000000DC
:1005000000000000000000000000100000000000DB
:100510001C00000000001FC0000000001FFC0000C5
:1005200000001FFFC0000000103FFC00000000039F
:10053000FF0000000001FC000000100FE0000000C0
:10054000107F000000001FF0000000001FE000000E
:1005500000001FFE0000000019FFC0000000103F57
:10056000FC0000000003FF0000001007FC0000007A
:10057000107F800000001FF8000000001F800000B6
:100580000000180000000000100000000000100033
:10059000000000000000000000000000000000005B
:1005A0000000010000001000010000001000010028
:1005B00000001800030000001C000F0000001F00D6
:1005C0001F0000001F80710000001FE0C00000003D
:1005D00011FB80000000007E00000000003F0000D2
:1005E0000000007FC100000010E3F1000000138054
:1005F000FD0000001E007F0000001C001F00000026
:1006000010000700000010000300000010000100AF
:1006100000000000010000000000000000000000D9
:1006200000000000000000000000000000000000CA
:100630001000000000001000000C00001800001E58
:1006400000001E00001E00001FC0000E00001FF072
:100650000006000013FE00040000107F8018000058
:10066000001FF0F000000003FFC0000000007E004B
:1006700000000003F0000000101F8000000010FCCC
:10068000000000001FE0000000001F00000000004C
:100690001C0000000000100000000000100000001E
:1006A000000010000000000000000000000000003A
:1006B000000000000000000000000000000000003A
:1006C00000000000000007C0030000001F0007003A
:1006D00000001C001F00000018003F000000100078
:1006E000FD0000001003F10000001007E100000011
:1006F000101F81000000103E0100000010FC0100EE
:10070000000011F00100000017E0010000001F8050
:10071000010000001E00030000001C000F0000008C
:1007200010003F0000000000E0000000000000009A
:1007300000000000000000000000000000000000B9
:1007400000000000000000000000000000000000A9
:100750000000000000000000000000000000000099
:100760000000000000000000000000000000000089
:100770000000000000000000000000000000000079
:100780000080000000000080000000000140000028
:1007900000000360000001FFFE3FFFC007FFFC1FD9
:1007A000FFE00C0000000030080000000010100006
:1007B0000000000810000000000810000000000801
:1007C0000000000000000000000000000000000029
:1007D0000000000000000000000000000000000019
:1007E0000000000000000000000000000000000009
:1007F00000000000000000000000000000000000F9
:1008000000000000000000000000000000000000E8
:1008100000000000FFFFFFFFFFFF000000000000DE
:1008200000000000000000000000000000000000C8
:1008300000000000000000000000000000000000B8
:1008400000000000000000000000000000000000A8
:100850000000000000000000000000000000000098
:100860000000000000000000000000000000000088
:100870000000000010000000000810000000000848
:100880001000000000080800000000100C0000002C
:10089000003007FFFC1FFFE001FFFE3FFFC000002C
:1008A0000360000000000140000000000080000024
:1008B00000000080000000000000000000000000B8
:1008C0000000000000000000000000000000000028
:1008D0000000000000000000000000000000000018
:1008E0000000000000000000000000000000000008
:1008F00000000000000000000000000000000600F2
:10090000000000001800000000006000000000006F
:10091000400000000000C00000000000C000000017
:100920000000C00000000000E000000000007000B7
:10093000000000003800000000001C000000000063
:100940000E0000000000070000000000038000000F
:100950000000038000000000018000000000018012
:100960000000000001000000000003000000000083
:100970000C0000000000300000000000000000003B
:1009800000000000000000005081588160816881F3
:1009900070810000232D302B2000686C4C006566B0
:1009A00067454647003031323334353637383941C0
:1009B00042434445460030313233343536373839D6
:0809C0006162636465660000DA
:0809C80008F8FE7F01000000A9
:0409D000B501000865
:0409D4009101000885
:1009D8000024F400100000000100FFFF10000020B8
:1009E80000000000DC01002044020020AC020020CE
:1009F80000000000000000000000000000000000EF
:100A080000000000000000000000000000000000DE
:100A180000000000000000000000000000000000CE
:0C0A2800000000000000000000000000C2
:040000050800175D7B
:00000001FF
