:020000040800F2
:100000000000022041350008613300086933000810
:1000100071330008793300088133000800000000C4
:10002000000000000000000000000000893300080C
:100030009733000800000000A5330008B333000820
:100040009135000891350008913500089135000878
:100050009135000891350008913500089135000868
:100060009135000891350008913500089135000858
:100070009135000891350008913500089135000848
:100080009135000891350008913500089135000838
:1000900091350008C13300089135000891350008FA
:1000A0009135000891350008913500089135000818
:1000B000D5330008913500089135000891350008C6
:1000C00091350008913500089135000891350008F8
:1000D000E9330008FD330008113400082534000816
:1000E00091350008913500089135000891350008D8
:1000F00091350008913500089135000891350008C8
:100100009135000839340008913500089135000810
:100110004D340008913500089135000891350008EC
:1001200091350008913500089135000861340008C8
:100130009135000891350008913500089135000887
:100140009135000891350008913500087534000894
:100150009135000889340008913500089D34000865
:100160009135000891350008913500089135000857
:100170009135000891350008913500080000000015
:080180009135000891350008DB
:1001900010B5054C237833B9044B13B10448AFF3C1
:1001A00000800123237010BD8000002000000000AB
:1001B0008899010808B5034B1BB103490348AFF305
:1001C000008008BD0000000084000020889901081C
:1001D00010F8012B11F8013B012A28BF9A42F7D0F1
:1001E000D01A7047034613F8012B002AFBD1181AC6
:1001F000013870470000000000000000000000000F
:1002000001F0FF01102A2BDB10F0070F08D010F8C7
:10021000013B013A8B422DD010F0070F42B3F6D1CB
:10022000F0B441EA012141EA014122F007047FF0E4
:1002300000070023F0E80256083C85EA010586EA3B
:10024000010685FA47F5A3FA87F586FA47F6A5FA77
:1002500087F68EB9EED1F0BC01F0FF0102F0070283
:1002600032B110F8013B013A83EA010313B1F8D12E
:100270000020704701387047002D06BF354603380F
:10028000073815F0010F07D1013015F4807F02BF48
:10029000013015F4C03F0130F0BC0138704700BF99
:1002A00070B54FF0FF0C4CF4E06C1CEA11541DBF0C
:1002B0001CEA135594EA0C0F95EA0C0F00F0DEF8D7
:1002C0002C4481EA030621EA4C5123EA4C5350EABC
:1002D000013518BF52EA033541F4801143F480130D
:1002E00038D0A0FB02CE4FF00005E1FB02E506F09E
:1002F0000042E0FB03E54FF00006E1FB03569CF0F3
:10030000000F18BF4EF0010EA4F1FF04B6F5007FF8
:1003100064F5407404D25FEA4E0E6D4146EB06066A
:1003200042EAC62141EA55514FEAC52040EA5E50F3
:100330004FEACE2EB4F1FD0C88BFBCF5E06F1ED89D
:10034000BEF1004F08BF5FEA500E50F1000041EBD4
:10035000045170BD06F0004646EA010140EA020081
:1003600081EA0301B4EB5C04C2BFD4EB0C0541EAA3
:10037000045170BD41F480114FF0000E013C00F3B8
:10038000AB8014F1360FDEBF002001F0004170BDDC
:10039000C4F10004203C35DA0C341BDC04F11404F5
:1003A000C4F1200500FA05F320FA04F001FA05F281
:1003B00040EA020001F0004221F0004110EBD3704E
:1003C00021FA04F642EB06015EEA430E08BF20EA7A
:1003D000D37070BDC4F10C04C4F1200500FA04F31D
:1003E00020FA05F001FA04F240EA020001F00041AF
:1003F00010EBD37041F100015EEA430E08BF20EA22
:10040000D37070BDC4F1200500FA05F24EEA020E69
:1004100020FA04F301FA05F243EA020321FA04F098
:1004200001F0004121FA04F220EA020000EBD3704F
:100430005EEA430E08BF20EAD37070BD94F0000F4F
:100440000FD101F00046400041EB010111F4801F83
:1004500008BF013CF7D041EA060195F0000F18BF34
:10046000704703F00046520043EB030313F4801F70
:1004700008BF013DF7D043EA0603704794EA0C0F2A
:100480000CEA135518BF95EA0C0F0CD050EA410640
:1004900018BF52EA4306D1D181EA030101F00041BD
:1004A0004FF0000070BD50EA410606BF10461946E5
:1004B00052EA430619D094EA0C0F02D150EA0136F1
:1004C00013D195EA0C0F05D152EA03361CBF104632
:1004D00019460AD181EA030101F0004141F0FE41D1
:1004E00041F470014FF0000070BD41F0FE4141F455
:1004F000780170BD81F0004102E000BF83F000434D
:1005000030B54FEA41044FEA430594EA050F08BFAE
:1005100090EA020F1FBF54EA000C55EA020C7FEA72
:10052000645C7FEA655C00F0E2804FEA5454D4EBEF
:100530005555B8BF6D420CDD2C4480EA020281EAB9
:10054000030382EA000083EA010180EA020281EAF1
:100550000303362D88BF30BD11F0004F4FEA013143
:100560004FF4801C4CEA113102D0404261EB410152
:1005700013F0004F4FEA03334CEA133302D05242D8
:1005800063EB430394EA050F00F0A780A4F1010494
:10059000D5F1200E0DDB02FA0EFC22FA05F28018CE
:1005A00041F1000103FA0EF2801843FA05F35941B4
:1005B0000EE0A5F120050EF1200E012A03FA0EFC33
:1005C00028BF4CF0020C43FA05F3C01851EBE3715D
:1005D00001F0004507D54FF0000EDCF1000C7EEB7A
:1005E00000006EEB0101B1F5801F1BD3B1F5001FB8
:1005F0000CD349085FEA30004FEA3C0C04F10104D7
:100600004FEA445212F5800F80F09A80BCF1004FFF
:1006100008BF5FEA500C50F1000041EB045141EA81
:10062000050130BD5FEA4C0C404141EB0101013C4A
:1006300028BFB1F5801FE9D291F0000F04BF014639
:100640000020B1FA81F308BF2033A3F10B03B3F10B
:1006500020020CDA0C3208DD02F1140CC2F10C029B
:1006600001FA0CF021FA02F10CE002F11402D8BFF9
:10067000C2F1200C01FA02F120FA0CFCDCBF41EAC5
:100680000C019040E41AA2BF01EB0451294330BD94
:100690006FEA04041F3C1CDA0C340EDC04F1140471
:1006A000C4F1200220FA04F001FA02F340EA030048
:1006B00021FA04F345EA030130BDC4F10C04C4F18E
:1006C000200220FA02F001FA04F340EA030029466E
:1006D00030BD21FA04F0294630BD94F0000F83F4B8
:1006E000801306BF81F480110134013D4EE77FEA9B
:1006F000645C18BF7FEA655C29D094EA050F08BFE7
:1007000090EA020F05D054EA000C04BF19461046C7
:1007100030BD91EA030F1EBF0021002030BD5FEA0B
:10072000545C05D14000494128BF41F0004130BD33
:1007300014F580043CBF01F5801130BD01F0004587
:1007400045F0FE4141F470014FF0000030BD7FEAFA
:10075000645C1ABF194610467FEA655C1CBF0B46F5
:10076000024650EA013406BF52EA033591EA030F0C
:1007700041F4002130BD00BF90F0000F04BF002104
:10078000704730B54FF4806404F132044FF0000537
:100790004FF0000150E700BF90F0000F04BF0021B0
:1007A000704730B54FF4806404F1320410F0004516
:1007B00048BF40424FF000013EE700BF42004FEA11
:1007C000E2014FEA31014FEA02701FBF12F07F438E
:1007D00093F07F4F81F06051704732F07F4208BF45
:1007E000704793F07F4F04BF41F40021704730B54C
:1007F0004FF4607401F0004521F000411CE700BF98
:1008000050EA010208BF704730B54FF000050AE01A
:1008100050EA010208BF704730B511F0004502D51B
:10082000404261EB41014FF4806404F132045FEA1D
:10083000915C3FF4D8AE4FF003025FEADC0C18BFC6
:1008400003325FEADC0C18BF033202EBDC02C2F1B8
:10085000200300FA03FC20FA02F001FA03FE40EA4A
:100860000E0021FA02F11444BDE600BF4A0011D285
:1008700012F5001211D20DD56FF47873B3EB6252FA
:100880000ED44FEAC12343F0004343EA505323FA06
:1008900002F070474FF00000704750EA013002D17B
:1008A0004FF0FF3070474FF00000704753B94AB91E
:1008B000002908BF00281CBF4FF0FF314FF0FF3068
:1008C00000F088B9ADF1080C6DE904CE00F006F82F
:1008D000DDF804E0DDE9022304B070472DE9F047BC
:1008E000089D8E4604468846002B4AD18A42174608
:1008F00062D9B2FA82F64EB1C6F1200301FA06F8C7
:1009000020FA03F3B74043EA0808B4404FEA174E11
:100910001FFA87FCB8FBFEF1230C0EFB118843EA9B
:10092000084301FB0CF29A4209D9FB1801F1FF3090
:1009300080F0EA809A4240F2E78002393B449A1AFA
:10094000A3B2B2FBFEF00EFB102243EA024300FB0F
:100950000CFC9C4509D9FB1800F1FF3280F0D680D1
:100960009C4540F2D3803B44023840EA0140A3EB6F
:100970000C0300211DB1F3400022C5E90032BDE89F
:10098000F0878B4205D90DB1C5E900010021084669
:10099000F5E7B3FA83F1002946D1734502D38242C9
:1009A00000F20581841A6EEB030201209046002DAF
:1009B000E5D0C5E90048E2E7002A00F09080B2FAED
:1009C00082F6002E40F0A4808A1A030C4FEA174EDC
:1009D00080B2BCB20121B2FBFEFC0EFB1C2243EA3A
:1009E000024304FB0CF29A4207D9FB180CF1FF38C2
:1009F00002D29A4200F2E080C4469B1AB3FBFEF298
:100A00000EFB123340EA034302FB04F49C4207D975
:100A1000FB1802F1FF3002D29C4200F2CA8002466B
:100A20001B1B42EA0C40A5E7C1F120068B4022FACD
:100A300006F71F430EFA01F420FA06F32EFA06FE1B
:100A40004FEA1749234300FA01F81FFA87FCBEFB5F
:100A5000F9F01C0C09FB10EE44EA0E4400FB0CFEFE
:100A6000A64502FA01F209D93C1900F1FF3A80F0DB
:100A70009C80A64540F2998002383C44A4EB0E04C9
:100A80001FFA83FEB4FBF9F309FB13444EEA044456
:100A900003FB0CFCA44508D93C1903F1FF3E80F090
:100AA0008280A4457FD9023B3C4443EA0040A4EB4A
:100AB0000C04A0FB02EC64457346E14662D35FD0B0
:100AC0005DB1B8EB030264EB090404FA06F622FAFE
:100AD00001F31E43CC40C5E9006400214FE7B1FBA0
:100AE000F2FC010C41EA0E4180B240EA01423B4671
:100AF00038463C46B846BE462026B1FBF7F1A2EB8D
:100B0000080241EA0C4166E7014618E710462CE767
:100B1000C6F120022EFA02F3B740B14020FA02F2E9
:100B20004FEA174E0A43B3FBFEF8BCB20EFB183374
:100B3000110C41EA034108FB04F9B04089454FEA32
:100B4000104380B23ED9791808F1FF3C01D28945A3
:100B50001FD8A1EB0901B1FBFEF909FB04F80EFB5C
:100B6000191192B242EA0142424529D2BA1809F15A
:100B7000FF31C4D24245C2D2A9F102013A44BEE7D4
:100B8000F0459DD2BEEB02036CEB070C0138E14649
:100B900096E7A7EB09094944A8F1020CB1FBFEF95D
:100BA00009FB04F8DBE773467FE7504666E7084633
:100BB000FDE63B44023A33E7ACF1020C3B441CE750
:100BC00049469CE7A1EB0901C446B1FBFEF909FBCC
:100BD00004F8C4E7704700BFB0B58EB004AF00237F
:100BE0007B6207F10C0300210A461A800A469A70BC
:100BF0003B1D00221A609A8000233B7007F036FDEF
:100C000001F0E2F803F04CFA03F04AFA0346002B35
:100C10000CD01F2005F052FA964B4FF6FF721A8047
:100C2000954B1F221A80002006F062FA06F06AF83F
:100C30000346002B05D0012006F0FCF88F4B002264
:100C40001A7001F0EFFC01F0C5FC01F027F901F08A
:100C500077F901F0C7F901F00FFA01F04FFA01F04E
:100C600017FB01F0E5FB01F00DFC01F035FC01F094
:100C70005DFC01F085FC01F083FA01F03FFB14F00C
:100C80006BFA01F0EFFD01F067FA01F0E1F901F014
:100C900083FB06F0D9FB07F031F84FF4FA7007F048
:100CA00057FD03F0FDF91F2005F008FA06F02AF8B9
:100CB000734A0F210B2006F053FF724A0B210F20BD
:100CC00006F01EFE704A2B210F2006F0FDFC6F4A35
:100CD00033210F2006F014FE01226D496D4811F0FA
:100CE0001EFA01226C496D4811F019FA012387F8A8
:100CF00023306B4B1B683B616A4B1B687B616A4B03
:100D00001B68BB61694B1B889BB27B62684807F01C
:100D1000B5F839697A69B8697B6A00930346654812
:100D200007F0ACF864480DF059FF7862796A6348BF
:100D300007F0A4F807F1100303221946604809F0F0
:100D400048F97862796A5F4807F098F85E4807F0DA
:100D500095F8012006F0CCF9102002F0E3FE5B4A82
:100D600000210A2006F0B0FC594A0021022006F0BA
:100D7000ABFC584A0021042006F0A6FC564A00218C
:100D8000062006F0A1FC554807F078F8544807F013
:100D900075F8012006F0BCFF002006F0D3FF032009
:100DA00006F0A6F94FF4487007F0D2FC002006F0D8
:100DB000AFFF012006F0C6FF072006F099F94FF4B7
:100DC000487007F0C5FC002006F0A2FF002006F0E6
:100DD000B9FF0F2006F08CF907F10C03184606F056
:100DE000D5F9002387F8233000237B62012387F89D
:100DF0002230012006F01EF8204B1B7803F09003F0
:100E0000002B72D01D4B1B7803F00F03012B04D174
:100E10004FF6FF7005F052F967E0184B1B7803F0AE
:100E20000F03022B04D14FF61F0005F047F95CE0D9
:100E3000124B1B7803F00F03032B04D14FF47840BF
:100E400005F03CF951E00D4B1B7803F00F03042B28
:100E500004D14FF4FC6005F031F946E0074B1B78F4
:100E600003F00F03052B3DD14FF6E07005F026F996
:100E70003BE000BF3607002004000020560700209A
:100E8000A0990108B8990108C8990108CC990108EE
:100E90006A08002020040020360900206804002091
:100EA000107AFF1F147AFF1F187AFF1F227AFF1F84
:100EB000E4990108589A0108C40100209C9A01088D
:100EC00054010020D09A0108189B01088C9B01084E
:100ED000A09B0108B49B0108C89B0108DC9B01088A
:100EE0005C9C01081F2005F0E9F8874B00221A706E
:100EF00002F01EFF0346002B0CD002F0CDFC834B0A
:100F00004FF6FF721A80824B1F221A80C82164207C
:100F100005F0EEFB02F036FF0346002B09D002F08D
:100F2000BBFC4FF4F0734FF448720021002005F031
:100F3000C5FC02F051FF0346002B0CD002F0ACFCC4
:100F40004FF4784300934FF4C8734FF4C8721421E0
:100F5000142005F0EDFD02F069FF0346002B3BD0A5
:100F600002F09AFC4FF6FF7005F0A8F848F2304303
:100F700000934FF4E6734FF42F723221322005F0C4
:100F8000D7FD40F2FF7300937B2340F2B922352155
:100F9000352005F0CDFD1F23009376234FF42D72ED
:100FA0003A214FF41E7005F0C3FD1F2300934FF448
:100FB000D2734FF4AA724FF4A071642005F0B8FD0B
:100FC0001F2300934FF4D2734FF420724FF4A0719B
:100FD0004FF4C87005F0ACFD4B4B00221A7097F827
:100FE0002330002B40F0C78003F05AF80346002B53
:100FF0005ED04FF4784005F061F84FF4FC6005F0E6
:101000005DF81F2005F05AF8404B4FF6FF721A802A
:1010100082214FF4F07005F01DFE3E4B2022082186
:10102000012005F059F93C4B10220021002005F069
:10103000E9FA394B18220021012005F0E3FA374B79
:1010400030220021012005F0DDFA344B302200214E
:10105000022005F0D7FA324B1B680093314B202257
:101060000A21042005F038F92F4B302202210820F4
:1010700005F032F92A4B1B6819462C4806F0FEFE93
:101080002B4A00210A2006F01FFB2A4A00210220D9
:1010900006F01AFB284A0021042006F015FB274A17
:1010A0000021062006F010FB012387F8233008E01A
:1010B0001B4B1B681946224806F0E0FE052387F803
:1010C000233005F01FFE0346002B45D0012005F01C
:1010D000B1FE0D4B00221A701A4B00931A4B2022BE
:1010E0000A21052005F0F8F8184B202205210620DA
:1010F00005F088FA1349164806F0C0FE154806F0B8
:10110000BDFE02F0C9FB36E056070020360700207E
:1011100004000020E49C0108A0990108B899010886
:1011200028070020089D0108149D0108249D01083E
:10113000B89D0108CC9D0108E09D0108F49D0108BF
:10114000089E010838070020949E0108A49E01080B
:10115000C89E0108289F0108994B1B780193994B61
:101160000093994B20220821042005F0B5F89549F9
:10117000964806F083FE97F82330012B46D10120D4
:1011800005F058FE8E4B1B7803F09003002B2ED0F9
:101190008F4B1B888F4A11880A22184605F012FCD3
:1011A000874B1B7803F00F03002B20DD7B6A002B9D
:1011B0001DD1894B20220A21092005F08DF8874B8B
:1011C00020220521072005F01DFA854B3022102131
:1011D000082005F081F8834A0021062006F074FA01
:1011E000814806F04BFE02F057FB01237B62744BF3
:1011F00000221A7002F01AFE0346002B06D002F0FD
:101200004BFB04F04BFF052387F8233097F823307E
:10121000052B19D1754806F031FE754A00210A20C8
:1012200006F052FA734A0021022006F04DFA724A83
:101230000021042006F048FA704A0021062006F03A
:1012400043FA062387F8233097F82330062B7DD105
:10125000642007F07DFA6A4B1B8803F44043002B9F
:1012600004D002F019FB072387F8233002F060FD59
:101270000346002B04D002F00FFB0A2387F823302B
:1012800007F10C03184605F081FF00225D495E4816
:101290000DF0D4FD00225D495B480DF0B1FE5B4BC3
:1012A000DB7803F5FA61594B5B781C46574B9B780A
:1012B0001D46544B1B781A46524B5B781846514BCF
:1012C0009B780293019000922B462246504806F0EC
:1012D000D5FD3B7B002B07D07B7B1946BB7B1A4699
:1012E0004C4806F0CBFD06E07B7B1946BB7B1A46DB
:1012F000494806F0C3FD494806F0C0FD414B1B7844
:101300001946404B5B781A463E4B9B7801930092FE
:101310000B46434A0021042006F0D6F93B7B002B04
:101320000AD07B7B1A46BB7B009313463D4A0021C3
:10133000062006F0C9F909E07B7B1A46BB7B0093C7
:101340001346394A0021062006F0BEF997F82330EB
:10135000072B40F018812A4B1B8803F44043002BD5
:1013600000F00781264B1B88C3F30D03002B61D1CE
:101370000022244924480DF061FD0022234922481F
:101380000DF03EFE214BDB7803F5FA611F4B5B78D5
:101390001C461E4B9B781D461A4B1B781A46194B50
:1013A0005B781846174B9B780293019000922B466E
:1013B00022461E4806F062FD1D4806F05FFDD5E09E
:1013C0005607002038070020E49F0108FC9F010811
:1013D000400700204C07002094A00108A8A00108A5
:1013E000C8A00108D8A00108ECA0010828A10108A4
:1013F0009CA10108B0A10108C4A10108D8A101085D
:101400006808002094050020D401002090050020E9
:10141000ECA1010818A2010830A2010848A20108A5
:101420009CA20108B4A20108C8A20108DCA201081C
:101430000CA30108424B1B88C3F30D030E2B40F095
:101440008F80404B9B781A46920013445B00DAB2BF
:101450003C4BDB781344DBB2103BDAB23A4BDA7028
:10146000384B1B791A46920013445B00DAB2354BB5
:101470005B791344DBB2103BDAB2334B5A70314B19
:101480009B791A46920013445B00DAB22D4BDB794C
:101490001344DBB2103BDAB22B4B9A70294B1B7A08
:1014A0001A46920013445B00DAB2264B5B7A13446F
:1014B000DBB2103BDAB2254B1A70224B9B7A1A46EC
:1014C000920013445B00DAB21E4BDB7A1344DBB2AA
:1014D000103BDAB21D4B5A701A4B1B7B1A46920016
:1014E00013445B00DAB2174B5B7B1344DBB2103B57
:1014F000DAB2164B9A700022144915480DF004FC1C
:101500000346002B06D0134806F0B8FC052387F8E5
:1015100023302BE000220C490D480DF0EDFC034672
:10152000002B06D00C4806F0A9FC052387F82330D1
:101530001CE00A4806F0A2FC052387F8233015E0DA
:1015400068080020A00700209005002094050020D6
:10155000D40100209CA30108C4A30108F0A3010842
:10156000BF4806F08BFC052387F82330BD4B0022D3
:101570001A8002F0DDFB0346002B04D002F08CF948
:101580000A2387F8233097F823300A2B32D1002022
:1015900005F046FDB44806F071FCB44A00210A206B
:1015A00006F092F8B24A0021022006F08DF8B14A06
:1015B0000021042006F088F8AF4A0021062006F03A
:1015C00083F802F085FB0021AC4808F057FD4FF48A
:1015D0007A7007F0BDF8002005F0ACFE1021A74896
:1015E00008F0A3FDA64810F077F80B2387F8233006
:1015F00000237B6297F823300B2B56D10A2007F08B
:10160000A7F8984B1B8803F44043002B02D0142307
:1016100087F8233002F0B6FB0346002B06D002F019
:101620003BF9142387F8233000237B62954801F0AF
:10163000B0FF0346BB80944801F0ABFF0346FB803C
:10164000FB88184601F0C6FF0346184602F04AF828
:101650000346184602F08CF803463B81BB881946C6
:10166000FB881A463B89894806F008FC884806F042
:1016700005FCBB88874A0021042006F025F8FB887A
:101680001A463B8900931346834A0021062006F040
:101690001BF8FB885B089BB203F2FF73FB83FB8B99
:1016A00000220021754808F062FD97F82330142BC2
:1016B0003ED1002005F03EFE724807F083F97248E3
:1016C00007F080F900216D4808F02FFD10216B48CC
:1016D00008F02BFD6A480FF0FFFF002005F0BAFC70
:1016E0006E4806F0CBFB6E4A00210A2005F0ECFFA5
:1016F0006C4A0021022005F0E7FF6B4A002104201C
:1017000005F0E2FF694A0021062005F0DDFF012215
:101710006749684810F003FD674802F0E3F81523B5
:1017200087F82330654B00221A80654B00221A800F
:1017300097F82330152B40F0DE80642007F008F87E
:1017400002F04AFB0346002B04D002F0A5F81E234A
:1017500087F82330434B1B88002B27D002F09CF8DE
:10176000584B1B781946584806F088FB574806F036
:1017700085FB544B1B781946554806F0FDFA514B32
:101780001B781A467021042005F000FF4D4B1B7892
:1017900019464F4802F094F94A4B1B781A467021BB
:1017A000062005F0F3FE2F4B00221A80434B1B88C6
:1017B000002B14D002F04CF8464B1B781A464821F7
:1017C000042005F0E3FE434B1B781946424806F01F
:1017D00055FB3E4806F052FB384B00221A8002F0BF
:1017E000A7FA0346002B0FD002F056F83B4806F04C
:1017F000C3FA41227021042005F0C8FE384806F0E3
:101800003DFB324806F03AFB2D4B1B88002B14D0D1
:1018100002F01EF8334B1B781A464821062005F0CB
:10182000B5FE304B1B7819462F4806F027FB27489A
:1018300006F024FB224B00221A8002F0A3FA034692
:10184000002B58D002F028F8244802F039F9412240
:101850007021062005F09AFE244806F00FFB47E0B1
:1018600010A401086808002030A4010848A5010858
:101870005CA5010870A5010884A501085C01002091
:10188000580700209C000020E400002098A50108D3
:10189000F4A5010828A601083CA6010850A60108E5
:1018A000D8A70108ECA7010800A8010814A801089E
:1018B000CE0A0020D80300202C010020CC0A0020F2
:1018C000F0060020A007002028A801083CA8010875
:1018D00070A80108040A002074A8010884A801085F
:1018E00088A801082806002094A80108A0A80108DB
:1018F000684806F0C3FA97F823301E2B3DD166489E
:1019000010F032FC654807F071FD002005F0BCFBCB
:10191000634806F0B3FA634A00210A2005F0D4FEBA
:10192000614A0021022005F0CFFE604A0021042018
:1019300005F0CAFE5E4A0021062005F0C5FE01F052
:1019400037FF01225B495C4810F0E9FB5B480FF070
:10195000EBFE01225A495B4810F0E1FB5A4B002292
:101960001A805A4B00221A80594801F03DFF59480D
:1019700006F048FE1F2387F8233097F823301F2BEB
:1019800058D102F053FA0346002B04D001F084FF33
:10199000282387F8233002F0CBF90346002B17D019
:1019A00001F07AFF414A0021042005F08DFE404AF3
:1019B0000021062005F088FE454801F015FF454846
:1019C00006F020FE444806F059FA444806F056FA5C
:1019D0003E4B1B881BB2002B13DA414B00930323B1
:1019E000404A0021042005F06FFE384B1B88C3F3EA
:1019F0000E033D4A19463D4806F040FA334B00229B
:101A00001A80314B1B881BB2002B13DA384B009322
:101A10000223384A0021062005F056FE2A4B1B8877
:101A2000C3F30E03344A1946344806F027FA264B0E
:101A300000221A8097F82330282B40F08C8001F088
:101A4000C5FE1D4810F090FB1E4810F08DFB0020D5
:101A500005F034FB2A4806F011FA2A4A00210A2030
:101A600005F032FE284A0021022005F02DFE274A0B
:101A70000021042005F028FE0B4A0021062005F075
:101A800023FE06F051FB0346002B43D0204806F00E
:101A9000F5F95BE03CA80108D80300202C010020E8
:101AA000ACA80108B0A90108CC9D0108C4A901088F
:101AB000D8A9010836090020680400205807002032
:101AC000020A0020B004002034090020000A00208F
:101AD000ECA90108FCA9010804AA010844AA01080C
:101AE00039090020A4AA010838090020B8AA010871
:101AF00072080020DCAA01086C080020F0AA010886
:101B00000CAB010878AB01088CAB0108A0AB010855
:101B1000B4AB0108954806F0B1F906F099FB03460D
:101B20007B62796A924806F0A9F93B4601220021BE
:101B3000184606F0BDFB3B7819468E4806F09EF924
:101B40003B788D4A0021042005F0BEFD05F00EFC17
:101B5000292387F8233097F82330292B6CD102F002
:101B6000E7F80346002B10D0012005F059FA01F0E8
:101B700093FE05F045FC814A0021022005F0A4FDFA
:101B80003B7819467E4806F079F902F0FBF80346E7
:101B9000002B10D0012005F05DFA01F07DFE05F06C
:101BA0003BFC784A0021022005F08EFD3B78194667
:101BB000754806F063F902F00FF90346002B2ED0AA
:101BC000012005F061FA01F067FE3B460122002189
:101BD000184606F06DFB3B780133DBB23B703B7877
:101BE000092B01D900233B703B46012200211846F6
:101BF00006F026FC3A78654BA3FB0213D9080B4686
:101C00009B000B445B00D31ADBB25B4A002104202B
:101C100005F05AFD3B7819465D4806F02FF902F0B1
:101C200005F90346002B07D0012005F047FA01F023
:101C300033FE322387F8233097F82330322B2BD111
:101C400005F0F6FB534810F08FFA0F2005F050FA1C
:101C5000514806F013F9514A00210A2005F034FDDD
:101C60004F4A0021022005F02FFD4E4A002104209A
:101C700005F02AFD4C4A0021062005F025FD16F04E
:101C800091FE00F0E5FA494B00221A70002387F814
:101C90002230332387F8233097F82330332B60D159
:101CA0000A2006F055FD414B1B78022B14D197F802
:101CB0002230012B10D001F0EFFD012387F82230F4
:101CC0003A4B00221A703A4A0021042005F0FCFC2D
:101CD000384806F0D3F817E0344B1B78012B13D1AA
:101CE00097F82230002B0FD001F0D6FD002387F8A3
:101CF00022302E4B00221A702A4A0021042005F0BF
:101D0000E3FC2D4806F0BAF813F046FA0346002B20
:101D100011D197F82130002B0DD101F0BDFD012329
:101D200087F82130254A0021062005F0CDFC244803
:101D300006F0A4F815E013F02FFA0346012B10D19A
:101D400097F82130012B0CD101F0A6FD002387F874
:101D50002130154A0021062005F0B6FC194806F08E
:101D60008DF816F045FEFFF744B800BFDCAB010864
:101D700000AC010810AC010898AC0108ACAC01083B
:101D8000C0AC01088CAB010864AD0108CDCCCCCC53
:101D900008AE0108F8040020BCAE010870AF0108CD
:101DA00084AF010898AF0108ACAF0108F81A002011
:101DB000C0AF0108D4AF010804B0010820B0010889
:101DC00034B0010864B0010880B594B000AF07F1E9
:101DD000200330220021184617F006FA07F10C0301
:101DE00000221A605A609A60DA601A610023BB60B0
:101DF000284B1B6C274A43F080531364254B1B6C04
:101E000003F08053BB60BB6800237B60224B1B68E0
:101E1000214A43F4804313601F4B1B6803F4804343
:101E20007B607B6805233B624FF480337B62012338
:101E3000BB620223BB634FF48003FB6304233B6458
:101E400048237B640223BB640323FB6407F1200364
:101E500018460CF0C9F80346002B01D000F07CFDB9
:101E60000F23FB6002233B6100237B614FF480530F
:101E7000BB610023FB6107F10C03022118460CF043
:101E80002BFB0346002B01D000F066FD00BF50374E
:101E9000BD4680BD003802400070004080B584B06F
:101EA00000AF3B4600221A605A609A60DA60214B0C
:101EB000214A1A601F4B4FF480325A601D4B00229A
:101EC0009A601C4B01221A611A4B01221A76194B97
:101ED000002283F82020174B0022DA62154B174AA4
:101EE0009A62144B0022DA60124B0122DA61114B24
:101EF000002283F830200F4B01225A610D4806F072
:101F00004BFC0346002B01D000F026FD0C233B6068
:101F100001237B600623BB603B461946054806F05B
:101F20001DFE0346002B01D000F016FD00BF103748
:101F3000BD4680BD9C000020002001400100000F34
:101F400080B584B000AF3B4600221A605A609A60A8
:101F5000DA60214B214A1A601F4B4FF480325A60DD
:101F60001D4B00229A601C4B01221A611A4B002261
:101F70001A76194B002283F82020174B0022DA62D0
:101F8000154B174A9A62144B0022DA60124B012259
:101F9000DA61114B002283F830200F4B01225A6185
:101FA0000D4806F0F9FB0346002B01D000F0D4FCED
:101FB0000D233B6001237B600623BB603B46194633
:101FC000054806F0CBFD0346002B01D000F0C4FC11
:101FD00000BF1037BD4680BDE40000200021014055
:101FE0000100000F80B500AF174B184A1A60164B5E
:101FF00009225A60144B00229A60134B0022DA60C7
:10200000114B4FF4C0221A610F4B4FF4E0025A619A
:102010000D4B00221A760C4B00225A760A4B0022F6
:102020009A76094B0022DA76074B00221A77064B84
:1020300000225A77044806F0BBFF0346002B01D06C
:1020400000F08AFC00BF80BD2C010020006400402D
:1020500080B500AF064B074A1A60054807F09DFFA0
:102060000346002B01D000F077FC00BF80BD00BF0D
:10207000540100200030024080B582B000AF3B46E2
:1020800000221A605A601B4B1B4A1A60194807F05D
:10209000D3FF0346002B01D000F05EFC00233B6021
:1020A00000237B603B4600221946124808F089F85D
:1020B0000346002B01D000F04FFC2C233B603B4635
:1020C000102219460B4808F07CF80346002B01D07B
:1020D00000F042FC4FF430621021064808F0CAF8C4
:1020E0000346002B01D000F037FC00BF0837BD4687
:1020F00080BD00BF5C0100200074004080B500AFCF
:10210000124B134A1A60114B124A5A600F4B0022AD
:102110009A600E4B0022DA600C4B4FF480421A6139
:102120000A4B00225A61094B00229A61074B002298
:10213000DA61064B00221A6204480AF031FF0346B6
:10214000002B01D000F008FC00BF80BD7001002012
:1021500000580040801A060080B500AF064B074AC1
:102160001A6005480CF0BAFC0346002B01D000F0C1
:10217000F3FB00BF80BD00BFC40100200008065073
:1021800080B586B000AF3B1D00221A605A609A608D
:10219000DA601A6100233B602B4B2C4A1A602A4BF1
:1021A00000225A60284B7F229A60274BFF22DA6078
:1021B000254B00221A61244B00225A61224B002237
:1021C0009A6121480CF01FFD0346002B01D000F05E
:1021D000C3FB00211C480DF03BF8034645F25002BA
:1021E00093422DD045F25002002117480DF016F809
:1021F00000233B7100237B710023BB7100233B61F3
:1022000000237B613B1D012219460F480CF07CFD29
:102210000346002B01D000F09FFB01233B700123FC
:102220007B700123BB702223FB703B4601221946C1
:1022300005480CF061FE0346002B01D000F08CFB3A
:1022400000BF1837BD4680BDD401002000280040E3
:1022500080B400AF0C4B0D4A1A600B4B00225A6041
:10226000094B00229A60084B0022DA60064B0022DC
:102270001A61054B00225A61034B48229A6100BF44
:10228000BD465DF8047B7047F4010020002C01403E
:1022900080B500AF174B184A1A60164B4FF4827284
:1022A0005A60144B00229A60124B0022DA60114BE4
:1022B00002221A610F4B01225A610E4B4FF4007239
:1022C0009A610C4B0022DA610A4B00221A62094B18
:1022D00000225A62074B00229A62064B0A22DA62F7
:1022E00004480EF00BFC0346002B01D000F034FB39
:1022F00000BF80BD380300200038004080B586B0A4
:1023000000AF07F1080300221A605A609A60DA6091
:102310003B4600221A605A601E4B4FF080421A6002
:102320001C4B41F61F425A601A4B00229A60194B0F
:1023300040F2E732DA60174B00221A61154B002297
:102340009A6114480FF011F90346002B01D000F0F8
:1023500003FB4FF48053BB6007F1080319460D4897
:102360000FF042FB0346002B01D000F0F5FA0023EA
:102370003B6000237B603B46194606480FF064FD36
:102380000346002B01D000F0E7FA00BF1837BD4626
:1023900080BD00BF5807002080B586B000AF07F1B0
:1023A000080300221A605A609A60DA603B460022F5
:1023B0001A605A601C4B1D4A1A601B4B03225A605C
:1023C000194B00229A60184B0622DA60164B002245
:1023D0001A61154B00229A6113480FF0C6F80346A4
:1023E000002B01D000F0B8FA4FF48053BB6007F126
:1023F000080319460C480FF0F7FA0346002B01D0EA
:1024000000F0AAFA20233B6000237B603B4619467C
:1024100005480FF019FD0346002B01D000F09CFA8F
:1024200000BF1837BD4680BD900300200008004063
:1024300080B500AF114B124A1A60104B4FF4E132D5
:102440005A600E4B00229A600C4B0022DA600B4B54
:1024500000221A61094B0C225A61084B00229A6132
:10246000064B0022DA6105480FF07EFD0346002B83
:1024700001D000F071FA00BF80BD00BFD80300207A
:10248000004C004080B500AF114B124A1A60104B4F
:102490004FF4E1325A600E4B00229A600C4B00223E
:1024A000DA600B4B00221A61094B0C225A61084B6F
:1024B00000229A61064B0022DA6105480FF054FDB4
:1024C0000346002B01D000F047FA00BF80BD00BFDB
:1024D000200400200010014080B500AF114B124ACB
:1024E0001A60104B4FF4E1325A600E4B00229A6092
:1024F0000C4B0022DA600B4B00221A61094B0C22B4
:102500005A61084B00229A61064B0022DA610548A5
:102510000FF02AFD0346002B01D000F01DFA00BF8A
:1025200080BD00BF680400200044004080B500AFBB
:10253000114B124A1A60104B4FF4E1325A600E4BA5
:1025400000229A600C4B0022DA600B4B00221A61C9
:10255000094B0C225A61084B00229A61064B00225B
:10256000DA6105480FF000FD0346002B01D000F0B2
:10257000F3F900BF80BD00BFB00400200048004058
:1025800080B500AF114B124A1A60104B4FF416522F
:102590005A600E4B00229A600C4B0022DA600B4B03
:1025A00000221A61094B0C225A61084B00229A61E1
:1025B000064B0022DA6105480FF0D6FC0346002BDB
:1025C00001D000F0C9F900BF80BD00BFF8040020B1
:1025D0000014014080B582B000AF00237B60104B37
:1025E0001B6B0F4A43F4800313630D4B1B6B03F407
:1025F00080037B607B68002202213B2007F097FC70
:102600003B2007F0B0FC00220221452007F08FFCA0
:10261000452007F0A8FC00BF0837BD4680BD00BFBD
:102620000038024080B58EB000AF07F124030022CD
:102630001A605A609A60DA601A6100233B62824B2A
:102640001B6B814A43F0040313637F4B1B6B03F046
:1026500004033B623B6A0023FB617B4B1B6B7A4AA2
:1026600043F020031363784B1B6B03F02003FB61E3
:10267000FB690023BB61744B1B6B734A43F08003FF
:102680001363714B1B6B03F08003BB61BB690023B9
:102690007B616D4B1B6B6C4A43F0010313636A4B08
:1026A0001B6B03F001037B617B6900233B61664B7D
:1026B0001B6B654A43F002031363634B1B6B03F010
:1026C00002033B613B690023FB605F4B1B6B5E4A6F
:1026D00043F0400313635C4B1B6B03F04003FB6050
:1026E000FB680023BB60584B1B6B574A43F0100339
:1026F0001363554B1B6B03F01003BB60BB680023D7
:102700007B60514B1B6B504A43F0080313634E4BE5
:102710001B6B03F008037B607B6801224FF40051C0
:102720004A4808F013FB01228021494808F00EFBBB
:10273000012241F2C201474808F008FB012248F299
:10274000DF01454808F002FB01220821434808F058
:10275000FDFA002220213F4808F0F8FA4FF4005318
:102760007B620123BB620123FB6200233B6307F111
:1027700024031946354808F035F980237B6201238C
:10278000BB620123FB6203233B6307F12403194669
:102790002F4808F027F941F2E2037B620123BB6274
:1027A0000123FB6203233B6307F1240319462948F5
:1027B00008F018F94FF470437B620023BB620123D9
:1027C000FB6207F124031946254808F00BF903239F
:1027D0007B621123BB620023FB6203233B6307F18F
:1027E000240319461C4808F0FDF848F2DC037B621C
:1027F0000123BB620123FB6203233B6307F1240334
:102800001946154808F0EEF842F220037B620023D7
:10281000BB620123FB6207F1240319460E4808F04E
:10282000E1F808237B620123BB620123FB620323DF
:102830003B6307F124031946084808F0D3F800BFAA
:102840003837BD4680BD00BF003802400008024056
:10285000000002400004024000180240000C024048
:102860000014024080B58EB000AF07F11C030022B7
:102870001A605A609A60DA601A615A619A613B463E
:1028800000221A605A609A60DA601A615A619A618D
:102890002F4B4FF020421A602D4B2E4A5A602C4B82
:1028A00000229A602A4B0022DA60294B00221A612A
:1028B000274B10225A61264B00229A61244B00229A
:1028C000DA61234B00221A62214B00225A62204B0C
:1028D0004FF480529A621E4B0022DA621C4B4FF476
:1028E00080421A631A4B00225A63194B00229A63E2
:1028F000174B00225A640F23FB610F233B623C23DA
:102900007B620023BB621023FB6211233B63002325
:102910007B6309233B600F237B600123BB600023A3
:10292000FB6010233B6111237B610023BB613A46AE
:1029300007F11C03194606480EF00CFD0346002B58
:1029400001D000F009F800BF3837BD4680BD00BF98
:1029500040050020040100A080B400AF72B600BFA3
:1029600000BFFDE780B483B000AF00237B60104B55
:102970005B6C0F4A43F4804353640D4B5B6C03F470
:1029800080437B607B6800233B60094B1B6C084ADB
:1029900043F080531364064B1B6C03F080533B6081
:1029A0003B6800BF0C37BD465DF8047B704700BF35
:1029B0000038024080B58CB000AF786007F11C038E
:1029C00000221A605A609A60DA601A617B681B689C
:1029D0002E4A934228D10023BB612D4B5B6C2C4ABD
:1029E00043F4807353642A4B5B6C03F48073BB61C4
:1029F000BB6900237B61264B1B6B254A43F0040314
:102A00001363234B1B6B03F004037B617B6904237B
:102A1000FB6103233B6200237B6207F11C03194621
:102A20001C4807F0DFFF2CE07B681B681A4A9342C2
:102A300027D100233B61164B5B6C154A43F40073AE
:102A40005364134B5B6C03F400733B613B690023DD
:102A5000FB600F4B1B6B0E4A43F0040313630C4BDC
:102A60001B6B03F00403FB60FB680823FB6103237B
:102A70003B6200237B6207F11C031946054807F0FF
:102A8000B1FF00BF3037BD4680BD00BF0020014010
:102A900000380240000802400021014080B58AB0A1
:102AA00000AF786007F1140300221A605A609A6040
:102AB000DA601A617B681B681D4A934234D1002397
:102AC0003B611C4B1B6C1B4A43F000731364194B96
:102AD0001B6C03F000733B613B690023FB60154BEB
:102AE0001B6B144A43F002031363124B1B6B03F07E
:102AF0000203FB60FB684FF440737B610223BB6100
:102B00000023FB6103233B6209237B6207F114036B
:102B10001946094807F066FF00220021152007F03A
:102B200006FA152007F01FFA00BF2837BD4680BD02
:102B300000640040003802400004024080B485B0C8
:102B400000AF78607B681B680B4A93420DD100236D
:102B5000FB600A4B1B6B094A43F480531363074B1A
:102B60001B6B03F48053FB60FB6800BF1437BD464A
:102B70005DF8047B704700BF00300240003802401F
:102B800080B58AB000AF786007F1140300221A60A4
:102B90005A609A60DA601A617B681B68174A934230
:102BA00027D100233B61164B1B6C154A43F00053A1
:102BB0001364134B1B6C03F000533B613B69002310
:102BC000FB600F4B1B6B0E4A43F0010313630C4B6E
:102BD0001B6B03F00103FB60FB6830237B61032365
:102BE000BB610023FB6107F114031946054807F098
:102BF000F9FE00BF2837BD4680BD00BF007400400D
:102C0000003802400000024080B58AB000AF786012
:102C100007F1140300221A605A609A60DA601A61A0
:102C20007B681B68194A93422BD100233B61184BE8
:102C30001B6B174A43F020031363154B1B6B03F008
:102C400020033B613B6903237B611223BB610023AB
:102C5000FB6103233B6204237B6207F114031946E3
:102C60000C4807F0BFFE0023FB60094B1B6C084AB1
:102C700043F480031364064B1B6C03F48003FB6076
:102C8000FB6800BF2837BD4680BD00BF005800402C
:102C9000003802400014024080B485B000AF786074
:102CA0007B681B680B4A93420DD10023FB600A4BE3
:102CB0005B6B094A43F040035363074B5B6B03F0C4
:102CC0004003FB60FB6800BF1437BD465DF8047B22
:102CD000704700BF000806500038024080B586B03B
:102CE00000AF786007F1080300221A605A609A600A
:102CF000DA607B681B680C4A934211D10223BB60E7
:102D00004FF480737B6107F1080318460BF004FE53
:102D10000346002B01D0FFF71FFE044B01221A606F
:102D200000BF1837BD4680BD002800403C0E47421A
:102D300080B58AB000AF786007F1140300221A60F2
:102D40005A609A60DA601A617B681B68684A93422D
:102D500040F0C98000233B61664B5B6C654A43F4DD
:102D600000635364634B5B6C03F400633B613B693A
:102D70000023FB605F4B1B6B5E4A43F0040313634D
:102D80005C4B1B6B03F00403FB60FB680023BB6020
:102D9000584B1B6B574A43F008031363554B1B6B8F
:102DA00003F00803BB60BB684FF4F8537B61022358
:102DB000BB610023FB6103233B620C237B6207F1B1
:102DC000140319464C4807F00DFE04237B610223CF
:102DD000BB610023FB6103233B620C237B6207F191
:102DE00014031946454807F0FDFD454B454A1A6056
:102DF000434B4FF000625A60414B00229A60404BB7
:102E00000022DA603E4B4FF480621A613C4B4FF473
:102E100080525A613A4B4FF480429A61384B2022DB
:102E2000DA61374B00221A62354B04225A62344B66
:102E300003229A62324B4FF40002DA62304B4FF4B5
:102E400000121A632E4807F051FA0346002B01D0F6
:102E5000FFF782FD7B682A4A1A64294A7B689363DC
:102E6000294B2A4A1A60284B4FF000625A60264BC1
:102E700040229A60244B0022DA60234B4FF4806298
:102E80001A61214B4FF480525A611F4B4FF480421C
:102E90009A611D4B2022DA611B4B00221A621A4BE9
:102EA00004225A62184B03229A62174B4FF4000215
:102EB000DA62154B4FF400121A63134807F016FA42
:102EC0000346002B01D0FFF747FD7B680E4ADA630B
:102ED0000D4A7B68936300220121312007F027F817
:102EE000312007F040F800BF2837BD4680BD00BF45
:102EF000002C01400038024000080240000C024053
:102F00007802002058640240D8020020A0640240E9
:102F100080B58AB000AF786007F1140300221A6010
:102F20005A609A60DA601A617B681B681D4A934296
:102F300034D100233B611C4B1B6C1B4A43F4804380
:102F40001364194B1B6C03F480433B613B69002302
:102F5000FB60154B1B6B144A43F002031363124BC7
:102F60001B6B03F00203FB60FB684FF460437B6163
:102F70000223BB610023FB6103233B6205237B62C9
:102F800007F114031946094807F02CFD002200211F
:102F9000242006F0CCFF242006F0E5FF00BF2837F0
:102FA000BD4680BD003800400038024000040240A9
:102FB00080B584B000AF78607B681B68B3F1804F48
:102FC00016D10023FB60164B1B6C154A43F001031E
:102FD0001364134B1B6C03F00103FB60FB680022BE
:102FE00000211C2006F0A3FF1C2006F0BCFF12E00D
:102FF0007B681B680B4A93420DD10023BB60084BD2
:103000001B6C074A43F004031364054B1B6C03F06D
:103010000403BB60BB6800BF1037BD4680BD00BF66
:10302000003802400008004080B592B000AF7860E0
:1030300007F1340300221A605A609A60DA601A615C
:103040007B681B68924A934234D100233B63914BC7
:103050001B6C904A43F4002313648E4B1B6C03F4E7
:1030600000233B633B6B0023FB628A4B1B6B894A4B
:1030700043F001031363874B1B6B03F00103FB62F7
:10308000FB6A03237B630223BB630123FB630323EC
:103090003B6408237B6407F1340319467E4807F03C
:1030A000A1FC00220021342006F041FF342006F06C
:1030B0005AFFE8E07B681B68784A934235D10023C9
:1030C000BB62744B5B6C734A43F010035364714BE7
:1030D0005B6C03F01003BB62BB6A00237B626D4B29
:1030E0001B6B6C4A43F0010313636A4B1B6B03F0C9
:1030F00001037B627B6A4FF4C0637B630223BB6383
:103100000123FB6303233B6407237B6407F1340340
:103110001946614807F066FC00220021252006F0D0
:1031200006FF252006F01FFFADE07B681B685C4AA8
:10313000934234D100233B62564B1B6C554A43F4F7
:1031400000331364534B1B6C03F400333B623B6A44
:103150000023FB614F4B1B6B4E4A43F0010313638B
:103160004C4B1B6B03F00103FB61FB690C237B637E
:103170000223BB630123FB6303233B6407237B64BC
:1031800007F134031946444807F02CFC00220021C3
:10319000262006F0CCFE262006F0E5FE73E07B68D4
:1031A0001B68404A934235D10023BB61394B1B6CED
:1031B000384A43F480231364364B1B6C03F480239A
:1031C000BB61BB6900237B61324B1B6B314A43F00F
:1031D000020313632F4B1B6B03F002037B617B69BC
:1031E0004FF440637B630223BB630123FB63032330
:1031F0003B6407237B6407F1340319462A4807F030
:10320000F1FB00220021272006F091FE272006F086
:10321000AAFE38E07B681B68244A934233D100231E
:103220003B611C4B5B6C1B4A43F020035364194BFE
:103230005B6C03F020033B613B690023FB60154B93
:103240001B6B144A43F004031363124B1B6B03F014
:103250000403FB60FB68C0237B630223BB63012381
:10326000FB6303233B6408237B6407F134031946A3
:103270000F4807F0B7FB00220021472006F057FE59
:10328000472006F070FE00BF4837BD4680BD00BF36
:10329000004C004000380240000002400010014095
:1032A0000044004000480040000402400014014077
:1032B0000008024080B586B000AF3B1D00221A60B6
:1032C0005A609A60DA601A611C4B1B68002B31D17E
:1032D0001A4B01221A6000233B60194B9B6B184A62
:1032E00043F001039363164B9B6B03F001033B60B8
:1032F0003B684FF680737B600223BB600123FB6059
:1033000003233B610C237B613B1D19460D4807F0ED
:1033100069FB4EF2B3737B600223BB600123FB6049
:1033200003233B610C237B613B1D1946064807F0D4
:1033300059FB00E000BF1837BD4680BDA80500203E
:103340000038024000100240000C024080B582B0FC
:1033500000AF7860FFF7AEFF00BF0837BD4680BD05
:1033600080B400AF00BFFDE780B400AF00BFFDE751
:1033700080B400AF00BFFDE780B400AF00BFFDE741
:1033800080B400AF00BFFDE780B400AF00BFBD4612
:103390005DF8047B704780B400AF00BFBD465DF8A8
:1033A000047B704780B400AF00BFBD465DF8047B6E
:1033B000704780B500AF05F0ABF900BF80BD0000DD
:1033C00080B500AF024806F0A7FA00BF80BD00BF7D
:1033D0002C01002080B500AF02480EF015FA00BFA6
:1033E00080BD00BF5807002080B500AF02480DF037
:1033F000B7FD00BF80BD00BF3803002080B500AF1F
:1034000002480EF063FF00BF80BD00BF2004002013
:1034100080B500AF02480EF059FF00BF80BD00BF6D
:103420006804002080B500AF02480EF04FFF00BFD7
:1034300080BD00BFB004002080B500AF02480CF092
:103440003BFB00BF80BD00BFF401002080B500AF92
:1034500002480EF03BFF00BF80BD00BFD803002034
:1034600080B500AF024807F081F800BF80BD00BF03
:103470007802002080B500AF024807F03DFF00BF92
:1034800080BD00BFD81E002080B500AF024807F005
:103490006DF800BF80BD00BFD802002080B500AF2E
:1034A00002480EF013FF00BF80BD00BFF8040020EB
:1034B00080B586B000AF7860144A154BD31A7B6193
:1034C0007B693B61134B1B68002B02D1114B124AE5
:1034D0001A60104B1A687B6813443A699A4207D203
:1034E00015F09AFE03460C221A604FF0FF3309E0F4
:1034F000084B1B68FB60074B1A687B681344054A3E
:103500001360FB6818461837BD4680BD00000220D6
:1035100000400000AC0500200024002080B400AF73
:10352000064BD3F88830054A43F47003C2F888305C
:1035300000BFBD465DF8047B704700BF00ED00E0B2
:10354000DFF834D00D480E490E4A002302E0D4586B
:10355000C4500433C4188C42F9D30B4A0B4C0023DB
:1035600001E013600432A242FBD3FFF7D7FF15F04E
:1035700059FEFDF731FB70470000022000000020DB
:1035800080000020CCCD0308800000200024002013
:10359000FEE780B582B000AF7860786805F040F94A
:1035A0004FF4FA71786805F040FA786805F0F8FB96
:1035B000034603F40073B3F5007F05D1786805F086
:1035C000BFFA03469BB201E04FF6FF731846083777
:1035D000BD4680BD80B487B000AF0346FB800023AA
:1035E0003B610023FB824FF6FF73BB820023FB731A
:1035F0000EE0FB7BC3F13002FB7BC3F131033749A3
:1036000031F81210354A22F81310FB7B0133FB739B
:10361000FB7B302BEDD9314AFB8813800023FB73F1
:103620001AE0FB7B2D4A32F81330FA8A9A4204D80A
:10363000FB7B2A4A32F81330FB82FB7B274A32F8A5
:103640001330BA8A9A4204D3FB7B244A32F81330EF
:10365000BB82FB7B0133FB73FB7B312BE1D9002366
:10366000FB732BE0FB7B1D4A32F81330FA8A9A4237
:1036700002D14FF6FF73FB82FB7B184A32F81330FE
:10368000BA8A9A4201D10023BB82FB7B134A32F8EB
:103690001330FA8A9A420ED0FB7B104A32F813306C
:1036A000BA8A9A4207D0FB7B0C4A32F813301A468A
:1036B0003B6913443B61FB7B0133FB73FB7B312B89
:1036C000D0D93B69064AA2FB03231B09BB82BB8AF4
:1036D00018461C37BD465DF8047B7047B0050020D6
:1036E0001F85EB5180B485B000AF0346FB800023FB
:1036F000BB730123FB730EE0FB7BC3F10802FB7B72
:10370000C3F10903194931F81210184A22F81310AD
:10371000FB7B0133FB73FB7B082BEDD9134AFB8842
:1037200013800023FB7316E0FB7B104A32F8133042
:10373000FA889A420AD1BB7B0133BB73BB7B072B50
:1037400006D90A4AFB885382FB8809E00023BB7331
:10375000FB7B0133FB73FB7B082BE5D9034B5B8AB7
:1037600018461437BD465DF8047B704714060020E8
:1037700080B582B000AF0346FB80FB881846FDF79A
:103780000BF809A3D3E90023FCF78AFD02460B4698
:1037900010461946FDF76AF803469BB218460837EB
:1037A000BD4680BDAFF300809A9CC9999CC9E93F92
:1037B00080B500AF00220821034807F0C7FA0A20AD
:1037C00004F0C6FF00BF80BD000C024080B500AF12
:1037D00001220821034807F0B9FA0A2004F0B8FFD3
:1037E00000BF80BD000C02400FB480B5B4B000AF84
:1037F0000023A7F8CE3007F1DC033B60381D3B689F
:10380000D7F8D820C92115F0E1FC3B1D1846FCF77C
:10381000E9FC0346A7F8CE303B1D1846FCF7E2FC56
:103820000346C82B02D9C823A7F8CE30B7F8CE205C
:10383000391D4FF6FF7305480EF0E6FB00BFD03789
:10384000BD46BDE8804004B0704700BFB004002012
:1038500080B582B000AF0023FB8012E000228021FF
:103860000C4807F073FA012004F072FF0122802156
:10387000084807F06BFA012004F06AFFFB88013367
:10388000FB80FB88312BE9D900BF00BF0837BD465C
:1038900080BD00BF0000024080B582B000AF0023B1
:1038A000FB8014E0002280210D4807F04FFA4FF40E
:1038B000FA7000F021FA01228021094807F046FA47
:1038C0004FF4FA7000F018FAFB880133FB80FB8894
:1038D000C72BE7D900BF00BF0837BD4680BD00BF7A
:1038E0000000024080B58EB000AF7860244B00220B
:1038F0009A60234B0022DA6000233B6200237B6244
:103900000123BB620023FB6000233B6100237B613A
:103910000023BB610123FB610123FB6200233B63A6
:1039200007F10C031946786805F03EFC034687F85A
:10393000373097F83730002B02D0124804F09EFA47
:10394000786805F00FFD034687F8373097F8373071
:10395000002B02D00C4804F091FA1021786805F091
:10396000B5FF034687F8373097F83730002B02D081
:10397000064804F083FA00BF3837BD4680BD00BF5B
:10398000F406002080B00108A0B00108C0B0010812
:1039900080B586B000AF786007F10C030B4A0121B7
:1039A000786805F071FE0346FB75FB7D002B08D19E
:1039B0003A7B074B1A70074B1B8801339AB2054BB1
:1039C0001A8000BF1837BD4680BD00BF0C0700201D
:1039D00028060020F006002080B588B000AFF8600F
:1039E0007A601A460B467B8113463B810023BB83DA
:1039F0000023FB767B892F4A1360FB68002B05D0E0
:103A00007B68002B02D03B89002B04D12A4804F0AC
:103A100035FA012349E03B89DB089BB23A8902F081
:103A2000070292B2002A14BF01220022D2B213442C
:103A3000FB83F86805F0F3FD0346FB761D4B082277
:103A40001A612CE0FB8B002B10D13B8903F007039C
:103A50009BB2002B0AD03B8903F00703154A136180
:103A600004E0F86805F0DBFD0346FB76FB7E002BE7
:103A7000F7D0BB8B7A681A4407F114030D49F86834
:103A800005F0FDFC0346BB76BB7E002B04D00B4843
:103A900004F0F4F9022308E0BB8B0833BB83FB8BF3
:103AA0005A1EFA83002BCDD1002318462037BD467D
:103AB00080BD00BFF406002080B00108E4B001081A
:103AC0000FB480B5B4B000AF0023A7F8CE3007F133
:103AD000DC033B60381D3B68D7F8D820C92115F0BE
:103AE00075FB3B1D1846FCF77DFB0346A7F8CE305F
:103AF0003B1D1846FCF776FB0346C82B02D9C823AA
:103B0000A7F8CE30B7F8CE303A1D12210448FFF79F
:103B100063FF00BFD037BD46BDE8804004B07047AA
:103B20002C01002080B584B000AF0346FB7100F08B
:103B30003DF8012000F0B0F810211A4806F09EFA76
:103B4000642004F005FEFB79102B01D91023FB71D2
:103B50000023FB6012E0144AFB6813441B781A46EA
:103B6000FB7902FB03F3002210210E4806F0FFFA56
:103B70007D2000F0C1F8FB680133FB60FB6844F670
:103B800063729342E7D9642004F0E2FD002000F064
:103B900083F81021034806F0C8FA00BF1037BD466D
:103BA00080BD00BF5C010020BCB1010880B582B0BF
:103BB00000AF3B4600221A605A60144B144A1A6048
:103BC000124806F039FA0346002B01D0FEF7C4FE76
:103BD00000233B6000237B603B46002219460B48D4
:103BE00006F0EFFA0346002B01D0FEF7B5FE3B4688
:103BF00010221946054806F0E4FA0346002B01D0CE
:103C0000FEF7AAFE00BF0837BD4680BD5C0100205C
:103C10000074004080B582B000AF3B4600221A60BD
:103C20005A601B4B1B4A1A60194806F005FA0346F6
:103C3000002B01D0FEF790FE00233B6000237B6049
:103C40003B4600221946124806F0BBFA0346002BF9
:103C500001D0FEF781FE2C233B603B461022194623
:103C60000B4806F0AEFA0346002B01D0FEF774FEB7
:103C70004FF430621021064806F0FCFA0346002B90
:103C800001D0FEF769FE00BF0837BD4680BD00BF0A
:103C90005C0100200074004080B582B000AF034694
:103CA000FB71FB79002B06D000224FF4005107482E
:103CB00007F04CF805E001224FF40051034807F0EB
:103CC00045F800BF0837BD4680BD00BF0008024070
:103CD00080B500AFFFF79EFF05480DF095FC102161
:103CE000044806F0CBF90120FFF7D6FF00BF80BDE6
:103CF000900300205C01002080B584B000AF7860A4
:103D00000AF0D6FD0346094AA2FB03235A0D7B683D
:103D100002FB03F3FB6000BFFB685A1EFA60002B36
:103D2000FAD100BF00BF1037BD4680BD83DE1B4304
:103D300080B582B000AF0023FB714FF48051104872
:103D400006F0ECFF0346002B0CD1142004F000FD1C
:103D50004FF480510A4806F0E1FF0346002B01D1E1
:103D60000123FB7100BF4FF48051054806F0D6FFD8
:103D70000346002BF7D0FB7918460837BD4680BDB7
:103D80000014024080B582B000AF0023FB714FF4F5
:103D90000051104806F0C2FF0346002B0CD114203E
:103DA00004F0D6FC4FF400510A4806F0B7FF034672
:103DB000002B01D10123FB7100BF4FF400510548D6
:103DC00006F0ACFF0346002BF7D0FB791846083706
:103DD000BD4680BD0014024080B582B000AF002314
:103DE000FB714FF48041104806F098FF0346002B0A
:103DF0000CD1142004F0ACFC4FF480410A4806F0CA
:103E00008DFF0346002B01D10123FB7100BF4FF44E
:103E10008041054806F082FF0346002BF7D0FB796E
:103E200018460837BD4680BD0014024080B582B0F8
:103E300000AF0023FB714FF40041104806F06EFF05
:103E40000346002B0CD1142004F082FC4FF40041F7
:103E50000A4806F063FF0346002B01D10123FB71E2
:103E600000BF4FF40041054806F058FF0346002B01
:103E7000F7D0FB7918460837BD4680BD00140240D4
:103E800080B582B000AF0346FB8000BF00BFBA1D03
:103E900001234FF0C04103480DF004FB00BF083779
:103EA000BD4680BD4005002080B582B000AF03460E
:103EB000FB8000BF00BFBA1D0123044904480DF078
:103EC000F1FA00BF0837BD4680BD00BF00000860A2
:103ED0004005002080B582B000AFBA1D012304491F
:103EE00004480DF07FFAFB8818460837BD4680BDB0
:103EF000000008604005002080B582B000AF034696
:103F00000A46FB801346BB80BA1D01234FF0C04117
:103F100006480DF0C7FA3A1D0123054903480DF084
:103F2000C1FA00BF0837BD4680BD00BF4005002074
:103F30000000086080B582B000AF0346FB80FB88BC
:103F40001846FFF79DFF0520FFF7D6FEFFF7C2FFDB
:103F5000034618460837BD4680BD000080B582B0D4
:103F600000AF03460A46FB801346BB80474B1B68E5
:103F7000B3F5804F5ED1464B1A88FB881B0A9BB273
:103F800019461046FFF7B8FF414B1B8801339BB21F
:103F9000FA88D2B292B211461846FFF7ADFF3C4BF9
:103FA0001B8802339AB23B4B1B88013B1B129BB20E
:103FB00019461046FFF7A0FF354B1B8803339AB212
:103FC000344B1B88013B9BB2DBB29BB219461046B7
:103FD000FFF792FF304B1A88BB881B0A9BB2194629
:103FE0001046FFF789FF2C4B1B8801339BB2BA8820
:103FF000D2B292B211461846FFF77EFF264B1B88BD
:1040000002339AB2254B1B88013B1B129BB2194607
:104010001046FFF771FF204B1B8803339AB21F4BEA
:104020001B88013B9BB2DBB29BB219461046FFF7DF
:1040300063FF27E0164B1A88FB881B0A9BB21946C0
:104040001046FFF759FF124B1B8801339BB2FA88C9
:10405000D2B292B211461846FFF74EFF0E4B1A88A5
:10406000BB881B0A9BB219461046FFF745FF0A4B57
:104070001B8801339BB2BA88D2B292B2114618465D
:10408000FFF73AFF00BF0837BD4680BD2807002074
:10409000320700202E070020340700202C070020C4
:1040A000B0B58EB000AF914B3C461D460FCD0FC44E
:1040B0000FCD0FC40FCD0FC42B6823604FF45A40AF
:1040C000FFF738FF03461A46894B1A60884B1B6876
:1040D0001B02874A13604FF45B40FFF72BFF034638
:1040E0001A46834B1B681343814A1360804B1B683D
:1040F0001B027F4A13604FF45C40FFF71BFF03462F
:104100001A467B4B1B681343794A13600023FB86D6
:10411000774B1B68B3F5004F40F0958155214FF464
:104120007040FFF7E9FEAA214FF20100FFF7E4FE1D
:1041300052214FF20200FFF7DFFE08214FF2030089
:10414000FFF7DAFE01214FF20400FFF7D5FE0D2143
:104150004FF43040FFF7D0FE0D214BF20100FFF786
:10416000CBFE0D214BF20200FFF7C6FE34214FF4C7
:104170003640FFF7C1FE34214BF20160FFF7BCFE71
:1041800034214BF20260FFF7B7FE0D214FF43140AE
:10419000FFF7B2FE0D214BF20110FFF7ADFE0D212E
:1041A0004BF20210FFF7A8FE34214FF43740FFF71F
:1041B000A3FE34214BF20170FFF79EFE34214BF237
:1041C0000270FFF799FE00214FF43240FFF794FE92
:1041D00000214BF20120FFF78FFE00214BF202205D
:1041E000FFF78AFE24214FF43840FFF785FE242193
:1041F0004BF60100FFF780FE24214BF60200FFF78B
:104200007BFE01214FF43F40FFF776FE0F214FF474
:104210003340FFF771FE0F214BF20130FFF76CFEC8
:104220000F214BF20230FFF767FE34214FF4394083
:10423000FFF762FE34214BF60110FFF75DFE3421DB
:104240004BF60210FFF758FE08214FF43540FFF7F8
:1042500053FE08214BF20150FFF74EFE08214BF2AE
:104260000250FFF749FE03214FF44240FFF744FE9E
:1042700024214FF43A40FFF73FFE24214BF6012062
:10428000FFF73AFE24214BF60220FFF735FE00210E
:104290004FF43C40FFF730FE78214BF60140FFF72A
:1042A0002BFE00214BF60240FFF726FE00214FF4C3
:1042B0003D40FFF721FE78214BF60150FFF71CFE31
:1042C00000214BF60250FFF717FE00214FF43E404D
:1042D000FFF712FE64214BF60160FFF70DFED123BC
:1042E000BB861FE00023FB8616E000BF04B1010877
:1042F00028070020BB8E1B029AB2FB8E13449AB291
:10430000FB8E38333B4413F8383C19461046FFF710
:10431000F3FDFB8E0133FB86FB8E332BEAD9BB8E7C
:104320000133BB86BB8ED62BDCD955214FF47040B0
:10433000FFF7E2FDAA214FF20100FFF7DDFD522158
:104340004FF20200FFF7D8FD08214FF20300FFF7FC
:10435000D3FD00214FF20400FFF7CEFDCC214FF436
:104360003140FFF7C9FD00214BF20110FFF7C4FDFA
:1043700005214FF43640FFF7BFFD70214FF4374061
:10438000FFF7BAFD70214BF20170FFF7B5FD012177
:104390004FF43840FFF7B0FD03214BF60100FFF763
:1043A000ABFD03214BF60200FFF7A6FD03214BF600
:1043B0000300FFF7A1FD02214FF43C40FFF79CFDF5
:1043C00000214BF60140FFF797FD00214BF602401C
:1043D000FFF792FDD0214FF44940FFF78DFD0221F8
:1043E0004CF60110FFF788FD50214CF60210FFF744
:1043F00083FD50214CF60310FFF77EFD50214CF653
:104400000410FFF779FD00214FF45450FFF774FDBD
:1044100055214FF46850FFF76FFD4FF48850FFF7B8
:104420002FFD7820FFF768FC01F038FE602001F0D6
:104430007FFD4FF6FF7001F041FE01F01FFE0123EA
:10444000FB8601F06FBD034B1B68B3F5024F41F0D3
:104450001A8001E02807002055214FF47040FFF733
:104460004BFDAA214FF20100FFF746FD52214FF20A
:104470000200FFF741FD08214FF20300FFF73CFD6A
:1044800001214FF20400FFF737FD00214FF45140A6
:10449000FFF732FD00214DF20110FFF72DFD222123
:1044A0004DF20210FFF728FD55214DF20310FFF7E2
:1044B00023FD78214DF20410FFF71EFD40214DF23F
:1044C0000510FFF719FD93214DF20610FFF714FDBB
:1044D000BF214DF20710FFF70FFDE0214DF208104C
:1044E000FFF70AFD10214DF20910FFF705FD5521D8
:1044F0004DF20A10FFF700FD33214DF20B10FFF7CC
:10450000FBFC4F214DF20C10FFF7F6FC66214DF23B
:104510000D10FFF7F1FC7A214DF20E10FFF7ECFCC5
:1045200055214DF20F10FFF7E7FC8C214DF21010D2
:10453000FFF7E2FC9C214DF21110FFF7DDFCA921F1
:104540004DF21210FFF7D8FCB6214DF21310FFF711
:10455000D3FC55214DF21410FFF7CEFCC2214DF2D1
:104560001510FFF7C9FCCE214DF21610FFF7C4FC61
:10457000D8214DF21710FFF7BFFCE2214DF21810C1
:10458000FFF7BAFC55214DF21910FFF7B5FCEC21ED
:104590004DF21A10FFF7B0FCED214DF21B10FFF7A2
:1045A000ABFCF6214DF21C10FFF7A6FCFF214DF2EB
:1045B0001D10FFF7A1FCAA214DF21E10FFF79CFC75
:1045C00007214DF21F10FFF797FC0F214DF220102D
:1045D000FFF792FC17214DF22110FFF78DFC2021EF
:1045E0004DF22210FFF788FCAA214DF22310FFF7AD
:1045F00083FC28214DF22410FFF77EFC30214DF280
:104600002510FFF779FC3A214DF22610FFF774FCD4
:1046100044214DF22710FFF76FFCAA214DF228101C
:10462000FFF76AFC52214DF22910FFF765FC662165
:104630004DF22A10FFF760FC86214DF22B10FFF798
:104640005BFCC5214DF22C10FFF756FCFF214DF20B
:104650002D10FFF751FC00214DF22E10FFF74CFCFE
:1046600051214DF22F10FFF747FC8D214DF23010F4
:10467000FFF742FCC4214DF23110FFF73DFC0F2142
:104680004DF23210FFF738FCE0214DF23310FFF706
:1046900033FCFF214DF23410FFF72EFC00214FF4C4
:1046A0005240FFF729FC00214DF20120FFF724FCC6
:1046B00022214DF20220FFF71FFC55214DF203206D
:1046C000FFF71AFC78214DF20420FFF715FC40217A
:1046D0004DF20520FFF710FC93214DF20620FFF765
:1046E0000BFCBF214DF20720FFF706FCE0214DF245
:1046F0000820FFF701FC10214DF20920FFF7FCFB19
:1047000055214DF20A20FFF7F7FB33214DF20B2024
:10471000FFF7F2FB4F214DF20C20FFF7EDFB662176
:104720004DF20D20FFF7E8FB7A214DF20E20FFF746
:10473000E3FB55214DF20F20FFF7DEFB8C214DF2FC
:104740001020FFF7D9FB9C214DF21120FFF7D4FB7D
:10475000A9214DF21220FFF7CFFBB6214DF2132015
:10476000FFF7CAFB55214DF21420FFF7C5FBC2210C
:104770004DF21520FFF7C0FBCE214DF21620FFF7BA
:10478000BBFBD8214DF21720FFF7B6FBE2214DF21B
:104790001820FFF7B1FB55214DF21920FFF7ACFBB4
:1047A000EC214DF21A20FFF7A7FBED214DF21B2063
:1047B000FFF7A2FBF6214DF21C20FFF79DFBFF2126
:1047C0004DF21D20FFF798FBAA214DF21E20FFF7A6
:1047D00093FB07214DF21F20FFF78EFB0F214DF2B7
:1047E0002020FFF789FB17214DF22120FFF784FBE2
:1047F00020214DF22220FFF77FFBAA214DF223203A
:10480000FFF77AFB28214DF22420FFF775FB3021BA
:104810004DF22520FFF770FB3A214DF22620FFF7DD
:104820006BFB44214DF22720FFF766FBAA214DF2D6
:104830002820FFF761FB52214DF22920FFF75CFB96
:1048400066214DF22A20FFF757FB86214DF22B20DF
:10485000FFF752FBC5214DF22C20FFF74DFBFF2146
:104860004DF22D20FFF748FB00214DF22E20FFF7DF
:1048700043FB51214DF22F20FFF73EFB8D214DF2DE
:104880003020FFF739FBC4214DF23120FFF734FB14
:104890000F214DF23220FFF72FFBE0214DF23320A4
:1048A000FFF72AFBFF214DF23420FFF725FB002103
:1048B0004FF45340FFF720FB00214DF20130FFF78A
:1048C0001BFB22214DF20230FFF716FB55214DF262
:1048D0000330FFF711FB78214DF20430FFF70CFB9A
:1048E00040214DF20530FFF707FB93214DF20630D2
:1048F000FFF702FBBF214DF20730FFF7FDFAE02181
:104900004DF20830FFF7F8FA10214DF20930FFF7A9
:10491000F3FA55214DF20A30FFF7EEFA33214DF24A
:104920000B30FFF7E9FA4F214DF20C30FFF7E4FAB4
:1049300066214DF20D30FFF7DFFA7A214DF20E308D
:10494000FFF7DAFA55214DF20F30FFF7D5FA8C2137
:104950004DF21030FFF7D0FA9C214DF21130FFF7E5
:10496000CBFAA9214DF21230FFF7C6FAB6214DF26B
:104970001330FFF7C1FA55214DF21430FFF7BCFA9E
:10498000C2214DF21530FFF7B7FACE214DF21630A5
:10499000FFF7B2FAD8214DF21730FFF7ADFAE22156
:1049A0004DF21830FFF7A8FA55214DF21930FFF7F4
:1049B000A3FAEC214DF21A30FFF79EFAED214DF2E9
:1049C0001B30FFF799FAF6214DF21C30FFF794FAED
:1049D000FF214DF21D30FFF78FFAAA214DF21E3054
:1049E000FFF78AFA07214DF21F30FFF785FA0F21F2
:1049F0004DF22030FFF780FA17214DF22130FFF7FA
:104A00007BFA20214DF22230FFF776FAAA214DF2EF
:104A10002330FFF771FA28214DF22430FFF76CFAAA
:104A200030214DF22530FFF767FA3A214DF226305A
:104A3000FFF762FA44214DF22730FFF75DFAAA2111
:104A40004DF22830FFF758FA52214DF22930FFF786
:104A500053FA66214DF22A30FFF74EFA86214DF2C5
:104A60002B30FFF749FAC5214DF22C30FFF744FAFD
:104A7000FF214DF22D30FFF73FFA00214DF22E308D
:104A8000FFF73AFA51214DF22F30FFF735FA8D2119
:104A90004DF23030FFF730FAC4214DF23130FFF7DC
:104AA0002BFA0F214DF23230FFF726FAE0214DF2BA
:104AB0003330FFF721FAFF214DF23430FFF71CFAB3
:104AC00000214FF45440FFF717FA00214DF2014046
:104AD000FFF712FA22214DF20240FFF70DFA55219D
:104AE0004DF20340FFF708FA78214DF20440FFF73A
:104AF00003FA40214DF20540FFF7FEF993214DF2F4
:104B00000640FFF7F9F9BF214DF20740FFF7F4F92E
:104B1000E0214DF20840FFF7EFF910214DF2094076
:104B2000FFF7EAF955214DF20A40FFF7E5F9332185
:104B30004DF20B40FFF7E0F94F214DF20C40FFF72B
:104B4000DBF966214DF20D40FFF7D6F97A214DF2DF
:104B50000E40FFF7D1F955214DF20F40FFF7CCF988
:104B60008C214DF21040FFF7C7F99C214DF2114006
:104B7000FFF7C2F9A9214DF21240FFF7BDF9B621A6
:104B80004DF21340FFF7B8F955214DF21440FFF7ED
:104B9000B3F9C2214DF21540FFF7AEF9CE214DF227
:104BA0001640FFF7A9F9D8214DF21740FFF7A4F9F5
:104BB000E2214DF21840FFF79FF955214DF21940BF
:104BC000FFF79AF9EC214DF21A40FFF795F9ED2124
:104BD0004DF21B40FFF790F9F6214DF21C40FFF714
:104BE0008BF9FF214DF21D40FFF786F9AA214DF206
:104BF0001E40FFF781F907214DF21F40FFF77CF9B6
:104C00000F214DF22040FFF777F917214DF2214097
:104C1000FFF772F920214DF22240FFF76DF9AA212A
:104C20004DF22340FFF768F928214DF22440FFF7A9
:104C300063F930214DF22540FFF75EF93A214DF23C
:104C40002640FFF759F944214DF22740FFF754F968
:104C5000AA214DF22840FFF74FF952214DF2294089
:104C6000FFF74AF966214DF22A40FFF745F9862100
:104C70004DF22B40FFF740F9C5214DF22C40FFF7D4
:104C80003BF9FF214DF22D40FFF736F900214DF29F
:104C90002E40FFF731F951214DF22F40FFF72CF94B
:104CA0008D214DF23040FFF727F9C4214DF23140FC
:104CB000FFF722F90F214DF23240FFF71DF9E021F5
:104CC0004DF23340FFF718F9FF214DF23440FFF762
:104CD00013F900214FF45540FFF70EF900214DF272
:104CE0000150FFF709F922214DF20250FFF704F9B4
:104CF00055214DF20350FFF7FFF878214DF2045093
:104D0000FFF7FAF840214DF20550FFF7F5F893212F
:104D10004DF20650FFF7F0F8BF214DF20750FFF7B4
:104D2000EBF8E0214DF20850FFF7E6F810214DF2C4
:104D30000950FFF7E1F855214DF20A50FFF7DCF872
:104D400033214DF20B50FFF7D7F84F214DF20C50A5
:104D5000FFF7D2F866214DF20D50FFF7CDF87A211A
:104D60004DF20E50FFF7C8F855214DF20F50FFF7E6
:104D7000C3F88C214DF21050FFF7BEF89C214DF284
:104D80001150FFF7B9F8A9214DF21250FFF7B4F80E
:104D9000B6214DF21350FFF7AFF855214DF21450E4
:104DA000FFF7AAF8C2214DF21550FFF7A5F8CE2162
:104DB0004DF21650FFF7A0F8D8214DF21750FFF72B
:104DC0009BF8E2214DF21850FFF796F855214DF26D
:104DD0001950FFF791F8EC214DF21A50FFF78CF8BB
:104DE000ED214DF21B50FFF787F8F6214DF21C50D4
:104DF000FFF782F8FF214DF21D50FFF77DF8AA2141
:104E00004DF21E50FFF778F807214DF21F50FFF7C3
:104E100073F80F214DF22050FFF76EF817214DF275
:104E20002150FFF769F820214DF22250FFF764F876
:104E3000AA214DF22350FFF75FF828214DF22450AC
:104E4000FFF75AF830214DF22550FFF755F83A2177
:104E50004DF22650FFF750F844214DF22750FFF74E
:104E60004BF8AA214DF22850FFF746F852214DF297
:104E70002950FFF741F866214DF22A50FFF73CF820
:104E800086214DF22B50FFF737F8C5214DF22C50FB
:104E9000FFF732F8FF214DF22D50FFF72DF80021DA
:104EA0004DF22E50FFF728F851214DF22F50FFF709
:104EB00023F88D214DF23050FFF71EF8C4214DF23A
:104EC0003150FFF719F80F214DF23250FFF714F867
:104ED000E0214DF23350FFF70FF8FF214DF234502F
:104EE000FFF70AF800214FF45640FFF705F80021BC
:104EF0004DF20160FFF700F822214DF20260FEF74B
:104F0000FBFF55214DF20360FEF7F6FF78214DF2CD
:104F10000460FEF7F1FF40214DF20560FEF7ECFF63
:104F200093214DF20660FEF7E7FFBF214DF20760C7
:104F3000FEF7E2FFE0214DF20860FEF7DDFF1021F1
:104F40004DF20960FEF7D8FF55214DF20A60FEF7D9
:104F5000D3FF33214DF20B60FEF7CEFF4F214DF210
:104F60000C60FEF7C9FF66214DF20D60FEF7C4FF2D
:104F70007A214DF20E60FEF7BFFF55214DF20F6012
:104F8000FEF7BAFF8C214DF21060FEF7B5FF9C21B1
:104F90004DF21160FEF7B0FFA9214DF21260FEF74D
:104FA000ABFFB6214DF21360FEF7A6FF55214DF27F
:104FB0001460FEF7A1FFC2214DF21560FEF79CFFC1
:104FC000CE214DF21660FEF797FFD8214DF2176003
:104FD000FEF792FFE2214DF21860FEF78DFF55219A
:104FE0004DF21960FEF788FFEC214DF21A60FEF7D2
:104FF00083FFED214DF21B60FEF77EFFF6214DF29F
:105000001C60FEF779FFFF214DF21D60FEF774FF73
:10501000AA214DF21E60FEF76FFF07214DF21F60BF
:10502000FEF76AFF0F214DF22060FEF765FF1721A2
:105030004DF22160FEF760FF20214DF22260FEF765
:105040005BFFAA214DF22360FEF756FF28214DF2A7
:105050002460FEF751FF30214DF22560FEF74CFF32
:105060003A214DF22660FEF747FF44214DF22760BA
:10507000FEF742FFAA214DF22860FEF73DFF5221C4
:105080004DF22960FEF738FF66214DF22A60FEF7E7
:1050900033FF86214DF22B60FEF72EFFC5214DF226
:1050A0002C60FEF729FFFF214DF22D60FEF724FF53
:1050B00000214DF22E60FEF71FFF51214DF22F60AF
:1050C000FEF71AFF8D214DF23060FEF715FFC42167
:1050D0004DF23160FEF710FF0F214DF23260FEF706
:1050E0000BFFE0214DF23360FEF706FFFF214DF28A
:1050F0003460FEF701FF00214FF43040FEF7FCFE64
:1051000000214BF20100FEF7F7FE00214BF20200F6
:10511000FEF7F2FE05214FF43140FEF7EDFE0521CA
:105120004BF20110FEF7E8FE05214BF20210FEF7EC
:10513000E3FE44214FF43640FEF7DEFE44214BF2FD
:105140000160FEF7D9FE44214BF20260FEF7D4FE67
:1051500034214FF43740FEF7CFFE34214BF201707B
:10516000FEF7CAFE34214BF20270FEF7C5FE342171
:105170004FF43940FEF7C0FE34214BF60110FEF724
:10518000BBFE34214BF60210FEF7B6FE14214FF49D
:105190003A40FEF7B1FE14214BF60120FEF7ACFEBB
:1051A00014214BF60220FEF7A7FE00214FF43C40ED
:1051B000FEF7A2FEB8214BF60140FEF79DFE00214E
:1051C0004FF43D40FEF798FEB8214BF60150FEF734
:1051D00093FE00214FF43E40FEF78EFE58214BF621
:1051E0000160FEF789FE55214FF47040FEF784FE02
:1051F000AA214FF20100FEF77FFE52214FF202007A
:10520000FEF77AFE08214FF20300FEF775FE00213B
:105210004FF20400FEF770FE10214FF43440FEF709
:105220006BFE02214FF43640FEF766FE00214FF47C
:105230003040FEF761FEF8214FF43140FEF75CFE8E
:1052400000214BF20110FEF757FE0A20FEF754FD35
:1052500022214FF43740FEF74FFE22214BF201701E
:10526000FEF74AFE01214FF44840FEF745FE0021BB
:105270004CF60100FEF740FE54214CF60200FEF70A
:105280003BFE38214CF60300FEF736FE54214CF667
:105290000400FEF731FE38214CF60500FEF72CFE27
:1052A00054214CF60600FEF727FE38214CF6070085
:1052B000FEF722FE54214CF60800FEF71DFE3821B1
:1052C0004CF60900FEF718FE8C214CF60A00FEF79A
:1052D00013FE2A214CF60B00FEF70EFE2A214CF697
:1052E0000C00FEF709FE8C214CF60D00FEF704FEC3
:1052F0008C214CF60E00FEF7FFFD2A214CF60F0024
:10530000FEF7FAFD2A214CF61000FEF7F5FD01210B
:105310004FF43840FEF7F0FD03214BF60100FEF795
:10532000EBFD03214BF60200FEF7E6FD03214BF6F1
:105330000300FEF7E1FD05214FF43C40FEF7DCFDE4
:1053400005214BF60140FEF7D7FD05214BF6024043
:10535000FEF7D2FD01214FF45040FEF7CDFD0121B3
:105360004FF43A40FEF7C8FD01214FF43D40FEF7EF
:10537000C3FD10214BF60150FEF7BEFD07214BF691
:105380000250FEF7B9FD07214BF60350FEF7B4FDBE
:1053900001214FF43E40FEF7AFFD10214BF60160B6
:1053A000FEF7AAFD07214BF60260FEF7A5FD0721D7
:1053B0004BF60360FEF7A0FD01214FF43F40FEF7DE
:1053C0009BFD10214BF60170FEF796FD07214BF671
:1053D0000270FEF791FD07214BF60370FEF78CFD7E
:1053E00055214FF47040FEF787FDAA214FF20100CE
:1053F000FEF782FD52214FF20200FEF77DFD0821EB
:105400004FF20300FEF778FD02214FF20400FEF791
:1054100073FD00214FF44340FEF76EFDA9214CF2CD
:105420000130FEF769FD00214FF47E40FEF764FD78
:1054300094214FF60160FEF75FFD00214FF45450B8
:10544000FEF75AFD08214FF45850FEF755FD55213F
:105450004FF46850FEF750FD00214FF48850FEF7DE
:105460004BFD7820FEF748FC00F018FE602000F0AD
:105470005FFD4FF6FF7000F021FE00F0FFFD0123FD
:10548000FB8600F04FBD034B1B68B3F5804F40F027
:10549000498501E02807002080214FF47F40FEF776
:1054A0002BFD09214FF60170FEF726FD01214FF675
:1054B0000270FEF721FD80214FF68070FEF71CFD83
:1054C00009214FF68170FEF717FD01214FF6037099
:1054D000FEF712FD10214CF2B400FEF70DFD08217D
:1054E0004CF28940FEF708FD00214CF2A300FEF7C4
:1054F00003FDA3214CF28250FEF7FEFCD6214CF2B4
:105500009050FEF7F9FC87214CF29150FEF7F4FC25
:1055100074214FF45840FEF7EFFC72214DF6010064
:10552000FEF7EAFC60214FF45940FEF7E5FC092143
:105530004FF46140FEF7E0FC0C214EF20110FEF743
:10554000DBFC12214EF20210FEF7D6FC0E214EF2C9
:105550000310FEF7D1FC08214EF20410FEF7CCFC3C
:1055600019214EF20510FEF7C7FC0C214EF2061071
:10557000FEF7C2FC0B214EF20710FEF7BDFC012125
:105580004EF20810FEF7B8FC05214EF20910FEF7A6
:10559000B3FC03214EF20A10FEF7AEFC07214EF2D7
:1055A0000B10FEF7A9FC0E214EF20C10FEF7A4FC26
:1055B00026214EF20D10FEF79FFC23214EF20E1015
:1055C000FEF79AFC1B214EF20F10FEF795FC092105
:1055D0004FF46240FEF790FC0C214EF20120FEF7E2
:1055E0008BFC12214EF20220FEF786FC0E214EF2B9
:1055F0000320FEF781FC08214EF20420FEF77CFC1C
:1056000019214EF20520FEF777FC0C214EF2062000
:10561000FEF772FC0B214EF20720FEF76DFC012114
:105620004EF20820FEF768FC05214EF20920FEF735
:1056300063FC03214EF20A20FEF75EFC07214EF2C6
:105640000B20FEF759FC0E214EF20C20FEF754FC05
:1056500026214EF20D20FEF74FFC23214EF20E20A4
:10566000FEF74AFC1B214EF20F20FEF745FC662197
:105670004CF28110FEF740FC08214CF2A110FEF71D
:105680003BFC83214CF28140FEF736FC01214CF2B9
:105690009250FEF731FCA9214CF2B150FEF72CFCE0
:1056A00085214CF68060FEF727FC03214CF68160D3
:1056B000FEF722FC00214CF68260FEF71DFC8421DF
:1056C0004CF68360FEF718FC03214CF68460FEF76D
:1056D00013FC00214CF68560FEF70EFC83214CF68E
:1056E0008660FEF709FC03214CF68760FEF704FC98
:1056F00000214CF68860FEF7FFFB82214CF68960A2
:10570000FEF7FAFB03214CF68A60FEF7F5FB002159
:105710004CF68B60FEF7F0FB38214CF6A060FEF7EC
:10572000EBFB02214CF6A160FEF7E6FB03214CF6F1
:10573000A260FEF7E1FB21214CF6A360FEF7DCFB43
:1057400000214CF6A460FEF7D7FB00214CF6A560C3
:10575000FEF7D2FB00214CF6A660FEF7CDFB382108
:105760004CF6A760FEF7C8FB01214CF6A860FEF7D7
:10577000C3FB03214CF6A960FEF7BEFB22214CF6C9
:10578000AA60FEF7B9FB00214CF6AB60FEF7B4FB54
:1057900000214CF6AC60FEF7AFFB00214CF6AD608B
:1057A000FEF7AAFB38214CF6B060FEF7A5FB0021FE
:1057B0004CF6B160FEF7A0FB03214CF6B260FEF799
:1057C0009BFB23214CF6B360FEF796FB00214CF6C1
:1057D000B460FEF791FB00214CF6B560FEF78CFB40
:1057E00000214CF6B660FEF787FB30214CF6B7601F
:1057F000FEF782FB00214CF6B860FEF77DFB03212B
:105800004CF6B960FEF778FB24214CF6BA60FEF73F
:1058100073FB00214CF6BB60FEF76EFB00214CF6DB
:10582000BC60FEF769FB00214CF6BD60FEF764FB2F
:1058300030214CF6C060FEF75FFB01214CF6C160E1
:10584000FEF75AFB03214CF6C260FEF755FB2521FB
:105850004CF6C360FEF750FB00214CF6C460FEF727
:105860004BFB00214CF6C560FEF746FB00214CF6D1
:10587000C660FEF741FB30214CF6C760FEF73CFBEB
:1058800002214CF6C860FEF737FB03214CF6C960D5
:10589000FEF732FB26214CF6CA60FEF72DFB0021F5
:1058A0004CF6CB60FEF728FB00214CF6CC60FEF7EF
:1058B00023FB00214CF6CD60FEF71EFB30214CF699
:1058C000D060FEF719FB03214CF6D160FEF714FB04
:1058D00003214CF6D260FEF70FFB27214CF6D36074
:1058E000FEF70AFB00214CF6D460FEF705FB002111
:1058F0004CF6D560FEF700FB00214CF6D660FEF7B3
:10590000FBFA30214CF6D760FEF7F6FA04214CF68C
:10591000D860FEF7F1FA03214CF6D960FEF7ECFAF5
:1059200028214CF6DA60FEF7E7FA00214CF6DB603E
:10593000FEF7E2FA00214CF6DC60FEF7DDFA00210A
:105940004CF6DD60FEF7D8FA00214CF6C070FEF789
:10595000D3FA00214CF6C170FEF7CEFA00214CF6C6
:10596000C270FEF7C9FA00214CF6C370FEF7C4FA04
:1059700000214CF6C470FEF7BFFA00214CF6C5704A
:10598000FEF7BAFA00214CF6C670FEF7B5FA002110
:105990004CF6C770FEF7B0FA00214CF6C870FEF75F
:1059A000ABFA00214CF6C970FEF7A6FA00214CF6BE
:1059B000D070FEF7A1FA00214CF6C030FEF79CFA39
:1059C00000214CF6C130FEF797FA00214CF6C230A8
:1059D000FEF792FA00214CF6C330FEF78DFA04214F
:1059E0004CF6C430FEF788FA04214CF6C530FEF7B9
:1059F00083FA04214CF6C630FEF77EFA04214CF6F9
:105A0000C730FEF779FA04214CF6C830FEF774FA75
:105A100004214CF6C930FEF76FFA00214CF6CA306B
:105A2000FEF76AFA00214CF6CB30FEF765FA00214A
:105A30004CF6CC30FEF760FA00214CF6CD30FEF784
:105A40005BFA00214CF6CE30FEF756FA00214CF6F8
:105A5000D030FEF751FA00214CF6D130FEF74CFA67
:105A600000214CF6D230FEF747FA00214CF6D33035
:105A7000FEF742FA00214CF6D430FEF73DFA002141
:105A80004CF6D530FEF738FA00214CF6D630FEF74A
:105A900033FA00214CF6D730FEF72EFA00214CF6EF
:105AA000D830FEF729FA04214CF6D930FEF724FA53
:105AB00004214CF6DA30FEF71FFA04214CF6DB30F5
:105AC000FEF71AFA04214CF6DC30FEF715FA042131
:105AD0004CF6DD30FEF710FA04214CF6DE30FEF70E
:105AE0000BFA00214CF6E030FEF706FA00214CF6E6
:105AF000E130FEF701FA00214CF6E230FEF7FCF946
:105B000000214CF6E330FEF7F7F900214CF6E430C3
:105B1000FEF7F2F900214CF6E530FEF7EDF9002131
:105B20004CF6E630FEF7E8F900214CF6E730FEF7D8
:105B3000E3F900214CF6E830FEF7DEF900214CF6DF
:105B4000E930FEF7D9F900214CF68040FEF7D4F990
:105B500000214CF68140FEF7CFF900214CF682403F
:105B6000FEF7CAF900214CF68340FEF7C5F90C2177
:105B70004CF68440FEF7C0F90A214CF68540FEF74A
:105B8000BBF910214CF68640FEF7B6F90E214CF613
:105B90008740FEF7B1F903214CF68840FEF7ACF9D7
:105BA00004214CF68940FEF7A7F900214CF69040FD
:105BB000FEF7A2F900214CF69140FEF79DF9002175
:105BC0004CF69240FEF798F900214CF69340FEF710
:105BD00093F900214CF69440FEF78EF900214CF623
:105BE0009540FEF789F900214CF69640FEF784F9BE
:105BF00000214CF69740FEF77FF900214CF69840C3
:105C0000FEF77AF900214CF69940FEF775F900216C
:105C10004CF69A40FEF770F900214CF69B40FEF7D7
:105C20006BF900214CF69C40FEF766F900214CF61A
:105C30009D40FEF761F90B214CF69E40FEF75CF9A2
:105C400009214CF6A040FEF757F90F214CF6A14070
:105C5000FEF752F90D214CF6A240FEF74DF9012155
:105C60004CF6A340FEF748F902214CF6A440FEF79B
:105C700043F900214CF6A540FEF73EF900214CF611
:105C8000A640FEF739F900214CF6A740FEF734F99B
:105C900000214CF6A840FEF72FF900214CF6A94050
:105CA000FEF72AF900214CF6AA40FEF725F900215B
:105CB0004CF6AB40FEF720F900214CF6AC40FEF765
:105CC0001BF900214CF6AD40FEF716F900214CF609
:105CD000AE40FEF711F900214CF6B040FEF70CF98A
:105CE00000214CF6B140FEF707F900214CF6B24016
:105CF000FEF702F900214CF6B340FEF7FDF80D2146
:105D00004CF6B440FEF7F8F80F214CF6B540FEF71C
:105D1000F3F809214CF6B640FEF7EEF80B214CF6ED
:105D2000B740FEF7E9F802214CF6B840FEF7E4F878
:105D300001214CF6B940FEF7DFF800214CF6C040D7
:105D4000FEF7DAF800214CF6C140FEF7D5F8002145
:105D50004CF6C240FEF7D0F800214CF6C340FEF7E7
:105D6000CBF800214CF6C440FEF7C6F800214CF6F3
:105D7000C540FEF7C1F800214CF6C640FEF7BCF85E
:105D800000214CF6C740FEF7B7F800214CF6C8409A
:105D9000FEF7B2F800214CF6C940FEF7ADF800213D
:105DA0004CF6CA40FEF7A8F800214CF6CB40FEF7AF
:105DB000A3F800214CF6CC40FEF79EF800214CF6EB
:105DC000CD40FEF799F80E214CF6CE40FEF794F840
:105DD00010214CF6D040FEF78FF80A214CF6D14046
:105DE000FEF78AF80C214CF6D240FEF785F8042124
:105DF0004CF6D340FEF780F803214CF6D440FEF772
:105E00007BF800214CF6D540FEF776F800214CF6E1
:105E1000D640FEF771F800214CF6D740FEF76CF83B
:105E200000214CF6D840FEF767F800214CF6D94027
:105E3000FEF762F800214CF6DA40FEF75DF800212B
:105E40004CF6DB40FEF758F800214CF6DC40FEF73C
:105E500053F800214CF6DD40FEF74EF800214CF6D9
:105E6000DE40FEF749F8FF214FF47F40FEF744F88B
:105E7000FF214FF60170FEF73FF8FF214FF6027049
:105E8000FEF73AF8D0214FF45850FEF735F80021CC
:105E90004FF45450FEF730F801214FF48840FEF7DC
:105EA0002BF8FF2144F20140FEF726F808214FF4B9
:105EB0005850FEF721F800214FF45450FEF71CF81B
:105EC00001214FF48840FEF717F8222144F20140E7
:105ED000FEF712F8FF214FF4A240FEF70DF82C2137
:105EE0004FF4A640FEF708F800214FF4AA40FEF751
:105EF00003F855214FF46850FDF7FEFF4FF488502A
:105F0000FDF7BEFF7820FDF7F7FE00F0C7F8602030
:105F100000F00EF84FF6FF7000F0D0F800F0AEF889
:105F20000123FB86FB8EDBB218463837BD46B0BD79
:105F300080B582B000AF0346FB714B4B4FF430523B
:105F40001A804A4B4FF428521A80494B4FF42C5276
:105F50001A80FB79002B08D0FB79802B05D0FB79C8
:105F6000402B02D0FB79C02B08D1424B4FF4F0728A
:105F70001A80414B4FF448721A8007E03D4B4FF4B2
:105F800048721A803C4B4FF4F0721A80FB799BB236
:105F900019464FF45850FDF7AFFF344B1B88184695
:105FA000FDF76EFF0020FDF77FFF304B1B880133AC
:105FB0009BB21846FDF764FF0020FDF775FF2B4BE1
:105FC0001B8802339BB21846FDF75AFF294B1B88EA
:105FD000013B1B129BB21846FDF766FF234B1B8843
:105FE00003339BB21846FDF74BFF224B1B88013B46
:105FF0009BB2DBB29BB21846FDF756FF1C4B1B88C9
:106000001846FDF73DFF0020FDF74EFF184B1B889B
:1060100001339BB21846FDF733FF0020FDF744FF24
:10602000134B1B8802339BB21846FDF729FF124B16
:106030001B88013B1B129BB21846FDF735FF0C4B2A
:106040001B8803339BB21846FDF71AFF0A4B1B88C7
:10605000013B9BB2DBB29BB21846FDF725FF00BFA8
:106060000837BD4680BD00BF300700203207002042
:10607000340700202E0700202C07002080B500AF39
:106080004FF42450FDF7FCFE01222021024804F0C9
:106090005DFE00BF80BD00BF0004024080B500AFC0
:1060A00000222021044804F051FE4FF42050FDF757
:1060B000E7FE00BF80BD00BF0004024080B584B091
:1060C00000AF0346FB800023FB604FF4F073BB601E
:1060D000BB684FF4487202FB03F3BB600021002051
:1060E000FDF73CFF104B1B881846FDF7C9FE002347
:1060F000FB6008E0BA1D01230C490D480BF0D2F9F2
:10610000FB680133FB60FA68BB689A42F2D3FA88F5
:10611000084B1A80FB88DB439AB2074B1A8000BFFA
:106120001037BD4680BD00BF30070020000008606A
:1061300040050020040000203607002090B585B0FF
:1061400000AF0446084611461A462346FB80034624
:10615000BB800B46FB701346BB70BB887B81BB7852
:10616000DB08DBB21A46BB785B08DBB212FB03F339
:106170003B81FB78203BFB700023BB8190E0BB7828
:106180000C2B0BD1FA78B9894A4813465B001344AB
:106190009B0003440B441B78FB7340E0BB78102B3F
:1061A00008D1FA78BB89444912010A4413441B7888
:1061B000FB7334E0BB78182B0BD1FA78B9893F48D0
:1061C0001346DB0013449B0003440B441B78FB7312
:1061D00025E0BB78202B08D1FA78BB893849D20159
:1061E0000A4413441B78FB7319E0BB78302B0BD1A6
:1061F000FA78B98933481346DB0013441B01034482
:106200000B441B78FB730AE0FA78B9892D481346D2
:10621000DB0013441B0103440B441B78FB73002376
:10622000BB7335E097F90F30002B07DA264B1A883D
:10623000B988FB88184600F081FA0AE097F8203008
:10624000002B06D1214B1A88B988FB88184600F02C
:1062500075FAFB7B5B00FB73BB880133BB801C4B77
:106260001B88BA889A4221D2BA887B89D21ABB7815
:106270009A420AD17B89BB80FB880133FB80154B96
:106280001B88FA889A4207D311E0BB7B0133BB73AA
:10629000BB7B072BC6D900E000BFBB890133BB81A4
:1062A000BA893B899A42FFF46AAF00E000BF143715
:1062B000BD4690BDA83903081C3E03080C440308E2
:1062C00068510308E8800308360700200400002016
:1062D0002C0700202E07002008B490B5BAB002AFFA
:1062E0000346FB710B46BB7113467B710023A7F875
:1062F000DE300023A7F8DC3007F1F003FB6007F184
:106300001000FB68D7F8EC20C92112F05FFF07F1FD
:1063100010031846F9F766FF0346A7F8DC3007F1CB
:1063200010031846F9F75EFF0346C82B02D9C823AD
:10633000A7F8DC300023A7F8DE3021E0BA79B7F8FF
:10634000DE3013449BB27A795208D2B213FB02F3C7
:1063500098B2FB799AB27B799BB212FB03F399B2A4
:10636000B7F8DE30E0333B4413F8D02C7B790024BF
:106370000094FFF7E3FEB7F8DE300133A7F8DE3014
:10638000B7F8DE20B7F8DC309A42D7D300BF00BFA1
:10639000E037BD46BDE8904001B0704790B587B08A
:1063A00000AF0446084611461A462346FB800346C2
:1063B000BB800B467B8013467B70BB883B827B781F
:1063C000DB08DBB21A467B789BB212FB03F3FB813E
:1063D0000023BB82FDE07B78102B15D1BA8A81495E
:1063E00013461B0113445B000B4493F90030BB754B
:1063F000BA8A7C4913461B0113445B000B440133EA
:1064000093F90030FB7547E07B78182B13D1BB8ADA
:10641000754A4A2101FB03F3134493F90030BB751D
:10642000BB8A714A4A2101FB03F31344013393F9F8
:106430000030FB7530E07B78202B15D1BA8A6B4990
:1064400013469B0113445B000B4493F90030BB756A
:10645000BA8A664913469B0113445B000B4401331F
:1064600093F90030FB7517E07B78302B14D1BB8A91
:106470005F4A4FF4917101FB03F3134493F9003029
:10648000BB75BB8A5A4A4FF4917101FB03F3134465
:10649000013393F90030FB757B881B0A9AB2BB7DF0
:1064A0009BB29A4240F092807B88DBB29AB2FB7D2D
:1064B0009BB29A4240F08A8000237B827EE07B7808
:1064C000102B0CD1BA8A798A464813461B01134413
:1064D0005B0003440B4402331B78FB752DE07B7893
:1064E000182B0BD1BA8A7B8A3F494A2000FB02F263
:1064F0000A44134402331B78FB751EE07B78202B83
:106500000CD1BA8A798A394813469B0113445B003F
:1065100003440B4402331B78FB750EE07B78302B71
:106520000BD1BA8A7B8A32494FF4917000FB02F298
:106530000A44134402331B78FB750023BB7535E016
:1065400097F91730002B07DA2A4B1A88B988FB888D
:10655000184600F0F3F80AE097F82830002B06D12F
:10656000254B1A88B988FB88184600F0E7F8FB7DB0
:106570005B00FB75BB880133BB80204B1B88BA884E
:106580009A422BD2BA883B8AD21A7B789A420AD195
:106590003B8ABB80FB880133FB80194B1B88FA8840
:1065A0009A4207D31BE0BB7D0133BB75BB7D072B34
:1065B000C6D900E000BF7B8A01337B827A8AFB89DF
:1065C0009A42FFF47CAF4FF6FE73BB82BB8A013365
:1065D000BB82BB8A632B7FF6FEAE00E000BF1C3798
:1065E000BD4690BD58B60308E0B6030808B80308D6
:1065F00018BC030836070020040000202C070020E8
:106600002E07002008B490B5A0B002AF0346FB806F
:106610000B46BB801346FB700023A7F8763000239F
:1066200087F87530002387F8743007F18803FB6022
:1066300007F11000FB68D7F88420642112F0C6FD32
:1066400007F110031846F9F7CDFD03465B08A7F8DC
:10665000763007F110031846F9F7C4FD0346632BA3
:1066600002D96323A7F87630002387F875302FE02E
:10667000BA8897F8753013449AB2FB789BB212FB34
:1066800003F398B2FB789BB2FA8812FB03F399B23A
:1066900097F8743078333B4413F8683C1B029BB284
:1066A00097F87420013278323A4412F8682C134477
:1066B0009AB2FB7800240094FFF770FE97F87430CC
:1066C000023387F8743097F87530013387F87530E6
:1066D00097F875309BB2B7F876209A42C8D800BFB9
:1066E00000BF7837BD46BDE8904001B0704700005C
:1066F00080B582B000AF03460A46FB801346BB80DC
:10670000BA88FB8811461846FDF728FC074B1B8802
:106710001846FDF7B5FB0123054A064906480AF06D
:10672000C1FE00BF0837BD4680BD00BF3007002056
:1067300036070020000008604005002080B582B0C8
:1067400000AF0346FB800B46BB8013467B80554B56
:106750001B68B3F5804F64D1534B1B881846FDF777
:106760008FFBFB881B0A9BB21846FDF79DFB4E4B27
:106770001B8801339BB21846FDF782FBFB88DBB216
:106780009BB21846FDF790FB474B1B8802339BB228
:106790001846FDF775FBFB881B0A9BB21846FDF7F0
:1067A00083FB414B1B8803339BB21846FDF768FB04
:1067B000FB88DBB29BB21846FDF776FB3B4B1B8890
:1067C0001846FDF75DFBBB881B0A9BB21846FDF718
:1067D0006BFB364B1B8801339BB21846FDF750FB11
:1067E000BB88DBB29BB21846FDF75EFB2F4B1B88C4
:1067F00002339BB21846FDF743FBBB881B0A9BB2D2
:106800001846FDF751FB294B1B8803339BB21846F2
:10681000FDF736FBBB88DBB29BB21846FDF744FBA5
:106820002FE0214B1B881846FDF72AFBFB881B0A2B
:106830009BB21846FDF738FB1B4B1B8801339BB2FC
:106840001846FDF71DFBFB88DBB29BB21846FDF72F
:106850002BFB164B1B881846FDF712FBBB881B0A47
:106860009BB21846FDF720FB104B1B8801339BB2EF
:106870001846FDF705FBBB88DBB29BB21846FDF757
:1068800013FB01230A4A4FF0C0410A480AF00AFEEE
:10689000BA1C0123084907480AF004FE00BF083764
:1068A000BD4680BD280700203207002034070020A5
:1068B00030070020400500200000086090B58DB032
:1068C00000AF0446084611461A462346FB8003469D
:1068D000BB800B467B8013463B800023BB620023BA
:1068E0007B627A88FB88D31A3B623A88BB88D31ACA
:1068F000FB61FB88FB60BB88BB603B6A002B02DD51
:1069000001237B610BE03B6A002B02D100237B61FA
:1069100005E04FF0FF337B613B6A5B423B62FB6902
:10692000002B02DD01233B610BE0FB69002B02D150
:1069300000233B6105E04FF0FF333B61FB695B42A5
:10694000FB613A6AFB699A4202DD3B6ABB6101E086
:10695000FB69BB610023FB852AE0FB689BB2BA6838
:1069600092B211461846FFF7C3FEBA6A3B6A134457
:10697000BB627A6AFB6913447B62BA6ABB699A425A
:1069800007DDBA6ABB69D31ABB62FA687B69134434
:10699000FB607A6ABB699A4207DD7A6ABB69D31ADF
:1069A0007B62BA683B691344BB60FB8D0133FB8596
:1069B000FA8DBB6901339A42CFDD00BF00BF343787
:1069C000BD4690BD80B586B000AF0346FB800B4648
:1069D000BB801346FB70FB789BB2FA889A4240F268
:1069E000A380FB789BB2BA889A4240F29D80FA88D5
:1069F000FB78C3F548739A4280F29680BA88FB7898
:106A0000C3F5F0739A4280F28F8000237B61FB789C
:106A10003B61FB785B00C3F10303FB607FE07B69B4
:106A20009AB2FB88134498B23B699BB2BA88D31AD6
:106A30009BB21946FFF75CFE3B699AB2FB88134490
:106A400098B27B699BB2BA88D31A9BB21946FFF7FA
:106A50004FFE3B699AB2FB88134498B27B699AB2A5
:106A6000BB8813449BB21946FFF742FE7B699AB27A
:106A7000FB88134498B23B699AB2BB8813449BB21B
:106A80001946FFF735FE7B699BB2FA88D31A98B294
:106A90003B699AB2BB8813449BB21946FFF728FEA4
:106AA0003B699BB2FA88D31A98B27B699AB2BB88C9
:106AB00013449BB21946FFF71BFE7B699BB2FA8811
:106AC000D31A98B23B699BB2BA88D31A9BB21946C3
:106AD000FFF70EFE3B699BB2FA88D31A98B27B6926
:106AE0009BB2BA88D31A9BB21946FFF701FE7B69A5
:106AF00001337B61FB68002B06DA7B699B00063360
:106B0000FA681344FB600AE07A693B69D31A9B0078
:106B10000A33FA681344FB603B69013B3B617A69C5
:106B20003B699A427FF77BAF00BF1837BD4680BDF7
:106B300090B585B000AF0446084611461A46234674
:106B4000FB800346BB800B467B8013463B800023C3
:106B50007B817A88FB88D31A9BB201337B81BB8807
:106B6000FB811EE0FA89FB8811461846FDF7F6F90D
:106B7000104B1B881846FDF783F90023BB8109E001
:106B8000012307F120020C490C480AF08BFCBB8959
:106B90000133BB81BA897B899A42F1D3FB890133E6
:106BA000FB81FA893B889A42DCD900BF00BF1437C9
:106BB000BD4690BD30070020000008604005002061
:106BC00080B584B000AF03463A60FB800B46BB80C3
:106BD0003B685B887B813B689B883B810023FB8112
:106BE00029E0BA88FB8913449AB2FB8811461846FB
:106BF000FDF7B4F9144B1B881846FDF741F9002343
:106C0000BB8111E0FB897A8903FB02F2BB89134443
:106C100004335B003A681A4401230C490C480AF01B
:106C200041FCBB890133BB81BA897B899A42E9D394
:106C3000FB890133FB81FA893B899A42D1D300BF9A
:106C400000BF1037BD4680BD30070020000008603F
:106C50004005002080B582B000AF03460A46FB80A5
:106C60001346BB80B988FB88034A1846FFF7A8FF84
:106C700000BF0837BD4680BD2001020880B588B03E
:106C800004AF0346FB710023FB7300233B73FB79C6
:106C90007B730023FB7309E03A7BFB7B1749CB5CDA
:106CA0001344DBB23B73FB7B0133FB73FB7BB72BE2
:106CB000F2D93B7B5B42DBB23B734FF47A730293B6
:106CC000B82301930D4B0093102348F24002282172
:106CD0000B4806F0A9FA4FF47A730293022301934A
:106CE00007F10C030093102348F2FF022821044807
:106CF00006F09AFA00BF1037BD4680BDACC003084D
:106D00007001002080B58AB004AF3B4600221A60B3
:106D10005A609A60DA601A6100224FF400413F48DD
:106D200004F014F8052001F013FD01224FF4004196
:106D30003A4804F00BF80A2001F00AFD4FF4005322
:106D40003B6000237B600023BB603B461946334811
:106D500003F048FE642001F0FBFC4FF47A730293C9
:106D6000042301932E4B0093102348F24012282154
:106D70002C4806F053FB03461A462B4B1A702B493E
:106D80002748F9F725FA0346002B06D0284924485E
:106D9000F9F71EFA0346002B3BD10223FB754FF493
:106DA0007A7302930123019307F1170300931023D1
:106DB00048F2400228211B4806F036FA4FF47A7355
:106DC00002930123019307F117030093102348F264
:106DD00047022821134806F021FBFB7D5F2B02D8D8
:106DE0000120FFF74BFF0A2001F0B2FC0023FB75E6
:106DF0004FF47A7302930123019307F11703009371
:106E0000102348F240022821064806F00DFA01231B
:106E100000E0002318461837BD4680BD0018024028
:106E200038070020700100205607002038B1010803
:106E300040B1010880B588B004AF0346FB71002360
:106E4000FB720023BB724FF400516F4803F066FFE2
:106E50000346002B40F0D4804FF47A730293012351
:106E6000019307F10A030093102348F24E122821E0
:106E7000664806F0D3FABB7A5BB2002B80F2C08082
:106E8000BB7A03F00F03052B00F3BA80BA7A604B8C
:106E90001A700023FB720FE0FB7A1A465D4B00214B
:106EA00023F81210FB7A1A465B4B002123F81210CC
:106EB000FB7A0133DBB2FB72FB7A042BECD90023A3
:106EC000FB7284E0FB7A1A46544B33F812204FF4DD
:106ED0007A7302930423019307F10C0300931023A8
:106EE00028214A4806F09AFAFB79002B16D17B7BC1
:106EF0001B029BB23A7B1146FA7A0B4499B2454B7E
:106F000023F81210FB7B1B029BB2BA7B1146FA7A64
:106F10000B4499B2404B23F8121054E0FB79012B3B
:106F200018D17B7B1B029BB23A7B13449BB2FA7A4B
:106F3000C3F5F07399B2384B23F81210FB7B1B0298
:106F40009BB2BA7B1146FA7A0B4499B2314B23F8C3
:106F5000121038E0FB79022B1AD17B7B1B029BB20B
:106F60003A7B13449BB2FA7AC3F5F07399B2294B7A
:106F700023F81210FB7B1B029BB2BA7B13449BB21B
:106F8000FA7AC3F5487399B2234B23F812101AE02A
:106F9000FB79032B17D17B7B1B029BB23A7B1146FB
:106FA000FA7A0B4499B21C4B23F81210FB7B1B029C
:106FB0009BB2BA7B13449BB2FA7AC3F5487399B279
:106FC000144B23F81210FB7A0133DBB2FB72FB7A0D
:106FD0001A46BB7A03F00F039A42FFF673AF002301
:106FE000FB724FF47A7302930123019307F10B03B1
:106FF0000093102348F24E122821044806F014F999
:1070000000BF1037BD4680BD00180240700100204F
:1070100056070020400700204C070020A0C00308AE
:1070200080B582B000AF0346FB71FB79002B05D021
:1070300000220421064803F089FE04E00122042115
:10704000034803F083FE00BF0837BD4680BD00BF84
:107050000018024080B582B000AF0346FB71FB7997
:10706000002B05D000220821064803F06FFE04E043
:1070700001220821034803F069FE00BF0837BD461E
:1070800080BD00BF0018024080B582B000AF03464B
:10709000FB71FB79002B05D000221021064803F07C
:1070A00055FE04E001221021034803F04FFE00BF0B
:1070B0000837BD4680BD00BF0018024080B582B0D1
:1070C00000AF0346FB71FB79002B05D000220221A3
:1070D000064803F03BFE04E001220221034803F0CE
:1070E00035FE00BF0837BD4680BD00BF000402402A
:1070F00080B582B000AF0346FB71FB7903F001035A
:10710000002B05D0002204211E4803F01FFE04E0DE
:10711000012204211B4803F019FEFB7903F002034E
:10712000002B05D000220821164803F00FFE04E0D2
:1071300001220821134803F009FEFB7903F0040340
:10714000002B05D0002210210E4803F0FFFD04E0C3
:10715000012210210B4803F0F9FDFB7903F008032D
:10716000002B05D000220221074803F0EFFD04E0C8
:1071700001220221044803F0E9FD00BF0837BD46A3
:1071800080BD00BF001802400004024080B588B0F6
:1071900004AF78600023FB730023BB734FF47A7352
:1071A00002930223019307F10C03009301230022B1
:1071B0009E21454806F032F93B7BFB737B68002239
:1071C0001A7097F90F30002B05DA7B6801221A70CC
:1071D000FB7BDB43FB73FB7B03F00103002B02D043
:1071E000BB7B0133BB73FB7B03F00203002B02D09C
:1071F000BB7B0233BB73FB7B03F00403002B02D089
:10720000BB7B0433BB73FB7B03F00803002B02D072
:10721000BB7B0833BB73FB7B03F01003002B02D056
:10722000BB7B1033BB73FB7B03F02003002B02D02E
:10723000BB7B2033BB73FB7B03F04003002B02D0EE
:10724000BB7B4033BB737B6801337B607B68BA7B5D
:107250001A700023BB737B7BFB733B7B5BB2002B01
:1072600010DAFB7BDB43FB73FB7B2033FB73FB7B85
:1072700003F0E003002B05D17B681B780133DAB201
:107280007B681A7097F90F30002B02DABB7B323320
:10729000BB73FB7B03F04003002B02D0BB7B193395
:1072A000BB73FB7B03F02003002B02D0BB7B0C33B2
:1072B000BB737B6801337B607B68BA7B1A7000BF4D
:1072C0001037BD4680BD00BF700100200FB480B5EF
:1072D000B4B000AF0023A7F8CE3007F1DC033B6069
:1072E000381D3B68D7F8D820C92111F06FFF3B1D2E
:1072F0001846F8F777FF0346A7F8CE303B1D18462F
:10730000F8F770FF0346C82B02D9C823A7F8CE3080
:10731000B7F8CE20391D4FF6FF7305480AF074FE0A
:1073200000BFD037BD46BDE8804004B0704700BF05
:10733000F804002080B582B000AF0346FB71FB79F2
:10734000002B06D000224FF40051074803F0FEFC4A
:1073500005E001224FF40051034803F0F7FC00BFA1
:107360000837BD4680BD00BF0008024080B586B02A
:1073700000AF3B1D00221A605A609A60DA601A6101
:107380004FF4F8537B600323BB600023FB603B1D7D
:107390001946154803F026FB4FF4C0537B600323C6
:1073A000BB600023FB603B1D1946104803F01AFB2D
:1073B00004237B600323BB600023FB603B1D194655
:1073C0000B4803F00FFB01220A490B480AF0A7FE05
:1073D0000A4B00221A8000F02BF80020FFF7AAFFCA
:1073E00000BF1837BD4680BD0008024000000240C3
:1073F000000C0240D20A0020F8040020D00A00202D
:1074000080B500AF0348FFF761FF0120FFF792FF4F
:1074100000BF80BD44B1010880B500AF0348FFF74D
:1074200055FF0120FFF786FF00BF80BD5CB101085A
:1074300080B500AF0348FFF749FF0020FFF77AFF50
:1074400000BF80BD74B1010880B500AF00F028F81E
:1074500000F046F800F002F800BF80BDB0B58CB077
:1074600004AF0D4B3C1D1D460FCD0FC495E8070022
:1074700084E807004FF47A7302931C2301933B1DA9
:107480000093012300227821044805F0CDFE00BFBF
:107490002037BD46B0BD00BF7CB10108700100209F
:1074A00080B586B004AF0C4A3B1D126811461980A6
:1074B0000233120C1A704FF47A7302930323019370
:1074C0003B1D0093012300227821044805F0ACFE07
:1074D00000BF0837BD4680BD98B10108700100208B
:1074E00080B586B004AF1023BB80B023BB7142E0EF
:1074F0004FF47A73029301230193BB1D0093012380
:1075000000227821204805F08FFE4FF47A73029311
:10751000012301933B1D00930123002278211A4887
:1075200005F082FE4FF47A730293012301933B1D11
:1075300001330093012300227821134805F074FEE3
:107540000023FB7110E04FF47A730293012301933F
:107550003B1D013300930123402278210A4805F0A6
:1075600063FEFB790133FB71FB79832BEBD9BB798C
:107570000133DBB2BB71BB79B72BB9D900BF00BFF8
:107580000837BD4680BD00BF7001002080B588B0BF
:1075900004AF0346FB710B46BB711346BB8000234F
:1075A0007B73BB790233BB710023BB737DE0FA7937
:1075B000424BA3FB0213D9080B469B000B445B0014
:1075C000D31ADBB2503BDBB23B72BB791B09DBB297
:1075D0001033DBB27B72BB7903F00F03DBB2BB72FB
:1075E0004FF47A7302930123019307F10803009388
:1075F000012300227821324805F016FE4FF47A73F9
:1076000002930123019307F108030133009301233F
:10761000002278212A4805F007FE4FF47A7302937E
:107620000123019307F10803023300930123002291
:107630007821234805F0F8FD0023FB732CE0FB794B
:10764000092B09D8BB881A017B7B1344A3F500736F
:107650001C4AD35CFB720AE0BB881A017B7B134493
:10766000A3F50073174AD35CDB43DBB2FB724FF424
:107670007A7302930123019307F108030333009304
:107680000123402278210E4805F0CEFD7B7B01339B
:107690007B73FB7B0133FB73FB7B072BCFD9FB7920
:1076A0000133FB71BB7B0133BB73BB7B012B7FF6CB
:1076B0007EAF00BF00BF1037BD4680BDCDCCCCCC67
:1076C0007001002064C103080CB480B58AB000AF1B
:1076D00003460A46FB711346BB710023FB8400235B
:1076E000BB8407F13403FB6007F11000FB683A6BC1
:1076F000142111F06BFD07F110031846F8F772FD25
:107700000346FB8407F110031846F8F76BFD0346A8
:10771000102B16D91023FB8413E0BB8CDBB2DB00EB
:10772000DAB2BB791344D9B2BB8C28333B4413F88B
:10773000183C1A46FB791846FFF728FFBB8C01332B
:10774000BB84FA8CBB8C9A42E7D100BF00BF2837BC
:10775000BD46BDE8804002B07047000080B58AB0E9
:1077600004AF0346FB710B46BB711346BB8000237D
:107770007B75BB790233BB7100237B82B1E0BB8890
:107780001B0A99B27A8A5B4813461B0113445B00BB
:10779000034493F90030DBB2994240F09F80BB88EC
:1077A000DBB299B27A8A534813461B0113445B003B
:1077B0000344013393F90030DBB2994240F08E80EC
:1077C0000023BB7583E0FA794B4BA3FB0213D90866
:1077D0000B469B000B445B00D31ADBB2503BDBB281
:1077E0003B73BB791B09DBB21033DBB27B73BB7914
:1077F00003F00F03DBB2BB734FF47A7302930123E0
:10780000019307F10C0300930123002278213B48E8
:1078100005F00AFD4FF47A7302930123019307F1F7
:107820000C0301330093012300227821334805F033
:10783000FBFC4FF47A7302930123019307F10C03CD
:10784000023300930123002278212C4805F0ECFC40
:107850000023FB7532E0FB79092B0CD87A8A797DFD
:10786000244813461B0113445B0003440B440233BA
:107870001B78FB730DE07A8A797D1E4813461B0145
:1078800013445B0003440B4402331B78DB43DBB23D
:10789000FB734FF47A7302930123019307F10C03F6
:1078A00003330093012340227821144805F0BCFCE7
:1078B0007B7D01337B75FB7D0133FB75FB7D0F2BDE
:1078C000C9D9FB790133FB71BB7D0133BB75BB7D2E
:1078D000012B7FF678AF4FF6FE737B827B8A0133F4
:1078E0007B827B8A632B7FF64AAF00BF00BF1837CD
:1078F000BD4680BD64C70308CDCCCCCC7001002050
:107900000CB480B58AB000AF03460A46FB7113463B
:10791000BB710023FB84002387F82530002387F800
:10792000243007F13403FB6007F11000FB683A6B69
:10793000142111F04BFC07F110031846F8F752FC24
:1079400003465B08FB8407F110031846F8F74AFC6E
:107950000346102B28D91023FB8425E097F8253007
:107960001B01DAB2BB791344D9B297F8243028331B
:107970003B4413F8183C1B029BB297F824200132B9
:1079800028323A4412F8182C13449AB2FB7918465C
:10799000FFF7E4FE97F82530013387F8253097F894
:1079A0002430023387F8243097F825309BB2FA8CC4
:1079B0009A42D3D100BF00BF2837BD46BDE8804002
:1079C00002B0704780B58AB004AF0346FB710B4626
:1079D000BB711346BB8000237B75BB790233BB713F
:1079E00000237B82ADE0BB881B0A9BB27A8A59498F
:1079F0004A2000FB02F20A4492F90020D2B29342DC
:107A000040F09C80BB88DBB29BB27A8A51494A2005
:107A100000FB02F20A44013292F90020D2B29342F2
:107A200040F08C800023BB7581E0FA794A4BA3FBC0
:107A30000213D9080B469B000B445B00D31ADBB240
:107A4000503BDBB23B73BB791B09DBB21033DBB2BB
:107A50007B73BB7903F00F03DBB2BB734FF47A7314
:107A600002930123019307F10C03009301230022E9
:107A700078213A4805F0D8FB4FF47A73029301233A
:107A8000019307F10C0301330093012300227821B5
:107A9000324805F0C9FB4FF47A7302930123019336
:107AA00007F10C03023300930123002278212B48B5
:107AB00005F0BAFB0023FB7530E0FB79092B0BD8EE
:107AC0007A8A7B7D23494A2000FB02F20A44134450
:107AD00002331B78FB730CE07A8A7B7D1D494A20B8
:107AE00000FB02F20A44134402331B78DB43DBB28F
:107AF000FB734FF47A7302930123019307F10C0394
:107B000003330093012340227821144805F08CFBB5
:107B10007B7D01337B75FB7D0133FB75FB7D172B73
:107B2000CBD9FB790133FB71BB7D0133BB75BB7DC9
:107B3000022B7FF67AAF4FF6FE737B827B8A01338E
:107B40007B827B8A632B7FF64EAF00BF00BF183766
:107B5000BD4680BD30C80308CDCCCCCC7001002020
:107B60000CB480B58AB000AF03460A46FB711346D9
:107B7000BB710023FB84002387F82530002387F89E
:107B8000243007F13403FB6007F11000FB683A6B07
:107B9000142111F01BFB07F110031846F8F722FB24
:107BA0000346FB8407F110031846F8F71BFB034656
:107BB000102B2BD91023FB8428E097F825301A4688
:107BC00052001344DB00DAB2BB791344D9B297F800
:107BD000243028333B4413F8183C1B029BB297F81F
:107BE0002420013228323A4412F8182C13449AB255
:107BF000FB791846FFF7E6FE97F82530013387F842
:107C0000253097F82430023387F8243097F8253050
:107C10009BB2FA8C9A42D0D100BF00BF2837BD4634
:107C2000BDE8804002B0704780B588B004AF78608E
:107C30000023FB7358E0FB7B503BDBB23B7210230D
:107C40007B720223BB724FF47A7302930123019378
:107C500007F108030093012300227821264805F04C
:107C6000E3FA4FF47A7302930123019307F10803B7
:107C7000013300930123002278211F4805F0D4FA34
:107C80004FF47A7302930123019307F1080302333F
:107C90000093012300227821174805F0C5FA00233C
:107CA000BB731AE0BA7BFB7BDB0113441A467B688B
:107CB00013441B78FB724FF47A73029301230193F0
:107CC00007F10803033300930123402278210A4877
:107CD00005F0AAFABB7B0133BB7397F90E30002B7A
:107CE000E0DAFB7B0133FB73FB7B072BA3D900BFDF
:107CF00000BF1037BD4680BD7001002080B500AFC9
:107D00000248FFF791FF00BF80BD00BF58C90308BC
:107D100080B582B000AF0346FB71FB79002B05D024
:107D200000220121064803F011F804E0012201219C
:107D3000034803F00BF800BF0837BD4680BD00BF05
:107D40000018024080B582B000AF0346FB71FB799A
:107D5000002B05D000220221064802F0F7FF04E0C4
:107D600001220221034802F0F1FF00BF0837BD469F
:107D700080BD00BF001802400FB480B5B4B000AFA2
:107D80000023A7F8CE3001224021194802F0DEFF7F
:107D900007F1DC033B60381D3B68D7F8D820C921C8
:107DA00011F014FA3B1D1846F8F71CFA0346A7F821
:107DB000CE303B1D1846F8F715FA0346C82B02D9FA
:107DC000C823A7F8CE30B7F8CE20391D4FF6FF7381
:107DD00008480AF019F900224021054802F0B6FFD0
:107DE00000BFD037BD46BDE8804004B0704700BF3B
:107DF00000040240D803002080B483B000AF786054
:107E00007B681B4A93422CD11A4B1B88C3F30E0389
:107E1000194A0021D154174B1B886FEA43436FEA7C
:107E200053439AB2134B1A80114B1B686FF0010237
:107E30001A610F4B1B681A6A41F211131340002B91
:107E40000FD10B4B1B681A6A40F244431340002BBE
:107E500007D1074B1B681A68054B1B6822F001020B
:107E60001A6000BF0C37BD465DF8047B704700BF49
:107E700058070020340900206C0800200FB480B59A
:107E8000B4B000AF0023A7F8CE3007F1DC033B60AD
:107E9000381D3B68D7F8D820C92111F097F93B1D50
:107EA0001846F8F79FF90346A7F8CE303B1D184651
:107EB000F8F798F90346C82B02D9C823A7F8CE30A3
:107EC000B7F8CE20391D4FF6FF7305480AF09CF82D
:107ED00000BFD037BD46BDE8804004B0704700BF4A
:107EE0002004002080B582B000AF78607B68634AD0
:107EF000934248D1624B1B7819466248FFF7BEFF98
:107F0000614B1B881BB2002B38DB5F4B1B8803F4D3
:107F10008043002B11D05A4B1B780A2B03D05A4BAD
:107F200000221A802AE0584B1B886FEA43436FEA0D
:107F300053439AB2544B1A8020E0514B1B780D2BBF
:107F400007D1514B1B8843F480439AB24E4B1A80A1
:107F500014E04D4B1B88C3F30D03494A11784B4A7B
:107F6000D154494B1B8801339AB2474B1A80464B78
:107F70001B88C72B02D9444B00221A80012240499A
:107F80003E480AF0CCF87B68414A93422DD1414BE0
:107F90001B88C72B1BD8404B1B6800225A623D4BE5
:107FA0001B88002B07D13C4B1B681A683A4B1B6897
:107FB00042F001021A60374B1B885A1C91B2354AB5
:107FC00011801A46354B1978354B995408E0314BDE
:107FD0001B886FEA43436FEA53439AB22D4B1A80D2
:107FE00001222E492A480AF09AF87B682D4A9342CA
:107FF0002CD12D4B1B881BB2002B22DB2B4B1B786B
:108000000A2B09D1284B1B886FEA43436FEA53437D
:108010009AB2254B1A8014E0234B1B88C3F30E033E
:10802000224A1178224AD1541F4B1B8801339AB23D
:108030001D4B1A801C4B1B88C72B02D91A4B0022E0
:108040001A800122194917480AF069F87B68194A11
:1080500093420ED1184B1A78184B1A70184B1B8884
:1080600001339AB2164B1A800122134911480AF0C3
:1080700056F800BF0837BD4680BD00BF2004002071
:108080006A0800209CB1010868080020A0070020B1
:108090006804002034090020580700203609002019
:1080A0006C080020B0040020000A0020020A002012
:1080B00038090020D8030020CE0A0020040A00203E
:1080C000CC0A002080B586B002AF0346FB7107F1F1
:1080D0000F02F91D4FF47A7300930123034808F04F
:1080E00096FDFB7B18461037BD4680BD3803002047
:1080F00080B582B000AF0346FB71FB79002B06D13F
:1081000000224FF48051074802F020FE05E00122D2
:108110004FF48051034802F019FE00BF0837BD46F6
:1081200080BD00BF0004024080B582B000AF0120D6
:10813000FFF7DEFF00F056FA00F08AF803461A4611
:10814000224B1A80214B1B884EF61872934212D193
:10815000032000F03DF80346FB71FB7903F00103B7
:10816000002B08D10020FFF7C3FFB720FFF7AAFFBD
:108170000120FFF7BDFF154B1B884EF61872934286
:108180001DD0124B1B884EF61772934217D00F4B1F
:108190001B884EF61672934211D00C4B1B884EF67C
:1081A000157293420BD0094B1B884EF61472934202
:1081B00005D0064B1B884EF61372934201D1002363
:1081C00000E0012318460837BD4680BD06000020A8
:1081D00080B584B000AF0346FB710023BB7300235E
:1081E000FB73FB79032B0CD0032B0DDC012B02D08E
:1081F000022B03D008E00523FB7308E03523FB7353
:1082000005E01523FB7302E00523FB7300BF00208C
:10821000FFF76EFFFB7B1846FFF754FFFF20FFF7C9
:1082200051FF0346BB730120FFF762FFBB7B18467B
:108230001037BD4680BD80B500AF0020FFF758FF66
:108240000620FFF73FFF0120FFF752FF00BF80BD70
:1082500080B582B000AF0023FB800020FFF748FF0D
:108260009020FFF72FFF0020FFF72CFF0020FFF7E3
:1082700029FF0020FFF726FFFF20FFF723FF03461B
:108280001B021AB2B7F9063013431BB2FB80FF2062
:10829000FFF718FF03461A46FB881343FB800120B3
:1082A000FFF726FFFB8818460837BD4680BD000053
:1082B00090B587B000AFF860B9601346FB8000202E
:1082C000FFF716FF0320FFF7FDFE1B4B1B884EF642
:1082D0001872934205D1BB681B0EDBB21846FFF73C
:1082E000F1FEBB681B0CDBB21846FFF7EBFEBB6868
:1082F0001B0ADBB21846FFF7E5FEBB68DBB2184687
:10830000FFF7E0FE0023FB820AE0FB8AFA68D4183C
:10831000FF20FFF7D7FE03462370FB8A0133FB8261
:10832000FA8AFB889A42F0D30120FFF7E1FE00BFF2
:108330001C37BD4690BD00BF0600002080B586B04A
:1083400000AFF860B9601346FB80FFF774FF0020B0
:10835000FFF7CEFE0220FFF7B5FE1B4B1B884EF643
:108360001872934205D1BB681B0EDBB21846FFF7AB
:10837000A9FEBB681B0CDBB21846FFF7A3FEBB6867
:108380001B0ADBB21846FFF79DFEBB68DBB218463E
:10839000FFF798FE0023FB8209E0FB8AFA6813448A
:1083A0001B781846FFF78EFEFB8A0133FB82FA8AA0
:1083B000FB889A42F1D30120FFF79AFE00F004F9FE
:1083C00000BF1837BD4680BD0600002080B586B0CE
:1083D00000AFF860B9601346FB80BB689BB2DBB2AC
:1083E0009BB2C3F58073FB82FA88FB8A9A4201D85C
:1083F000FB88FB82FB8A1A46B968F868FFF79EFF84
:10840000FA88FB8A9A4216D0FB8AFA681344FB600A
:10841000FB8ABA681344BB60FA88FB8AD31AFB80D4
:10842000FB88B3F5807F03D94FF48073FB82E1E7CB
:10843000FB88FB82DEE700BF00BF1837BD4680BD6A
:1084400080B588B000AFF860B9601346FB80404B40
:108450003B61BB681B0BFB61BB689BB2C3F30B03A7
:108460007B837B8BC3F580533B83FA883B8B9A429B
:1084700001D8FB883B83FB691B034FF480521946EC
:108480003869FFF715FF0023FB820BE07A8BFB8A2C
:1084900013441A463B6913441B78FF2B07D1FB8A10
:1084A0000133FB82FA8A3B8B9A42EFD300E000BF94
:1084B000FA8A3B8B9A4220D2F86900F04BF80023ED
:1084C000FB820DE0FB8AFA681A44F98A7B8B0B4425
:1084D00019463B690B4412781A70FB8A0133FB8200
:1084E000FA8A3B8B9A42EDD3FB691B034FF480520F
:1084F00019463869FFF76AFF05E03B8B1A46B968F1
:10850000F868FFF763FFFA883B8B9A421BD0FB6940
:108510000133FB6100237B833B8BFA681344FB60D0
:108520003B8BBA681344BB60FA883B8BD31AFB8041
:10853000FB88B3F5805F03D94FF480533B839AE700
:10854000FB883B8397E700BF00BF2037BD4680BD57
:10855000D40A002080B582B000AF78607B681B032E
:108560007B60FFF768FE00F02FF80020FFF7C0FDEA
:108570002020FFF7A7FD134B1B884EF6187293427D
:1085800005D17B681B0EDBB21846FFF79BFD7B68AD
:108590001B0CDBB21846FFF795FD7B681B0ADBB2AC
:1085A0001846FFF78FFD7B68DBB21846FFF78AFDA0
:1085B0000120FFF79DFD00F007F800BF0837BD461A
:1085C00080BD00BF0600002080B500AF00BF0120C5
:1085D000FFF7FEFD034603F00103012BF7D000BFB8
:1085E00000BF80BD80B500AF0020FFF781FDAB204C
:1085F000FFF768FD0120FFF77BFD0320FBF77CFB05
:1086000000BF80BD0FB480B5B4B000AF0023A7F8A1
:10861000CE3007F1DC033B60381D3B68D7F8D8202B
:10862000C92110F0D3FD3B1D1846F7F7DBFD0346CB
:10863000A7F8CE303B1D1846F7F7D4FD0346C82BEC
:1086400002D9C823A7F8CE30B7F8CE20391D4FF68F
:10865000FF73054809F0D8FC00BFD037BD46BDE820
:10866000804004B0704700BF6804002080B500AFB0
:108670000E4B1B680D4A43F4007313600B4B1B68D1
:108680000A4A43F480631360084B1B68074A43F4AB
:1086900080731360032001F03FFC0F2000F008F806
:1086A000FAF760F90023184680BD00BF003C024085
:1086B00080B582B000AF7860124B1A68124B1B78FD
:1086C00019464FF47A73B3FBF1F3B2FBF3F3184698
:1086D00001F057FC0346002B01D001230EE07B681C
:1086E0000F2B0AD8002279684FF0FF3001F01FFCF1
:1086F000064A7B681360002300E001231846083710
:10870000BD4680BD000000200C00002008000020B5
:1087100080B400AF064B1B781A46064B1B68134407
:10872000044A136000BFBD465DF8047B704700BF7C
:108730000C000020D41A002080B400AF034B1B684B
:108740001846BD465DF8047B704700BFD41A002070
:1087500080B584B000AF7860FFF7EEFFB8607B684B
:10876000FB60FB68B3F1FF3F05D00A4B1B781A464C
:10877000FB681344FB6000BFFFF7DEFF0246BB68E7
:10878000D31AFA689A42F7D800BF00BF1037BD4627
:1087900080BD00BF0C00002080B584B000AF7860C1
:1087A0000023FB737B68002B01D1012333E07B683E
:1087B0001B6C002B09D17868FAF7FCF87B68002263
:1087C0005A647B68002283F83C207B681B6C03F0B2
:1087D0001003002B18D17B681B6C23F4885323F003
:1087E000020343F002027B681A64786800F0E4FA3E
:1087F0007B6800225A647B681B6C23F0030343F000
:1088000001027B681A6401E00123FB737B6800228C
:1088100083F83C20FB7B18461037BD4680BD000026
:1088200080B485B000AF78600023BB607B6893F8AC
:108830003C30012B01D10223B2E07B68012283F896
:108840003C207B681B689B6803F00103012B18D058
:108850007B681B689A687B681B6842F001029A601B
:10886000524B1B68524AA2FB03239A0C13465B002F
:108870001344BB6002E0BB68013BBB60BB68002BDC
:10888000F9D17B681B689B6803F00103012B7AD147
:108890007B681B6C23F4E06323F0010343F48072D4
:1088A0007B681A647B681B685B6803F48063002B39
:1088B00007D07B681B6C23F4405343F480527B68E1
:1088C0001A647B681B6C03F48053B3F5805F06D198
:1088D0007B685B6C23F006027B685A6402E07B686D
:1088E00000225A647B68002283F83C20314BFB60F5
:1088F0007B681B686FF022021A60FB685B6803F0FC
:108900001F03002B2AD17B681B682B4A934215D08A
:108910007B681B68294A934205D1264B5B6803F0AC
:108920001F03002B0AD07B681B68254A934236D16F
:10893000204B5B6803F01003002B30D17B681B6871
:108940009B6803F04053002B29D17B681B689A6811
:108950007B681B6842F080429A6020E07B681B685D
:10896000154A93421BD17B681B689B6803F04053F8
:10897000002B14D17B681B689A687B681B6842F0E7
:1089800080429A600BE07B681B6C43F010027B68AE
:108990001A647B685B6C43F001027B685A640023B5
:1089A00018461437BD465DF8047B70470000002070
:1089B00083DE1B43002301400020014000210140D1
:1089C0000022014080B483B000AF78607B6893F8E8
:1089D0003C30012B01D1022321E07B68012283F886
:1089E0003C207B681B689A687B681B6822F0010248
:1089F0009A607B681B689B6803F00103002B09D118
:108A00007B681B6C23F4885323F0010343F00102BD
:108A10007B681A647B68002283F83C200023184698
:108A20000C37BD465DF8047B704780B584B000AF5D
:108A3000786039600023FB607B681B689B6803F4E7
:108A40008063B3F5806F13D17B681B689B6803F468
:108A50008073B3F5807F0BD17B681B6C43F02002E1
:108A60007B681A647B68002283F83C20012363E062
:108A7000FFF762FEF86021E03B68B3F1FF3F1DD0D5
:108A80003B68002B07D0FFF757FE0246FB68D31A5E
:108A90003A689A4212D27B681B681B6803F0020393
:108AA000022B0BD07B681B6C43F004027B681A64BA
:108AB0007B68002283F83C2003233DE07B681B6831
:108AC0001B6803F00203022BD6D17B681B686FF092
:108AD00012021A607B681B6C43F400727B681A6494
:108AE0007B681B689B6803F04053002B23D17B6895
:108AF0001B7E002B1FD17B681B68DB6A03F47003AD
:108B0000002B06D07B681B689B6803F48063002BF6
:108B100011D17B681B6C23F480727B681A647B68BC
:108B20001B6C03F48053002B05D17B681B6C43F056
:108B300001027B681A64002318461037BD4680BDC9
:108B400080B483B000AF78607B681B68DB6C18462C
:108B50000C37BD465DF8047B7047000080B485B0DB
:108B600000AF786039600023BB607B6893F83C30CD
:108B7000012B01D1022305E17B68012283F83C200F
:108B80003B681B68092B25D97B681B68D9683B6843
:108B90001B689BB21A4613465B0013441E3B072218
:108BA00002FA03F3DA437B681B680A40DA607B68E9
:108BB0001B68D9683B689A683B681B689BB218467B
:108BC00003465B0003441E3B9A407B681B680A43D4
:108BD000DA6022E07B681B6819693B681B689BB2FE
:108BE0001A4613465B001344072202FA03F3DA43E2
:108BF0007B681B680A401A617B681B6819693B68BF
:108C00009A683B681B689BB2184603465B000344A6
:108C10009A407B681B680A431A613B685B68062BB5
:108C200024D87B681B68596B3B685A6813469B00C5
:108C30001344053B1F2202FA03F3DA437B681B68E7
:108C40000A405A637B681B68596B3B681B689BB280
:108C500018463B685A6813469B001344053B00FACC
:108C600003F27B681B680A435A634CE03B685B680D
:108C70000C2B24D87B681B68196B3B685A68134619
:108C80009B001344233B1F2202FA03F3DA437B6861
:108C90001B680A401A637B681B68196B3B681B687A
:108CA0009BB218463B685A6813469B001344233B0B
:108CB00000FA03F27B681B680A431A6323E07B68AF
:108CC0001B68D96A3B685A6813469B001344413BB2
:108CD0001F2202FA03F3DA437B681B680A40DA6258
:108CE0007B681B68D96A3B681B689BB218463B6867
:108CF0005A6813469B001344413B00FA03F27B6819
:108D00001B680A43DA62224BFB607B681B68214ABE
:108D1000934209D13B681B68122B05D1FB685B6845
:108D200043F48002FB685A607B681B68194A9342CF
:108D300023D13B681B68102B03D03B681B68112BA9
:108D40001BD1FB685B6843F40002FB685A603B6818
:108D50001B68102B11D1104B1B68104AA2FB032378
:108D60009A0C13469B0013445B00BB6002E0BB6897
:108D7000013BBB60BB68002BF9D17B68002283F804
:108D80003C20002318461437BD465DF8047B70472D
:108D900000230140002001400000002083DE1B432F
:108DA00080B483B000AF78607B681B6C18460C37CA
:108DB000BD465DF8047B704780B485B000AF786035
:108DC000794BFB60FB685B6823F44032FB685A60B8
:108DD000FB685A687B685B681A43FB685A607B686B
:108DE0001B685A687B681B6822F480725A607B6833
:108DF0001B6859687B681B691A027B681B680A43F9
:108E00005A607B681B685A687B681B6822F0407256
:108E10005A607B681B6859687B689A687B681B6826
:108E20000A435A607B681B689A687B681B6822F457
:108E300000629A607B681B6899687B68DA687B6867
:108E40001B680A439A607B689B6A584A934222D007
:108E50007B681B689A687B681B6822F070629A6066
:108E60007B681B6899687B689A6A7B681B680A4301
:108E70009A607B681B689A687B681B6822F0405286
:108E80009A607B681B6899687B68DA6A7B681B68F4
:108E90000A439A600FE07B681B689A687B681B68CE
:108EA00022F070629A607B681B689A687B681B6816
:108EB00022F040529A607B681B689A687B681B6846
:108EC00022F002029A607B681B6899687B681B7EAF
:108ED0005A007B681B680A439A607B6893F82030CD
:108EE000002B1BD07B681B685A687B681B6842F4A8
:108EF00000625A607B681B685A687B681B6822F4B2
:108F000060425A607B681B6859687B685B6A013BFA
:108F10005A037B681B680A435A6007E07B681B683A
:108F20005A687B681B6822F400625A607B681B6881
:108F3000DA6A7B681B6822F47002DA627B681B685D
:108F4000D96A7B68DB69013B1A057B681B680A43A9
:108F5000DA627B681B689A687B681B6822F400727F
:108F60009A607B681B6899687B6893F830305A0276
:108F70007B681B680A439A607B681B689A687B68F9
:108F80001B6822F480629A607B681B6899687B6822
:108F90005B699A027B681B680A439A6000BF1437BA
:108FA000BD465DF8047B7047002301400100000FBF
:108FB00080B584B000AF78607B68002B01D10123BD
:108FC000EDE07B6893F82030DBB2002B02D17868AB
:108FD000F9F764FD7B681B681A687B681B6842F0C0
:108FE00001021A60FFF7A8FBF86012E0FFF7A4FB8C
:108FF0000246FB68D31A0A2B0BD97B685B6A43F4E1
:1090000000327B685A627B68052283F820200123A6
:10901000C5E07B681B685B6803F00103002BE5D0AB
:109020007B681B681A687B681B6822F002021A6062
:10903000FFF782FBF86012E0FFF77EFB0246FB6859
:10904000D31A0A2B0BD97B685B6A43F400327B6826
:109050005A627B68052283F8202001239FE07B6809
:109060001B685B6803F00203002BE5D17B681B7E65
:10907000012B08D17B681B681A687B681B6842F06B
:1090800080021A6007E07B681B681A687B681B68AF
:1090900022F080021A607B685B7E012B08D17B681E
:1090A0001B681A687B681B6842F040021A6007E080
:1090B0007B681B681A687B681B6822F040021A6094
:1090C0007B689B7E012B08D17B681B681A687B68D4
:1090D0001B6842F020021A6007E07B681B681A6870
:1090E0007B681B6822F020021A607B68DB7E012B04
:1090F00008D17B681B681A687B681B6822F0100225
:109100001A6007E07B681B681A687B681B6842F07E
:1091100010021A607B681B7F012B08D17B681B68DB
:109120001A687B681B6842F008021A6007E07B68D7
:109130001B681A687B681B6822F008021A607B684B
:109140005B7F012B08D17B681B681A687B681B68F2
:1091500042F004021A6007E07B681B681A687B68AB
:109160001B6822F004021A607B689A687B68DB68DF
:109170001A437B681B691A437B685B6942EA0301F7
:109180007B685B685A1E7B681B680A43DA617B68F0
:1091900000225A627B68012283F8202000231846AF
:1091A0001037BD4680BD000080B487B000AF786046
:1091B00039607B6893F82030FB75FB7D012B03D071
:1091C000FB7D022B40F0BE80654B3B613B69D3F8D1
:1091D000003243F001023B69C3F800223B69D3F837
:1091E000003223F47C523B69C3F800223B69D3F878
:1091F00000223B685B6A1B021A433B69C3F80022EA
:109200003B685B6903F01F03012202FA03F3FB6072
:109210003B69D3F81C22FB68DB431A403B69C3F867
:109220001C223B68DB69002B23D13B69D3F80C225D
:10923000FB68DB431A403B69C3F80C223B68DB68E0
:1092400019043B685B689BB23A68526919433B69F1
:10925000483243F832103B689B6819043B681B682E
:109260009AB23B685B690A4339694833DB000B44B7
:109270005A603B68DB69012B22D13B69D3F80C2291
:10928000FB681A433B69C3F80C223B681B6819044E
:109290003B685B689BB23A68526919433B69483244
:1092A00043F832103B689B6819043B68DB689AB24C
:1092B0003B685B690A4339694833DB000B445A60F9
:1092C0003B689B69002B09D13B69D3F80422FB68FA
:1092D000DB431A403B69C3F8042207E03B69D3F83B
:1092E0000422FB681A433B69C3F804223B681B69EC
:1092F000002B09D13B69D3F81422FB68DB431A40E9
:109300003B69C3F8142207E03B69D3F81422FB68D9
:109310001A433B69C3F814223B681B6A012B07D12F
:109320003B69D3F81C22FB681A433B69C3F81C2233
:109330003B69D3F8003223F001023B69C3F80022F5
:10934000002306E07B685B6A43F480227B685A62F4
:10935000012318461C37BD465DF8047B704700BFEB
:109360000064004080B584B000AF78607B6893F8FB
:109370002030DBB2012B2ED17B68022283F8202023
:109380007B681B681A687B681B6822F001021A6000
:10939000FFF7D2F9F86012E0FFF7CEF90246FB685A
:1093A000D31A0A2B0BD97B685B6A43F400327B68C3
:1093B0005A627B68052283F82020012312E07B6833
:1093C0001B685B6803F00103002BE5D17B6800227A
:1093D0005A62002306E07B685B6A43F400227B68E4
:1093E0005A62012318461037BD4680BD80B584B04F
:1093F00000AF78607B6893F82030DBB2022B33D16A
:109400007B681B681A687B681B6842F001021A605F
:10941000FFF792F9F86012E0FFF78EF90246FB6859
:10942000D31A0A2B0BD97B685B6A43F400327B6842
:109430005A627B68052283F8202001231BE07B68A9
:109440001B685B6803F00103002BE5D07B681B6899
:109450001A687B681B6822F002021A607B6801228E
:1094600083F82020002306E07B685B6A43F48012C7
:109470007B685A62012318461037BD4680BD80B410
:1094800089B000AFF860B9607A603B60FB6893F820
:109490002030FB77FB681B689B68BB61FB7F012B5F
:1094A00003D0FB7F022B40F0AD80BB6903F08063EB
:1094B000002B0AD1BB6903F00063002B05D1BB6907
:1094C00003F08053002B00F09580BB691B0E03F066
:1094D00003037B6101227B699A403B681A60BB6889
:1094E0009B68002B0DD1BB681B685A05BB68DB6805
:1094F000F96809681A437B6918331B010B441A6029
:109500000FE0BB685B68DA00BB689B681A43BB6806
:10951000DB68F96809681A437B6918331B010B443F
:109520001A60FB681968BB681A697B6918331B01EC
:109530000B4404331A60BB681B7D012B11D1FB68FF
:109540001A687B6918331B01134404331B68FA68DB
:10955000116843F480727B6918331B010B44043398
:109560001A607B6807331B781A067B6806331B7802
:109570001B041A437B6805331B781B0213437A686C
:10958000043212781046FA68116843EA00027B69D7
:109590001B010B4403F5C6731A607B6803331B7809
:1095A0001A067B6802331B781B041A437B6801335D
:1095B0001B781B0213437A6812781046FA68116808
:1095C00043EA00027B691B010B4403F5C4731A6074
:1095D000FB681A687B6918331B0113441B68FA681F
:1095E000116843F001027B6918331B010B441A60B8
:1095F00000230EE0FB685B6A43F40012FB685A62CA
:10960000012306E0FB685B6A43F48022FB685A6230
:10961000012318462437BD465DF8047B704780B4AB
:1096200085B000AF78600023FB607B6893F8203042
:10963000FB72FB7A012B02D0FB7A022B1DD17B68D7
:109640001B689B6803F08063002B02D0FB6801332A
:10965000FB607B681B689B6803F00063002B02D0F3
:10966000FB680133FB607B681B689B6803F08053D9
:10967000002B02D0FB680133FB60FB6818461437EF
:10968000BD465DF8047B704780B487B000AFF860DA
:10969000B9607A603B60FB6893F82030FB75FB7D16
:1096A000012B03D0FB7D022B40F00381BB68002B14
:1096B0000ED1FB681B68DB6803F00303002B16D197
:1096C000FB685B6A43F40012FB685A620123F7E00F
:1096D000FB681B681B6903F00303002B07D1FB68C1
:1096E0005B6A43F40012FB685A620123E8E0FB68FE
:1096F0001A68BB681B331B0113441B6803F0040288
:109700007B689A607B689B68002B0CD1FB681A68A9
:10971000BB681B331B0113441B685B0DC3F30A02B8
:109720007B681A600BE0FB681A68BB681B331B017F
:1097300013441B68DB0823F060427B685A60FB68B7
:109740001A68BB681B331B0113441B6803F0020239
:109750007B68DA60FB681A68BB681B331B01134423
:1097600004331B6803F00803002B03D07B68082236
:109770001A610BE0FB681A68BB681B331B011344BA
:1097800004331B6803F00F027B681A61FB681A68D8
:10979000BB681B331B01134404331B681B0ADAB27A
:1097A0007B689A61FB681A68BB681B331B01134412
:1097B00004331B681B0C9AB27B685A61FB681A68F9
:1097C000BB681B01134403F5DC731B68DAB23B680A
:1097D0001A70FB681A68BB681B01134403F5DC733D
:1097E0001B681A0A3B680133D2B21A70FB681A6808
:1097F000BB681B01134403F5DC731B681A0C3B6840
:109800000233D2B21A70FB681A68BB681B0113449A
:1098100003F5DC731B681A0E3B680333D2B21A706F
:10982000FB681A68BB681B01134403F5DE731A68F2
:109830003B680433D2B21A70FB681A68BB681B011C
:10984000134403F5DE731B681A0A3B680533D2B272
:109850001A70FB681A68BB681B01134403F5DE73BA
:109860001B681A0C3B680633D2B21A70FB681A6880
:10987000BB681B01134403F5DE731B681A0E3B68BB
:109880000733D2B21A70BB68002B08D1FB681B6883
:10989000DA68FB681B6842F02002DA6007E0FB68C8
:1098A0001B681A69FB681B6842F020021A610023DA
:1098B00006E0FB685B6A43F48022FB685A6201237E
:1098C00018461C37BD465DF8047B704780B485B0F0
:1098D00000AF786039607B6893F82030FB73FB7BC6
:1098E000012B02D0FB7B022B09D17B681B685969D5
:1098F0007B681B683A680A435A61002306E07B686C
:109900005B6A43F480227B685A620123184614374D
:10991000BD465DF8047B704780B58AB000AF7860C3
:1099200000237B627B681B685B693B627B681B680A
:109930005B68FB617B681B689B68BB617B681B681D
:10994000DB687B617B681B681B693B617B681B680C
:109950009B69FB603B6A03F00103002B7CD0BB6971
:1099600003F00103002B23D07B681B6801229A605F
:10997000BB6903F00203002B03D0786800F083F981
:1099800016E0BB6903F00403002B04D07B6A43F4A8
:1099900000637B620CE0BB6903F00803002B04D07A
:1099A0007B6A43F480537B6202E0786800F089F9B7
:1099B000BB6903F48073002B24D07B681B684FF4D1
:1099C00080729A60BB6903F40073002B03D078683F
:1099D00000F063F916E0BB6903F48063002B04D048
:1099E0007B6A43F400537B620CE0BB6903F40063C1
:1099F000002B04D07B6A43F480437B6202E07868EA
:109A000000F069F9BB6903F48033002B24D07B6834
:109A10001B684FF480329A60BB6903F40033002B5B
:109A200003D0786800F043F916E0BB6903F48023A3
:109A3000002B04D07B6A43F400437B620CE0BB69DB
:109A400003F40023002B04D07B6A43F480337B6251
:109A500002E0786800F049F93B6A03F00803002B44
:109A60000CD07B6903F01003002B07D07B6A43F412
:109A700000737B627B681B681022DA603B6A03F02C
:109A80000403002B0BD07B6903F00803002B06D0E6
:109A90007B681B680822DA60786800F03AF93B6A54
:109AA00003F00203002B09D07B681B68DB6803F01E
:109AB0000303002B02D0786800F021F93B6A03F021
:109AC0004003002B0CD03B6903F01003002B07D0A0
:109AD0007B6A43F480637B627B681B6810221A6197
:109AE0003B6A03F02003002B0BD03B6903F0080313
:109AF000002B06D07B681B6808221A61786800F08A
:109B000012F93B6A03F01003002B09D07B681B6835
:109B10001B6903F00303002B02D07868F9F738FFC4
:109B20003B6A03F40033002B0BD0FB6903F01003F6
:109B3000002B06D07B681B6810225A60786800F002
:109B4000FCF83B6A03F48033002B0BD0FB6903F075
:109B50000803002B06D07B681B6808225A607868CF
:109B600000F0F5F83B6A03F40043002B7BD0FB695F
:109B700003F00403002B72D03B6A03F48073002BC4
:109B800008D0FB6803F00103002B03D07B6A43F08D
:109B900001037B623B6A03F40073002B08D0FB686F
:109BA00003F00203002B03D07B6A43F002037B62C5
:109BB0003B6A03F48063002B08D0FB6803F00403C6
:109BC000002B03D07B6A43F004037B623B6A03F4FF
:109BD0000063002B43D0FB6803F07003002B3ED0E2
:109BE000FB6803F07003602B2BD0602B2ED8502B1A
:109BF00022D0502B2AD8402B19D0402B26D8302BDE
:109C000010D0302B22D8102B02D0202B05D01DE0F5
:109C10007B6A43F008037B6219E07B6A43F0100320
:109C20007B6214E07B6A43F020037B620FE07B6A77
:109C300043F040037B620AE07B6A43F080037B626F
:109C400005E07B6A43F480737B6200E000BF7B68C1
:109C50001B689A697B681B6822F070029A617B68B6
:109C60001B6804225A607B6A002B08D07B685A6A02
:109C70007B6A1A437B685A62786800F072F800BF0A
:109C80002837BD4680BD80B483B000AF786000BF88
:109C90000C37BD465DF8047B704780B483B000AFDD
:109CA000786000BF0C37BD465DF8047B704780B418
:109CB00083B000AF786000BF0C37BD465DF8047B11
:109CC000704780B483B000AF786000BF0C37BD46EA
:109CD0005DF8047B704780B483B000AF786000BF4C
:109CE0000C37BD465DF8047B704780B483B000AF8D
:109CF000786000BF0C37BD465DF8047B704780B4C8
:109D000083B000AF786000BF0C37BD465DF8047BC0
:109D1000704780B483B000AF786000BF0C37BD4699
:109D20005DF8047B704780B483B000AF786000BFFB
:109D30000C37BD465DF8047B704780B483B000AF3C
:109D4000786000BF0C37BD465DF8047B704780B477
:109D500083B000AF786000BF0C37BD465DF8047B70
:109D6000704780B483B000AF786000BF0C37BD4649
:109D70005DF8047B7047000080B485B000AF786068
:109D80007B6803F00703FB600C4BDB68BB60BA68C1
:109D90004FF6FF031340BB60FB681A02BB68134316
:109DA00043F0BF6343F40033BB60044ABB68D36035
:109DB00000BF1437BD465DF8047B704700ED00E03E
:109DC00080B400AF044BDB681B0A03F0070318469E
:109DD000BD465DF8047B704700ED00E080B483B0C1
:109DE00000AF0346FB7197F90730002B0BDBFB79C3
:109DF00003F01F02074997F907305B09012000FAB9
:109E000002F241F8232000BF0C37BD465DF8047B09
:109E1000704700BF00E100E080B483B000AF0346AC
:109E20003960FB7197F90730002B0ADB3B68DAB227
:109E30000C4997F907301201D2B20B4483F8002382
:109E40000AE03B68DAB20849FB7903F00F03043BF0
:109E50001201D2B20B441A7600BF0C37BD465DF832
:109E6000047B704700E100E000ED00E080B489B0C1
:109E700000AFF860B9607A60FB6803F00703FB612C
:109E8000FB69C3F10703042B28BF0423BB61FB69F3
:109E90000433062B02D9FB69033B00E000237B61FE
:109EA0004FF0FF32BB6902FA03F3DA43BB681A4092
:109EB0007B699A404FF0FF317B6901FA03F3D94384
:109EC0007B680B40134318462437BD465DF8047B7E
:109ED0007047000080B582B000AF78607B68013BBE
:109EE000B3F1807F01D301230FE00A4A7B68013B75
:109EF00053600F214FF0FF30FFF78EFF054B00221C
:109F00009A60044B07221A60002318460837BD46A2
:109F100080BD00BF10E000E080B582B000AF786087
:109F20007868FFF729FF00BF0837BD4680BD80B5C0
:109F300086B000AF0346B9607A60FB7300237B6193
:109F4000FFF73EFF78617A68B9687869FFF78EFF9E
:109F5000024697F90F3011461846FFF75DFF00BF24
:109F60001837BD4680BD80B582B000AF0346FB7197
:109F700097F907301846FFF731FF00BF0837BD4695
:109F800080BD80B582B000AF78607868FFF7A2FF2F
:109F9000034618460837BD4680BD80B582B000AF85
:109FA00078607B68002B01D101230EE07B685B7930
:109FB000DBB2002B05D17B6800221A717868F8F7B4
:109FC000BDFD7B6801225A71002318460837BD4643
:109FD00080BD80B487B000AFF860B9607A600023BC
:109FE0003B61FB6802225A71FB681B689A68FB6838
:109FF0001B6842F001029A6000237B610AE07B69E2
:10A000009B00BA681A44FB681B6812681A607B6977
:10A0100001337B617A697B689A42F0D3FB681B68E5
:10A020001B683B61FB6801225A713B6918461C376B
:10A03000BD465DF8047B704780B582B000AF7860A4
:10A040007B68002B01D1012314E07B681B79DBB214
:10A05000002B05D17B6800225A717868F8F790FDD3
:10A060007B6802221A717B6800221A617B680122D8
:10A070001A71002318460837BD4680BD80B483B0EE
:10A0800000AF786039607B68002B01D1012346E086
:10A090007B685B79012B01D1022340E07B680122C0
:10A0A0005A717B6802221A717B681B6819683B68C9
:10A0B00003F0100301229A407B681B680A431A6070
:10A0C0003B68002B0FD17B681B681B6803F03C03C7
:10A0D0003C2B1DD17B681B685A687B681B6842F06B
:10A0E00001025A6014E07B681B681B6803F470125D
:10A0F0003B6803F010033C2101FA03F39A4207D1B5
:10A100007B681B685A687B681B6842F002025A60D1
:10A110007B6801221A717B6800225A71002318465D
:10A120000C37BD465DF8047B704780B483B000AF48
:10A13000786039607B68002B01D1012311E07B68D6
:10A140001B6819683B6803F01003012202FA03F34D
:10A15000DA437B681B680A401A607B6801221A7127
:10A16000002318460C37BD465DF8047B704780B469
:10A1700087B000AFF860B9607A603B6000237B6114
:10A18000FB68002B01D1012315E0FB681B687B6194
:10A19000BB68002B05D17A697B68134408337B6167
:10A1A00004E07A697B68134414337B617B691A4647
:10A1B0003B681360002318461C37BD465DF8047BDE
:10A1C000704780B489B000AFF860B9607A6000234E
:10A1D000FB77FB68002B02D0BB68002B01D1012369
:10A1E00042E0FB685B79012B01D102233CE0FB6874
:10A1F00001225A71FB6802221A71FB681B681B68F6
:10A20000BB617B6803F0100340F6FE7202FA03F3B1
:10A21000DB43BA691340BB61BB681A68BB685B6803
:10A2200013437B617B6803F010037A6902FA03F33E
:10A23000BA691343BB61FB681B68BA691A60FB68A3
:10A240001B6819687B6803F01003C02202FA03F34D
:10A25000DA43FB681B680A401A60FB6801221A7126
:10A26000FB6800225A71FB7F18462437BD465DF813
:10A27000047B704780B485B000AFF860B9607A6045
:10A28000FB68002B01D101232AE0FB685B79012BDD
:10A2900001D1022324E0FB6801225A71FB680222EB
:10A2A0001A71FB681B681A68BB6803F010034FF44F
:10A2B0007C6101FA03F3DB4302EA03017B6843F0AC
:10A2C0008002BB6803F010039A40FB681B680A43D6
:10A2D0001A60FB6801221A71FB6800225A71002380
:10A2E00018461437BD465DF8047B704780B586B0CC
:10A2F00000AF786000237B61FEF71EFA38617B684F
:10A30000002B01D1012399E07B68022283F83520DC
:10A310007B68002283F834207B681B681A687B689E
:10A320001B6822F001021A600FE0FEF705FA0246F0
:10A330003B69D31A052B08D97B6820225A657B68B4
:10A34000032283F83520032378E07B681B681B68B1
:10A3500003F00103002BE8D17B681B681B687B615D
:10A360007A69384B13407B617B685A687B689B68CD
:10A370001A437B68DB681A437B681B691A437B6856
:10A380005B691A437B689B691A437B68DB691A43E4
:10A390007B681B6A13437A6913437B617B685B6A42
:10A3A000042B07D17B68DA6A7B681B6B13437A69DD
:10A3B00013437B617B681B687A691A607B681B6842
:10A3C0005B697B617B6923F007037B617B685B6A68
:10A3D0007A6913437B617B685B6A042B17D17B68C6
:10A3E0009B6A7A6913437B617B68DB6A002B0ED022
:10A3F000786800F07BFA0346002B08D07B68402287
:10A400005A657B68012283F83520012316E07B68BA
:10A410001B687A695A61786800F032FA0346FB607B
:10A420007B68DB6D3F229A40FB689A607B68002264
:10A430005A657B68012283F83520002318461837B7
:10A44000BD4680BD3F8010F080B584B000AF78601D
:10A450007B689B6DFB60FEF76FF9B8607B6893F8D3
:10A460003530DBB2022B08D07B6880225A657B68CE
:10A47000002283F83420012352E07B681B681A68AD
:10A480007B681B6822F016021A607B681B685A6999
:10A490007B681B6822F080025A617B681B6C002B72
:10A4A00003D17B689B6C002B07D07B681B681A6804
:10A4B0007B681B6822F008021A607B681B681A68B8
:10A4C0007B681B6822F001021A6013E0FEF734F982
:10A4D0000246BB68D31A052B0CD97B6820225A652B
:10A4E0007B68032283F835207B68002283F83420C0
:10A4F000032315E07B681B681B6803F00103002B36
:10A50000E4D17B68DB6D3F229A40FB689A607B68F0
:10A51000012283F835207B68002283F83420002351
:10A5200018461037BD4680BD80B483B000AF786058
:10A530007B6893F83530DBB2022B04D07B68802235
:10A540005A6501230CE07B68052283F835207B687F
:10A550001B681A687B681B6822F001021A600023DE
:10A5600018460C37BD465DF8047B704780B586B051
:10A5700000AF78600023BB608E4B1B688E4AA2FB45
:10A5800003239B0A7B617B689B6D3B613B691B6876
:10A59000FB607B68DB6D08229A40FB681340002B50
:10A5A0001AD07B681B681B6803F00403002B13D0D0
:10A5B0007B681B681A687B681B6822F004021A60BB
:10A5C0007B68DB6D08229A403B699A607B685B6D13
:10A5D00043F001027B685A657B68DB6D01229A407B
:10A5E000FB681340002B12D07B681B685B6903F08B
:10A5F0008003002B0BD07B68DB6D01229A403B6906
:10A600009A607B685B6D43F002027B685A657B68E9
:10A61000DB6D04229A40FB681340002B12D07B684C
:10A620001B681B6803F00203002B0BD07B68DB6DFB
:10A6300004229A403B699A607B685B6D43F0040298
:10A640007B685A657B68DB6D10229A40FB6813407B
:10A65000002B43D07B681B681B6803F00803002BAA
:10A660003CD07B68DB6D10229A403B699A607B6826
:10A670001B681B6803F48023002B18D07B681B68C1
:10A680001B6803F40023002B08D17B681B6C002B94
:10A6900024D07B681B6C786898471FE07B689B6CB4
:10A6A000002B1BD07B689B6C7868984716E07B6812
:10A6B0001B681B6803F48073002B07D17B681B6841
:10A6C0001A687B681B6822F008021A607B681B6CA2
:10A6D000002B03D07B681B6C786898477B68DB6D28
:10A6E00020229A40FB681340002B00F08F807B688B
:10A6F0001B681B6803F01003002B00F087807B6849
:10A70000DB6D20229A403B699A607B6893F8353074
:10A71000DBB2052B36D17B681B681A687B681B6827
:10A7200022F016021A607B681B685A697B681B68F6
:10A7300022F080025A617B681B6C002B03D17B687E
:10A740009B6C002B07D07B681B681A687B681B68B2
:10A7500022F008021A607B68DB6D3F229A403B6959
:10A760009A607B68012283F835207B68002283F899
:10A7700034207B681B6D002B7ED07B681B6D786856
:10A78000984779E07B681B681B6803F48023002BE3
:10A790001DD07B681B681B6803F40023002B0DD1C0
:10A7A0007B685B6C002B31D07B685B6C786898476A
:10A7B0002CE000BF00000020B5814E1B7B68DB6BE6
:10A7C000002B23D07B68DB6B786898471EE07B68A2
:10A7D0001B681B6803F48073002B0FD17B681B6818
:10A7E0001A687B681B6822F010021A607B680122DD
:10A7F00083F835207B68002283F834207B68DB6B8C
:10A80000002B03D07B68DB6B786898477B685B6DB7
:10A81000002B32D07B685B6D03F00103002B22D04C
:10A820007B68052283F835207B681B681A687B6883
:10A830001B6822F001021A60BB680133BB607A69B1
:10A840009A4207D37B681B681B6803F00103002B47
:10A85000F2D100E000BF7B68012283F835207B68DD
:10A86000002283F834207B68DB6C002B05D07B68EA
:10A87000DB6C7868984700E000BF1837BD4680BDA4
:10A8800080B485B000AF78607B681B68DBB2103B9A
:10A89000144AA2FB03231B09FB60134AFB68134401
:10A8A0001B781A467B68DA65FB68032B09D97B683D
:10A8B0001B6823F47F7323F003031A1D7B689A65DA
:10A8C00007E07B681B6823F47F7323F003037A6837
:10A8D00093657B689B6D18461437BD465DF8047B15
:10A8E000704700BFABAAAAAA58CD030880B485B0B0
:10A8F00000AF78600023FB737B689B6ABB607B685A
:10A900009B69002B1FD1BB68032B56D801A252F8BC
:10A9100023F000BF25A9000837A9000825A90008D1
:10A92000BBA900087B68DB6A03F08073002B46D06C
:10A930000123FB7343E07B68DB6AB3F1C07F40D146
:10A940000123FB733DE07B689B69B3F5005F21D178
:10A95000BB68032B37D801A252F823F06DA9000879
:10A9600073A900086DA9000885A900080123FB73DD
:10A9700030E07B68DB6A03F08073002B25D0012375
:10A98000FB7322E07B68DB6AB3F1C07F1FD1012338
:10A99000FB731CE0BB68022B03D9BB68032B03D0FD
:10A9A00018E00123FB7315E07B68DB6A03F080731A
:10A9B000002B0ED00123FB730BE000BF0AE000BFA9
:10A9C00008E000BF06E000BF04E000BF02E000BFF7
:10A9D00000E000BFFB7B18461437BD465DF8047BE2
:10A9E000704700BF80B489B000AF78603960002341
:10A9F0007B6100233B610023BB610023FB616BE1B2
:10AA00000122FB6902FA03F37B613B681B687A69E8
:10AA100013403B613A697B699A4240F05A813B6836
:10AA20005B6803F00303012B05D03B685B6803F010
:10AA30000303022B30D17B689B68BB61FB695B0021
:10AA4000032202FA03F3DB43BA691340BB613B689C
:10AA5000DA68FB695B0002FA03F3BA691343BB616E
:10AA60007B68BA699A607B685B68BB610122FB699D
:10AA700002FA03F3DB43BA691340BB613B685B68CE
:10AA80001B0903F00102FB6902FA03F3BA691343DD
:10AA9000BB617B68BA695A603B685B6803F003037B
:10AAA000032B17D07B68DB68BB61FB695B0003226B
:10AAB00002FA03F3DB43BA691340BB613B689A684F
:10AAC000FB695B0002FA03F3BA691343BB617B685D
:10AAD000BA69DA603B685B6803F00303022B23D199
:10AAE000FB69DA087B68083253F82230BB61FB69E6
:10AAF00003F007039B000F2202FA03F3DB43BA695A
:10AB00001340BB613B681A69FB6903F007039B00B4
:10AB100002FA03F3BA691343BB61FB69DA087B6885
:10AB20000832B96943F822107B681B68BB61FB6976
:10AB30005B00032202FA03F3DB43BA691340BB61F3
:10AB40003B685B6803F00302FB695B0002FA03F3F6
:10AB5000BA691343BB617B68BA691A603B685B687A
:10AB600003F44033002B00F0B4800023FB60604B03
:10AB70005B6C5F4A43F4804353645D4B5B6C03F44E
:10AB80008043FB60FB685B4AFB699B08023352F819
:10AB90002330BB61FB6903F003039B000F2202FA21
:10ABA00003F3DB43BA691340BB617B68524A9342AB
:10ABB0002BD07B68514A934225D07B68504A934200
:10ABC0001FD07B684F4A934219D07B684E4A93420C
:10ABD00013D07B684D4A93420DD07B684C4A934218
:10ABE00007D07B684B4A934201D107230EE008232C
:10ABF0000CE006230AE0052308E0042306E0032313
:10AC000004E0022302E0012300E00023FA6902F0DD
:10AC1000030292009340BA691343BB613549FB6953
:10AC20009B080233BA6941F823203B4B9B68BB6108
:10AC30003B69DB43BA691340BB613B685B6803F463
:10AC40008013002B03D0BA693B691343BB61324ABE
:10AC5000BB699360304BDB68BB613B69DB43BA691E
:10AC60001340BB613B685B6803F40013002B03D007
:10AC7000BA693B691343BB61274ABB69D360264B62
:10AC80005B68BB613B69DB43BA691340BB613B68EE
:10AC90005B6803F40033002B03D0BA693B691343AC
:10ACA000BB611D4ABB6953601B4B1B68BB613B69A1
:10ACB000DB43BA691340BB613B685B6803F48033D4
:10ACC000002B03D0BA693B691343BB61124ABB69CD
:10ACD0001360FB690133FB61FB690F2B7FF690AEBC
:10ACE00000BF00BF2437BD465DF8047B704700BF3E
:10ACF00000380240003801400000024000040240D9
:10AD000000080240000C0240001002400014024003
:10AD100000180240001C0240003C014080B485B095
:10AD200000AF78600B467B807B681A697B88134094
:10AD3000002B02D00123FB7301E00023FB73FB7B9C
:10AD400018461437BD465DF8047B704780B483B065
:10AD500000AF78600B467B8013467B707B78002BBE
:10AD600003D07A887B689A6103E07B881A047B6849
:10AD70009A6100BF0C37BD465DF8047B704780B513
:10AD800086B002AF78607B68002B01D1012359E0C7
:10AD90007B681B68FB607B6893F8D533DBB2002BC4
:10ADA00006D17B68002283F8D42378680DF062FE18
:10ADB0007B68032283F8D523FB68B3F1A04F02D14F
:10ADC0007B6800229A717B681B68184609F0C5F8F9
:10ADD0007B6818687B681A7C8DF8002004330ECBE2
:10ADE00009F046F80346002B05D07B68022283F861
:10ADF000D523012326E07B681B680121184609F052
:10AE0000BDF80346002B05D07B68022283F8D523CA
:10AE1000012317E07B6818687B681A7C8DF8002096
:10AE200004330ECB09F066FA0346002B05D07B688D
:10AE3000022283F8D523012304E07B68012283F8F2
:10AE4000D523002318461037BD4680BD90B58BB082
:10AE500004AF7860084611461A460346FB700B465D
:10AE6000BB7013467B703B8E7B617B6893F8D43359
:10AE7000012B01D102239DE07B68012283F8D423BA
:10AE8000FA78796813461B019B1A9B000B4419330F
:10AE900000221A70FA78796813461B019B1A9B00EE
:10AEA0000B4414337A781A70FA78796813461B01C8
:10AEB0009B1A9B000B441533FA781A70FA7879685C
:10AEC00013461B019B1A9B000B44263397F82C203A
:10AED0001A70FA78BB7803F07F03D8B2796813460A
:10AEE0001B019B1A9B000B44163302461A70FB7819
:10AEF0001946786800F0A4FB97F90230002B0ADAB3
:10AF0000FA78796813461B019B1A9B000B44173390
:10AF100001221A7009E0FA78796813461B019B1A1E
:10AF20009B000B44173300221A707B681B6818467D
:10AF300009F044FB386197F82C30012B0BD197F8BE
:10AF40002830012B07D13B69002B04D17B69BC2B36
:10AF500001D9BC237B61FA78796813461B019B1ADF
:10AF60009B000B44183397F828201A70FA787B69F5
:10AF700098B2796813461B019B1A9B000B44283337
:10AF800002461A807B6818687B699BB27C78BA7825
:10AF9000F978029397F82C30019397F828300093B2
:10AFA000234609F033FB0346FB737B68002283F8DA
:10AFB000D423FB7B18461C37BD4690BD80B582B0BC
:10AFC00000AF7860084611461A460346FB700B46F0
:10AFD000BB7013467B70FA78796813461B019B1A85
:10AFE0009B000B441733BA781A70FA7879681346C5
:10AFF0001B019B1A9B000B4426337A781A703B7C0A
:10B00000002B14D1FA78796813461B019B1A9B0018
:10B010000B442A3303221A70FA78796813461B010D
:10B020009B1A9B000B4419333A7F1A7009E0FA7897
:10B03000796813461B019B1A9B000B442A3302229A
:10B040001A707B78032B00F2028101A252F823F0E0
:10B0500061B0000839B2000825B10008AFB100089E
:10B060003B7C012B40F0F580BB78002B2DD13B8B36
:10B07000002B09D1FA78796813461B019B1A9B00B3
:10B080000B443D3301221A70FA78796813461B018C
:10B090009B1A9B000B443D331B78002B0AD1FA7896
:10B0A000796813461B019B1A9B000B442A3300222C
:10B0B0001A70CEE0FA78796813461B019B1A9B0040
:10B0C0000B442A3302221A70C3E0FA7879681346D7
:10B0D0001B019B1A9B000B441A331B78012B40F079
:10B0E000B880FA78796813461B019B1A9B000B44C1
:10B0F0003C331B78002B0AD1FA78796813461B0180
:10B100009B1A9B000B442A3300221A70A1E0FA78A4
:10B11000796813461B019B1A9B000B442A330222B9
:10B120001A7096E0BB78002B20D1FA787968134624
:10B130001B019B1A9B000B443D331B78002B0AD14B
:10B14000FA78796813461B019B1A9B000B442A333B
:10B1500000221A707EE0FA78796813461B019B1A68
:10B160009B000B442A3302221A7073E0FA78796844
:10B1700013461B019B1A9B000B443C331B78002B8E
:10B180000AD1FA78796813461B019B1A9B000B447D
:10B190002A3300221A705DE0FA78796813461B01A1
:10B1A0009B1A9B000B442A3302221A7052E0BB7890
:10B1B000002B20D1FA78796813461B019B1A9B005B
:10B1C0000B443D331B78002B0AD1FA78796813467B
:10B1D0001B019B1A9B000B442A3300221A7039E092
:10B1E000FA78796813461B019B1A9B000B442A339B
:10B1F00002221A702EE0FA78796813461B019B1A16
:10B200009B000B443C331B78002B0AD1FA787968F9
:10B2100013461B019B1A9B000B442A3300221A7011
:10B2200018E0FA78796813461B019B1A9B000B44BF
:10B230002A3302221A700DE0FA78796813461B014E
:10B240009B1A9B000B442A3300221A7002E000BFB5
:10B2500000E000BFFA78796813461B019B1A9B0037
:10B260000B442C337A691A60FA78398B7868134664
:10B270001B019B1A9B00034434331960FA787968E8
:10B2800013461B019B1A9B000B444C3300221A707F
:10B29000FA78796813461B019B1A9B000B443833DC
:10B2A00000221A60FA78796813461B019B1A9B00EA
:10B2B0000B441533FA781A70FA78796813461B0133
:10B2C0009B1A9B000B444D3300221A707B68186850
:10B2D000FA7813461B019B1A9B0010337A681344BB
:10B2E000191D7B689B791A4609F0BCFA034618467B
:10B2F0000837BD4680BD00BF80B586B000AF78601E
:10B300007B681B683B613B69FB607B681B68184678
:10B3100008F0AAFF0346012B40F0FB807B681B6806
:10B32000184608F06DFF0346002B00F0F1807B68A3
:10B330001B68184608F064FF034603F40013B3F5D6
:10B34000001F04D17B681B684FF400125A617B68B0
:10B350001B68184608F054FF034603F48013B3F546
:10B36000801F04D17B681B684FF480125A617B6890
:10B370001B68184608F044FF034603F08063B3F1EE
:10B38000806F04D17B681B684FF080625A617B68D4
:10B390001B68184608F034FF034603F00203022B33
:10B3A00003D17B681B6802225A617B681B681846C0
:10B3B00008F026FF034603F00053B3F1005F20D1ED
:10B3C0007B681B684FF000525A61FB6803F5886385
:10B3D0001B6803F00103002B13D11021386908F01A
:10B3E00019FE386908F048FE7B685B7A022B05D1AC
:10B3F0007B681B680121184609F040F878680DF059
:10B40000A9FB7B681B68184608F0FAFE034603F0A8
:10B410008073B3F1807F02D1786801F04DFD7B68C5
:10B420001B68184608F0ECFE034603F00803082BDF
:10B4300006D178680DF072FB7B681B6808225A61A0
:10B440007B681B68184608F0DBFE034603F00073B8
:10B45000B3F1007F39D17B681B68184609F07CFC8A
:10B46000B86000237B6125E07B6903F00F03BA68B5
:10B4700022FA03F303F00103002B18D07B695A0171
:10B48000FB68134403F5A0631B6803F40043B3F5A2
:10B49000004F06D17B69DBB21946786800F005F9E8
:10B4A00005E07B69DBB21946786800F067FF7B69CD
:10B4B00001337B617B685B791A467B699342D3D306
:10B4C0007B681B684FF000725A617B681B681846E6
:10B4D00008F096FE034603F01003102B01D1012360
:10B4E00000E00023002B14D07B681B689A697B68FE
:10B4F0001B6822F010029A61786801F0FEFB7B68FD
:10B500001B689A697B681B6842F010029A6100E030
:10B5100000BF1837BD4680BD80B582B000AF7860EF
:10B520007B6893F8D433012B01D1022313E07B68AD
:10B53000012283F8D4237B681B680121184609F097
:10B5400004F87B681B68184608F0F6FC7B6800224C
:10B5500083F8D423002318460837BD4680BD80B544
:10B5600082B000AF78607B6893F8D433012B01D1AF
:10B5700002230DE07B68012283F8D4237B681B68DB
:10B58000184609F057FD7B68002283F8D423002376
:10B5900018460837BD4680BD80B582B000AF7860E0
:10B5A0007B681B68184608F0A6FF03461846083754
:10B5B000BD4680BD80B483B000AF78600B46FB70A1
:10B5C000FA78796813461B019B1A9B000B444C3395
:10B5D0001B7818460C37BD465DF8047B704780B475
:10B5E00083B000AF78600B46FB70FA787968134639
:10B5F0001B019B1A9B000B4438331B6818460C3701
:10B60000BD465DF8047B704780B582B000AF7860BE
:10B610007B681B68184608F0E8FF034618460837A1
:10B62000BD4680BD80B582B000AF78607B681B6886
:10B63000184608F0C3FF034618460837BD4680BDCC
:10B6400080B483B000AF78600B46FB70FA787968FD
:10B6500013461B019B1A9B000B441A3300221A70DD
:10B66000FA78796813461B019B1A9B000B441B3325
:10B6700000221A70FA78796813461B019B1A9B0006
:10B680000B44253300221A70FA78796813461B019F
:10B690009B1A9B000B44243300221A700023184687
:10B6A0000C37BD465DF8047B704780B586B000AFAF
:10B6B00078600B46FB707B681B687B617B693B6134
:10B6C0007B681B68FA781146184608F0ACFD034603
:10B6D00003F00403042B1AD1FB785A013B6913448D
:10B6E00003F5A0631A4604239360FA787968134639
:10B6F0001B019B1A9B000B444D3307221A707B6879
:10B700001B68FA781146184609F037FB9EE07B6803
:10B710001B68FA781146184608F085FD034603F4C5
:10B720008073B3F5807F1BD1FB785A013B691344CA
:10B7300003F5A0631A464FF480739360FA78796832
:10B7400013461B019B1A9B000B444D3308221A70B1
:10B750007B681B68FA781146184609F00EFB75E005
:10B760007B681B68FA781146184608F05CFD0346B2
:10B7700003F00803082B1AD1FB785A013B691344E4
:10B7800003F5A0631A4608239360FA787968134694
:10B790001B019B1A9B000B444D3306221A707B68D9
:10B7A0001B68FA781146184609F0E7FA4EE07B6804
:10B7B0001B68FA781146184608F035FD034603F475
:10B7C0008063B3F5806F1BD1FB785A013B6913444A
:10B7D00003F5A0631A464FF480639360FA787968A2
:10B7E00013461B019B1A9B000B444D3309221A7010
:10B7F0007B681B68FA781146184609F0BEFA25E006
:10B800007B681B68FA781146184608F00CFD034661
:10B8100003F08003802B19D1FB785A013B69134454
:10B8200003F5A0631A4680239360FA78796813467B
:10B830001B019B1A9B000B444D3307221A707B6837
:10B840001B68FA781146184609F097FA7B681B685E
:10B85000FA781146184608F0E6FC034603F4007334
:10B86000B3F5007F12D17B681B68FA781146184641
:10B8700009F083FAFB785A013B69134403F5A0638E
:10B880001A464FF40073936000F075BD7B681B6827
:10B89000FA781146184608F0C6FC034603F0010387
:10B8A000012B40F02881FB785A013B69134403F5D2
:10B8B000A0631A4620239360FA78796813461B0127
:10B8C0009B1A9B000B441B331B78012B19D1FA7870
:10B8D000796813461B019B1A9B000B441B33002203
:10B8E0001A70FB785A013B69134403F5A0635B6847
:10B8F000FA7851013A690A4402F5A06223F48033D0
:10B9000053607B689B79002B1BD0FA7879681346CB
:10B910001B019B1A9B000B4430331968FB785A01BA
:10B920003B69134403F5A0631B69C3F31203FA7860
:10B93000C91A786813461B019B1A9B0003443833CD
:10B940001960FA78796813461B019B1A9B000B4417
:10B950004D3301221A70FA78796813461B019B1A3D
:10B960009B000B44443300221A60FB785A013B6968
:10B97000134403F5A0631A4601239360FA787968AB
:10B9800013461B019B1A9B000B4426331B78002B8C
:10B990000AD0FA78796813461B019B1A9B000B4466
:10B9A00026331B78022B10D17B681B68FA7811466E
:10B9B000184609F0E2F9FB785A013B69134403F594
:10B9C000A0631A46102393603DE0FA787968134625
:10B9D0001B019B1A9B000B4426331B78032B0AD0B8
:10B9E000FA78796813461B019B1A9B000B44263397
:10B9F0001B78012B27D1FB785A013B69134403F5CF
:10BA0000A0631B68FA7851013A690A4402F5A06202
:10BA100043F000531360FA78796813461B019B1AB0
:10BA20009B000B444C3301221A70FA787968134654
:10BA30001B019B1A9B000B444C331A78FB78194668
:10BA400078680DF095F87B689B79012B3BD1FA78EB
:10BA5000796813461B019B1A9B000B443833196805
:10BA6000FA78786813461B019B1A9B00034428331D
:10BA70001B880B44591EFA78786813461B019B1AE1
:10BA80009B00034428331B88B1FBF3F303F001034D
:10BA9000002B00F07084FA78796813461B019B1A1A
:10BAA0009B000B443C331B78FA7883F00103D8B237
:10BAB000796813461B019B1A9B000B443C330246DA
:10BAC0001A7000F058BCFA78796813461B019B1A6B
:10BAD0009B000B443C331B78FA7883F00103D8B207
:10BAE000796813461B019B1A9B000B443C330246AA
:10BAF0001A7000F040BC7B681B68FA781146184643
:10BB000008F091FB034603F02003202B31D1FB7892
:10BB10005A013B69134403F5A0631A46202393603E
:10BB2000FA78796813461B019B1A9B000B441A3361
:10BB30001B78012B40F01F84FA78796813461B01AB
:10BB40009B1A9B000B441B3301221A70FA78796808
:10BB500013461B019B1A9B000B444D3303221A70A2
:10BB60007B681B68FA781146184609F006F900F060
:10BB700002BC7B681B68FA781146184608F053FB34
:10BB8000034603F00203022B40F00583FB785A01C1
:10BB90003B69134403F5A0631A4602239360FA78C5
:10BBA000796813461B019B1A9B000B444D331B788D
:10BBB000012B14D1FA78796813461B019B1A9B005C
:10BBC0000B444D3302221A70FA78796813461B0130
:10BBD0009B1A9B000B444C3301221A70CCE2FA787A
:10BBE000796813461B019B1A9B000B444D331B784D
:10BBF000062B14D1FA78796813461B019B1A9B0017
:10BC00000B444D3302221A70FA78796813461B01EF
:10BC10009B1A9B000B444C3305221A70ACE2FA7855
:10BC2000796813461B019B1A9B000B444D331B780C
:10BC3000072B0BD0FA78796813461B019B1A9B00DF
:10BC40000B444D331B78092B40F0A680FA787968B5
:10BC500013461B019B1A9B000B444D3302221A70A2
:10BC6000FA78796813461B019B1A9B000B444433F6
:10BC70001B68591C786813461B019B1A9B000344E0
:10BC800044331960FA78796813461B019B1A9B00AC
:10BC90000B4444331B68022B43D9FA787968134666
:10BCA0001B019B1A9B000B44443300221A60FA7854
:10BCB000796813461B019B1A9B000B441A331B78AF
:10BCC000012B23D1FA78796813461B019B1A9B003C
:10BCD0000B441B3300221A70FA78796813461B0153
:10BCE0009B1A9B000B441C3300221A70FB785A01EC
:10BCF0003B69134403F5A0635B68FA7851013A6924
:10BD00000A4402F5A06223F480335360FA7879681C
:10BD100013461B019B1A9B000B444C3304221A70E0
:10BD200029E2FA78796813461B019B1A9B000B44A1
:10BD30004C3302221A70FA78796813461B019B1A59
:10BD40009B000B4426331B78002B0BD0FA787968C4
:10BD500013461B019B1A9B000B4426331B78022BB6
:10BD600040F00982FB785A013B69134403F5A06354
:10BD70001B68FB60FB6823F08043FB60FB6843F0BB
:10BD80000043FB60FB785A013B69134403F5A06351
:10BD90001A46FB681360EEE1FA78796813461B01D6
:10BDA0009B1A9B000B444D331B78052B40F0C88039
:10BDB000FA78796813461B019B1A9B000B444D339C
:10BDC00002221A70FA78796813461B019B1A9B00AD
:10BDD0000B441B331B78012B40F0CE81FA78796835
:10BDE00013461B019B1A9B000B4426331B78032B25
:10BDF0006BD1FA78796813461B019B1A9B000B44A0
:10BE000048331B68591C786813461B019B1A9B001A
:10BE1000034448331960FA78796813461B019B1A6A
:10BE20009B000B4448331B68022B43D9FA7879688E
:10BE300013461B019B1A9B000B44483300221A60D7
:10BE4000FA78796813461B019B1A9B000B441B333D
:10BE500000221A70FA78796813461B019B1A9B001E
:10BE60000B4444331B68022B09D8FA7879681346CF
:10BE70001B019B1A9B000B441C3301221A70FB7898
:10BE80005A013B69134403F5A0635B68FA785101DA
:10BE90003A690A4402F5A06223F480335360FA78C9
:10BEA000796813461B019B1A9B000B444C330422F8
:10BEB0001A7014E0FA78796813461B019B1A9B00EC
:10BEC0000B444C3302221A7009E0FA787968134661
:10BED0001B019B1A9B000B444C3302221A70FA7808
:10BEE000796813461B019B1A9B000B4426331B7871
:10BEF000002B0BD0FA78796813461B019B1A9B0024
:10BF00000B4426331B78022B40F03681FB785A0114
:10BF10003B69134403F5A0631B68FB60FB6823F0D7
:10BF20008043FB60FB6843F00043FB60FB785A01F1
:10BF30003B69134403F5A0631A46FB6813601BE1D9
:10BF4000FA78796813461B019B1A9B000B444D330A
:10BF50001B78032B40F08180FA78796813461B0127
:10BF60009B1A9B000B444D3302221A70FA787968B1
:10BF700013461B019B1A9B000B441B331B78012BA0
:10BF800040F0FA80FA78796813461B019B1A9B00EF
:10BF90000B444C3302221A70FB785A013B6913445C
:10BFA00003F5A0635B68FA7851013A690A4402F527
:10BFB000A06243F480335360FB785A013B69134419
:10BFC00003F5A063DB68FA7851013A690A4402F587
:10BFD000A06243F04003D360FB785A013B691344ED
:10BFE00003F5A063DB68FA7851013A690A4402F567
:10BFF000A06223F02003D360FA78796813461B010E
:10C000009B1A9B000B4426331B78002B0BD0FA782D
:10C01000796813461B019B1A9B000B4426331B783F
:10C02000022B40F0A980FB785A013B69134403F5C9
:10C03000A0631B68FB60FB6823F08043FB60FB6828
:10C0400043F00043FB60FB785A013B69134403F55E
:10C05000A0631A46FB6813608EE0FA78796813468D
:10C060001B019B1A9B000B444D331B78042B43D1BF
:10C07000FA78796813461B019B1A9B000B444D33D9
:10C0800002221A70FA78796813461B019B1A9B00EA
:10C090000B444C3302221A70FA78796813461B015C
:10C0A0009B1A9B000B4426331B78002B0AD0FA788E
:10C0B000796813461B019B1A9B000B4426331B789F
:10C0C000022B59D1FB785A013B69134403F5A06355
:10C0D0001B68FB60FB6823F08043FB60FB6843F058
:10C0E0000043FB60FB785A013B69134403F5A063EE
:10C0F0001A46FB6813603FE0FA78796813461B0123
:10C100009B1A9B000B444D331B78082B26D1FA78E1
:10C11000796813461B019B1A9B000B444D33022286
:10C120001A70FA78796813461B019B1A9B000B441E
:10C1300044331B68591C786813461B019B1A9B00EB
:10C14000034444331960FA78796813461B019B1A3B
:10C150009B000B444C3304221A700DE0FA78796886
:10C1600013461B019B1A9B000B444D331B78022B7B
:10C1700000F0008100E000BFFA78796813461B01E7
:10C180009B1A9B000B444C331A78FB78194678684D
:10C190000CF0EEFCEFE07B681B68FA78114618465D
:10C1A00008F041F8034603F04003402B2FD1FB7801
:10C1B0005A013B69134403F5A0631A464023936078
:10C1C000FA78796813461B019B1A9B000B444D3388
:10C1D00005221A70FA78796813461B019B1A9B0096
:10C1E0000B441A331B78002B09D1FA78796813466F
:10C1F0001B019B1A9B000B44443300221A607B688E
:10C200001B68FA781146184608F0B7FDB3E07B6862
:10C210001B68FA781146184608F005F8034603F043
:10C220001003102B40F0A780FA78796813461B01A1
:10C230009B1A9B000B4426331B78032B1BD1FA78E7
:10C24000796813461B019B1A9B000B444433002260
:10C250001A60FA78796813461B019B1A9B000B44FD
:10C260004D3304221A707B681B68FA781146184611
:10C2700008F083FD3FE0FA78796813461B019B1AAA
:10C280009B000B4426331B78002B0AD0FA78796880
:10C2900013461B019B1A9B000B4426331B78022B71
:10C2A00029D1FA78796813461B019B1A9B000B442D
:10C2B000443300221A607B689B79002B0AD0FA78FD
:10C2C000796813461B019B1A9B000B441B331B7898
:10C2D000012B10D1FA78796813461B019B1A9B0039
:10C2E0000B444D3304221A707B681B68FA781146A0
:10C2F000184608F042FDFA78796813461B019B1A2C
:10C300009B000B441B331B78012B29D1FA787968E9
:10C3100013461B019B1A9B000B441B3300221A700F
:10C32000FB785A013B69134403F5A0635B68FA7814
:10C3300051013A690A4402F5A06223F48033536044
:10C34000FB785A013B69134403F5A063DB68FA7874
:10C3500051013A690A4402F5A06243F02003D36018
:10C36000FB785A013B69134403F5A0631A46102376
:10C37000936000E000BF1837BD4680BD80B586B031
:10C3800000AF78600B46FB707B681B687B617B6944
:10C390003B617B681B68FA781146184607F043FF3B
:10C3A000034603F00403042B1BD1FB785A013B69BD
:10C3B000134403F5A0631A4604239360FA7879685E
:10C3C00013461B019B1A9B000B444D3307221A7026
:10C3D0007B681B68FA781146184608F0CEFC00F01E
:10C3E00089BC7B681B68FA781146184607F01BFF6A
:10C3F000034603F02003202B40F08280FB785A0193
:10C400003B69134403F5A0631A4620239360FA782E
:10C41000796813461B019B1A9B000B4419331B7848
:10C42000012B24D1FA78796813461B019B1A9B00D3
:10C430000B44193300221A70FA78796813461B01ED
:10C440009B1A9B000B444C3302221A70FA787968CD
:10C4500013461B019B1A9B000B444D3303221A7099
:10C460007B681B68FA781146184608F086FCFA7853
:10C47000796813461B019B1A9B000B441A331B78E7
:10C48000012B40F03784FA78796813461B019B1A18
:10C490009B000B441B331B78002B40F02B84FA7855
:10C4A000796813461B019B1A9B000B4426331B78AB
:10C4B000012B09D0FA78796813461B019B1A9B005F
:10C4C0000B441B3301221A70FA78796813461B015A
:10C4D0009B1A9B000B444D3303221A707B681B6828
:10C4E000FA781146184608F048FCFA78796813463D
:10C4F0001B019B1A9B000B44443300221A60F9E392
:10C500007B681B68FA781146184607F08CFE0346D4
:10C5100003F40073B3F5007F11D1FB785A013B6936
:10C52000134403F5A0631A464FF4007393607B68CD
:10C530001B68FA781146184608F01FFCDAE37B689E
:10C540001B68FA781146184607F06DFE034603F0A3
:10C550000103012B68D1FA78796813461B019B1AF5
:10C560009B000B44443300221A607B681B68FA78F6
:10C570001146184607F057FE034603F04003402BD0
:10C5800012D1FA78796813461B019B1A9B000B4461
:10C59000193301221A70FB785A013B69134403F5E1
:10C5A000A0631A4640239360FA78796813461B010A
:10C5B0009B1A9B000B441B331B78002B19D0FA7875
:10C5C000796813461B019B1A9B000B441B33002206
:10C5D0001A70FB785A013B69134403F5A0635B684A
:10C5E000FA7851013A690A4402F5A06223F48033D3
:10C5F0005360FB785A013B69134403F5A0631A4664
:10C6000001239360FA78796813461B019B1A9B00FB
:10C610000B444D3301221A707B681B68FA7811466F
:10C62000184608F0AAFB65E37B681B68FA78114698
:10C63000184607F0F8FD034603F04003402B39D1BC
:10C64000FA78796813461B019B1A9B000B444D3303
:10C6500005221A70FA78796813461B019B1A9B0011
:10C660000B441A331B78002B09D1FA7879681346EA
:10C670001B019B1A9B000B44193301221A70FA7894
:10C68000796813461B019B1A9B000B44443300221C
:10C690001A607B681B68FA781146184608F06DFB33
:10C6A000FB785A013B69134403F5A0631A46402303
:10C6B00093601FE37B681B68FA781146184607F001
:10C6C000B2FD034603F00803082B1AD1FB785A0188
:10C6D0003B69134403F5A0631A4608239360FA7874
:10C6E000796813461B019B1A9B000B444D330622AD
:10C6F0001A707B681B68FA781146184608F03DFBF3
:10C70000F8E27B681B68FA781146184607F08BFD43
:10C71000034603F01003102B44D1FA7879681346CE
:10C720001B019B1A9B000B44443300221A60FA78C9
:10C73000796813461B019B1A9B000B444D3304225E
:10C740001A70FA78796813461B019B1A9B000B44F8
:10C7500019331B78002B14D1FA78796813461B0122
:10C760009B1A9B000B4418331B78002B09D1FA78D5
:10C77000796813461B019B1A9B000B441933012255
:10C780001A707B681B68FA781146184608F0F5FAAB
:10C79000FB785A013B69134403F5A0631A46102342
:10C7A0009360A7E27B681B68FA781146184607F089
:10C7B0003AFD034603F08003802B40F083807B68C2
:10C7C0009B79002B11D1FA78796813461B019B1ACB
:10C7D0009B000B444D3307221A707B681B68FA7864
:10C7E0001146184608F0C9FA62E0FA7879681346EB
:10C7F0001B019B1A9B000B4444331B68591C78682F
:10C8000013461B019B1A9B00034444331960FA78BA
:10C81000796813461B019B1A9B000B4444331B6829
:10C82000022B22D9FA78796813461B019B1A9B00C8
:10C830000B44443300221A60FA78796813461B01CE
:10C840009B1A9B000B444C3304221A70FA787968C7
:10C8500013461B019B1A9B000B444C331A78FB7840
:10C86000194678680CF084F922E0FA787968134662
:10C870001B019B1A9B000B444C3302221A70FB785D
:10C880005A013B69134403F5A0631B68FB60FB6816
:10C8900023F08043FB60FB6843F00043FB60FB78C0
:10C8A0005A013B69134403F5A0631A46FB68136001
:10C8B000FB785A013B69134403F5A0631A468023B1
:10C8C000936017E27B681B68FA781146184607F0F8
:10C8D000AAFC034603F48063B3F5806F1BD1FA789A
:10C8E000796813461B019B1A9B000B444D330922A8
:10C8F0001A707B681B68FA781146184608F03DFAF2
:10C90000FB785A013B69134403F5A0631A464FF4C0
:10C9100080639360EEE17B681B68FA7811461846E5
:10C9200007F081FC034603F00203022B40F0DF8195
:10C93000FB785A013B69134403F5A0631A460223AE
:10C940009360FA78796813461B019B1A9B000B448D
:10C950004D331B78012B40F09380FA7879681346A9
:10C960001B019B1A9B000B444D3302221A70FA786C
:10C97000796813461B019B1A9B000B444C33012220
:10C980001A70FA78796813461B019B1A9B000B44B6
:10C9900026331B78022B0BD0FA78796813461B01DB
:10C9A0009B1A9B000B4426331B78032B40F090818D
:10C9B0007B689B79002B15D1FA78796813461B01A7
:10C9C0009B1A9B000B443D331B78FA7883F00103DC
:10C9D000D8B2796813461B019B1A9B000B443D3368
:10C9E00002461A707B689B79012B40F07181FA78BE
:10C9F000796813461B019B1A9B000B4434331B6858
:10CA0000002B00F06581FA78796813461B019B1AA8
:10CA10009B000B4434331968FA78786813461B017D
:10CA20009B1A9B00034428331B880B44591EFA7839
:10CA3000786813461B019B1A9B00034428331B880C
:10CA4000B1FBF3F3BB60BB6803F00103002B00F004
:10CA50003F81FA78796813461B019B1A9B000B44AF
:10CA60003D331B78FA7883F00103D8B27968134616
:10CA70001B019B1A9B000B443D3302461A7027E1B1
:10CA8000FA78796813461B019B1A9B000B444D33BF
:10CA90001B78032B20D1FA78796813461B019B1A67
:10CAA0009B000B444D3302221A70FA7879681346C2
:10CAB0001B019B1A9B000B441B331B78012B40F07E
:10CAC0000781FA78796813461B019B1A9B000B4477
:10CAD0004C3302221A70FBE0FA78796813461B0186
:10CAE0009B1A9B000B444D331B78042B3AD1FA78E8
:10CAF000796813461B019B1A9B000B444D3302229D
:10CB00001A70FA78796813461B019B1A9B000B4434
:10CB10004C3302221A70FA78796813461B019B1A6B
:10CB20009B000B441B331B78012B40F0D180FA781B
:10CB3000796813461B019B1A9B000B441B33002290
:10CB40001A70FB785A013B69134403F5A0635B68D4
:10CB5000FA7851013A690A4402F5A06223F480335D
:10CB60005360B5E0FA78796813461B019B1A9B0065
:10CB70000B444D331B78052B14D1FA787968134692
:10CB80001B019B1A9B000B444D3302221A70FA784A
:10CB9000796813461B019B1A9B000B444C330222FD
:10CBA0001A7095E0FA78796813461B019B1A9B006E
:10CBB0000B444D331B78062B14D1FA787968134651
:10CBC0001B019B1A9B000B444D3302221A70FA780A
:10CBD000796813461B019B1A9B000B444C330522BA
:10CBE0001A7075E0FA78796813461B019B1A9B004E
:10CBF0000B444D331B78072B0AD0FA78796813461B
:10CC00001B019B1A9B000B444D331B78092B70D1E1
:10CC1000FA78796813461B019B1A9B000B444D332D
:10CC200002221A70FA78796813461B019B1A9B003E
:10CC30000B4444331B68591C786813461B019B1A2C
:10CC40009B00034444331960FA78796813461B014A
:10CC50009B1A9B000B4444331B68022B14D9FA78AF
:10CC6000796813461B019B1A9B000B444433002236
:10CC70001A60FA78796813461B019B1A9B000B44D3
:10CC80004C3304221A7022E0FA78796813461B01AB
:10CC90009B1A9B000B444C3302221A70FB785A01FA
:10CCA0003B69134403F5A0631B68FB60FB6823F03A
:10CCB0008043FB60FB6843F00043FB60FB785A0154
:10CCC0003B69134403F5A0631A46FB68136000BF79
:10CCD000FA78796813461B019B1A9B000B444C336E
:10CCE0001A78FB78194678680BF042FF02E000BF23
:10CCF00000E000BF1837BD4680BD80B58AB000AFE8
:10CD000078607B681B687B627B6A3B627B681B6820
:10CD10001B6AFB61FB6903F00F03BB61FB695B0CE2
:10CD200003F00F037B61FB691B09C3F30A033B613B
:10CD30007B69022B04D07B69052B00F0B680B7E03D
:10CD40003B69002B00F0B3807968BA6913461B0178
:10CD50009B1A9B000B442C331B68002B00F0A78010
:10CD60007968BA6913461B019B1A9B000B44383340
:10CD70001A683B69D1187868BA6913461B019B1A77
:10CD80009B00034434331B68994200F283807B6824
:10CD900018687968BA6913461B019B1A9B000B44FB
:10CDA0002C331B683A6992B2194607F0D1F97968B9
:10CDB000BA6913461B019B1A9B000B442C331A685B
:10CDC0003B69D1187868BA6913461B019B1A9B000E
:10CDD00003442C3319607968BA6913461B019B1A06
:10CDE0009B000B4438331A683B69D1187868BA69DC
:10CDF00013461B019B1A9B00034438331960BB691F
:10CE00005A013B6A134403F5A0631B69DB0CC3F3AF
:10CE10000903FB607968BA6913461B019B1A9B00E2
:10CE20000B4428331B881A463B6993423FD1FB6869
:10CE3000002B3CD0BB695A013B6A134403F5A06345
:10CE40001B68BB60BB6823F08043BB60BB6843F0DA
:10CE50000043BB60BB695A013B6A134403F5A063FE
:10CE60001A46BB6813607968BA6913461B019B1A9E
:10CE70009B000B443C331B7883F00103D8B27968E4
:10CE8000BA6913461B019B1A9B000B443C330246B4
:10CE90001A700CE07968BA6913461B019B1A9B0053
:10CEA0000B444C3304221A7001E000BF00E000BFC5
:10CEB00000BF2837BD4680BD80B586B000AF786022
:10CEC0007B681B687B617B693B613B6903F5886319
:10CED0001B68FB603B6903F588631B68BB60BB682C
:10CEE00023F02E03BB60FB6803F00203022B0BD17F
:10CEF000FB6803F00103012B02D178680BF01CFEE4
:10CF0000BB6843F00203BB60FB6803F00803082B17
:10CF100032D1BB6843F00803BB60FB6803F0040335
:10CF2000042B26D17B685B7A022B13D1FB6803F4B8
:10CF3000C023B3F5802F06D17B681B6802211846F9
:10CF400007F09CFA11E07B681B680121184607F086
:10CF500095FA0AE07B68DB79012B06D13B6903F582
:10CF600080631A464EF66023536078680BF00EFE1D
:10CF700002E078680BF018FEFB6803F02003202B1A
:10CF800003D1BB6843F02003BB603B6903F58863B2
:10CF90001A46BB68136000BF1837BD4680BD00004D
:10CFA00080B584B000AF78607B68002B01D101238D
:10CFB0002BE17B6893F83D30DBB2002B06D17B6818
:10CFC000002283F83C207868F5F71EFE7B68242257
:10CFD00083F83D207B681B681A687B681B6822F019
:10CFE00001021A607B681B681A687B681B6842F440
:10CFF00000421A607B681B681A687B681B6822F411
:10D0000000421A6001F060FCF8607B685B68814A4E
:10D01000934207D8FB68804A934294BF01230023C0
:10D02000DBB206E0FB687D4A934294BF01230023F4
:10D03000DBB2002B01D00123E7E0FB68784AA2FBBA
:10D0400003239B0CBB607B681B685B6823F03F017C
:10D050007B681B68BA680A435A607B681B681B6A56
:10D0600023F03F017B685B686A4A934202D8BB6841
:10D07000013309E0BB684FF4967202FB03F3694A7F
:10D08000A2FB03239B0901337A6812680B431362E6
:10D090007B681B68DB6923F44F4222F0FF027B6848
:10D0A0005B685C498B4219D8FB68591E7B685B68DA
:10D0B0005B00B1FBF3F3591C40F6FC730B40002BF3
:10D0C0000AD0FB68591E7B685B685B00B1FBF3F319
:10D0D0000133C3F30B0351E004234FE07B689B68EB
:10D0E000002B11D1FB68581E7B6859680B465B000A
:10D0F0000B44B0FBF3F30133C3F30B03002B0CBF62
:10D1000001230023DBB212E0FB68581E7B685968DC
:10D110000B469B000B4499000B44B0FBF3F3013327
:10D12000C3F30B03002B0CBF01230023DBB2002B46
:10D1300001D0012322E07B689B68002B0ED1FB68A5
:10D14000581E7B6859680B465B000B44B0FBF3F339
:10D150000133C3F30B0343F400430FE0FB68581E95
:10D160007B6859680B469B000B4499000B44B0FB4D
:10D17000F3F30133C3F30B0343F4404379680968C5
:10D180001343CB617B681B681B6823F0C0017B687D
:10D19000DA697B681B6A1A437B681B680A431A605A
:10D1A0007B681B689B6823F4034323F0FF037A68C2
:10D1B00011697A68D26811437A6812680B439360E8
:10D1C0007B681B68DB6823F0FF017B685A697B681A
:10D1D0009B691A437B681B680A43DA607B681B689B
:10D1E0001A687B681B6842F001021A607B680022A3
:10D1F0001A647B68202283F83D207B6800221A6332
:10D200007B68002283F83E20002318461037BD4675
:10D2100080BD00BFA08601007F841E00FF083D0086
:10D2200083DE1B43D34D621080B588B002AFF86037
:10D23000084611461A4603467B810B463B8113463E
:10D24000FB80FBF779FA7861FB6893F83D30DBB23D
:10D25000202B40F0D9807B690093192301226D496E
:10D26000F86800F08BFC0346002B01D00223CCE0D1
:10D27000FB6893F83C30012B01D10223C5E0FB6829
:10D28000012283F83C20FB681B681B6803F0010344
:10D29000012B07D0FB681B681A68FB681B6842F00B
:10D2A00001021A60FB681B681A68FB681B6822F49D
:10D2B00000621A60FB68212283F83D20FB6840224F
:10D2C00083F83E20FB6800221A64FB683A6A5A62BF
:10D2D000FB68BA8C5A85FB685B8D9AB2FB681A852D
:10D2E000FB684D4ADA62F8883A8979897B6901934B
:10D2F000BB6A00930346F86800F0C2FA0346002BAD
:10D3000052D0012381E07A69B96AF86800F050FDD3
:10D310000346002B0DD0FB681B6C042B07D1FB6868
:10D320001B681A68FB681B6842F400721A600123CC
:10D330006BE0FB685B6A1A78FB681B681A61FB6824
:10D340005B6A5A1CFB685A62FB681B8D013B9AB2F0
:10D35000FB681A85FB685B8D9BB2013B9AB2FB6848
:10D360005A85FB681B685B6903F00403042B1BD11F
:10D37000FB681B8D002B17D0FB685B6A1A78FB6873
:10D380001B681A61FB685B6A5A1CFB685A62FB687F
:10D390001B8D013B9AB2FB681A85FB685B8D9BB2C3
:10D3A000013B9AB2FB685A85FB681B8D002BAAD102
:10D3B0007A69B96AF86800F043FD0346002B0DD086
:10D3C000FB681B6C042B07D1FB681B681A68FB68A1
:10D3D0001B6842F400721A60012316E0FB681B68A8
:10D3E0001A68FB681B6842F400721A60FB6820220E
:10D3F00083F83D20FB68002283F83E20FB68002272
:10D4000083F83C20002300E0022318461837BD466D
:10D4100080BD00BF020010000000FFFF80B58CB08F
:10D4200002AFF860084611461A4603467B810B4658
:10D430003B811346FB80FBF77FF97862FB6893F82A
:10D440003D30DBB2202B40F014827B6A009319231D
:10D4500001227B49F86800F091FB0346002B01D0C4
:10D46000022307E2FB6893F83C30012B01D1022331
:10D4700000E2FB68012283F83C20FB681B681B6804
:10D4800003F00103012B07D0FB681B681A68FB68D7
:10D490001B6842F001021A60FB681B681A68FB688F
:10D4A0001B6822F400621A60FB68222283F83D2088
:10D4B000FB68402283F83E20FB6800221A64FB6868
:10D4C0003A6B5A62FB68BA8E5A85FB685B8D9AB2DA
:10D4D000FB681A85FB685B4ADA62F8883A897989C1
:10D4E0007B6A0193BB6B00930346F86800F05EFA19
:10D4F0000346002B01D00123BCE1FB681B8D002BF0
:10D5000013D100233B62FB681B685B693B62FB68CD
:10D510001B689B693B623B6AFB681B681A68FB6877
:10D520001B6842F400721A6090E1FB681B8D012BAE
:10D530001BD1FB681B681A68FB681B6822F48062B9
:10D540001A600023FB61FB681B685B69FB61FB6879
:10D550001B689B69FB61FB69FB681B681A68FB68B9
:10D560001B6842F400721A6070E1FB681B8D022B8D
:10D570001BD1FB681B681A68FB681B6822F4806279
:10D580001A60FB681B681A68FB681B6842F400623B
:10D590001A600023BB61FB681B685B69BB61FB68A9
:10D5A0001B689B69BB61BB6950E100237B61FB6821
:10D5B0001B685B697B61FB681B689B697B617B699E
:10D5C00044E1FB681B8D032B00F2F180FB681B8D8F
:10D5D000012B23D17A6AB96BF86800F079FC034615
:10D5E000002B01D0012345E1FB681B681A69FB6829
:10D5F0005B6AD2B21A70FB685B6A5A1CFB685A629B
:10D60000FB681B8D013B9AB2FB681A85FB685B8D3A
:10D610009BB2013B9AB2FB685A8517E1FB681B8DF0
:10D62000022B4ED17B6A0093BB6B00220649F8683F
:10D6300000F0A4FA0346002B08D001231AE100BF32
:10D64000020010000000FFFF04000100FB681B68DF
:10D650001A68FB681B6842F400721A60FB681B685A
:10D660001A69FB685B6AD2B21A70FB685B6A5A1C63
:10D67000FB685A62FB681B8D013B9AB2FB681A85F6
:10D68000FB685B8D9BB2013B9AB2FB685A85FB68D5
:10D690001B681A69FB685B6AD2B21A70FB685B6A26
:10D6A0005A1CFB685A62FB681B8D013B9AB2FB68EF
:10D6B0001A85FB685B8D9BB2013B9AB2FB685A8569
:10D6C000C4E07B6A0093BB6B00226C49F86800F0F1
:10D6D00055FA0346002B01D00123CBE0FB681B6801
:10D6E0001A68FB681B6822F480621A60FB681B687A
:10D6F0001A69FB685B6AD2B21A70FB685B6A5A1CD3
:10D70000FB685A62FB681B8D013B9AB2FB681A8565
:10D71000FB685B8D9BB2013B9AB2FB685A857B6AC2
:10D720000093BB6B00225549F86800F027FA0346C6
:10D73000002B01D001239DE0FB681B681A68FB6881
:10D740001B6842F400721A60FB681B681A69FB6868
:10D750005B6AD2B21A70FB685B6A5A1CFB685A6239
:10D76000FB681B8D013B9AB2FB681A85FB685B8DD9
:10D770009BB2013B9AB2FB685A85FB681B681A6929
:10D78000FB685B6AD2B21A70FB685B6A5A1CFB6862
:10D790005A62FB681B8D013B9AB2FB681A85FB68D5
:10D7A0005B8D9BB2013B9AB2FB685A854EE07A6A68
:10D7B000B96BF86800F08CFB0346002B01D0012305
:10D7C00058E0FB681B681A69FB685B6AD2B21A7082
:10D7D000FB685B6A5A1CFB685A62FB681B8D013B45
:10D7E0009AB2FB681A85FB685B8D9BB2013B9AB2CB
:10D7F000FB685A85FB681B685B6903F00403042B14
:10D8000024D1FB681B8D032B07D1FB681B681A68AA
:10D81000FB681B6822F480621A60FB681B681A6947
:10D82000FB685B6AD2B21A70FB685B6A5A1CFB68C1
:10D830005A62FB681B8D013B9AB2FB681A85FB6834
:10D840005B8D9BB2013B9AB2FB685A85FB681B8DCE
:10D85000002B7FF4B6AEFB68202283F83D20FB68E6
:10D86000002283F83E20FB68002283F83C2000233E
:10D8700000E0022318462837BD4680BD04000100A1
:10D8800080B588B002AFF860084611461A460346D4
:10D890007B810B463B811346FB80FB681B681A6843
:10D8A000FB681B6842F480721A607B6A00933B6AD3
:10D8B00000224FF00111F86800F060F90346002BD8
:10D8C0000DD0FB681B681B6803F48073B3F5807F81
:10D8D00003D1FB684FF400721A6403235FE07B8975
:10D8E000DBB21A46FB681B6802F0FE021A617B6A13
:10D8F0003A6A2D49F86800F0BBF90346002B01D0C5
:10D9000001234CE000237B61FB681B685B697B6142
:10D91000FB681B689B697B617B697A6A396AF86876
:10D9200000F046FA0346002B0DD0FB681B6C042B5D
:10D9300007D1FB681B681A68FB681B6842F4007219
:10D940001A6001232BE0FB88012B05D13B89DAB259
:10D95000FB681B681A6121E03B891B0A9BB2DAB2A3
:10D96000FB681B681A617A6A396AF86800F020FA65
:10D970000346002B0DD0FB681B6C042B07D1FB6802
:10D980001B681A68FB681B6842F400721A60012366
:10D9900005E03B89DAB2FB681B681A610023184670
:10D9A0001837BD4680BD00BF0200010080B588B0B9
:10D9B00002AFF860084611461A4603467B810B46C3
:10D9C0003B811346FB80FB681B681A68FB681B6879
:10D9D00042F480621A60FB681B681A68FB681B6867
:10D9E00042F480721A607B6A00933B6A00224FF017
:10D9F0000111F86800F0C2F80346002B0DD0FB6857
:10DA00001B681B6803F48073B3F5807F03D1FB6848
:10DA10004FF400721A640323AAE07B89DBB21A4632
:10DA2000FB681B6802F0FE021A617B6A3A6A52497F
:10DA3000F86800F01DF90346002B01D0012397E0A0
:10DA400000237B61FB681B685B697B61FB681B686B
:10DA50009B697B617B697A6A396AF86800F0A8F98A
:10DA60000346002B0DD0FB681B6C042B07D1FB6811
:10DA70001B681A68FB681B6842F400721A60012375
:10DA800076E0FB88012B05D13B89DAB2FB681B6885
:10DA90001A6121E03B891B0A9BB2DAB2FB681B6862
:10DAA0001A617A6A396AF86800F082F90346002B35
:10DAB0000DD0FB681B6C042B07D1FB681B681A6830
:10DAC000FB681B6842F400721A60012350E03B8936
:10DAD000DAB2FB681B681A617A6A396AF86800F082
:10DAE00067F90346002B0DD0FB681B6C042B07D194
:10DAF000FB681B681A68FB681B6842F400721A60B6
:10DB0000012335E0FB681B681A68FB681B6842F458
:10DB100080721A607B6A00933B6A00224FF0011109
:10DB2000F86800F02BF80346002B0DD0FB681B684B
:10DB30001B6803F48073B3F5807F03D1FB684FF457
:10DB400000721A64032313E07B89DBB243F0010304
:10DB5000DAB2FB681B681A617B6A3A6A0649F868A0
:10DB600000F086F80346002B01D0012300E00023DB
:10DB700018461837BD4680BD0200010080B584B04C
:10DB800000AFF860B9603B601346FB7148E03B684A
:10DB9000B3F1FF3F44D0FAF7CFFD0246BB69D31A79
:10DBA0003A689A4202D33B68002B39D1BB681B0C00
:10DBB000DBB2012B0DD1FB681B685B69DA43BB68E4
:10DBC00013409BB2002B0CBF01230023DBB21A468B
:10DBD0000CE0FB681B689B69DA43BB6813409BB28F
:10DBE000002B0CBF01230023DBB21A46FB799A42BB
:10DBF00016D1FB6800221A63FB68202283F83D20BF
:10DC0000FB68002283F83E20FB681B6C43F0200277
:10DC1000FB681A64FB68002283F83C20012323E0A0
:10DC2000BB681B0CDBB2012B0DD1FB681B685B6969
:10DC3000DA43BB6813409BB2002B0CBF01230023C7
:10DC4000DBB21A460CE0FB681B689B69DA43BB68D1
:10DC500013409BB2002B0CBF01230023DBB21A46FA
:10DC6000FB799A4293D0002318461037BD4680BDF9
:10DC700080B584B000AFF860B9607A603B6071E055
:10DC8000FB681B685B6903F48063B3F5806F23D185
:10DC9000FB681B681A68FB681B6842F400721A6014
:10DCA000FB681B686FF480625A61FB6800221A638C
:10DCB000FB68202283F83D20FB68002283F83E2089
:10DCC000FB681B6C43F00402FB681A64FB680022CB
:10DCD00083F83C20012367E07B68B3F1FF3F41D02C
:10DCE000FAF72AFD02463B68D31A7A689A4202D3B1
:10DCF0007B68002B36D1BB681B0CDBB2012B0CD12F
:10DD0000FB681B685B69DA43BB6813409BB2002B5E
:10DD100014BF01230023DBB20BE0FB681B689B6987
:10DD2000DA43BB6813409BB2002B14BF01230023CE
:10DD3000DBB2002B16D0FB6800221A63FB6820229E
:10DD400083F83D20FB68002283F83E20FB681B6CB3
:10DD500043F02002FB681A64FB68002283F83C2031
:10DD6000012321E0BB681B0CDBB2012B0CD1FB684B
:10DD70001B685B69DA43BB6813409BB2002B14BF7E
:10DD800001230023DBB20BE0FB681B689B69DA43CD
:10DD9000BB6813409BB2002B14BF01230023DBB2EE
:10DDA000002B7FF46DAF002318461037BD4680BDB1
:10DDB00080B584B000AFF860B9607A6034E0F8688C
:10DDC00000F0E3F80346002B01D0012334E0BB68E8
:10DDD000B3F1FF3F28D0FAF7AFFC02467B68D31AB5
:10DDE000BA689A4202D3BB68002B1DD1FB681B683E
:10DDF0005B6903F08003802B16D0FB6800221A6356
:10DE0000FB68202283F83D20FB68002283F83E2037
:10DE1000FB681B6C43F02002FB681A64FB6800225D
:10DE200083F83C20012307E0FB681B685B6903F073
:10DE30008003802BC3D1002318461037BD4680BD18
:10DE400080B584B000AFF860B9607A6034E0F868FB
:10DE500000F09BF80346002B01D0012334E0BB689F
:10DE6000B3F1FF3F28D0FAF767FC02467B68D31A6C
:10DE7000BA689A4202D3BB68002B1DD1FB681B68AD
:10DE80005B6903F00403042B16D0FB6800221A63BD
:10DE9000FB68202283F83D20FB68002283F83E20A7
:10DEA000FB681B6C43F02002FB681A64FB680022CD
:10DEB00083F83C20012307E0FB681B685B6903F0E3
:10DEC0000403042BC3D1002318461037BD4680BD80
:10DED00080B584B000AFF860B9607A6049E0FB6853
:10DEE0001B685B6903F01003102B19D1FB681B68DA
:10DEF0006FF010025A61FB6800221A63FB6820224F
:10DF000083F83D20FB68002283F83E20FB681A6CF2
:10DF1000FB681A64FB68002283F83C20012330E090
:10DF2000FAF70AFC02467B68D31ABA689A4202D30F
:10DF3000BB68002B1DD1FB681B685B6903F04003C5
:10DF4000402B16D0FB6800221A63FB68202283F85E
:10DF50003D20FB68002283F83E20FB681B6C43F0E9
:10DF60002002FB681A64FB68002283F83C2001232E
:10DF700007E0FB681B685B6903F04003402BAED1F0
:10DF8000002318461037BD4680BD80B483B000AF73
:10DF900078607B681B685B6903F48063B3F5806F0E
:10DFA0001BD17B681B686FF480625A617B6800221A
:10DFB0001A637B68202283F83D207B68002283F867
:10DFC0003E207B681B6C43F004027B681A647B680C
:10DFD000002283F83C20012300E0002318460C3780
:10DFE000BD465DF8047B704780B586B000AF7860B1
:10DFF0007B68002B01D1012367E27B681B6803F07B
:10E000000103002B75D0884B9B6803F00C03042B95
:10E010000CD0854B9B6803F00C03082B12D1824B6C
:10E020005B6803F48003B3F5800F0BD17E4B1B6854
:10E0300003F40033002B5BD07B685B68002B57D167
:10E04000012342E27B685B68B3F5803F06D1764BE3
:10E050001B68754A43F4803313601DE07B685B687E
:10E06000B3F5A02F0CD1704B1B686F4A43F480238B
:10E0700013606D4B1B686C4A43F4803313600BE0F4
:10E08000694B1B68684A23F480331360664B1B6836
:10E09000654A23F4802313607B685B68002B13D0F0
:10E0A000FAF74AFB386108E0FAF746FB02463B699B
:10E0B000D31A642B01D9032307E25B4B1B6803F4DB
:10E0C0000033002BF0D014E0FAF736FB386108E09B
:10E0D000FAF732FB02463B69D31A642B01D90323BA
:10E0E000F3E1514B1B6803F40033002BF0D100E047
:10E0F00000BF7B681B6803F00203002B63D04A4B10
:10E100009B6803F00C03002B0BD0474B9B6803F07C
:10E110000C03082B1CD1444B5B6803F48003002BD9
:10E1200016D1414B1B6803F00203002B05D07B681E
:10E13000DB68012B01D00123C7E13B4B1B6823F0B7
:10E14000F8027B681B69DB00374913430B603AE038
:10E150007B68DB68002B20D0344B01221A60FAF771
:10E16000EBFA386108E0FAF7E7FA02463B69D31A9E
:10E17000022B01D90323A8E12B4B1B6803F00203F8
:10E18000002BF0D0284B1B6823F0F8027B681B693A
:10E19000DB00254913430B6015E0244B00221A6075
:10E1A000FAF7CAFA386108E0FAF7C6FA02463B699C
:10E1B000D31A022B01D9032387E11B4B1B6803F001
:10E1C0000203002BF0D17B681B6803F00803002BCF
:10E1D00036D07B685B69002B16D0154B01221A6084
:10E1E000FAF7AAFA386108E0FAF7A6FA02463B699C
:10E1F000D31A022B01D9032367E10B4B5B6F03F0AA
:10E200000203002BF0D01BE0094B00221A60FAF742
:10E2100093FA38610EE0FAF78FFA02463B69D31A97
:10E22000022B07D9032350E1003802400000474287
:10E23000800E4742884B5B6F03F00203002BEAD14C
:10E240007B681B6803F00403002B00F09780002319
:10E25000FB75814B1B6C03F08053002B0FD1002307
:10E26000BB607D4B1B6C7C4A43F0805313647A4B3C
:10E270001B6C03F08053BB60BB680123FB75774BBD
:10E280001B6803F48073002B18D1744B1B68734A0E
:10E2900043F480731360FAF74FFA386108E0FAF735
:10E2A0004BFA02463B69D31A022B01D903230CE136
:10E2B0006A4B1B6803F48073002BF0D07B689B686B
:10E2C000012B06D1644B1B6F634A43F001031367B4
:10E2D0001CE07B689B68052B0CD15F4B1B6F5E4A73
:10E2E00043F0040313675C4B1B6F5B4A43F001036D
:10E2F00013670BE0584B1B6F574A23F0010313675A
:10E30000554B1B6F544A23F0040313677B689B68CB
:10E31000002B15D0FAF710FA38610AE0FAF70CFA78
:10E3200002463B69D31A41F28832934201D9032352
:10E33000CBE0494B1B6F03F00203002BEED014E03F
:10E34000FAF7FAF938610AE0FAF7F6F902463B699A
:10E35000D31A41F28832934201D90323B5E03E4BF0
:10E360001B6F03F00203002BEED1FB7D012B05D1C7
:10E37000394B1B6C384A23F0805313647B689B69CC
:10E38000002B00F0A180344B9B6803F00C03082B9A
:10E390005CD07B689B69022B41D1314B00221A6013
:10E3A000FAF7CAF9386108E0FAF7C6F902463B699C
:10E3B000D31A022B01D9032387E0274B1B6803F0F4
:10E3C0000073002BF0D17B68DA697B681B6A1A4303
:10E3D0007B685B6A9B011A437B689B6A5B08013B15
:10E3E0001B041A437B68DB6A1B061B4913434B6003
:10E3F0001B4B01221A60FAF79FF9386108E0FAF71F
:10E400009BF902463B69D31A022B01D903235CE036
:10E41000114B1B6803F00073002BF0D054E0104B3D
:10E4200000221A60FAF788F9386108E0FAF784F9EF
:10E4300002463B69D31A022B01D9032345E0064B60
:10E440001B6803F00073002BF0D13DE07B689B69F3
:10E45000012B07D1012338E0003802400070004052
:10E46000600047421B4B5B68FB607B689B69012B2C
:10E4700028D0FB6803F480027B68DB699A4221D1D3
:10E48000FB6803F03F027B681B6A9A421AD1FA6864
:10E4900047F6C07313407A68526A9201934211D1D1
:10E4A000FB6803F440327B689B6A5B08013B1B04FA
:10E4B0009A4207D1FB6803F070627B68DB6A1B0637
:10E4C0009A4201D0012300E0002318461837BD46C8
:10E4D00080BD00BF0038024080B584B000AF7860D6
:10E4E00039607B68002B01D10123CCE0684B1B68AD
:10E4F00003F007033A689A420CD9654B3A68D2B2E6
:10E500001A70634B1B6803F007033A689A4201D004
:10E510000123B8E07B681B6803F00203002B20D0C6
:10E520007B681B6803F00403002B05D0594B9B68E4
:10E53000584A43F4E05393607B681B6803F0080378
:10E54000002B05D0534B9B68524A43F460439360C1
:10E55000504B9B6823F0F0027B689B684D49134346
:10E560008B607B681B6803F00103002B44D07B6841
:10E570005B68012B07D1474B1B6803F40033002B6A
:10E5800019D101237FE07B685B68022B03D07B6895
:10E590005B68032B07D13F4B1B6803F00073002B14
:10E5A00009D101236FE03B4B1B6803F00203002BF2
:10E5B00001D1012367E0374B9B6823F003027B689E
:10E5C0005B68344913438B60FAF7B6F8F8600AE0E9
:10E5D000FAF7B2F80246FB68D31A41F28832934246
:10E5E00001D903234FE02B4B9B6803F00C027B689F
:10E5F0005B689B009A42EBD1254B1B6803F0070335
:10E600003A689A420CD2224B3A68D2B21A70204B26
:10E610001B6803F007033A689A4201D0012332E0F5
:10E620007B681B6803F00403002B08D0194B9B6820
:10E6300023F4E0527B68DB68164913438B607B68E8
:10E640001B6803F00803002B09D0124B9B6823F4CE
:10E6500060427B681B69DB000E4913438B6000F04E
:10E6600021F802460B4B9B681B0903F00F030A4974
:10E67000CB5C22FA03F3094A1360094B1B68184666
:10E68000FAF716F8002318461037BD4680BD00BFC4
:10E69000003C024000380240A4B101080000002004
:10E6A000080000202DE9B04F94B000AF00237B6438
:10E6B0000023FB6400233B640023BB64794B9B680D
:10E6C00003F00C03082B0DD0082B00F2E180002B87
:10E6D00002D0042B03D0DBE0734BBB64DBE0734B55
:10E6E000BB64D8E06F4B5B6803F03F037B646D4B0A
:10E6F0005B6803F48003002B63D06A4B5B689B0963
:10E700000022BB63FA63BB6BC3F308033B630023C4
:10E710007B63D7E90C4522462B464FF000004FF0B3
:10E720000001590141EAD261500102460B462146DF
:10E73000511A3961294663EB01037B614FF00002F6
:10E740004FF00003D7E904AB59468B01514643EA29
:10E75000916351468A015146B2EB0108594663EB79
:10E7600001094FF000024FF000034FEAC90343EAEA
:10E7700058734FEAC80290469946234618EB0303A4
:10E78000BB602B4649EB0303FB604FF000024FF0E8
:10E790000003D7E9024529464B02214643EAD153FB
:10E7A00021464A02104619467B6C0022BB62FA627F
:10E7B000D7E90A23F2F77AF802460B461346FB64C0
:10E7C00058E0384B5B689B09002218461146C0F39D
:10E7D00008033B6200237B62D7E9088942464B4627
:10E7E0004FF000004FF00001590141EAD2615001A1
:10E7F00002460B464146B2EB010A494663EB010B68
:10E800004FF000024FF000034FEA8B1343EA9A6384
:10E810004FEA8A12B2EB0A0463EB0B054FF00002D9
:10E820004FF00003EB0043EA5473E20014461D4628
:10E830004346E3183B604B4645EB03037B604FF0D8
:10E8400000024FF00003D7E9004529468B0221461C
:10E8500043EA915321468A02104619467B6C0022F6
:10E86000BB61FA61D7E90623F2F720F802460B46AE
:10E870001346FB640B4B5B681B0C03F00303013373
:10E880005B003B64FA6C3B6CB2FBF3F3BB6402E0ED
:10E89000054BBB6400BFBB6C18465037BD46BDE896
:10E8A000B08F00BF003802400024F40000127A004C
:10E8B00080B400AF034B1B681846BD465DF8047B6F
:10E8C000704700BF0000002080B500AFFFF7F0FFE9
:10E8D0000246054B9B689B0A03F007030349CB5C88
:10E8E00022FA03F3184680BD00380240B4B1010893
:10E8F00080B500AFFFF7DCFF0246054B9B685B0B62
:10E9000003F007030349CB5C22FA03F3184680BDEA
:10E9100000380240B4B1010880B586B000AF78601D
:10E9200000237B6100233B617B681B6803F00103CC
:10E93000002B05D17B681B6803F00403002B35D046
:10E94000624B00221A60F9F7F7FE786108E0F9F7E8
:10E95000F3FE02467B69D31A022B01D90323B0E0F0
:10E960005B4B1B6803F00063002BF0D17B685B6896
:10E970009A017B689B681B0755491343C1F8843093
:10E98000524B01221A60F9F7D7FE786108E0F9F7D7
:10E99000D3FE02467B69D31A022B01D9032390E0F0
:10E9A0004B4B1B6803F00063002BF0D07B681B68A7
:10E9B00003F00203002B00F083800023FB60444B34
:10E9C0001B6C434A43F080531364414B1B6C03F0B0
:10E9D0008053FB60FB683F4B1B683E4A43F48073E7
:10E9E0001360F9F7A9FE786108E0F9F7A5FE024681
:10E9F0007B69D31A022B01D9032362E0354B1B68D4
:10EA000003F48073002BF0D0314B1B6F03F4407381
:10EA10003B613B69002B2FD07B68DB6803F44073BC
:10EA20003A699A4228D02A4B1B6F23F440733B610A
:10EA3000294B01221A60284B00221A60244A3B69A4
:10EA40001367234B1B6F03F00103012B14D1F9F75C
:10EA500073FE78610AE0F9F76FFE02467B69D31A0C
:10EA600041F28832934201D903232AE0184B1B6FED
:10EA700003F00203002BEED07B68DB6803F44073E5
:10EA8000B3F5407F0DD1124B9B6823F4F8127B68DD
:10EA9000DB6823F0704323F440730D4913438B600C
:10EAA00005E00B4B9B680A4A23F4F8139360084B6C
:10EAB0001A6F7B68DB68C3F30B03054913430B67CD
:10EAC000002318461837BD4680BD00BF6800474286
:10EAD0000038024000700040400E474280B582B0CE
:10EAE00000AF78607B68002B01D101231CE07B68BC
:10EAF0005B79DBB2002B05D17B6800221A71786844
:10EB0000F4F7CAF87B6802225A717B681B681A689E
:10EB10007B681B6842F004021A607B6801225A710C
:10EB20007B6800229A60002318460837BD4680BDE6
:10EB300080B584B000AF786039600023FB737B68D8
:10EB40001B79012B01D1022344E07B6801221A7159
:10EB50007B685B79DBB2012B33D17B6802225A716F
:10EB6000F9F7EAFDB86018E0F9F7E6FD0246BB6880
:10EB7000D31A022B11D97B681B685B6803F0010371
:10EB8000012B0AD07B6801225A717B6802229A60AD
:10EB90007B6800221A7101231CE07B681B685B689C
:10EBA00003F00103012BDFD17B681B689A687B6847
:10EBB000DA607B68DA683B681A607B6801225A7108
:10EBC00004E07B6804229A600123FB737B680022C7
:10EBD0001A71FB7B18461037BD4680BD80B582B0E8
:10EBE00000AF78607B680C3319467868FFF7A0FFA8
:10EBF0000346002B02D17B68DB6800E00023184647
:10EC00000837BD4680BD80B584B000AF78607B68B2
:10EC1000002B01D1012373E07B685B7FDBB2002B0B
:10EC200005D17B6800221A777868F4F757F87B687B
:10EC300002225A777B681B68DB6803F01003102BF5
:10EC400055D07B681B68CA225A627B681B685322B6
:10EC50005A62786800F04AFA0346FB73FB7B002B8C
:10EC60002CD17B681B689B687A68126823F4E003E8
:10EC700023F0400393607B681B6899687B685A683F
:10EC80007B681B691A437B685B691A437B681B6856
:10EC90000A439A607B681B687A68D2681A617B684D
:10ECA0001B6819697B689B681A047B681B680A43A8
:10ECB0001A61786800F051FA0346FB73FB7B002B66
:10ECC00010D17B681B681A6C7B681B6822F4802259
:10ECD0001A647B681B68196C7B689A697B681B687F
:10ECE0000A431A647B681B68FF225A6201E0002312
:10ECF000FB73FB7B002B02D17B6801225A77FB7BE5
:10ED000018461037BD4680BD90B587B000AFF8609B
:10ED1000B9607A6000237B61FB681B7F012B01D106
:10ED2000022387E0FB6801221A77FB6802225A77E8
:10ED30007B68002B26D1FB681B689B6803F04003AF
:10ED4000002B02D1BB680022DA70BB681B78184622
:10ED500000F028FA03461C04BB685B78184600F0F4
:10ED600021FA03461B021C43BB689B78184600F03F
:10ED700019FA034644EA0302BB68DB789B05134398
:10ED80007B6118E0FB681B689B6803F04003002B65
:10ED900002D1BB680022DA70BB681B781A04BB681A
:10EDA0005B781B021343BA6892781A43BB68DB781E
:10EDB0009B0513437B61FB681B68CA225A62FB6890
:10EDC0001B6853225A62F86800F090F90346FB74FE
:10EDD000FB7C002B20D1FB681A687B6903F07F3332
:10EDE00023F0FE431360FB681B689A68FB681B688E
:10EDF00022F480229A60FB681B689968BB68DA6815
:10EE0000BB681B691A43FB681B680A439A60F86871
:10EE100000F0A3F90346FB74FB7C002B02D1FB68D6
:10EE200001225A77FB681B68FF225A62FB680022A6
:10EE30001A77FB7C18461C37BD4690BD80B586B05E
:10EE400000AFF860B9607A6000237B61FB681B68E3
:10EE50009A6ABB685A60FB681B681B69C3F30E02A1
:10EE6000BB689A60FB681B681B6803F07F3323F064
:10EE7000FE437B617B691B0CDBB203F03F03DAB21C
:10EE8000BB681A707B691B0ADBB203F07F03DAB23E
:10EE9000BB685A707B69DBB203F07F03DAB2BB68F0
:10EEA0009A707B699B0DDBB203F00103DAB2BB6899
:10EEB000DA707B68002B1AD1BB681B78184600F00B
:10EEC0008FF903461A46BB681A70BB685B78184610
:10EED00000F086F903461A46BB685A70BB689B78F7
:10EEE000184600F07DF903461A46BB689A70002365
:10EEF00018461837BD4680BD90B587B000AFF860A2
:10EF0000B9607A6000237B61FB681B7F012B01D114
:10EF1000022371E0FB6801221A77FB6802225A770C
:10EF20007B68002B0ED1BB685B7803F01003002BCD
:10EF300008D0BB685B7823F01003DBB20A33DAB287
:10EF4000BB685A707B68002B1CD1BB68DB78184605
:10EF500000F028F903461C04BB685B78184600F0F3
:10EF600021F903461B021C43BB689B78184600F03E
:10EF700019F9034644EA0302BB681B785B03134399
:10EF80007B610EE0BB68DB781A04BB685B781B0210
:10EF90001343BA6892781A43BB681B785B03134328
:10EFA0007B61FB681B68CA225A62FB681B6853229C
:10EFB0005A62F86800F09AF80346FB74FB7C002B59
:10EFC0000CD1FB681A687B6923F07F4323F0C003F0
:10EFD0005360F86800F0C1F80346FB74FB7C002B1B
:10EFE00002D1FB6801225A77FB681B68FF225A6234
:10EFF000FB6800221A77FB7C18461C37BD4690BD83
:10F0000080B586B000AFF860B9607A6000237B619C
:10F01000FB681B685B6823F07F4323F0C0037B61C0
:10F020007B691B0CDAB2BB68DA707B691B0ADBB246
:10F0300003F01F03DAB2BB685A707B69DBB203F0DE
:10F040003F03DAB2BB689A707B695B0BDBB203F0FB
:10F050000703DAB2BB681A707B68002B1AD1BB6851
:10F06000DB78184600F0BCF803461A46BB68DA7035
:10F07000BB685B78184600F0B3F803461A46BB68D5
:10F080005A70BB689B78184600F0AAF803461A46E7
:10F09000BB689A70002318461837BD4680BD000033
:10F0A00080B584B000AF78600023FB607B681B688C
:10F0B0000D4ADA60F9F740FBF86009E0F9F73CFB2C
:10F0C0000246FB68D31AB3F57A7F01D9032307E020
:10F0D0007B681B68DB6803F02003002BEED0002365
:10F0E00018461037BD4680BD5F7F010080B584B0F3
:10F0F00000AF78600023BB600023FB737B681B6854
:10F10000DB6803F04003002B22D17B681B68DA68C0
:10F110007B681B6842F08002DA60F9F70DFBB8608B
:10F120000CE0F9F709FB0246BB68D31AB3F57A7F06
:10F1300004D97B6804225A770123FB737B681B6820
:10F14000DB6803F04003002B02D1FB7B012BE8D1ED
:10F15000FB7B18461037BD4680BD80B584B000AF3C
:10F1600078600023FB737B681B68DA687B681B6828
:10F1700022F08002DA607B681B689B6803F0200342
:10F18000002B0AD17868FFF78BFF0346002B04D0D1
:10F190007B6804225A770123FB73FB7B18461037E8
:10F1A000BD4680BD80B485B000AF0346FB7100232F
:10F1B000FB6005E0FB680133FB60FB790A3BFB71F8
:10F1C000FB79092BF6D8FB68DBB21B01DAB2FB79BD
:10F1D0001343DBB218461437BD465DF8047B704715
:10F1E00080B485B000AF0346FB710023FB60FB7960
:10F1F0001B09DBB21A4613469B0013445B00FB60FD
:10F20000FB68DAB2FB7903F00F03DBB21344DBB225
:10F2100018461437BD465DF8047B704780B487B04C
:10F2200000AFF860B9607A6000237B61FB681B68FF
:10F2300050337B61BB689B007A6913447B617B69B7
:10F240007A681A6000BF1C37BD465DF8047B7047C2
:10F2500080B485B000AF786039600023FB607B68C4
:10F260001B685033FB603B689B00FA681344FB60EB
:10F27000FB681B6818461437BD465DF8047B704771
:10F2800080B582B000AF78607B68002B01D101238C
:10F2900022E07B6893F83430DBB2002B05D17B6829
:10F2A00000221A777868F3F743FD7B68032283F81E
:10F2B0003420786800F014F80346002B01D00123B5
:10F2C0000AE07B6800229A637B6800221A637B68ED
:10F2D000012283F83420002318460837BD4680BD3C
:10F2E000B0B58EB004AF78600023FB6000233B61B3
:10F2F00000237B610023BB610023FB6176233B621B
:10F300007B681D686C4607F1180393E8070084E8E2
:10F31000070007F10C030ECB284604F035F82A4B02
:10F3200000221A607B681B68184604F076F8264BAA
:10F3300001221A600220F9F70BFA786801F012F93D
:10F3400078627B6A002B0BD07B68012283F8342023
:10F350007B689A6B7B6A1A437B689A6301232EE071
:10F36000786801F031F878627B6A002B0BD07B68FB
:10F37000012283F834207B689A6B7B6A1A437B688E
:10F380009A6301231BE07B681B684FF400711846E9
:10F3900004F0D5F878627B6A002B0FD07B681B687D
:10F3A0000A4A9A637B689A6B7B6A1A437B689A6302
:10F3B0007B68012283F83420012300E000231846F3
:10F3C0002837BD46B0BD00BFA0802542FF054000E4
:10F3D00080B592B000AFF860B9607A603B60F9F731
:10F3E000ABF938637B68BB63BB687B63BB68002B8E
:10F3F00007D1FB689B6B43F00062FB689A630123B3
:10F40000C5E1FB6893F83430DBB2012B40F0B881E2
:10F41000FB6800229A63BA6B3B681A44FB68DB6D99
:10F420009A4207D9FB689B6B43F00072FB689A63B2
:10F430000123ACE1FB68032283F83420FB681B68DE
:10F440000022DA62FB685B6C012B02D0BB6B5B02B3
:10F45000BB634FF0FF337B613B685B02BB61902372
:10F46000FB6102233B6200237B620123BB62FB68DA
:10F470001B6807F114021146184604F034F83B6883
:10F48000012B0AD9FB6802221A63FB681B68B96B5F
:10F49000184604F098F8786409E0FB6801221A63C2
:10F4A000FB681B68B96B184604F06BF878647B6CDA
:10F4B000002B12D0FB681B687E4A9A63FB689A6B2C
:10F4C0007B6C1A43FB689A63FB68012283F8342043
:10F4D000FB6800221A63012359E1BB69FB6361E009
:10F4E000FB681B685B6B03F40043002B3CD0FB6B99
:10F4F000002B39D000233B6433E0FB681B681846BF
:10F5000003F06DFFF862FB6ADAB27B6B1A707B6BFB
:10F5100001337B63FB6B013BFB63FB6A1B0ADAB2C3
:10F520007B6B1A707B6B01337B63FB6B013BFB6373
:10F53000FB6A1B0CDAB27B6B1A707B6B01337B634B
:10F54000FB6B013BFB63FB6A1B0EDAB27B6B1A7031
:10F550007B6B01337B63FB6B013BFB633B6C0133D8
:10F560003B643B6C072BC8D9F9F7E6F802463B6BC6
:10F57000D31A3A6D9A4202D93B6D002B12D1FB6827
:10F580001B684C4A9A63FB689B6B43F00042FB6824
:10F590009A63FB68012283F83420FB6800221A6317
:10F5A0000323F4E0FB681B685A6B40F22A331340D4
:10F5B000002B95D0FB681B685B6B03F48073002BFA
:10F5C00022D03B68012B1FD9FB685B6C032B1BD03F
:10F5D000FB681B68184604F05DF878647B6C002BB0
:10F5E00012D0FB681B68334A9A63FB689A6B7B6C8A
:10F5F0001A43FB689A63FB68012283F83420FB6896
:10F6000000221A630123C2E0FB681B685B6B03F0F6
:10F610000803002B06D1FB681B685B6B03F40073C7
:10F62000002B12D0FB681B68224A9A63FB689B6B15
:10F6300043F00802FB689A63FB68012283F83420D8
:10F64000FB6800221A630123A1E0FB681B685B6B67
:10F6500003F00203002B12D0FB681B68154A9A6363
:10F66000FB689B6B43F00202FB689A63FB68012214
:10F6700083F83420FB6800221A63012387E0FB68CB
:10F680001B685B6B03F02003002B64D0FB681B68D6
:10F69000084A9A63FB689B6B43F02002FB689A63FD
:10F6A000FB68012283F83420FB6800221A630123DF
:10F6B0006DE000BFFF054000FB681B68184603F0C3
:10F6C0008EFEF862FB6ADAB27B6B1A707B6B0133D9
:10F6D0007B63FB6B013BFB63FB6A1B0ADAB27B6B50
:10F6E0001A707B6B01337B63FB6B013BFB63FB6A33
:10F6F0001B0CDAB27B6B1A707B6B01337B63FB6B89
:10F70000013BFB63FB6A1B0EDAB27B6B1A707B6BEF
:10F7100001337B63FB6B013BFB63F9F70DF802469A
:10F720003B6BD31A3A6D9A4202D93B6D002B12D132
:10F73000FB681B68184A9A63FB689B6B43F00042A6
:10F74000FB689A63FB68012283F83420FB6800227F
:10F750001A6301231BE0FB681B685B6B03F4001357
:10F76000002B02D0FB6B002BA6D1FB681B6840F27C
:10F770003A529A63FB68012283F83420002306E0A2
:10F78000FB689B6B43F00052FB689A6301231846A9
:10F790004837BD4680BD00BFFF05400080B592B030
:10F7A00000AFF860B9607A603B60F8F7C5FF386376
:10F7B0007B68BB63BB687B63BB68002B07D1FB68BE
:10F7C0009B6B43F00062FB689A6301236DE1FB6869
:10F7D00093F83430DBB2012B40F06081FB680022EB
:10F7E0009A63BA6B3B681A44FB68DB6D9A4207D98F
:10F7F000FB689B6B43F00072FB689A63012354E142
:10F80000FB68032283F83420FB681B680022DA625D
:10F81000FB685B6C012B02D0BB6B5B02BB634FF0E0
:10F82000FF33BB613B685B02FB6190233B620023BB
:10F830007B620023BB620123FB62FB681B6807F14C
:10F8400018021146184603F04EFE3B68012B0AD9F8
:10F85000FB6820221A63FB681B68B96B184603F02B
:10F86000F6FE786409E0FB6810221A63FB681B68E7
:10F87000B96B184603F0C9FE78647B6C002B12D07C
:10F88000FB681B688B4A9A63FB689A6B7B6C1A4314
:10F89000FB689A63FB68012283F83420FB6800222E
:10F8A0001A63012301E1FB69FB6365E0FB681B68E8
:10F8B0005B6B03F48043002B40D0FB6B002B3DD0EF
:10F8C00000233B6437E07B6B1B787B617B6B0133F0
:10F8D0007B63FB6B013BFB637B6B1B781A027B69D1
:10F8E00013437B617B6B01337B63FB6B013BFB63EE
:10F8F0007B6B1B781A047B6913437B617B6B013341
:10F900007B63FB6B013BFB637B6B1B781A067B699C
:10F9100013437B617B6B01337B63FB6B013BFB63BD
:10F92000FB681B6807F114021146184603F064FDDA
:10F930003B6C01333B643B6C072BC4D9F8F7FCFEEE
:10F9400002463B6BD31A3A6D9A4202D93B6D002BAB
:10F9500012D1FB681B68574A9A63FB689A6B7B6CF1
:10F960001A43FB689A63FB68012283F83420FB6822
:10F9700000221A63032398E0FB681B685A6B40F26D
:10F980001A331340002B91D0FB681B685B6B03F4A8
:10F990008073002B22D03B68012B1FD9FB685B6C66
:10F9A000032B1BD0FB681B68184603F073FE7864BA
:10F9B0007B6C002B12D0FB681B683E4A9A63FB6885
:10F9C0009A6B7B6C1A43FB689A63FB68012283F88D
:10F9D0003420FB6800221A63012366E0FB681B6881
:10F9E0005B6B03F00803002B06D1FB681B685B6BA5
:10F9F00003F40073002B12D0FB681B682D4A9A6336
:10FA0000FB689B6B43F00802FB689A63FB6801226A
:10FA100083F83420FB6800221A63012345E0FB6869
:10FA20001B685B6B03F00203002B12D0FB681B68A2
:10FA3000204A9A63FB689B6B43F00202FB689A635F
:10FA4000FB68012283F83420FB6800221A6301233B
:10FA50002BE0FB681B685B6B03F01003002B12D0DC
:10FA6000FB681B68134A9A63FB689B6B43F01002A8
:10FA7000FB689A63FB68012283F83420FB6800224C
:10FA80001A63012311E0FB681B6840F23A529A6343
:10FA9000FB68012283F83420002306E0FB689B6B9F
:10FAA00043F00052FB689A63012318464837BD466D
:10FAB00080BD00BFFF05400080B584B000AF786016
:10FAC0007B681B6BFB607B681B685B6B03F400430C
:10FAD000002B08D0FB6803F00803002B03D07868E4
:10FAE00000F066FF65E17B681B685B6B03F4807365
:10FAF000002B00F08F807B681B684FF480729A6344
:10FB00007B681B68DB6B7A68126823F4434323F03D
:10FB10003A03D3637B681B68DA6A7B681B6822F050
:10FB20000102DA62FB6803F00803002B39D0FB689E
:10FB300003F00203002B04D1FB6803F02003002B29
:10FB400011D07B681B68184603F0A4FDB860BB6841
:10FB5000002B08D07B689A6BBB681A437B689A635A
:10FB6000786800F02FF97B681B6840F23A529A637C
:10FB70007B68012283F834207B6800221A63FB68CB
:10FB800003F00103002B04D1FB6803F00203002BF8
:10FB900003D0786805F094FB0BE1786805F086FBEC
:10FBA00007E1FB6803F08003002B00F00281FB6893
:10FBB00003F02003002B11D07B681B68184603F06C
:10FBC00069FDB860BB68002B08D07B689A6BBB6886
:10FBD0001A437B689A63786800F0F4F8FB6803F0D6
:10FBE0000103002B40F0E580FB6803F00203002BCB
:10FBF00040F0DF807B681B68DA6A7B681B6822F054
:10FC00000802DA627B68012283F83420786805F004
:10FC10004DFBCEE07B681B685B6B03F48043002BDD
:10FC200008D0FB6803F00803002B03D0786800F0CD
:10FC300010FFBEE07B681B685A6B40F23A2313400A
:10FC4000002B00F0B6807B681B685B6B03F002033F
:10FC5000002B05D07B689B6B43F002027B689A63A4
:10FC60007B681B685B6B03F00803002B05D07B6887
:10FC70009B6B43F008027B689A637B681B685B6B35
:10FC800003F02003002B05D07B689B6B43F0200220
:10FC90007B689A637B681B685B6B03F01003002B27
:10FCA00005D07B689B6B43F010027B689A637B688E
:10FCB0001B685B6B03F40073002B05D07B689B6BA8
:10FCC00043F008027B689A637B681B6840F23A72D3
:10FCD0009A637B681B68DB6B7A68126823F44E7347
:10FCE00023F00203D3637B681B68184603F0D2FC41
:10FCF00002467B689B6B1A437B689A63FB6803F040
:10FD00000803002B0AD07B68012283F834207B682B
:10FD100000221A63786800F055F84AE0FB6803F0A7
:10FD20008003002B45D0FB6803F01003002B04D1A7
:10FD3000FB6803F02003002B11D07B68DB6B1F4AAC
:10FD40001A657B68DB6B1846FAF7EEFB0346002B5F
:10FD50002FD07B68DB6B184600F0C8FA29E0FB68FF
:10FD600003F00103002B04D1FB6803F00203002B16
:10FD700011D07B681B6C124A1A657B681B6C184695
:10FD8000FAF7D2FB0346002B13D07B681B6C184696
:10FD900000F0E3FA0DE07B6800229A637B680122A1
:10FDA00083F834207B6800221A63786805F074FABF
:10FDB000FFE700BF1037BD4680BD00BFED02010860
:10FDC0005B03010880B483B000AF786000BF0C37DC
:10FDD000BD465DF8047B704780B483B000AF7860A7
:10FDE00039607B685B6E9B0FDAB23B681A707B6888
:10FDF0005B6E9B0EDBB203F00F03DAB23B685A7006
:10FE00007B685B6E1B0EDBB203F00303DAB23B6868
:10FE10009A707B685B6E1B0CDAB23B68DA707B68A9
:10FE20005B6E1B0ADAB23B681A717B685B6EDAB2F2
:10FE30003B685A717B689B6E1B0D9AB23B68DA80F7
:10FE40007B689B6E1B0CDBB203F00F03DAB23B68DE
:10FE50001A727B689B6EDB0BDBB203F00103DAB234
:10FE60003B685A727B689B6E9B0BDBB203F001030D
:10FE7000DAB23B689A727B689B6E5B0BDBB203F075
:10FE80000103DAB23B68DA727B689B6E1B0BDBB254
:10FE900003F00103DAB23B681A733B6800225A731D
:10FEA0007B685B6C002B63D17B689B6E9A0040F68D
:10FEB000FC7313407A68D26E920F1A433B681A6142
:10FEC0007B68DB6EDB0EDBB203F00703DAB23B6864
:10FED0001A757B68DB6E1B0EDBB203F00703DAB228
:10FEE0003B685A757B68DB6E5B0DDBB203F0070382
:10FEF000DAB23B689A757B68DB6E9B0CDBB203F071
:10FF00000703DAB23B68DA757B68DB6EDB0BDBB2CA
:10FF100003F00703DAB23B681A763B681B695A1C88
:10FF20007B685A653B681B7EDBB203F00703023334
:10FF3000012202FA03F37A68526D03FB02F27B6836
:10FF40005A653B681B7ADBB203F00F0301229A402B
:10FF50007B689A657B685B6D7A68926D520A03FBD9
:10FF600002F27B68DA657B684FF400721A6631E052
:10FF70007B685B6C012B1DD17B689B6E1B0403F4BB
:10FF80007C127B68DB6E1B0C1A433B681A613B6872
:10FF90001B6901339A027B685A657B685A6D7B68DE
:10FFA000DA657B684FF400729A657B689A6D7B68AE
:10FFB0001A660FE07B681B68584A9A637B689B6BE4
:10FFC00043F080527B689A637B68012283F8342077
:10FFD00001239DE07B68DB6E9B0BDBB203F001032A
:10FFE000DAB23B685A767B68DB6EDB09DBB203F082
:10FFF0007F03DAB23B689A767B68DB6EDBB203F094
:020000040801F1
:100000007F03DAB23B68DA767B681B6FDB0FDAB20C
:100010003B681A777B681B6F5B0FDBB203F003034F
:10002000DAB23B685A777B681B6F9B0EDBB203F03A
:100030000703DAB23B689A777B681B6F9B0DDBB2D4
:1000400003F00F03DAB23B68DA777B681B6F5B0D56
:10005000DBB203F00103DAB23B6883F820203B688F
:10006000002283F821207B681B6F1B0CDBB203F09E
:100070000103DAB23B6883F822207B681B6FDB0B3D
:10008000DBB203F00103DAB23B6883F823207B681C
:100090001B6F9B0BDBB203F00103DAB23B6883F802
:1000A00024207B681B6F5B0BDBB203F00103DAB229
:1000B0003B6883F825207B681B6F1B0BDBB203F0CA
:1000C0000103DAB23B6883F826207B681B6F9B0A2A
:1000D000DBB203F00303DAB23B6883F827207B68C6
:1000E0001B6F1B0ADBB203F00303DAB23B6883F831
:1000F00028207B681B6F5B08DBB203F07F03DAB25A
:100100003B6883F829203B68012283F82A200023DA
:1001100018460C37BD465DF8047B7047FF0540006C
:1001200080B483B000AF786039607B685A6C3B68FC
:100130001A607B689A6C3B685A607B68DA6C3B6833
:100140009A607B681A6D3B68DA607B685A6D3B6821
:100150001A617B689A6D3B685A617B68DA6D3B680F
:100160009A617B681A6E3B68DA61002318460C3787
:10017000BD465DF8047B7047B0B58EB004AF7860C3
:100180003960002387F827307B68032283F8342006
:100190007B685B6C032B2ED03B68B3F5805F06D188
:1001A0007B689B6B43F080527B689A6329E03B68D5
:1001B000B3F5006F0AD1786800F08AFA38627B687C
:1001C0009A6B3B6A1A437B689A631AE03B68002B80
:1001D0000AD1786800F0C7FA38627B689A6B3B6A8C
:1001E0001A437B689A630CE07B689B6B43F0006268
:1001F0007B689A6305E07B689B6B43F080527B6869
:100200009A637B689B6B002B0BD07B681B68264A2C
:100210009A637B68012283F83420012387F8273012
:100220001FE07B685B68BB607B689B68FB607B68EA
:10023000DB683B613B687B617B685B69BB617B68BA
:100240009B69FB617B681D686C4607F1140393E8AA
:10025000070084E8070007F108030ECB284603F0E7
:1002600093F87B681B684FF40071184603F067F938
:1002700038623B6A002B0CD07B681B680A4A9A6381
:100280007B689A6B3B6A1A437B689A63012387F801
:1002900027307B68012283F8342097F827301846EE
:1002A0002837BD46B0BD00BFFF05400080B586B011
:1002B00000AF78600023FB6007F10C0319467868F3
:1002C00000F0DEF978617B69002B05D07B689A6BC2
:1002D0007B691A437B689A63FB685B0A03F00F0330
:1002E0003B613B6918461837BD4680BD80B584B078
:1002F00000AF78607B689B6BFB60FB681B6840F21B
:100300003A529A63F868FFF7D1FFB860FB680122A0
:1003100083F83420FB6800221A63BB68062B02D0E6
:10032000BB68052B0AD1FB681B68184603F0B2F9BD
:100330000246FB689B6B1A43FB689A63FB689B6BE6
:10034000002B03D1F86804F0A7FF02E0F868FFF77C
:1003500039FD00BF1037BD4680BD80B584B000AF09
:1003600078607B689B6BFB60FB681B6840F23A52CD
:100370009A63F868FFF79AFFB860FB68012283F878
:100380003420FB6800221A63BB68062B02D0BB68CE
:10039000052B0AD1FB681B68184603F07BF902465F
:1003A000FB689B6B1A43FB689A63FB689B6B002B93
:1003B00003D1F86804F070FF02E0F868FFF702FD6F
:1003C00000BF1037BD4680BDB0B594B004AF7860B3
:1003D0000123FB817B681B68184603F02CF8034659
:1003E000002B02D14FF08063B8E07B685B6C032B7D
:1003F0002FD07B681B68184603F056FAF863FB6B36
:10040000002B01D0FB6BA9E07B681B68002118461C
:1004100003F056F802467B685A677B681B68042124
:10042000184603F04DF802467B689A677B681B68A4
:100430000821184603F044F802467B68DA677B68B7
:100440001B680C21184603F03BF802467B68C3F892
:1004500080207B685B6C032B0DD07B681B6807F1E9
:100460000E021146184603F05CFAF863FB6B002B92
:1004700001D0FB6B72E07B685B6C032B36D0FB8991
:100480001A467B681A657B681A687B681B6D1B04BB
:100490001946104603F026FAF863FB6B002B01D0D7
:1004A000FB6B5BE07B681B680021184603F008F8D3
:1004B00002467B685A667B681B680421184602F076
:1004C000FFFF02467B689A667B681B680821184616
:1004D00002F0F6FF02467B68DA667B681B680C2137
:1004E000184602F0EDFF02467B681A677B681B68BE
:1004F0000421184602F0E4FF03461A0D7B68DA6413
:1005000007F1100319467868FFF766FC0346002BD5
:1005100002D04FF0805321E07B6819687B681B6D27
:100520001B0400221C46154622462B46084603F0B3
:10053000D3F8F863FB6B002B01D0FB6B0EE07B68FC
:100540001D687B686C4603F1100207CA84E8070047
:1005500004330ECB284602F017FF0023184640371D
:10056000BD46B0BD80B586B000AF78600023BB60EB
:1005700000237B6100233B617B681B68184603F006
:10058000CEF8F860FB68002B01D0FB6872E07B6856
:100590001B68184603F0E1F8F860FB68002B0DD0EB
:1005A0007B6800229A647B681B68184603F0B7F8E2
:1005B000F860FB68002B04D0FB685BE07B680122DD
:1005C0009A647B689B6C012B37D17B681B68002188
:1005D000184603F0E1F8F860FB68002B2DD04FF0CF
:1005E000805347E07B681B680021184603F0D4F86D
:1005F000F860FB68002B01D0FB683BE07B681B6860
:100600001E49184603F0EAF8F860FB68002B02D098
:100610004FF080532EE07B681B680021184602F0E3
:100620004FFF78617B69DB0F012B01D1012300E0D3
:1006300000233B61BB680133BB60BB684FF6FE72B1
:10064000934202D83B69002BCCD0BB684FF6FE72B8
:10065000934202D94FF080730CE07B6903F0804332
:10066000002B03D07B6801225A6402E07B680022E1
:100670005A64002318461837BD4680BD000010C1DB
:1006800080B584B000AF786039603B68002B02D140
:100690004FF0006318E07B681A687B681B6D1B04D1
:1006A0001946104603F05EF9F860FB68002B01D094
:1006B000FB6809E07B681B680021184602F000FF18
:1006C00002463B681A60002318461037BD4680BDBD
:1006D00080B586B000AF78600023FB6000233B61EB
:1006E0007B681B680021184602F0EAFE034603F00F
:1006F0000073B3F1007F02D14FF400632FE007F1E4
:100700000C031946786800F079F878617B69002B52
:1007100001D07B6923E03B6903F48023002B1CD0CC
:100720007B681A687B681B6D1B041946104603F032
:1007300033F878617B69002B01D07B690FE07B681F
:100740001B680221184603F06CF878617B69002B66
:1007500001D07B6903E0002301E04FF0806318467D
:100760001837BD4680BD80B586B000AF78600023E5
:10077000FB6000233B617B681B680021184602F088
:100780009FFE034603F00073B3F1007F02D14FF4E4
:1007900000632FE007F10C031946786800F02EF88B
:1007A00078617B69002B01D07B6923E03B6903F40E
:1007B0008033002B1CD07B681A687B681B6D1B0480
:1007C0001946104602F0E8FF78617B69002B01D0E2
:1007D0007B690FE07B681B680021184603F021F855
:1007E00078617B69002B01D07B6903E0002301E085
:1007F0004FF0806318461837BD4680BD90B58FB066
:1008000000AF78603960F7F797FF386300237B63A8
:100810000023BB600023FB603B68FB627B681B68B6
:100820000821184602F08BFEB862BB6A002B01D08B
:10083000BB6AB9E07B681A687B681B6D1B041946AC
:10084000104602F0A9FFB862BB6A002B01D0BB6A58
:10085000AAE04FF0FF333B6108237B613023BB618B
:100860000223FB6100233B6201237B627B681B68E0
:1008700007F110021146184602F035FE7B681B682E
:10088000184602F0F0FFB862BB6A002B2AD0BB6AA0
:100890008AE07B681B685B6B03F40013002B0FD0AE
:1008A0007B6819687B6B9B0007F10802D418084627
:1008B00002F095FD034623607B6B01337B6306E00A
:1008C0007B681B685B6B03F40053002B12D0F7F7B7
:1008D00033FF02463B6BD31AB3F1FF3F02D14FF017
:1008E000004361E07B681B685B6B03F02A03002B0D
:1008F000CFD000E000BF7B681B685B6B03F0080390
:10090000002B06D17B681B685B6B03F40073002B24
:1009100005D07B681B6808229A63082344E07B6843
:100920001B685B6B03F00203002B05D07B681B6820
:1009300002229A63022337E07B681B685B6B03F03B
:100940002003002B05D07B681B6820229A6320239C
:100950002AE07B681B6840F23A529A63FB681A06E9
:10096000FB681B0203F47F031A43FB681B0A03F4B2
:100970007F431A43FB681B0E1A43FB6A1A60FB6A2B
:100980000433FB62BB681A06BB681B0203F47F03D7
:100990001A43BB681B0A03F47F431A43BB681B0E50
:1009A0001A43FB6A1A60002318463C37BD4690BDC7
:1009B00080B586B000AF78607B689B6AFB607B681F
:1009C000DB6A3B613B69002B3FD000237B6133E056
:1009D0007B681B68184602F002FDB860BB68DAB29B
:1009E000FB681A70FB680133FB603B69013B3B61AC
:1009F000BB681B0ADAB2FB681A70FB680133FB6044
:100A00003B69013B3B61BB681B0CDAB2FB681A70A7
:100A1000FB680133FB603B69013B3B61BB681B0E1C
:100A2000DAB2FB681A70FB680133FB603B69013B7B
:100A30003B617B6901337B617B69072BC8D97B688C
:100A4000FA689A627B683A69DA6200BF1837BD4675
:100A500080BD80B586B000AF78607B681B6AFB60A4
:100A60007B685B6A3B613B69002B43D000237B6161
:100A700037E0FB681B78BB60FB680133FB603B69B8
:100A8000013B3B61FB681B781A02BB681343BB60E8
:100A9000FB680133FB603B69013B3B61FB681B78F2
:100AA0001A04BB681343BB60FB680133FB603B69FE
:100AB000013B3B61FB681B781A06BB681343BB60B4
:100AC000FB680133FB603B69013B3B617B681B6852
:100AD00007F108021146184602F08EFC7B690133CB
:100AE0007B617B69072BC4D97B68FA681A627B68D3
:100AF0003A695A6200BF1837BD4680BD80B582B0E2
:100B000000AF78607B68002B01D101237BE07B681C
:100B10005B6A002B08D17B685B68B3F5827F09D0E4
:100B20007B680022DA6105E07B6800221A617B683D
:100B300000225A617B6800229A627B6893F85130E8
:100B4000DBB2002B06D17B68002283F85020786846
:100B5000F2F7DEF97B68022283F851207B681B687C
:100B60001A687B681B6822F040021A607B685B6829
:100B700003F482727B689B6803F404431A437B6826
:100B8000DB6803F400631A437B681B6903F002030C
:100B90001A437B685B6903F001031A437B689B6916
:100BA00003F400731A437B68DB6903F038031A43CC
:100BB0007B681B6A03F0800342EA03017B689B6A3F
:100BC00003F400527B681B680A431A607B689B69C8
:100BD0001B0C03F004017B685B6A03F010027B6866
:100BE0001B680A435A607B681B68DA697B681B686C
:100BF00022F40062DA617B6800225A657B68012278
:100C000083F85120002318460837BD4680BD80B5C3
:100C10008AB000AFF860B9607A607B8001237B62A4
:100C2000F7F78AFD3862FB6893F85130FB77FB6871
:100C30005B68BB617B88FB82FB7F012B0CD0BB69AF
:100C4000B3F5827F06D1FB689B68002B02D1FB7F46
:100C5000042B01D002237FE1BB68002B05D07B6809
:100C6000002B02D07B88002B01D1012374E1FB68AB
:100C700093F85030012B01D102236DE1FB68012272
:100C800083F85020FB6893F85130DBB2042B03D07B
:100C9000FB68052283F85120FB6800225A65FB6837
:100CA0007A689A63FB687A88DA87FB687A889A8719
:100CB000FB68BA681A63FB687A88DA86FB687A8808
:100CC0009A86FB6800221A64FB6800225A64FB685B
:100CD0001B681B6803F04003402B07D0FB681B68B0
:100CE0001A68FB681B6842F040021A60FB68DB6808
:100CF000B3F5006F7ED1FB685B68002B02D0FB8AE6
:100D0000012B6CD1FB681B6B1A88FB681B68DA60CF
:100D1000FB681B6B9A1CFB681A63FB68DB8E9BB23B
:100D2000013B9AB2FB68DA8659E0FB681B689B6856
:100D300003F00203022B1BD1FB68DB8E9BB2002B5E
:100D400016D07B6A012B13D1FB681B6B1A88FB68DA
:100D50001B68DA60FB681B6B9A1CFB681A63FB68F4
:100D6000DB8E9BB2013B9AB2FB68DA8600237B6282
:100D7000FB681B689B6803F00103012B19D1FB681A
:100D8000DB8F9BB2002B14D0FB681B68DA68FB6812
:100D90009B6B92B21A80FB689B6B9A1CFB689A63F0
:100DA000FB68DB8F9BB2013B9AB2FB68DA870123B9
:100DB0007B62F7F7C1FC02463B6AD31A3A6B9A4250
:100DC0000DD83B6BB3F1FF3F09D0FB68012283F8DC
:100DD0005120FB68002283F850200323BCE0FB680D
:100DE000DB8E9BB2002BA0D1FB68DB8F9BB2002B6C
:100DF0009BD182E0FB685B68002B02D0FB8A012B51
:100E000071D1FB681A6BFB681B680C3312781A707F
:100E1000FB681B6B5A1CFB681A63FB68DB8E9BB27A
:100E2000013B9AB2FB68DA865DE0FB681B689B6851
:100E300003F00203022B1CD1FB68DB8E9BB2002B5C
:100E400017D07B6A012B14D1FB681A6BFB681B68F7
:100E50000C3312781A70FB681B6B5A1CFB681A6300
:100E6000FB68DB8E9BB2013B9AB2FB68DA860023FB
:100E70007B62FB681B689B6803F00103012B19D19F
:100E8000FB68DB8F9BB2002B14D0FB681B68DA6811
:100E9000FB689B6BD2B21A70FB689B6B5A1CFB6899
:100EA0009A63FB68DB8F9BB2013B9AB2FB68DA87DF
:100EB00001237B62F7F740FC02463B6AD31A3A6B88
:100EC0009A4203D83B6BB3F1FF3F02D13B6B002B3F
:100ED00009D1FB68012283F85120FB68002283F8C6
:100EE0005020032338E0FB68DB8E9BB2002B9CD1A3
:100EF000FB68DB8F9BB2002B97D13A6A396BF8689D
:100F000000F0D4F90346002B08D0FB6820225A6574
:100F1000FB68002283F8502001231DE0FB689B68DA
:100F2000002B0AD100233B61FB681B68DB683B6137
:100F3000FB681B689B683B613B69FB68012283F887
:100F40005120FB68002283F85020FB685B6D002B6A
:100F500001D0012300E0002318462837BD4680BD9C
:100F600080B588B000AF78607B681B685B68FB6108
:100F70007B681B689B68BB61BB699B0903F001032D
:100F8000002B0FD1BB6903F00103002B0AD0FB69D2
:100F90009B0903F00103002B04D07B681B6C78686D
:100FA0009847D7E0BB695B0803F00103002B0AD028
:100FB000FB69DB0903F00103002B04D07B685B6C49
:100FC00078689847C6E0BB695B0903F00103002B12
:100FD0000CD1BB699B0903F00103002B06D1BB694F
:100FE0001B0A03F00103002B00F0B480FB695B09CE
:100FF00003F00103002B00F0AD80BB699B0903F0F7
:101000000103002B23D07B6893F85130DBB2032B14
:1010100011D07B685B6D43F004027B685A65002346
:101020007B617B681B68DB687B617B681B689B68F6
:101030007B617B690BE000233B617B681B68DB689D
:101040003B617B681B689B683B613B6982E0BB69D5
:101050005B0903F00103002B14D07B685B6D43F048
:1010600001027B685A650023FB607B681B689B68F4
:10107000FB607B681B681A687B681B6822F0400273
:101080001A60FB68BB691B0A03F00103002B0CD03C
:101090007B685B6D43F008027B685A650023BB6088
:1010A0007B681B689B68BB60BB687B685B6D002BC3
:1010B0004FD07B681B685A687B681B6822F0E0028F
:1010C0005A607B68012283F85120FB6903F0020318
:1010D000002B04D1FB6903F00103002B34D07B68A3
:1010E0001B685A687B681B6822F003025A607B68A1
:1010F000DB6C002B11D07B68DB6C184A1A657B68AF
:10110000DB6C1846F9F710FA0346002B05D07B6814
:101110005B6D43F040027B685A657B689B6C002BDB
:1011200016D07B689B6C0D4A1A657B689B6C1846D1
:10113000F9F7FAF90346002B0AD07B685B6D43F0A0
:1011400040027B685A6503E0786800F009F800E027
:1011500000BF00BF2037BD4680BD00BF751101082C
:1011600080B483B000AF786000BF0C37BD465DF837
:10117000047B704780B584B000AF78607B689B6B60
:10118000FB60FB680022DA87FB680022DA86F868D9
:10119000FFF7E6FF00BF1037BD4680BD80B588B0C1
:1011A00000AFF860B9603B601346FB71F7F7C4FA13
:1011B0000246BB6A9B1A3A681344FB61F7F7BCFA14
:1011C000B861394B1B685B011B0DFA6902FB03F325
:1011D0007B6155E03B68B3F1FF3F51D0F7F7ACFAC4
:1011E0000246BB69D31AFA699A4202D9FB69002BFD
:1011F0003DD1FB681B685A68FB681B6822F0E0025F
:101200005A60FB685B68B3F5827F11D1FB689B680D
:10121000B3F5004F04D0FB689B68B3F5806F07D12E
:10122000FB681B681A68FB681B6822F040021A60A2
:10123000FB689B6AB3F5005F0FD1FB681B681A68F7
:10124000FB681B6822F400521A60FB681B681A686E
:10125000FB681B6842F400521A60FB68012283F8A5
:101260005120FB68002283F85020032318E07B699B
:10127000002B02D10023FB6102E07B69013B7B6113
:10128000FB681B689A68BB681340BA689A420CBF37
:1012900001230023DBB21A46FB799A429AD100233C
:1012A00018462037BD4680BD0000002080B588B0BC
:1012B00002AFF860B9607A607B680093BB68012276
:1012C0000221F868FFF76AFF0346002B07D0FB688E
:1012D0005B6D43F02002FB685A65032332E01B4B31
:1012E0001B681B4AA2FB03235B0D4FF47A7202FBBF
:1012F00003F37B61FB685B68B3F5827F12D17B6887
:101300000093BB6800228021F868FFF747FF03467F
:10131000002B16D0FB685B6D43F02002FB685A651A
:1013200003230FE07B69002B0AD07B69013B7B61C3
:10133000FB681B689B6803F08003802BF2D000E001
:1013400000BF002318461837BD4680BD00000020AE
:10135000819F5E1680B584B000AFF860B9607A6096
:10136000FB68002B01D1012338E0FB6893F849307A
:10137000DBB2002B06D1FB68002283F84820F86816
:10138000F1F7E4FFFB681A68FB680833194610465A
:1013900001F02AFFFB681868FB689B681A46B96869
:1013A00001F08CFFFB685868FB689A68FB681B6B50
:1013B000796801F0B1FFFB681B68FA68926853F81E
:1013C0002210FB681B68FA68926841F0010143F83B
:1013D0002210FB68012283F84920002318461037A9
:1013E000BD4680BD80B489B000AFF860B9607A6056
:1013F0003B60BB68BB617B687B61FB6893F84930ED
:10140000FB74FB7C012B02D0FB7C042B43D1FB68DB
:1014100093F84830012B01D102233DE0FB68012203
:1014200083F84820FB68022283F849203B68DBB23E
:1014300003F00103BB743B68FB6116E0BB691B68EA
:101440009AB27B691A807B6902337B61BB691B6836
:101450001B0C9AB27B691A807B6902337B61BB6982
:101460000433BB61FB69023BFB61BB7CFA699A42B6
:10147000E4D1BB7C002B04D0BB691B689AB27B69AA
:101480001A80FB68FA7C83F84920FB68002283F805
:101490004820002300E0012318462437BD465DF8AC
:1014A000047B704780B489B000AFF860B9607A609F
:1014B0003B60BB68BB617B687B61FB6893F849302C
:1014C000DBB2012B4AD1FB6893F84830012B01D1E4
:1014D000022344E0FB68012283F84820FB680222D3
:1014E00083F849203B68DBB203F00103FB743B68DF
:1014F000FB6118E07B691B881A46BB691A607B692F
:1015000002337B61BB691A687B691B881B041A4321
:10151000BB691A607B6902337B61BB690433BB61C1
:10152000FB69023BFB61FB7CFA699A42E2D1FB7CDE
:10153000002B09D07B691B881A46BB691B681B0CF2
:101540001B041A43BB691A60FB68012283F8492017
:10155000FB68002283F84820002300E0012318469E
:101560002437BD465DF8047B704780B582B000AF7C
:1015700078607B68002B01D1012341E07B6893F800
:101580003D30DBB2002B06D17B68002283F83C2083
:101590007868F1F70DFD7B68022283F83D207B68B7
:1015A0001A687B6804331946104600F00DFB7B680F
:1015B000012283F846207B68012283F83E207B6865
:1015C000012283F83F207B68012283F840207B685A
:1015D000012283F841207B68012283F842207B6846
:1015E000012283F843207B68012283F844207B6832
:1015F000012283F845207B68012283F83D200023E7
:1016000018460837BD4680BD80B485B000AF78600D
:101610007B6893F83D30DBB2012B01D0012346E01B
:101620007B68022283F83D207B681B68234A934233
:1016300022D07B681B68B3F1804F1DD07B681B688C
:101640001F4A934218D07B681B681E4A934213D0EE
:101650007B681B681C4A93420ED07B681B681B4A40
:10166000934209D07B681B68194A934204D07B6877
:101670001B68184A934211D17B681B689B6803F072
:101680000703FB60FB68062B10D07B681B681A6899
:101690007B681B6842F001021A6007E07B681B68E8
:1016A0001A687B681B6842F001021A600023184622
:1016B0001437BD465DF8047B704700BF0000014051
:1016C0000004004000080040000C004000040140FD
:1016D000004001400018004080B483B000AF786043
:1016E0007B681B681A6A41F211131340002B0FD15B
:1016F0007B681B681A6A40F244431340002B07D1F1
:101700007B681B681A687B681B6822F001021A60FC
:101710007B68012283F83D20002318460C37BD4624
:101720005DF8047B7047000080B485B000AF78603E
:101730007B6893F83D30DBB2012B01D001234EE0F2
:101740007B68022283F83D207B681B68DA687B682F
:101750001B6842F00102DA607B681B68234A9342EF
:1017600022D07B681B68B3F1804F1DD07B681B685B
:101770001F4A934218D07B681B681E4A934213D0BD
:101780007B681B681C4A93420ED07B681B681B4A0F
:10179000934209D07B681B68194A934204D07B6846
:1017A0001B68184A934211D17B681B689B6803F041
:1017B0000703FB60FB68062B10D07B681B681A6868
:1017C0007B681B6842F001021A6007E07B681B68B7
:1017D0001A687B681B6842F001021A6000231846F1
:1017E0001437BD465DF8047B704700BF0000014020
:1017F0000004004000080040000C004000040140CC
:10180000004001400018004080B584B000AF78600F
:101810007B681B68DB68FB607B681B681B69BB60BF
:10182000BB6803F00203002B20D0FB6803F0020327
:10183000002B1BD07B681B686FF002021A617B686B
:1018400001221A777B681B689B6903F00303002B56
:1018500003D0786800F099F905E0786800F08BF91A
:10186000786800F09CF97B6800221A77BB6803F067
:101870000403002B20D0FB6803F00403002B1BD0D3
:101880007B681B686FF004021A617B6802221A777A
:101890007B681B689B6903F44073002B03D0786856
:1018A00000F073F905E0786800F065F9786800F0F9
:1018B00076F97B6800221A77BB6803F00803002BD7
:1018C00020D0FB6803F00803002B1BD07B681B684B
:1018D0006FF008021A617B6804221A777B681B6824
:1018E000DB6903F00303002B03D0786800F04DF9A7
:1018F00005E0786800F03FF9786800F050F97B68FF
:1019000000221A77BB6803F01003002B20D0FB687D
:1019100003F01003002B1BD07B681B686FF01002D4
:101920001A617B6808221A777B681B68DB6903F4FD
:101930004073002B03D0786800F027F905E0786841
:1019400000F019F9786800F02AF97B6800221A770C
:10195000BB6803F00103002B0CD0FB6803F001030C
:10196000002B07D07B681B686FF001021A61786852
:10197000F6F742FABB6803F08003002B0CD0FB683B
:1019800003F08003002B07D07B681B686FF0800298
:101990001A61786800F0DEFABB6803F04003002BA0
:1019A0000CD0FB6803F04003002B07D07B681B685A
:1019B0006FF040021A61786800F0FBF8BB6803F032
:1019C0002003002B0CD0FB6803F02003002B07D072
:1019D0007B681B686FF020021A61786800F0B0FA2B
:1019E00000BF1037BD4680BD80B584B000AF7860C1
:1019F00039600023FB737B6893F83C30012B01D1E5
:101A00000223B4E07B68012283F83C207B68022239
:101A100083F83D207B681B689B68BB60BB6823F034
:101A20007703BB60BB6823F47F43BB607B681B68A4
:101A3000BA689A603B681B68B3F5005F3ED0B3F5A7
:101A4000005F00F28780B3F5805F00F08680B3F519
:101A5000805F7FD8702B1AD0702B7BD8602B50D032
:101A6000602B77D8502B3CD0502B73D8402B58D0BC
:101A7000402B6FD8302B64D0302B6BD8202B60D00C
:101A8000202B67D8002B5CD0102B5AD062E07B68EB
:101A900018683B6899683B685A683B68DB6800F0E7
:101AA000B3F97B681B689B68BB60BB6843F0770336
:101AB000BB607B681B68BA689A604FE07B681868F7
:101AC0003B6899683B685A683B68DB6800F09CF9A2
:101AD0007B681B689A687B681B6842F480429A6046
:101AE0003CE07B6818683B6859683B68DB681A46CD
:101AF00000F010F97B681B685021184600F069F966
:101B00002CE07B6818683B6859683B68DB681A46BC
:101B100000F02FF97B681B686021184600F059F926
:101B20001CE07B6818683B6859683B68DB681A46AC
:101B300000F0F0F87B681B684021184600F049F976
:101B40000CE07B681A683B681B681946104600F079
:101B500040F903E00123FB7300E000BF7B68012232
:101B600083F83D207B68002283F83C20FB7B1846ED
:101B70001037BD4680BD80B483B000AF786000BF31
:101B80000C37BD465DF8047B704780B483B000AF6E
:101B9000786000BF0C37BD465DF8047B704780B4A9
:101BA00083B000AF786000BF0C37BD465DF8047BA2
:101BB000704780B483B000AF786000BF0C37BD467B
:101BC0005DF8047B7047000080B485B000AF78609A
:101BD00039607B681B68FB607B68434A934213D083
:101BE0007B68B3F1804F0FD07B68404A93420BD0A3
:101BF0007B683F4A934207D07B683E4A934203D0BA
:101C00007B683D4A934208D1FB6823F07003FB6078
:101C10003B685B68FA681343FB607B68324A934217
:101C20002BD07B68B3F1804F27D07B682F4A93423B
:101C300023D07B682E4A93421FD07B682D4A934263
:101C40001BD07B682C4A934217D07B682B4A934267
:101C500013D07B682A4A93420FD07B68294A93426B
:101C60000BD07B68284A934207D07B68274A93426F
:101C700003D07B68264A934208D1FB6823F4407363
:101C8000FB603B68DB68FA681343FB60FB6823F08A
:101C900080023B685B691343FB603B689A687B6822
:101CA000DA623B681A687B689A627B680E4A9342E4
:101CB00003D07B68104A934203D13B681A697B6862
:101CC0001A637B681B6843F004027B681A607B68B8
:101CD00001225A617B68FA681A6000BF1437BD465A
:101CE0005DF8047B704700BF000001400004004025
:101CF00000080040000C004000040140004001408A
:101D0000004401400048014000180040001C004011
:101D10000020004080B487B000AFF860B9607A60FE
:101D2000FB681B6A7B61FB681B6A23F00102FB688E
:101D30001A62FB689B693B613B6923F0F0033B61DE
:101D40007B681B013A6913433B617B6923F00A03FB
:101D50007B617A69BB6813437B61FB683A699A616E
:101D6000FB687A691A6200BF1C37BD465DF8047BC8
:101D7000704780B487B000AFF860B9607A60FB68E4
:101D80001B6A7B61FB681B6A23F01002FB681A6206
:101D9000FB689B693B613B6923F470433B617B6853
:101DA0001B033A6913433B617B6923F0A0037B610A
:101DB000BB681B017A6913437B61FB683A699A61CE
:101DC000FB687A691A6200BF1C37BD465DF8047B68
:101DD000704780B485B000AF786039607B689B68DD
:101DE000FB60FB6823F07003FB603A68FB681343F9
:101DF00043F00703FB607B68FA689A6000BF143702
:101E0000BD465DF8047B704780B487B000AFF860D2
:101E1000B9607A603B60FB689B687B617B6923F4F7
:101E20007F437B613B681A027B681A43BB6813439C
:101E30007A6913437B61FB687A699A6000BF1C373B
:101E4000BD465DF8047B704780B485B000AF786014
:101E500039607B6893F83C30012B01D102235AE0B2
:101E60007B68012283F83C207B68022283F83D20B6
:101E70007B681B685B68FB607B681B689B68BB605A
:101E8000FB6823F07003FB603B681B68FA68134330
:101E9000FB607B681B68FA685A607B681B68214A94
:101EA000934222D07B681B68B3F1804F1DD07B68C2
:101EB0001B681D4A934218D07B681B681B4A9342DB
:101EC00013D07B681B681A4A93420ED07B681B684C
:101ED000184A934209D07B681B68174A934204D082
:101EE0007B681B68154A93420CD1BB6823F08003C2
:101EF000BB603B685B68BA681343BB607B681B6868
:101F0000BA689A607B68012283F83D207B680022D2
:101F100083F83C20002318461437BD465DF8047B47
:101F2000704700BF0000014000040040000800406E
:101F3000000C004000040140004001400018004037
:101F400080B483B000AF786000BF0C37BD465DF849
:101F5000047B704780B483B000AF786000BF0C375B
:101F6000BD465DF8047B704780B582B000AF7860F5
:101F70007B68002B01D1012342E07B6893F841305C
:101F8000DBB2002B06D17B68002283F84020786802
:101F9000F1F74AF87B68242283F841207B681B68AC
:101FA000DA687B681B6822F40052DA60786800F017
:101FB000A7FE7B681B681A697B681B6822F4904245
:101FC0001A617B681B685A697B681B6822F02A02C9
:101FD0005A617B681B68DA687B681B6842F40052B0
:101FE000DA607B6800225A647B68202283F84120F3
:101FF0007B68202283F842207B6800225A630023FA
:1020000018460837BD4680BD80B58AB002AFF8607B
:10201000B9603B601346FB8000237B61FB6893F84B
:102020004130DBB2202B75D1BB68002B02D0FB887E
:10203000002B01D101236EE0FB6800225A64FB688B
:10204000212283F84120F6F777FB7861FB68FA8854
:102050009A84FB68FA88DA84FB689B68B3F5805F32
:1020600008D1FB681B69002B04D10023FB61BB680E
:10207000BB6103E0BB68FB610023BB612EE03B68F2
:1020800000937B6900228021F86800F0F3FB03468F
:10209000002B05D0FB68202283F8412003233AE07F
:1020A000FB69002B0BD1BB691B881A46FB681B68B8
:1020B000C2F308025A60BB690233BB6107E0FB69E7
:1020C0001A78FB681B685A60FB690133FB61FB6887
:1020D000DB8C9BB2013B9AB2FB68DA84FB68DB8C39
:1020E0009BB2002BCBD13B6800937B69002240213F
:1020F000F86800F0BFFB0346002B05D0FB682022E8
:1021000083F84120032306E0FB68202283F8412066
:10211000002300E0022318462037BD4680BD80B56D
:1021200084B000AFF860B9601346FB80FB6893F899
:102130004230DBB2202B12D1BB68002B02D0FB88CF
:10214000002B01D101230BE0FB6800221A63FB88FE
:102150001A46B968F86800F0E6FB034600E002237F
:1021600018461037BD4680BD80B59AB000AF786084
:102170007B681B680C33BB64BB6C53E8003F7B641B
:102180007B6C23F490737B667B681B680C337A6EE0
:102190007A653B65396D7A6D41E80023FB64FB6C21
:1021A000002BE5D17B681B6814337B637B6B53E8A2
:1021B000003F3B633B6B23F001033B667B681B687E
:1021C00014333A6E3A64FB63F96B3A6C41E80023CE
:1021D000BB63BB6B002BE5D17B681B6B012B19D15B
:1021E0007B681B680C333B623B6A53E8003FFB6132
:1021F000FB6923F01003FB657B681B680C33FA6DE9
:10220000FA62BB62B96AFA6A41E800237B627B6AC0
:10221000002BE5D17B681B685B6903F04003402B12
:102220003FD17B681B681433FB60FB6853E8003FB9
:10223000BB60BB6823F04003BB657B681B6814333D
:10224000BA6DBA617B617969BA6941E800233B6183
:102250003B69002BE5D17B68DB6B002B13D07B68DF
:10226000DB6B194A1A657B68DB6B1846F8F75CF97B
:102270000346002B22D07B68DB6B1B6D7A68D26B28
:10228000104698471AE07B680022DA857B68202296
:1022900083F842207B6800221A63786800F0D4FA41
:1022A0000CE07B680022DA857B68202283F84220DC
:1022B0007B6800221A63786800F0C6FA002318468B
:1022C0006837BD4680BD00BF832A010880B5BAB01B
:1022D00000AF78607B681B681B68C7F8E4307B68D8
:1022E0001B68DB68C7F8E0307B681B685B69C7F870
:1022F000DC300023C7F8D8300023C7F8D430D7F833
:10230000E43003F00F03C7F8D830D7F8D830002BEB
:102310000FD1D7F8E43003F02003002B09D0D7F811
:10232000E03003F02003002B03D0786800F029FC94
:1023300073E2D7F8D830002B00F0DE80D7F8DC301D
:1023400003F00103002B06D1D7F8E03003F49073BB
:10235000002B00F0D180D7F8E43003F00103002B0C
:102360000BD0D7F8E03003F48073002B05D07B68E6
:102370005B6C43F001027B685A64D7F8E43003F0E9
:102380000403002B0BD0D7F8DC3003F00103002B43
:1023900005D07B685B6C43F002027B685A64D7F817
:1023A000E43003F00203002B0BD0D7F8DC3003F04D
:1023B0000103002B05D07B685B6C43F004027B6853
:1023C0005A64D7F8E43003F00803002B11D0D7F893
:1023D000E03003F02003002B05D1D7F8DC3003F008
:1023E0000103002B05D07B685B6C43F008027B681F
:1023F0005A647B685B6C002B00F00A82D7F8E430EB
:1024000003F02003002B08D0D7F8E03003F02003BE
:10241000002B02D0786800F0B4FB7B681B685B6916
:1024200003F04003402B0CBF01230023DBB2C7F8AD
:10243000D4307B685B6C03F00803002B03D1D7F822
:10244000D430002B4FD0786800F0A7FA7B681B6867
:102450005B6903F04003402B41D17B681B68143358
:10246000C7F89C30D7F89C3053E8003FC7F8983045
:10247000D7F8983023F04003C7F8D0307B681B684A
:102480001433D7F8D020C7F8A820C7F8A430D7F85D
:10249000A410D7F8A82041E80023C7F8A030D7F847
:1024A000A030002BD9D17B68DB6B002B13D07B686D
:1024B000DB6B8A4A1A657B68DB6B1846F8F734F8E1
:1024C0000346002B16D07B68DB6B1B6D7A68D26BE2
:1024D000104698470EE0786800F0ACF90AE078689A
:1024E00000F0A8F906E0786800F0A4F97B68002203
:1024F0005A648DE100BF8BE17B681B6B012B40F0C0
:102500006781D7F8E43003F01003002B00F06081FE
:10251000D7F8E03003F01003002B00F059810023BE
:10252000BB607B681B681B68BB607B681B685B6863
:10253000BB60BB687B681B685B6903F04003402B92
:1025400040F0CE807B68DB6B1B685B68A7F8BE3011
:10255000B7F8BE30002B00F0A9807B689B8DB7F8E0
:10256000BE209A4280F0A2807B68B7F8BE20DA8550
:102570007B68DB6BDB69B3F5807F00F088807B686C
:102580001B680C33C7F88830D7F8883053E8003F11
:10259000C7F88430D7F8843023F48073C7F8B83094
:1025A0007B681B680C33D7F8B820C7F89420C7F8AD
:1025B0009030D7F89010D7F8942041E80023C7F85E
:1025C0008C30D7F88C30002BD9D17B681B68143342
:1025D0007B677B6F53E8003F3B673B6F23F0010352
:1025E000C7F8B4307B681B681433D7F8B420C7F839
:1025F0008020FB67F96FD7F8802041E80023BB6794
:10260000BB6F002BE1D17B681B6814333B663B6ECC
:1026100053E8003FFB65FB6D23F04003C7F8B03083
:102620007B681B681433D7F8B020FA66BB66B96EB6
:10263000FA6E41E800237B667B6E002BE3D17B685A
:10264000202283F842207B6800221A637B681B6883
:102650000C33FB64FB6C53E8003FBB64BB6C23F0A2
:102660001003C7F8AC307B681B680C33D7F8AC207C
:10267000BA657B65796DBA6D41E800233B653B6DBA
:10268000002BE3D17B68DB6B1846F7F7DDFE7B6838
:1026900002225A637B689A8D7B68DB8D9BB2D31ACA
:1026A0009BB21946786800F0D9F8B3E07B689B8D3F
:1026B000B7F8BE209A4240F0AD807B68DB6BDB69E7
:1026C000B3F5807F40F0A6807B6802225A637B6866
:1026D0009B8D1946786800F0C1F89BE0612A0108DB
:1026E0007B689A8D7B68DB8D9BB2D31AA7F8CE30BE
:1026F0007B68DB8D9BB2002B00F08E80B7F8CE306C
:10270000002B00F089807B681B680C33BB63BB6BBC
:1027100053E8003F7B637B6B23F49073C7F8C830AA
:102720007B681B680C33D7F8C8207A643B64396C2B
:102730007A6C41E80023FB63FB6B002BE3D17B68E1
:102740001B6814337B627B6A53E8003F3B623B6A41
:1027500023F00103C7F8C4307B681B681433D7F833
:10276000C4203A63FB62F96A3A6B41E80023BB621A
:10277000BB6A002BE3D17B68202283F842207B6870
:1027800000221A637B681B680C333B613B6953E88A
:10279000003FFB60FB6823F01003C7F8C0307B6884
:1027A0001B680C33D7F8C020FA61BB61B969FA69BC
:1027B00041E800237B617B69002BE3D17B68022227
:1027C0005A63B7F8CE301946786800F047F823E02E
:1027D000D7F8E43003F08003002B09D0D7F8E030BD
:1027E00003F08003002B03D0786800F062F914E056
:1027F000D7F8E43003F04003002B0ED0D7F8E030D8
:1028000003F04003002B08D0786800F0A2F904E040
:1028100000BF02E000BF00E000BFE837BD4680BD5A
:1028200080B483B000AF786000BF0C37BD465DF860
:10283000047B704780B483B000AF786000BF0C3772
:10284000BD465DF8047B704780B483B000AF78600C
:1028500000BF0C37BD465DF8047B704780B483B081
:1028600000AF78600B467B8000BF0C37BD465DF83B
:10287000047B704780B586B000AFF860B9603B60FC
:102880001346FB713BE03B6AB3F1FF3F37D0F5F7EE
:1028900053FF02463B68D31A3A6A9A4202D33B6A14
:1028A000002B01D103233AE0FB681B68DB6803F0CF
:1028B0000403002B23D0BB68802B20D0BB68402BA7
:1028C0001DD0FB681B681B6803F00803082B16D19A
:1028D00000237B61FB681B681B687B61FB681B68CE
:1028E0005B687B617B69F86800F057F8FB68082239
:1028F0005A64FB68002283F8402001230FE0FB6844
:102900001B681A68BB681340BA689A420CBF01235F
:102910000023DBB21A46FB799A42B4D00023184652
:102920001837BD4680BD80B485B000AFF860B9608F
:102930001346FB80FB68BA689A62FB68FA889A853E
:10294000FB68FA88DA85FB6800225A64FB68222259
:1029500083F84220FB681B69002B07D0FB681B68CB
:10296000DA68FB681B6842F48072DA60FB681B68F7
:102970005A69FB681B6842F001025A61FB681B68D8
:10298000DA68FB681B6842F02002DA600023184610
:102990001437BD465DF8047B704780B495B000AF36
:1029A00078607B681B680C337B637B6B53E8003F6C
:1029B0003B633B6B23F49073FB647B681B680C33B5
:1029C000FA6C3A64FB63F96B3A6C41E80023BB6331
:1029D000BB6B002BE5D17B681B6814333B623B6A01
:1029E00053E8003FFB61FB6923F00103BB647B6894
:1029F0001B681433BA6CFA62BB62B96AFA6A41E8BE
:102A000000237B627B6A002BE5D17B681B6B012B6B
:102A100019D17B681B680C33FB60FB6853E8003FEF
:102A2000BB60BB6823F010037B647B681B680C33BE
:102A30007A6CBA617B617969BA6941E800233B61CC
:102A40003B69002BE5D17B68202283F842207B681C
:102A500000221A6300BF5437BD465DF8047B7047FF
:102A600080B584B000AF78607B689B6BFB60FB68CF
:102A70000022DA85F868FFF7DDFE00BF1037BD469B
:102A800080BD80B584B000AF78607B689B6BFB60D5
:102A9000FB680022DA85FB68202283F84220FB686D
:102AA00000221A63F868FFF7CFFE00BF1037BD465B
:102AB00080BD80B485B000AF78607B6893F841300A
:102AC000DBB2212B3ED17B689B68B3F5805F14D1CC
:102AD0007B681B69002B10D17B681B6AFB60FB685D
:102AE0001B881A467B681B68C2F308025A607B6821
:102AF0001B6A9A1C7B681A6208E07B681B6A591C77
:102B00007A6811621A787B681B685A607B68DB8C74
:102B10009BB2013B9BB27A681946D184002B0FD13E
:102B20007B681B68DA687B681B6822F08002DA60C9
:102B30007B681B68DA687B681B6842F04002DA60D9
:102B4000002300E0022318461437BD465DF8047BDD
:102B5000704780B582B000AF78607B681B68DA6828
:102B60007B681B6822F04002DA607B68202283F8D1
:102B700041207868FFF754FE002318460837BD4609
:102B800080BD80B58CB000AF78600023FB6200236D
:102B9000BB627B6893F84230DBB2222B40F0AA8004
:102BA0007B689B68B3F5805F15D17B681B69002B40
:102BB00011D17B689B6ABB627B681B685B689BB2B8
:102BC000C3F308039AB2BB6A1A807B689B6A9A1C9B
:102BD0007B689A6224E07B689B6AFB627B689B68E7
:102BE000B3F5805F07D07B689B68002B0AD17B68B8
:102BF0001B69002B06D17B681B685B68DAB2FB6A35
:102C00001A7008E07B681B685B68DBB203F07F0327
:102C1000DAB2FB6A1A707B689B6A5A1C7B689A62FC
:102C20007B68DB8D9BB2013B9BB27A681946D185EC
:102C3000002B5DD17B681B68DA687B681B6822F01B
:102C40002002DA607B681B68DA687B681B6822F404
:102C50008072DA607B681B685A697B681B6822F0A7
:102C600001025A617B68202283F842207B6800229F
:102C70005A637B681B6B012B35D17B6800221A637A
:102C80007B681B680C337B617B6953E8003F3B61C9
:102C90003B6923F010037B627B681B680C337A6A04
:102CA0003A62FB61F9693A6A41E80023BB61BB699A
:102CB000002BE5D17B681B681B6803F01003102B09
:102CC0000AD10023FB607B681B681B68FB607B6884
:102CD0001B685B68FB60FB687B689B8D19467868A6
:102CE000FFF7BCFD02E07868F5F7FCF8002302E08E
:102CF000002300E0022318463037BD4680BD0000A7
:102D00002DE9B04FC0B000AFC7F8F400D7F8F430E9
:102D10001B681B6923F44050D7F8F430D968D7F802
:102D2000F4301A6840EA01031361D7F8F4309A6866
:102D3000D7F8F4301B691A43D7F8F4305B691A43AB
:102D4000D7F8F430DB691343C7F8F830D7F8F4301C
:102D50001B68DB6823F4164121F00C01D7F8F4302E
:102D60001A68D7F8F8300B43D360D7F8F4301B68F3
:102D70005B6923F44070D7F8F4309969D7F8F430E0
:102D80001A6840EA01035361D7F8F4301A688F4B90
:102D90009A4205D0D7F8F4301A688D4B9A4204D184
:102DA000FBF7A6FDC7F8FC0003E0FBF78DFDC7F8B5
:102DB000FC00D7F8F430DB69B3F5004F40F00C812C
:102DC000D7F8FC300022C7F8E830C7F8EC20D7E984
:102DD0003A4522462B469118B9655B41FB65D7E918
:102DE0001623214612EB0108294643EB01094FF057
:102DF00000024FF000034FEAC90343EA58734FEA59
:102E0000C80290469946234618EB0303C7F8E03002
:102E10002B4649EB0303C7F8E430D7F8F4305B687E
:102E20000022C7F8D830C7F8DC20D7E936120B46A5
:102E3000DB183B65134642EB03037B65D7E914239C
:102E4000D7E93801EDF732FD02460B46614BA3FB93
:102E500002235B091C01D7F8FC300022C7F8D030F0
:102E6000C7F8D420D7E9348942464B469118B96453
:102E70005B41FB64D7E91223414612EB010A494644
:102E800043EB010B4FF000024FF000034FEACB037E
:102E900043EA5A734FEACA0292469B4643461AEBEC
:102EA0000303C7F8C8304B464BEB0303C7F8CC30DD
:102EB000D7F8F4305B680022C7F8C030C7F8C420E8
:102EC000D7E930120B46DB183B64134642EB030391
:102ED0007B64D7E91023D7E93201EDF7E7FC02461E
:102EE0000B4611463B4BA3FB01235B09642202FB0B
:102EF00003F3CB1ADB0003F13202364BA3FB0223B0
:102F00005B095B0003F4F8731C44D7F8FC30002223
:102F1000C7F8B830C7F8BC20D7E92E8942464B46DF
:102F20009118B9635B41FB63D7E90E234146511801
:102F3000396349464B417B634FF000024FF0000379
:102F4000D7E90CAB5946CB00514643EA5173514681
:102F5000CA0010461946034642469B18C7F8B030CF
:102F60004B460A4642EB0303C7F8B430D7F8F430B7
:102F70005B680022C7F8A830C7F8AC20D7E92A124E
:102F80000B46DB18BB62134642EB0303FB62D7E937
:102F90000A23D7E92C01EDF789FC02460B460D4BBD
:102FA000A3FB02135B09642101FB03F3D31ADB00CB
:102FB0003233084AA2FB03235B0903F00702D7F868
:102FC000F4301B6822449A6006E100BF0010014003
:102FD000001401401F85EB51D7F8FC300022C7F8E0
:102FE000A030C7F8A420D7E9288942464B4691185B
:102FF00039625B417B62D7E9082341465418494650
:1030000043EB01054FF000024FF00003EB0043EAF1
:103010005473E20014461D464346E318C7F898303F
:103020004B4645EB0303C7F89C30D7F8F4305B6898
:103030000022C7F89030C7F894204FF000024FF0FC
:103040000003D7E9244529468B00214643EA9173C2
:1030500021468A00D7E92601EDF728FC02460B46F7
:10306000604BA3FB02235B091C01D7F8FC30002254
:10307000C7F88830C7F88C20D7E9228942464B46EA
:103080009118B9615B41FB61D7E9062341465118AC
:10309000396149464B417B614FF000024FF000031C
:1030A000D7E904AB5946CB00514643EA5173514628
:1030B000CA0010461946034642469B18C7F880309E
:1030C0004B460A4642EB0303C7F88430D7F8F43086
:1030D0005B680022BB67FA674FF000024FF0000305
:1030E000D7E91E8949468B00414643EA9173414620
:1030F0008A00D7E92001EDF7D9FB02460B461146BD
:10310000384BA3FB01235B09642202FB03F3CB1AB8
:103110001B013233334AA2FB03235B0903F0F003A4
:103120001C44D7F8FC3000223B677A67D7E91C893A
:1031300042464B469118B9605B41FB60D7E90223D8
:1031400041465118396049464B417B604FF00002BF
:103150004FF00003D7E900AB5946CB00514643EA94
:1031600051735146CA0010461946034642469B1801
:10317000BB664B460A4642EB0303FB66D7F8F430C6
:103180005B6800223B667A664FF000024FF0000356
:10319000D7E9188949468B00414643EA9173414675
:1031A0008A00D7E91A01EDF781FB02460B460D4B69
:1031B000A3FB02135B09642101FB03F3D31A1B0178
:1031C0003233084AA2FB03235B0903F00F02D7F84E
:1031D000F4301B6822449A6000BF07F58077BD4633
:1031E000BDE8B08F1F85EB5180B487B000AF786029
:1031F00039603B681A687B6853F822303A68126875
:1032000023F001017B6843F822103B689B68082B80
:1032100002D140237B6101E000237B613B685A6857
:103220007B691A433B689B681A433B68DB681A4317
:103230003B681B691A433B685B691A433B68DB695F
:103240001A433B681B6A1A433B685B6A1A433B6834
:103250009B6A1A433B68DB6A1A433B681B6B134348
:103260003B613B689B693A6913433B613B68DB6B9D
:103270003A6913433B61104BFB60FB6843F4806386
:10328000FB60FB6843F4E023FB603B681A687B68E3
:1032900053F82220FB68DB4302EA03013B681A680B
:1032A0003B6919437B6843F82210002318461C37FA
:1032B000BD465DF8047B70477FFB080080B485B095
:1032C00000AFF860B9607A60BB681A68BB685B6879
:1032D0001B011A43BB689B681B021A43BB68DB686F
:1032E0001B041A43BB681B69013B1B051A43BB68DF
:1032F0005B69023B1B0642EA0301BB689B697A6873
:1033000001321943FB6843F8221000231846143792
:10331000BD465DF8047B704780B485B000AFF860AF
:10332000B9607A603B603B68B3F5804F1DD1FB68A4
:103330007A6853F82220134B1340BA681168BA68B0
:10334000526812011143BA68926812021143BA68B6
:1033500092691143BA68D26812040A4343EA02012F
:10336000FB687A6843F8221005E0FB687A686FF022
:10337000704143F82210002318461437BD465DF80B
:10338000047B70470000F0CF84B080B485B000AFFC
:10339000786007F11C0080E80E000023FB60FA69EA
:1033A0003B6A1A437B6A1A43BB6A1A43FB6A1A4395
:1033B0003B6B1343FA681343FB607B685B6823F441
:1033C000FD4323F07F03FA681A437B685A600023A9
:1033D00018461437BD465DF8047B04B0704780B4CE
:1033E00083B000AF78607B68D3F8803018460C3724
:1033F000BD465DF8047B704780B483B000AF786051
:1034000039603B681A687B68C3F88020002318463F
:103410000C37BD465DF8047B704780B483B000AFC5
:1034200078607B6803221A60002318460C37BD467B
:103430005DF8047B704780B483B000AF78607B6830
:103440001B6803F0030318460C37BD465DF8047B88
:10345000704780B485B000AF786039600023FB60AE
:103460003B681A687B689A603B685A683B689B684F
:103470001A433B68DB681A433B681B691343FA68CD
:103480001343FB607B68DB6823F47F6323F00F0347
:10349000FA681A437B68DA60002318461437BD4681
:1034A0005DF8047B704780B483B000AF78607B68C0
:1034B0001B69DBB218460C37BD465DF8047B7047CC
:1034C00080B485B000AF786039607B6814331A46E9
:1034D0003B681344FB60FB681B6818461437BD4605
:1034E0005DF8047B704780B485B000AF78603960C8
:1034F0000023FB603B681A687B685A623B685A6825
:103500007B689A623B689A683B68DB681A433B6851
:103510001B691A433B685B691343FA681343FB60FA
:103520007B68DB6A23F0F702FB681A437B68DA6288
:10353000002318461437BD465DF8047B704780B5FC
:1035400088B000AF786039603B68BB601023FB60D7
:1035500040233B6100237B614FF48063BB6107F133
:10356000080319467868FFF774FF41F2883210218A
:10357000786800F019FAF861FB6918462037BD46F3
:1035800080BD80B588B000AF786039603B68BB60B3
:103590001123FB6040233B6100237B614FF4806378
:1035A000BB6107F1080319467868FFF752FF41F243
:1035B00088321121786800F0F7F9F861FB69184644
:1035C0002037BD4680BD80B588B000AF78603960D7
:1035D0003B68BB601223FB6040233B6100237B619F
:1035E0004FF48063BB6107F1080319467868FFF761
:1035F00030FF41F288321221786800F0D5F9F86185
:10360000FB6918462037BD4680BD80B588B000AF45
:10361000786039603B68BB601823FB6040233B61E6
:1036200000237B614FF48063BB6107F108031946F7
:103630007868FFF70EFF41F288321821786800F0B1
:10364000B3F9F861FB6918462037BD4680BD80B5E7
:1036500088B000AF786039603B68BB601923FB60BD
:1036600040233B6100237B614FF48063BB6107F122
:10367000080319467868FFF7ECFE41F288321921F9
:10368000786800F091F9F861FB6918462037BD466B
:1036900080BD000080B588B000AF78600023BB60BB
:1036A0000C23FB6040233B6100237B614FF480636C
:1036B000BB6107F1080319467868FFF7CAFE054A9F
:1036C0000C21786800F070F9F861FB691846203722
:1036D000BD4680BD00E1F50580B58AB000AFF86059
:1036E000C7E900233B683B6107237B614023BB6143
:1036F0000023FB614FF480633B6207F1100319461E
:10370000F868FFF7A6FE41F288320721F86800F05A
:103710004BF978627B6A18462837BD4680BD80B574
:1037200088B000AF78600023BB600023FB600023FB
:103730003B6100237B614FF48063BB6107F10803A9
:1037400019467868FFF785FE786800F065FBF86138
:10375000FB6918462037BD4680BD80B588B000AFF4
:1037600078604FF4D573BB600823FB6040233B6156
:1037700000237B614FF48063BB6107F108031946A6
:103780007868FFF766FE786800F0F8FAF861FB6980
:1037900018462037BD4680BD80B588B000AF786040
:1037A00039603B68BB603723FB6040233B610023EB
:1037B0007B614FF48063BB6107F1080319467868A9
:1037C000FFF747FE41F288323721786800F0ECF8C5
:1037D000F861FB6918462037BD4680BD80B588B0CA
:1037E00000AF786039603B6843F0004343F48013D6
:1037F000BB602923FB6040233B6100237B614FF4C6
:103800008063BB6107F1080319467868FFF721FE62
:10381000786800F0FFF9F861FB6918462037BD466B
:1038200080BD80B588B000AF786039603B68BB6010
:103830000623FB6040233B6100237B614FF48063E0
:10384000BB6107F1080319467868FFF702FE41F2F1
:1038500088320621786800F0A7F8F861FB691846FD
:103860002037BD4680BD80B588B000AF78600023AA
:10387000BB603323FB6040233B6100237B614FF43B
:103880008063BB6107F1080319467868FFF7E1FD23
:1038900041F288323321786800F086F8F861FB69DC
:1038A00018462037BD4680BD80B588B000AF78602F
:1038B0000023BB600223FB60C0233B6100237B61CC
:1038C0004FF48063BB6107F1080319467868FFF77E
:1038D000C0FD786800F056F9F861FB69184620379A
:1038E000BD4680BD80B588B000AF786039603B6868
:1038F000BB600923FB60C0233B6100237B614FF465
:103900008063BB6107F1080319467868FFF7A1FDE2
:10391000786800F037F9F861FB6918462037BD4632
:1039200080BD80B588B000AF786039600023BB608F
:103930000323FB6040233B6100237B614FF48063E2
:10394000BB6107F1080319467868FFF782FD3A6802
:103950000321786800F09CF9F861FB69184620376C
:10396000BD4680BD80B588B000AF786039603B68E7
:10397000BB600D23FB6040233B6100237B614FF460
:103980008063BB6107F1080319467868FFF761FDA2
:1039900041F288320D21786800F006F8F861FB6981
:1039A00018462037BD4680BD80B588B000AFF860AE
:1039B0000B467A60FB72704B1B68704AA2FB0323B4
:1039C0005A0A7B6802FB03F3FB61FB695A1EFA612A
:1039D000002B02D14FF00043C9E0FB685B6BBB6179
:1039E000BB6903F04503002BEFD0BB6903F4006310
:1039F000002BEAD1FB685B6B03F00403002B04D0BF
:103A0000FB6804229A630423B1E0FB685B6B03F05C
:103A10000103002B04D0FB6801229A630123A6E076
:103A2000FB68C5229A63F868FFF73DFD03461A4616
:103A3000FB7A934201D0012399E00021F868FFF757
:103A40003FFD78617A694E4B1340002B01D1002372
:103A50008DE07B69002B02DA4FF0007387E07B6911
:103A600003F08043002B01D0402380E07B6903F00A
:103A70000053002B01D0802379E07B6903F0805351
:103A8000002B02D04FF4807371E07B6903F0006378
:103A9000002B02D04FF4007369E07B6903F0806370
:103AA000002B02D04FF4806361E07B6903F08073E8
:103AB000002B02D04FF4006359E07B6903F400034C
:103AC000002B02D04FF4805351E07B6903F4800354
:103AD000002B02D04FF4005349E07B6903F400133C
:103AE000002B02D04FF4804341E07B6903F4801344
:103AF000002B02D04FF4004339E07B6903F48023AC
:103B0000002B02D04FF4003331E07B6903F4003323
:103B1000002B02D04FF4802329E07B6903F480332B
:103B2000002B02D04FF4002321E07B6903F4004313
:103B3000002B02D04FF4801319E07B6903F480431B
:103B4000002B02D04FF4001311E07B6903F4005303
:103B5000002B02D04FF4800309E07B6903F00803D7
:103B6000002B02D04FF4000301E04FF480331846DD
:103B70002037BD4680BD00BF00000020D34D62103D
:103B800008E0FFFD80B485B000AF78601F4B1B6874
:103B90001F4AA2FB03235B0A41F2883202FB03F3B4
:103BA000FB60FB685A1EFA60002B02D14FF0004305
:103BB00026E07B685B6BBB60BB6803F04503002BB2
:103BC000EFD0BB6803F40063002BEAD17B685B6B2A
:103BD00003F00403002B04D07B6804229A630423BF
:103BE0000EE07B685B6B03F00103002B04D07B6865
:103BF00001229A63012303E07B68C5229A630023B4
:103C000018461437BD465DF8047B7047000000205D
:103C1000D34D621080B485B000AF78601A4B1B683A
:103C20001A4AA2FB03235B0A41F2883202FB03F328
:103C3000FB60FB685A1EFA60002B02D14FF0004374
:103C40001BE07B685B6BBB60BB6803F04503002B2C
:103C5000EFD0BB6803F40063002BEAD17B685B6B99
:103C600003F00403002B04D07B6804229A6304232E
:103C700003E07B68C5229A63002318461437BD46CB
:103C80005DF8047B704700BF00000020D34D621038
:103C900080B588B000AFF8600B467A60FB72354B98
:103CA0001B68354AA2FB03235B0A41F2883202FB00
:103CB00003F3FB61FB695A1EFA61002B02D14FF03E
:103CC000004352E0FB685B6BBB61BB6903F04503DB
:103CD000002BEFD0BB6903F40063002BEAD1FB6833
:103CE0005B6B03F00403002B04D0FB6804229A638F
:103CF00004233AE0FB685B6B03F00103002B04D064
:103D0000FB6801229A6301232FE0F868FFF7CBFBE1
:103D100003461A46FB7A934201D0012325E0FB6853
:103D2000C5229A630021F868FFF7CAFB78617B69B6
:103D300003F46043002B06D17B691B0C9AB27B68AD
:103D40001A80002311E07B6903F48043002B02D02A
:103D50004FF4005309E07B6903F40043002B02D0C9
:103D60004FF4805301E04FF4803318462037BD46AE
:103D700080BD00BF00000020D34D621080B485B02C
:103D800000AF7860224B1B68224AA2FB03235B0A28
:103D900041F2883202FB03F3FB60FB685A1EFA60B3
:103DA000002B02D14FF000432CE07B685B6BBB60C3
:103DB000BB6803F04503002BEFD0BB6803F400633E
:103DC000002BEAD17B685B6B03F00403002B04D06B
:103DD0007B6804229A63042314E07B685B6B03F026
:103DE0000103002B04D07B6801229A63012309E0C0
:103DF0007B685B6B03F04003002B02D07B684022A2
:103E00009A63002318461437BD465DF8047B70475B
:103E100000000020D34D621080B485B000AF786000
:103E2000114B1B68114AA2FB03235B0A41F2883243
:103E300002FB03F3FB60FB685A1EFA60002B02D101
:103E40004FF0004309E07B685B6B03F08003002BBD
:103E5000F1D07B68C5229A63002318461437BD460B
:103E60005DF8047B704700BF00000020D34D621056
:103E700084B080B584B000AF786007F11C0080E8A2
:103E80000E0097F82130012B23D17B689B6B23F424
:103E900080327B689A637B68DB6823F4840323F0B9
:103EA00040037A68D3607B68DB6823F440127B6848
:103EB000DA6097F82830012B05D17B68DB6843F482
:103EC00080127B68DA60786800F0DCF90346FB73E7
:103ED0001BE07B68DB6843F040027B68DA6078684F
:103EE00000F0D0F90346FB7397F82530002B06D17C
:103EF0007B689B6B43F480327B689A6305E07B6848
:103F00009B6B23F480327B689A63BB7F012B0BD1C0
:103F10007B689B6843F006027B689A607B689B68BD
:103F200043F020027B689A60FB7B18461037BD4641
:103F3000BDE8804004B0704780B483B000AF7860C3
:103F40007B689B6843F001027B689A6000231846F7
:103F50000C37BD465DF8047B704780B483B000AF7A
:103F600078607B689B6823F001027B689A6000237D
:103F700018460C37BD465DF8047B704780B584B0A9
:103F800000AF78600B46FB700023FB607B68DB684A
:103F900023F0C0427B68DA60FB78012B15D17B6887
:103FA000DB6843F000527B68DA600A20F4F7D0FB4C
:103FB000FB680A33FB60786800F056F90346012B72
:103FC0001ED0FB68C72BF0D91AE0FB78002B15D167
:103FD0007B68DB6843F080427B68DA600A20F4F794
:103FE000B7FBFB680A33FB60786800F03DF90346D5
:103FF000002B05D0FB68C72BF0D901E0012305E0B9
:10400000FB68C82B01D1012300E0002318461037BC
:10401000BD4680BD80B485B000AF786039600023B4
:10402000FB60FB680133FB60FB68B3F1706F01D983
:1040300003231BE07B681B69002BF2DA0023FB6083
:104040003B689B0143F020027B681A61FB680133E7
:10405000FB60FB68B3F1706F01D9032306E07B6856
:104060001B6903F02003202BF0D0002318461437DF
:10407000BD465DF8047B704780B485B000AF7860C2
:104080000023FB60FB680133FB60FB68B3F1706FDA
:1040900001D9032318E07B681B69002BF2DA0023A7
:1040A000FB607B6810221A61FB680133FB60FB68D0
:1040B000B3F1706F01D9032306E07B681B6903F03D
:1040C0001003102BF0D0002318461437BD465DF8BE
:1040D000047B704780B489B000AFF860B9601146C6
:1040E0001A460B46FB711346BB80FB687B61BB68BD
:1040F000FB6197F82830002B23D1BB8803339B0842
:104100003B610023BB6118E0FB791A037B69134410
:1041100003F580531A46FB691B681360FB69013382
:10412000FB61FB690133FB61FB690133FB61FB69E7
:104130000133FB61BB690133BB61BA693B699A42D8
:10414000E2D3002318462437BD465DF8047B704750
:1041500080B48BB000AFF860B9601346FB80FB6899
:10416000BB61BB687B62FB889B089BB27B61FB8861
:1041700003F00303FB8300233B6214E0BB6903F5F8
:1041800080531A687B6A1A607B6A01337B627B6AA0
:1041900001337B627B6A01337B627B6A01337B6222
:1041A0003B6A01333B623A6A7B699A42E6D3FB8BF6
:1041B000002B1ED000233B62BB6903F580531A46D7
:1041C00007F1100312681A603A693B6ADBB2DB0040
:1041D00022FA03F3DAB27B6A1A703B6A01333B625C
:1041E0007B6A01337B62FB8B013BFB83FB8B002BE8
:1041F000EAD17B6A18462C37BD465DF8047B7047D0
:1042000080B485B000AF78607B685B69FB607B68D9
:104210009B69FA681340FB60FB6818461437BD467B
:104220005DF8047B704780B485B000AF78600B46C2
:10423000FB707B68FB60FB785A01FB68134403F555
:10424000A0639B68BB60FB785A01FB68134403F5CD
:10425000A063DB68BA681340BB60BB6818461437BC
:10426000BD465DF8047B704780B483B000AF7860D2
:104270007B685B6903F0010318460C37BD465DF8A7
:10428000047B704780B485B000AF78600023FB608A
:10429000FB680133FB60FB68B3F1706F01D9032346
:1042A00022E07B681B69002BF2DA0A23FB6002E044
:1042B000FB68013BFB60FB68002BF9D17B681B6945
:1042C00043F001027B681A61FB680133FB60FB6805
:1042D000B3F1706F01D9032306E07B681B6903F01B
:1042E0000103012BF0D0002318461437BD465DF8BA
:1042F000047B704784B080B586B000AF786007F16A
:10430000240080E80E000023FB757B68FB60FB68DF
:1043100003F560631A46002313607B689B6B43F4CC
:1043200000127B689A637B689B6B23F400227B6896
:104330009A637B689B6B23F480227B689A637B681B
:10434000DB6803F04003002B19D197F82730012BCD
:104350000AD1FB6803F580631B68FA6802F5806286
:1043600043F00403136014E0FB6803F580631B68EB
:10437000FA6802F5806223F00403136009E0FB6829
:1043800003F580631B68FA6802F5806223F004037A
:10439000136010217868FFF73DFE0346002B01D023
:1043A0000123FB757868FFF767FE0346002B01D0F9
:1043B0000123FB7500233B6115E03B695A01FB6853
:1043C000134403F5A0631A464FF0FF3393603B6933
:1043D0005A01FB68134403F5A0631A460023D36017
:1043E0003B6901333B6197F825301A463B6993429C
:1043F000E3D37B6800229A617B684FF0FF325A61F9
:104400007B68184A93420BD17B684FF400725A6262
:104410007B68154A9A627B68144AC3F8002109E058
:104420007B6880225A627B68114A9A627B68114AD3
:10443000C3F8002197F82630002B05D17B689B69D3
:1044400043F010027B689A617B689A690A4B1343B8
:104450007A689361FB7D18461837BD46BDE88040F9
:1044600004B0704700000440000200010003E000B7
:1044700080006000E0004000080020A380B485B008
:1044800000AF78600B46FB707B68FB60FB6803F550
:1044900080631B68FA6802F5806223F003031360EF
:1044A000FB6803F580631A68FB7803F00303F9687F
:1044B00001F5806113430B60FB78012B07D1FB688A
:1044C00003F580631A464BF6803353600CE0FB78AB
:1044D000022B07D1FB6803F580631A4641F2707323
:1044E000536001E0012300E0002318461437BD4665
:1044F0005DF8047B704780B584B000AF78607B685E
:10450000FB600023BB60FB6803F588631B68BB602E
:10451000BB6823F02E03BB60BB68FA6802F58862B3
:1045200043F4807313606420F4F712F9BB68FA68EF
:1045300002F5886223F4807313600A20F4F708F907
:10454000002318461037BD4680BD80B485B000AF4B
:1045500078600B46FB707B68FB600023BB60FB68E8
:1045600003F588631B68BB60BB6823F02E03BB6048
:10457000BB6803F48053002B09D1FB78012B06D1D3
:10458000BB68FA6802F5886243F480531360BB6825
:1045900003F48053B3F5805F09D1FB78002B06D17B
:1045A000BB68FA6802F5886223F480531360002325
:1045B00018461437BD465DF8047B704780B485B05B
:1045C00000AF78607B68FB600023BB60FB6803F58D
:1045D00088631B68BB60BB685B0C03F00303184671
:1045E0001437BD465DF8047B704780B485B000AFDA
:1045F00078607B68FB60FB6803F580639B689BB217
:1046000018461437BD465DF8047B704780B588B006
:1046100000AF7860084611461A460346FB700B4609
:10462000BB7013467B700023FB777B683B61FB7894
:104630005A013B69134403F5A0631A464FF0FF3358
:10464000936097F82C30032B7CD801A252F823F00A
:10465000614601080747010861460108C94601088B
:10466000FB785A013B69134403F5A0631A4640F2F4
:104670009D43D36097F90230002B10DAFB785A0182
:104680003B69134403F5A063DB68FA7851013A698A
:104690000A4402F5A06243F48073D36055E07B685E
:1046A0006F4A934251D1FB785A013B69134403F599
:1046B000A063DB68FA7851013A690A4402F5A06206
:1046C00043F06003D36040E0FB785A013B69134438
:1046D00003F5A0631A4640F29D63D36097F9023058
:1046E000002B34DAFB785A013B69134403F5A063CD
:1046F000DB68FA7851013A690A4402F5A06243F492
:104700008073D36023E0FB785A013B69134403F5BF
:10471000A0631A4640F22523D36097F90230002B9C
:1047200017DAFB785A013B69134403F5A063DB6891
:10473000FA7851013A690A4402F5A06243F4C07361
:10474000D36006E00123FB7704E000BF02E000BF76
:1047500000E000BFFB785A013B69134403F5A063F6
:104760001A4600235360FB785A013B69134403F552
:10477000A063DB68FA7851013A690A4402F5A06245
:1047800043F00203D3603B6903F580639A69FB78C9
:1047900003F00F03012101FA03F3396901F5806188
:1047A00013438B617B689B6943F000727B689A615D
:1047B00097F90230002B03DA4FF40043BB6101E0AC
:1047C0000023BB617868FFF7F9FEF86097F828309E
:1047D000022B06D1FB68022B03D04FF400337B6120
:1047E00001E000237B617B789B0503F0FE52BB78E0
:1047F000DB0203F4F0431A4397F82C309B0403F4D4
:1048000040231A433B8EC3F30A031A43BB691A437E
:104810007B691343FA7851013A690A4402F5A062B0
:1048200043F48013136097F82C30032B03D097F8D0
:104830002C30012B0FD1FB785A013B69134403F54F
:10484000A0631B68FA7851013A690A4402F5A06234
:1048500043F000531360FB7F18462037BD4680BDF0
:104860000000044080B58CB002AFF860B960134618
:10487000FB71FB683B62BB685B78FB614FF4807344
:104880007B83FB685D4A93422FD1FB79012B1CD1BE
:10489000BB689B7C002B03D0BB689B7C022B24D184
:1048A000BB689B79002B20D1FB695A013B6A1344FA
:1048B00003F5A063DB68FA6951013A6A0A4402F51C
:1048C000A06223F07003D3600FE0BB681B79002B5C
:1048D0000BD1BB685B79012B07D1BB685B781946AC
:1048E000F86800F06BFB002332E2BB689B79012B78
:1048F00058D10123FB84BB68DB78002B07D0FB8CED
:10490000BA68928A03FB02F2BB68DA617CE0BB689A
:104910009B7C012B30D1BB681B6ABC2B18D9BB68B0
:104920009B8A1A46BB68DA61BB68DA69BB681A629F
:10493000BB68DB68012B03D0BB68DB68022B03D1AB
:10494000BB680222DA605FE0BB680122DA605BE0EC
:10495000BB681A6ABB68DA61BB68DB68012B07D0E9
:10496000BB68DB68022B03D0BB680422DA604BE033
:10497000BB680322DA6047E0FB79012B0DD1BB68ED
:104980001B6ABA68928A934207D9FB8CBA68928AEA
:1049900003FB02F2BB68DA6136E0BB681A6ABB68E7
:1049A000DA6131E0BB681B6A002B18D0BB681B6A58
:1049B000BA68928A1344013BBA68928AB3FBF2F355
:1049C000FB84FA8C7B8B9A420BD97B8BFB84FB8C10
:1049D000BA68928A03FB02F2BB68DA6101E0012344
:1049E000FB84BB68DB78002B0AD0FB8CBA68928A08
:1049F00003FB02F2BB68DA6106E000BF000004407E
:104A0000BB681A6ABB68DA61BB68DB69C3F3120270
:104A1000FB8CD904A34B0B401A43BB689B7D5B07FF
:104A200003F0C043F9694801396A014401F5A06106
:104A300013430B61FB79002B09D0BB689969FB69B3
:104A40005A013B6A134403F5A0630A465A613B6A64
:104A500003F580639B6803F00103002B0CBF012367
:104A60000023DBB27B76FB695A013B6A134403F5F2
:104A7000A0631B68FA6951013A6A0A4402F5A06210
:104A800023F000531360FB695A013B6A134403F59A
:104A9000A0631A687B7E5B07F9694801396A0144A3
:104AA00001F5A06113430B60BB689B79012B40F0BB
:104AB000C380BB685B7CDB01BA68127C1343FA6974
:104AC00051013A6A0A4402F5A06243F00043536080
:104AD000FB695A013B6A134403F5A063DB68FA697A
:104AE00051013A6A0A4402F5A06243F06003D360C0
:104AF000BB68DB79012B23D1BB68DB78002B1FD18E
:104B0000FB695A013B6A134403F5A0635B68FA69C9
:104B100051013A6A0A4402F5A06243F480335360BB
:104B2000FB695A013B6A134403F5A063DB68FA6929
:104B300051013A6A0A4402F5A06243F04003D3608F
:104B4000BB689B7C012B03D0BB689B7C032B17D1DC
:104B5000BB68DB79012B13D1BB68DB78012B0FD14C
:104B6000FB695A013B6A134403F5A0635B68FA6969
:104B700051013A6A0A4402F5A06243F4803353605B
:104B8000BB689B7C012B62D1BB68DB78002B5ED1BC
:104B9000BB68DB68013B032B58D801A252F823F015
:104BA000B14B0108D34B0108F54B0108174C010824
:104BB000FB695A013B6A134403F5A0635B68FA6919
:104BC00051013A6A0A4402F5A06243F4004353607B
:104BD0003DE0FB695A013B6A134403F5A0635B683F
:104BE000FA6951013A6A0A4402F5A06243F00E03E1
:104BF00053602CE0FB695A013B6A134403F5A06340
:104C00005B68FA6951013A6A0A4402F5A06243F40A
:104C1000804353601BE0FB695A013B6A134403F570
:104C2000A0635B68FA6951013A6A0A4402F5A0621E
:104C300043F4404353600AE0FB695A013B6A134462
:104C400003F5A0631A460023536000E000BFFB6930
:104C50005A013B6A134403F5A0631B683B613B693F
:104C600023F080433B61BB68DB78002B04D03B69B9
:104C700043F400433B6103E03B6923F400433B61A1
:104C80003B6943F000433B61FB695A013B6A1344B3
:104C900003F5A0631A463B691360FB79002B03D030
:104CA000002355E00000F81FBB68DB78002B4ED1D5
:104CB000BB681B6A002B4AD0BB68DB79002B46D14E
:104CC000BB689B7C032B31D801A252F823F000BFB4
:104CD000E14C0108054D0108E14C0108054D0108B2
:104CE000BB681B6A03339B08FB82FA8AFB68DB6A9A
:104CF0009BB29A421CD9FB689B6943F02002FB6877
:104D00009A6115E0BB681B6A03339B08FB82FA8A31
:104D10003B6A03F580631B699BB29A420AD9FB6820
:104D20009B6943F08062FB689A6103E000BF02E088
:104D300000BF00E000BFBB689969BB685A78BB68D8
:104D40001B6A9BB200200090F868FFF7C3F90023AC
:104D500018462837BD4680BD80B485B000AF786066
:104D60007B68FB60FB6803F580635B699BB2184658
:104D70001437BD465DF8047B704780B489B000AF3E
:104D800078600B46FB707B68FB61FB78BB6100239E
:104D9000BB60BB695A01FB69134403F5A0631B6840
:104DA0009B0C03F003037B61BB695A01FB6913444D
:104DB00003F5A0631B68DB0F03F001033B61BB69D4
:104DC0005A01FB69134403F5A0635B68DB0F03F032
:104DD0000103FB607B689B6803F02003202B0DD14F
:104DE000FB68002B0AD13B69002B05D07B69012BA6
:104DF00002D07B69032B01D10023D8E07B69002B13
:104E000002D07B69022B73D1BB695A01FB69134441
:104E100003F5A0631B68BA695101FA690A4402F5F7
:104E2000A06243F0804313607B689B6803F020031B
:104E3000002B4AD17B68DB6A03F47F03002B33D15C
:104E4000BB695A01FB69134403F5A0631B68BA6987
:104E50005101FA690A4402F5A06223F0004313608D
:104E6000BB695A01FB69134403F5A0631B68BA6967
:104E70005101FA690A4402F5A06243F0004313604D
:104E8000BB680133BB60BB68B3F57A7F2ED8BB69C2
:104E90005A01FB69134403F5A0631B6803F0004348
:104EA000B3F1004FECD081E0BB695A01FB691344B8
:104EB00003F5A0631B68BA695101FA690A4402F557
:104EC000A06243F00043136070E0BB695A01FB69C4
:104ED000134403F5A0631B68BA695101FA690A44D7
:104EE00002F5A06243F0004313605FE000BF5DE0A5
:104EF000BB695A01FB69134403F5A0631B68BA69D7
:104F00005101FA690A4402F5A06243F0804313603C
:104F1000FB6903F580631B6903F47F03002B33D126
:104F2000BB695A01FB69134403F5A0631B68BA69A6
:104F30005101FA690A4402F5A06223F000431360AC
:104F4000BB695A01FB69134403F5A0631B68BA6986
:104F50005101FA690A4402F5A06243F0004313606C
:104F6000BB680133BB60BB68B3F57A7F1DD8BB69F2
:104F70005A01FB69134403F5A0631B6803F0004367
:104F8000B3F1004FECD011E0BB695A01FB69134447
:104F900003F5A0631B68BA695101FA690A4402F576
:104FA000A06243F00043136000E000BF00231846F6
:104FB0002437BD465DF8047B7047000080B487B09D
:104FC00000AF78600B46FB707B687B61FB783B61D0
:104FD0000123FB60FB68DA04154B13403A69510169
:104FE0007A690A4402F5A06243F0004313613B6909
:104FF0005A017B69134403F5A0631B68BB60BB685F
:1050000023F08043BB60BB6843F00043BB603B6957
:105010005A017B69134403F5A0631A46BB68136009
:10502000002318461C37BD465DF8047B704700BF5F
:105030000000F81F80B588B000AF78600023FB77D0
:105040007B687B610023FB607868FEF786FF102198
:105050007868FEF7DFFF0346002B01D00123FB77C2
:105060007868FFF709F80346002B01D00123FB778E
:105070000023BB611FE0BB695A017B69134403F540
:10508000A0631B683B613B6943F080433B613B6924
:1050900023F000433B613B6923F400433B61BB6960
:1050A0005A017B69134403F5A0631A463B691360F8
:1050B000BB690133BB61BB690F2BDCD90023BB612A
:1050C00034E0BB695A017B69134403F5A0631B6894
:1050D0003B613B6943F080433B613B6943F00043E4
:1050E0003B613B6923F400433B61BB695A017B6927
:1050F000134403F5A0631A463B691360FB68013350
:10510000FB60FB68B3F57A7F0CD8BB695A017B69F9
:10511000134403F5A0631B6803F00043B3F1004F91
:10512000ECD000E000BFBB690133BB61BB690F2B52
:10513000C7D97B6903F580631A464FF0FF3353618B
:105140007B684FF0FF325A617868FEF7F5FEFB7F0F
:1051500018462037BD4680BD80B500AF08490948D4
:1051600003F010FC03461A46074B1A70074908481B
:1051700003F008FC03461A46064B1A7000BF80BDB8
:10518000DC1A002060CD0308D81A0020E41A0020A1
:1051900074CD0308E01A002080B582B000AF002370
:1051A000FB7100F0ACF80346012B01D0012312E0A3
:1051B0000B48FAF765F80346FB71FB79002B09D120
:1051C0004FF400610648FAF7D7FF0346002B01D0E1
:1051D0000123FB71FB7918460837BD4680BD00BF2F
:1051E000F401002080B588B002AFF860B9607A6041
:1051F0003B600023FB753B6800937B68BA68F968E5
:105200000648FAF7E5F80346002B01D00123FB75A9
:10521000FB7D18461837BD4680BD00BFF401002055
:1052200080B588B002AFF860B9607A603B60002357
:10523000FB753B6800937B68BA68F9680648FAF723
:10524000ADFA0346002B01D00123FB75FB7D184608
:105250001837BD4680BD00BFF401002080B500AF07
:105260000548FBF723F80346042B14BF0123002352
:10527000DBB2184680BD00BFF401002080B582B0CB
:1052800000AF786079680348FAF74AFF00BF083733
:10529000BD4680BDF401002080B582B000AF7860CB
:1052A00000F018F800BF0837BD4680BD80B582B059
:1052B00000AF786000F015F800BF0837BD4680BD2C
:1052C00080B582B000AF786000F012F800BF0837F8
:1052D000BD4680BD80B400AF00BFBD465DF8047B15
:1052E000704780B400AF00BFBD465DF8047B7047D7
:1052F00080B400AF00BFBD465DF8047B704780B549
:1053000082B000AF0123FB7100F00CF80346002BC4
:1053100001D10023FB71FB79DBB218460837BD468B
:1053200080BD000080B582B000AF0123FB71202159
:105330000648F5F7F3FC0346002B01D00023FB7170
:10534000FB7918460837BD4680BD00BF00180240F3
:1053500080B582B000AF0346FB710B4B01221A707F
:10536000FFF77CFF0346002B07D1074B1B78DBB20E
:1053700023F00103DAB2044B1A70034B1B78DBB243
:1053800018460837BD4680BD0D00002080B582B0AC
:1053900000AF0346FB710B4B01221A70FFF7FCFEB6
:1053A0000346002B07D1FB791846FFF7D1FF0346D0
:1053B0001A46044B1A70034B1B78DBB218460837A9
:1053C000BD4680BD0D00002080B582B000AF034611
:1053D000FB71FB791846FFF7BBFF034618460837F9
:1053E000BD4680BD80B586B000AFB9607A603B60D5
:1053F0000346FB730123FB754FF0FF333A6879686E
:10540000B868FFF7EFFE0346002B07D100BFFFF798
:1054100025FF0346002BFAD10023FB75FB7D1846C0
:105420001837BD4680BD80B586B000AFB9607A60E0
:105430003B600346FB730123FB754FF0FF333A6873
:105440007968B868FFF7ECFE0346002B07D100BF70
:10545000FFF704FF0346002BFAD10023FB75FB7D09
:1054600018461837BD4680BD80B58CB000AF0346E6
:105470003A60FB710B46BB71012387F82F30254B37
:105480001B78DBB203F00103002B01D003233CE0C7
:10549000BB79032B34D801A252F823F0AD54010894
:1054A000B5540108CD540108E7540108002387F8DA
:1054B0002F3028E007F10C031846FFF7DFFE7A6A69
:1054C0003B681A60002387F82F301CE007F10C03BB
:1054D0001846FFF7D3FEBB6A9AB23B681A800023D6
:1054E00087F82F300FE007F10C031846FFF7C6FED0
:1054F000BB6A5A0A3B681A60002387F82F3002E023
:10550000042387F82F3097F82F3018463037BD46E0
:1055100080BD00BF0D00002080B483B000AF034603
:10552000FB71002318460C37BD465DF8047B7047BD
:1055300080B584B000AF0346FB710123FB73FB7998
:105540001946084800F079FE0346002B02D00023DC
:10555000FB7301E00123FB73FB7B18461037BD464C
:1055600080BD00BFFC1A002080B594B002AFB960C6
:105570007A603B600346FB73012387F84730F97B71
:105580003B680093BB687A68134800F0AAFE0346A4
:10559000002B03D1002387F8473017E007F11002F2
:1055A000FB7B19460C4800F073FE7B7F3A2B05D03D
:1055B0003A2B07DC042B01D0282B03D1032387F8D7
:1055C000473003E0012387F8473000BF97F84730A2
:1055D00018464837BD4680BDFC1A002080B594B0FF
:1055E00002AFB9607A603B600346FB73012387F822
:1055F0004730F97B3B680093BB687A68174800F036
:10560000D0FE0346002B03D1002387F847301FE06C
:1056100007F11002FB7B1946104800F039FE7B7F32
:105620003A2B0DD03A2B0FDC282B09D0282B0BDC82
:10563000042B05D0272B07D1022387F8473007E03A
:10564000032387F8473003E0012387F8473000BF82
:1056500097F8473018464837BD4680BDFC1A0020F1
:1056600080B590B000AF03463A60FB710B46BB714A
:10567000012387F83F30BB79032B52D801A252F89F
:1056800023F000BF955601089D560108C756010832
:10569000F3560108002387F83F3045E007F1080280
:1056A000FB791946234800F0F3FD0346002B06D191
:1056B000FA683B681A60002387F83F3034E0012322
:1056C00087F83F3030E007F10802FB7919461948A6
:1056D00000F0DEFD0346002B07D13B8A1A463B68EB
:1056E0001A60002387F83F301EE0012387F83F301F
:1056F0001AE007F10802FB7919460E4800F0C8FDD0
:105700000346002B09D13B8A5B0A9BB21A463B68D1
:105710001A60002387F83F3006E0012387F83F3006
:1057200002E0042387F83F3097F83F3018464037AF
:10573000BD4680BDFC1A002090B589B004AF7860EA
:105740007B68D3F87C33197950230622786801F0FE
:10575000D5FC0346FB73FB7BFF2B02D0FB7B012BAD
:1057600001D9022306E1FB7B1946786801F0AAFC07
:105770000346BB73BB7B002B01D00223FAE07B689E
:10578000D3F87C434FF4827003F034FC0346E361AA
:105790007B68D3F87C33DB69BB60BB68002B01D12D
:1057A0000223E7E04FF482720021B86803F01CFD89
:1057B000FB7B7A681A2101FB03F3134403F24E3397
:1057C0001B785BB2002B16DAFB7B7A681A2101FB8F
:1057D00003F3134403F24E331A78BB68DA71FB7B90
:1057E0007A681A2101FB03F3134403F554731A88F2
:1057F000BB685A8115E0FB7B7A681A2101FB03F331
:10580000134403F24E331A78BB689A71FB7B7A68B3
:105810001A2101FB03F3134403F554731A88BB6880
:105820001A81FB7B7A681A2101FB03F3134403F20C
:1058300056331B785BB2002B16DAFB7B7A681A2191
:1058400001FB03F3134403F256331A78BB68DA7191
:10585000FB7B7A681A2101FB03F3134403F55673AB
:105860001A88BB685A8115E0FB7B7A681A2101FB14
:1058700003F3134403F256331A78BB689A71FB7B27
:105880007A681A2101FB03F3134403F556731A884F
:10589000BB681A81BB6800221A73BB6800225A7366
:1058A000BB6800229A73BB689B791946786802F03E
:1058B000BAFF03461A46BB685A71BB68DB791946C2
:1058C000786802F0B0FF03461A46BB681A71786820
:1058D00000F002FEBB689B79002B1ED0BB681B89C1
:1058E000002B1AD0BB685979BB6898797B6893F80C
:1058F0001C437B6893F81D33BA6812890292022216
:105900000192009323460246786802F05DFF00BFD3
:10591000BB68DB79002B2CD001E003232AE0BB68B5
:105920005B89002B25D0BB681979BB68D8797B6867
:1059300093F81C437B6893F81D33BA68528902922E
:1059400002220192009323460246786802F03CFF4F
:1059500000BFBB681B7900221946786803F090FAF3
:10596000BB685B7900221946786803F089FA002346
:1059700000E0032318461437BD4690BD80B584B0BF
:1059800000AF78607B68D3F87C33DB69FB60FB6831
:105990005B79002B0ED0FB685B791946786802F0C2
:1059A00032FFFB685B791946786802F05DFFFB689F
:1059B00000225A71FB681B79002B0ED0FB681B7903
:1059C0001946786802F01FFFFB681B791946786852
:1059D00002F04AFFFB6800221A717B68D3F87C331F
:1059E000DB69002B0BD07B68D3F87C33DB6918466E
:1059F00003F008FB7B68D3F87C330022DA610023D4
:105A000018461037BD4680BD80B584B000AF7860C1
:105A10007B68D3F87C33DB69BB600123FB73BB6815
:105A20009B7B032B41D0032B4BDC002B01D0022BA3
:105A300047D1BB681946786800F030FD0346FB7318
:105A4000FB7B032B04D1BB6800221A700023FB737D
:105A5000FB7B002B37D1BB681B78022B04D8BB68BB
:105A60001B780133DAB200E00222BB681A7000230F
:105A7000BB7314E0BB7BBA68342101FB03F313440E
:105A8000923302221A70BB7BBA68342101FB03F304
:105A90001344C13300221A70BB7B0133BB73BB6854
:105AA0001B78BA7B9A42E5D30DE00021786802F0BA
:105AB00003F90346002B08D1BB68DA7BBB689A73F5
:105AC00003E000BF02E000BF00E000BFFB7B184620
:105AD0001037BD4680BD000080B586B000AF78604D
:105AE0007B68D3F87C33DB693B610123FB750123C1
:105AF000FB730123BB733B691B7B0A2B00F0808285
:105B00000A2B00F3B882002B03D0012B00F0B082E7
:105B1000B1E23B69B3F8F8303A691278934280F009
:105B20005D823B69B3F8F83019463A69342301FBCA
:105B300003F31344913301221A703B69B3F8F83030
:105B400019463A69342301FB03F3134490331B785D
:105B5000082B00F24B8201A252F823F0815B01086E
:105B6000ED5F01084B5C0108D15D0108A75B0108EE
:105B70009D5E0108ED5F0108ED5F0108CB5F010844
:105B80003B69B3F8F83019463A69342301FB03F353
:105B90001344903304221A707B68D3F8C4233B6902
:105BA000C3F800212BE23B69B3F8F830D9B23B6966
:105BB000B3F8F8301A46342302FB03F398333A69FA
:105BC000134407331A46786800F0A3FF0346FB73BB
:105BD000FB7B002B0CD13B69B3F8F83019463A69CE
:105BE000342301FB03F31344903302221A70FFE1C4
:105BF000FB7B022B0CD13B69B3F8F83019463A69AC
:105C0000342301FB03F31344903305221A70EFE1B0
:105C1000FB7B042B40F0EC813B69B3F8F83019466C
:105C20003A69342301FB03F31344903308221A70BA
:105C30003B69B3F8F83019463A69342301FB03F3A2
:105C40001344913302221A70D2E13B69B3F8F83061
:105C5000DBB21946786800F09FFE0346BB73BB7B3E
:105C6000002B4AD13B69B3F8F83019463A6934231E
:105C700001FB03F3134492331B78002B0CD03B69D8
:105C8000B3F8F83019463A69342301FB03F313449F
:105C9000C13301221A700BE03B69B3F8F8301946A2
:105CA0003A69342301FB03F31344C13300221A7011
:105CB0003B69B3F8F83019463A69342301FB03F322
:105CC0001344903303221A703B69B3F8F830194635
:105CD0003A69342301FB03F31344913300221A7011
:105CE0003B69B3F8F83019463A69342301FB03F3F2
:105CF0001344923300221A707CE1BB7B022B4AD101
:105D00003B69B3F8F83019463A69342301FB03F3D1
:105D1000134492331B78022B0CD03B69B3F8F83054
:105D200019463A69342301FB03F31344C1330122BA
:105D30001A700BE03B69B3F8F83019463A6934231E
:105D400001FB03F31344C13300221A703B69B3F81B
:105D5000F83019463A69342301FB03F313449033B6
:105D600005221A703B69B3F8F83019463A693423B2
:105D700001FB03F31344913301221A703B69B3F81A
:105D8000F83019463A69342301FB03F31344923384
:105D900002221A702EE1BB7B042B40F02B813B6961
:105DA000B3F8F83019463A69342301FB03F313447E
:105DB000903308221A703B69B3F8F83019463A69F3
:105DC000342301FB03F31344913302221A7011E1CF
:105DD0003B69B3F8F830D9B23B69B3F8F8301A46EA
:105DE000342302FB03F390333A69134404331A4615
:105DF000786800F014FE0346FB73FB7B002B20D178
:105E00003B69B3F8F83019463A69342301FB03F3D0
:105E10001344903301221A703B69B3F8F8301946E5
:105E20003A69342301FB03F31344913300221A70BF
:105E30003B69B3F8F83001339AB23B69A3F8F82014
:105E4000DAE0FB7B022B0CD13B69B3F8F830194642
:105E50003A69342301FB03F31344903305221A708B
:105E6000CAE0FB7B042B40F0C7803B69B3F8F830F5
:105E700019463A69342301FB03F313449033082293
:105E80001A703B69B3F8F83019463A69342301FBBC
:105E900003F31344913302221A70ADE03B69B3F867
:105EA000F830D9B23B69B3F8F8301A46342302FB14
:105EB00003F398333A69134404331A46786800F0C0
:105EC000CDFE0346FB73FB7B002B46D13B69B3F849
:105ED000F83019463A69342301FB03F313449C3329
:105EE0001B78062B0CD03B69B3F8F83019463A6999
:105EF000342301FB03F313449C331B78022B17D18B
:105F00007B68D3F8C4233B69D3F80031D31A42F23B
:105F10000F7293420CD83B69B3F8F83019463A69CE
:105F2000342301FB03F31344903302221A7066E01A
:105F30003B69B3F8F83019463A69342301FB03F39F
:105F40001344903301221A703B69B3F8F8300133DF
:105F50009AB23B69A3F8F82050E0FB7B022B18D1E2
:105F60003B69B3F8F83019463A69342301FB03F36F
:105F70001344903308221A703B69B3F8F83019467D
:105F80003A69342301FB03F31344913302221A705C
:105F900034E0FB7B042B31D13B69B3F8F830194670
:105FA0003A69342301FB03F31344903308221A7037
:105FB0003B69B3F8F83019463A69342301FB03F31F
:105FC0001344913302221A7018E03B69B3F8F83099
:105FD00001339AB23B69A3F8F82010E03B69002234
:105FE000A3F8F8203B690A221A7345E000BF43E09A
:105FF00000BF41E000BF3FE000BF3DE000BF3BE02D
:106000003B69B3F8FA303A691278934228D23B6977
:10601000B3F8FA203B69A3F8F8203B69B3F8F830ED
:1060200019463A69342301FB03F3134491331B7877
:10603000002B06D17B68D3F8D433022178689847C7
:1060400005E07B68D3F8D4330621786898473B692C
:10605000B3F8FA3001339AB23B69A3F8FA200BE0A7
:106060003B690022A3F8FA203B6901221A7303E07E
:106070000023FB7500E000BFFB7D18461837BD46C6
:1060800080BD00BF80B483B000AF786000231846A5
:106090000C37BD465DF8047B704780B588B002AF11
:1060A00078600B46FB707B68D3F87C33DB693B611F
:1060B0000123FB750123FB73FB783A69342101FB53
:1060C00003F3134490331B78072B3CD0072B00F3CA
:1060D000A880052B6CD0062B40F0A380F978002314
:1060E000009300230022786800F0A7FE0346FB73AC
:1060F000FB7B002B0BD1FB783A69342101FB03F3C6
:106100001344903301221A700023FB758BE0FB7B54
:10611000022B09D1FB783A69342101FB03F31344C4
:10612000903305221A707EE0FB7B042B7BD1FB7839
:106130003A69342101FB03F31344903308221A70A7
:106140000223FB756FE0F9780023009300230022FF
:10615000786800F002FE0346FB73FB7B002B0BD13B
:10616000FB783A69342101FB03F313449033012295
:106170001A700023FB7558E0FB7B022B09D1FB78DA
:106180003A69342101FB03F31344903305221A705A
:106190004BE0FB7B042B48D1FB783A69342101FBAF
:1061A00003F31344903308221A700223FB753CE07A
:1061B000FB78342202FB03F398333A6913441A1D27
:1061C000FB781946786800F049FD0346FB73FB7BBA
:1061D000002B14D1FB783A69342101FB03F31344FB
:1061E000903301221A70FB783A69342101FB03F3E2
:1061F0001344913302221A700223FB7517E0FB7BD4
:10620000022B14D0FB7B042B11D1FB783A6934218B
:1062100001FB03F31344903308221A700223FB7529
:1062200005E000BF04E000BF02E000BF00E000BFE7
:10623000FB7D18461837BD4680BD80B485B000AFE1
:1062400078600B46FB707B68D3F87C33DB69BB60FE
:10625000FB789AB2BB68A3F8F8207B681B78DBB2A6
:106260000B2B0CD1FB78BA68342101FB03F31344E8
:1062700091331B78002B02D10123FB7301E0002333
:10628000FB73FB7B18461437BD465DF8047B7047F3
:1062900080B586B000AFF8600B467A60FB72FB6891
:1062A000D3F87C33DB697B61FB7A9AB27B69A3F814
:1062B000F820FB681B78DBB20B2B0DD1FB7A342264
:1062C00002FB03F390337A69134434221946786849
:1062D00002F0CEFF002300E0022318461837BD4627
:1062E00080BD80B588B002AFF8607A603B600B4635
:1062F000FB72FB68D3F87C33DB697B61FB7A9AB273
:106300007B69A3F8F820FB6893F82333DBB2002BFA
:106310000ED0FB681B78DBB20B2B09D1FB7A7A69B4
:10632000342101FB03F3134490331B78012B01D07C
:10633000022332E0FB7A7A69342101FB03F3134430
:10634000903306221A70F97A3B6A00933B687A68A8
:10635000F86800F072FDFB68D3F8C4333B6113E0CA
:10636000FB68D3F8C4233B69D21A3B6A42F210712E
:1063700001FB03F39A4205D8FB6893F82333DBB2A1
:10638000002B01D1022308E0FB7A1946F868FFF7D9
:1063900084FE0346012BE3D0002318461837BD4680
:1063A00080BD80B588B002AFF8607A603B600B4674
:1063B000FB72FB68D3F87C33DB697B61FB7A9AB2B2
:1063C0007B69A3F8F820FB6893F82333DBB2002B3A
:1063D0000ED0FB681B78DBB20B2B09D1FB7A7A69F4
:1063E000342101FB03F3134490331B78012B01D0BC
:1063F000022332E0FB7A7A69342101FB03F3134470
:10640000903307221A70F97A3B6A00933B687A68E6
:10641000F86800F0A2FCFB68D3F8C4333B6113E0DA
:10642000FB68D3F8C4233B69D21A3B6A42F210716D
:1064300001FB03F39A4205D8FB6893F82333DBB2E0
:10644000002B01D1022308E0FB7A1946F868FFF718
:1064500024FE0346012BE3D0002318461837BD461F
:1064600080BD80B582B000AF78607B6821221A744D
:106470007B68FF225A747B6800225A827B68002264
:106480009A827B680022DA8200220021786801F07B
:1064900047FF034618460837BD4680BD80B582B029
:1064A00000AF786039607B68A1221A747B68FE2295
:1064B0005A747B6800225A827B6800229A827B6829
:1064C0000122DA8201223968786801F029FF034647
:1064D00018460837BD4680BD80B485B000AF7860EF
:1064E0007B68D3F87C33DB69FB60FB68094A5A653B
:1064F000FB68094A9A65FB68012283F85020FB6813
:10650000012283F85220002318461437BD465DF857
:10651000047B7047555342435040302080B588B0CB
:1065200002AF78600B46FB700123FB750123BB753E
:1065300001237B7500233B757B68D3F87C33DB69D3
:106540003B610023FB733B6993F85030013B0A2BFE
:1065500000F29E8101A252F823F000BF8965010874
:10656000B16501081B66010839660108BD660108AE
:10657000DF6601087767010893670108E56701088E
:1065800015680108776801083B69FA7883F861208B
:106590003B69022283F850203B6903F154013B69B7
:1065A0005B79012200921F22786802F0CAF87EE12E
:1065B0003B695B791946786802F038FC03463B7505
:1065C0003B7D012B18D13B69DB6D002B0FD03B6964
:1065D00093F860305BB2002B04DA3B69032283F846
:1065E000502057E13B69052283F8502052E13B6976
:1065F000072283F850204DE13B7D022B04D13B69FB
:10660000012283F8502045E13B7D052B40F042817B
:106610003B690A2283F850203CE13B69D3F88C1097
:106620003B695A893B691B79786802F0AFF83B698E
:10663000042283F850203AE13B691B7919467868B7
:1066400002F0F4FB03463B753B7D012B2DD13B69EA
:10665000DB6D3A695289934210D93B69D3F88C308B
:106660003A6952891A443B69C3F88C203B69DB6D57
:106670003A6952899A1A3B69DA6502E03B6900225D
:10668000DA653B69DB6D002B0AD03B69D3F88C10CF
:106690003B695A893B691B79786802F077F8FBE01F
:1066A0003B69072283F85020F6E03B7D052B40F044
:1066B000F3803B69092283F85020EDE03B69D3F871
:1066C0008C103B691A893B695B79012000907868DE
:1066D00002F037F83B69062283F85020E7E03B6977
:1066E0005B791946786802F0A1FB03463B753B7D58
:1066F000012B2FD13B69DB6D3A691289934210D986
:106700003B69D3F88C303A6912891A443B69C3F863
:106710008C203B69DB6D3A6912899A1A3B69DA650C
:1067200002E03B690022DA653B69DB6D002B0CD08F
:106730003B69D3F88C103B691A893B695B7901206E
:106740000090786801F0FDFFA8E03B69072283F81C
:106750005020A3E03B7D022B04D13B69052283F846
:1067600050209BE03B7D052B40F098803B690A223E
:1067700083F8502092E03B6903F178013B691B7973
:106780000D22786802F002F83B69082283F8502055
:106790008DE03B691B791946786802F047FB034698
:1067A0003B753B7D012B15D13B69012283F85020BD
:1067B0003B69012283F85220786800F0A9F803466B
:1067C0007B757B7D002B02D10023FB7568E00223E3
:1067D000FB7565E03B7D052B62D13B69092283F89F
:1067E00050205DE0FB7800221946786800F064F8DC
:1067F0000346BB75BB7D002B04D13B69072283F8A0
:1068000050204FE0BB7D042B4CD13B690B2283F819
:10681000502047E0FB7801221946786800F04CF8D8
:106820000346BB75BB7D002B1DD13B695B791946C7
:10683000786802F058FB0346FB733B695979FB7B90
:10684000C3F10103DBB21A46786802F019FB3B6919
:106850001B7900221946786802F012FB3B69092275
:1068600083F8502020E0BB7D042B1DD13B690B2217
:1068700083F8502018E07868FFF7F3FD0346FB75B6
:10688000FB7D002B12D13B69012283F850200DE0E3
:1068900000BF0CE000BF0AE000BF08E000BF06E058
:1068A00000BF04E000BF02E000BF00E000BFFB7DCE
:1068B00018461837BD4680BD80B584B000AF7860FB
:1068C0000B46FB701346BB700223FB737B68D3F847
:1068D0007C33DB69BB60BB78002B02D0012B09D075
:1068E00011E0BB68DB791946786801F0E5F90346E9
:1068F000FB7308E0BB689B791946786801F0DCF906
:106900000346FB7300BFFB7B18461037BD4680BDB6
:1069100080B584B000AF78607B68D3F87C33DB69E6
:10692000BB600123FB73BB681B791946786802F0D2
:10693000FDF903460D2B02D00223FB7324E0BB6854
:106940009B6F144A93421DD1BB68DA6FBB689B6D85
:106950009A4219D1BB6893F88430002B02D10023EE
:10696000FB7311E0BB6893F88430012B02D1012343
:10697000FB7309E0BB6893F88430022B04D1022337
:10698000FB7301E00223FB73FB7B18461037BD4607
:1069900080BD00BF5553425380B584B000AF7860CE
:1069A0000B46FB700223FB737B68D3F87C33DB69F7
:1069B000BB60BB6893F85230012B02D0022B21D070
:1069C00028E0BB680022DA65BB68002283F86020FB
:1069D000BB680A2283F86220BB686333102200215F
:1069E000184602F001FCBB68002283F86320BB68F4
:1069F000012283F85020BB68022283F85220012331
:106A0000FB7307E0FB7819467868FFF787FD0346BC
:106A1000FB7300BFFB7B18461037BD4680BD80B5B9
:106A200086B000AFF8600B467A60FB720123FB75FD
:106A3000FB68D3F87C33DB693B613B6993F85230E8
:106A4000012B02D0022B27D05EE03B690822DA65D9
:106A50003B69802283F860203B690A2283F8622028
:106A60003B69633310220021184602F0BDFB3B69ED
:106A7000252283F863203B69012283F850203B697B
:106A8000022283F852203B6903F110023B69C3F8EC
:106A90008C200123FB7537E0FB7A1946F868FFF775
:106AA0003DFD0346FB75FB7D002B2CD13B69D3F8E4
:106AB0008C3003331B781A463B69D3F88C30023391
:106AC0001B781B021A433B69D3F88C3001331B78C7
:106AD0001B041A433B69D3F88C301B781B061A43FE
:106AE0007B681A603B69D3F88C3007331B781A46F1
:106AF0003B69D3F88C3006331B781B029BB21343DF
:106B00009AB27B689A8000BFFB7D18461837BD4655
:106B100080BD80B586B000AFF8600B467A60FB722E
:106B20000223FB75FB68D3F87C33DB693B613B696F
:106B300093F85230012B02D0022B3DD089E03B6903
:106B40002422DA653B69802283F860203B690A22AF
:106B500083F862203B6963330A220021184602F061
:106B600043FB3B69122283F86320FB7A5B01DAB2B4
:106B70003B6983F864203B69002283F865203B6908
:106B8000002283F866203B69242283F867203B6952
:106B9000002283F868203B69012283F850203B697A
:106BA000022283F852203B6903F110023B69C3F8CB
:106BB0008C200123FB754CE0FB7A1946F868FFF73F
:106BC000ADFC0346FB75FB7D002B41D12222002149
:106BD000786802F009FB3B69D3F88C301B7803F02E
:106BE0001F03DAB27B685A703B69D3F88C301B788C
:106BF0005B09DAB27B681A703B69D3F88C300133D9
:106C00001B785BB2002B03DA7B6801229A7002E0EA
:106C10007B6800229A707B68D81C3B69D3F88C3063
:106C200008330822194602F023FB7B6803F10C00AD
:106C30003B69D3F88C3010331022194602F018FB50
:106C40007B681D333A69D2F88C20203212681A60B2
:106C500000BFFB7D18461837BD4680BD80B586B0A5
:106C600000AFF8600B467A60FB720223FB75FB688D
:106C7000D3F87C33DB693B613B6993F85230012BDD
:106C800002D0022B3DD063E03B690E22DA653B69FE
:106C9000802283F860203B690A2283F862203B69E6
:106CA000633310220021184602F09EFA3B6903224A
:106CB00083F86320FB7A5B01DAB23B6983F86420D6
:106CC0003B69002283F865203B69002283F8662037
:106CD0003B690E2283F867203B69002283F8682015
:106CE0003B69012283F850203B69022283F852203D
:106CF0003B6903F110023B69C3F88C200123FB754B
:106D000026E0FB7A1946F868FFF708FC0346FB7596
:106D1000FB7D002B1BD13B69D3F88C3002331B78F1
:106D200003F00F03DAB27B681A703B69D3F88C303A
:106D30001A7B7B685A703B69D3F88C305A7B7B682E
:106D40009A707B685B783A2B01D10423FB7500BFF6
:106D5000FB7D18461837BD4680BD80B586B000AFB4
:106D6000F8607A603B600B46FB720223FB75FB68A0
:106D7000D3F87C33DB693B613B6993F85230012BDC
:106D800002D0022B4CD053E0FB7A3A69342101FB4C
:106D900003F3134498331B881A463B6A03FB02F241
:106DA0003B69DA653B69002283F860203B690A226F
:106DB00083F862203B69633310220021184602F0F9
:106DC00013FA3B692A2283F86320FA793B6983F836
:106DD0006520BA793B6983F866207A793B6983F844
:106DE00067203B1D1A783B6983F8682097F82120BB
:106DF0003B6983F86A2007F120031A783B6983F81E
:106E00006B203B69012283F850203B69022283F802
:106E100052203B693A68C3F88C200123FB7507E0D8
:106E2000FB7A1946F868FFF779FB0346FB7500BF4C
:106E3000FB7D18461837BD4680BD80B586B000AFD3
:106E4000F8607A603B600B46FB720223FB75FB68BF
:106E5000D3F87C33DB693B613B6993F85230012BFB
:106E600002D0022B4CD053E0FB7A3A69342101FB6B
:106E700003F3134498331B881A463B6A03FB02F260
:106E80003B69DA653B69802283F860203B690A220E
:106E900083F862203B69633310220021184602F018
:106EA000A3F93B69282283F86320FA793B6983F8C8
:106EB0006520BA793B6983F866207A793B6983F863
:106EC00067203B1D1A783B6983F8682097F82120DA
:106ED0003B6983F86A2007F120031A783B6983F83D
:106EE0006B203B69012283F850203B69022283F822
:106EF00052203B693A68C3F88C200123FB7507E0F8
:106F0000FB7A1946F868FFF709FB0346FB7500BFDB
:106F1000FB7D18461837BD4680BD80B584B000AFF4
:106F2000F860B9601346FB71FB68002B01D10223A6
:106F300029E0FB68FA7983F8CC23FB680022C3F8C8
:106F40007C23FB680022C3F88023F86800F01FF858
:106F5000FB68002283F82323FB68002283F82023A8
:106F6000FB68002283F82123FB68002283F8222398
:106F7000BB68002B03D0FB68BA68C3F8D423F86859
:106F800001F020FE002318461037BD4680BD80B5B5
:106F900084B000AF78600023FB6009E07A68FB688A
:106FA000E0339B00134400225A60FB680133FB600E
:106FB000FB680F2BF2D90023FB6009E07A68FB68BD
:106FC000134403F58E7300221A70FB680133FB60D3
:106FD000FB68B3F5007FF1D37B6800221A707B68F1
:106FE00000225A707B6801229A707B680022C3F8E5
:106FF000C4237B6801221A767B6840229A717B68E1
:1070000000225A767B68002283F81C237B680122C9
:1070100083F81D237B68002283F81F237B680022EE
:1070200083F81E237B681C334FF4807200211846BE
:1070300002F0DAF87B6803F58E734FF400720021DA
:10704000184602F0D1F87B6803F2263312220021A1
:10705000184602F0C9F87B6803F54E733E22002102
:10706000184602F0C1F8002318461037BD4680BD0F
:1070700080B485B000AF786039600023FB733B6853
:10708000002B16D07B68D3F88033002B0ED17B68A1
:10709000D3F88033591C7A68C2F880137A68DE33DB
:1070A000396842F823100023FB7304E00223FB73CA
:1070B00001E00223FB73FB7B18461437BD465DF8E5
:1070C000047B704780B485B000AF78600B46FB70DE
:1070D0000023FB737B6893F83C33FA789A4204D21E
:1070E0007B68FA7883F8242301E00223FB73FB7B9F
:1070F00018461437BD465DF8047B704780B487B0EE
:1071000000AF7860084611461A460346FB700B46EE
:10711000BB7013467B700023FB7500233B617B68CB
:1071200003F54E73FB6025E0FB7D1A2202FB03F39F
:107130000833FA68134402333B613B695B79FA78A0
:107140009A4202D0FB78FF2B11D13B699B79BA7828
:107150009A4202D0BB78FF2B09D13B69DB797A7860
:107160009A4202D07B78FF2B01D1FB7D06E0FB7DAC
:107170000133FB75FB7D012BD6D9FF2318461C3745
:10718000BD465DF8047B704780B582B000AF786083
:10719000786801F053FD0121786801F05AFE002360
:1071A00018460837BD4680BD80B588B004AF78600A
:1071B0000223BB730023FB737B6893F82133DBB29C
:1071C000012B02D17B6803221A707B681B78DBB22B
:1071D0000B2B00F2BC8101A252F823F00D720108C2
:1071E0003F720108A9720108E97401084F7501088E
:1071F000497301088F7401087F7301089F730108A8
:10720000BD73010801740108D17401087B6893F80B
:107210002033DBB2002B00F09C817B6801221A70C6
:10722000C82001F093FE786801F065FD7B680022BC
:1072300083F81C237B680022C3F8C82389E17B689C
:1072400093F82333DBB2012B07D17B68002283F84C
:107250001F237B6802221A708AE17B68D3F8C83347
:10726000B3F57A7F14D97B6893F81F330133DAB210
:107270007B6883F81F237B6893F81F33032B03D9A4
:107280007B680D221A7073E17B6800221A706FE12F
:107290007B68D3F8C83303F10A027B68C3F8C823BC
:1072A0000A2001F053FE63E17B68D3F8D433002B4E
:1072B00005D07B68D3F8D4330421786898476420DC
:1072C00001F044FE786801F0EFFC03461A467B6843
:1072D00083F81D237B6805221A700021786801F06D
:1072E000A2FA03461A467B685A718021786801F039
:1072F0009AFA03461A467B681A717B6819797B688B
:1073000093F81C037B6893F81D337A689279029294
:1073100000220192009303468022786801F054FA1B
:107320007B6859797B6893F81C037B6893F81D335D
:107330007A68927902920022019200930346002219
:10734000786801F041FA13E1786800F017F9034614
:10735000BB73BB7BDBB2002B40F0FD807B6800225F
:1073600083F824237B6893F83733012B03D17B68A0
:1073700008221A70EFE07B6807221A70EBE07B6846
:10738000D3F8D433002B00F0E8807B68D3F8D433F3
:107390000121786898477B6808221A70DDE07B68D5
:1073A00093F83D331946786800F03FFC0346002B04
:1073B00040F0D5807B6809221A70D0E07B6893F892
:1073C0003F3303F02003002B16D00121786800F032
:1073D0004FFC0346BB73BB7BDBB2002B03D17B6846
:1073E0000A221A70BDE0BB7BDBB2032B40F0B980F0
:1073F0007B680A221A70B4E07B680A221A70B0E037
:107400007B68D3F88033002B00F0AD807B680022CE
:10741000C3F87C230023FB7316E0FA7B7B68DE3223
:1074200053F822301A797B6893F847339A4208D18F
:10743000FA7B7B68DE3253F822207B68C3F87C231A
:1074400005E0FB7B0133FB73FB7B002BE5D07B6806
:10745000D3F87C33002B16D07B68D3F87C339B6841
:10746000786898470346002B09D17B6806221A707A
:107470007B68D3F8D43303217868984773E07B683E
:107480000D221A706FE07B680D221A706BE07B682A
:10749000D3F87C33002B17D07B68D3F87C331B697F
:1074A000786898470346BB73BB7BDBB2002B03D1E4
:1074B0007B680B221A7058E0BB7BDBB2022B54D1E5
:1074C0007B680D221A7050E07B680D221A704CE028
:1074D0007B68D3F87C33002B49D07B68D3F87C33AE
:1074E0005B697868984742E07B68002283F8212333
:1074F0007868FFF74CFD7B68D3F87C33002B09D00C
:107500007B68D3F87C33DB68786898477B68002217
:10751000C3F87C237B68D3F8D433002B05D07B6879
:10752000D3F8D4330521786898477B6893F82233E1
:10753000DBB2012B07D17B68002283F82223786815
:10754000FFF722FE14E0786801F078FB10E000BF3E
:107550000EE000BF0CE000BF0AE000BF08E000BF83
:1075600006E000BF04E000BF02E000BF00E000BF93
:10757000002318461037BD4680BD00BF80B588B0D7
:1075800004AF78600123FB730123BB737B685B78D6
:10759000072B00F2BD8101A252F823F0BD7501084E
:1075A00077760108E17601086B770108D577010845
:1075B000457801088B780108D1780108082178689E
:1075C00000F050FA0346BB73BB7B002B2ED17B68C7
:1075D00093F82D237B689A717B6801225A707B682F
:1075E00019797B6893F81C037B6893F81D337A68DC
:1075F00092790292002201920093034680227868D9
:1076000001F0E2F87B6859797B6893F81C037B688A
:1076100093F81D337A6892790292002201920093C6
:1076200003460022786801F0CFF873E1BB7B032B9F
:1076300040F070817B6893F81E330133DAB27B68C7
:1076400083F81E237B6893F81E33032B03D97B68D2
:107650000D221A705EE17B685B791946786801F04B
:1076600003F97B681B791946786801F0FDF87B689F
:1076700000221A704EE11221786800F0F3F90346F7
:10768000BB73BB7B002B03D17B6802225A7043E1A2
:10769000BB7B032B40F040817B6893F81E330133A2
:1076A000DAB27B6883F81E237B6893F81E33032BC2
:1076B00003D97B680D221A702EE17B685B7919462D
:1076C000786801F0D1F87B681B791946786801F079
:1076D000CBF87B6800225A707B6800221A701BE18D
:1076E0000121786800F07DFA0346BB73BB7B002B59
:1076F00030D1022001F02AFC7B68012283F81C2390
:107700007B6803225A707B6819797B6893F81C03A5
:107710007B6893F81D337A68927902920022019275
:10772000009303468022786801F04EF87B6859790F
:107730007B6893F81C037B6893F81D337A68927911
:10774000029200220192009303460022786801F021
:107750003BF8E3E0BB7B032B40F0E0807B680D222D
:107760001A707B6800225A70D8E00921786800F00E
:10777000A5F90346BB73BB7B002B03D17B680422B6
:107780005A70CDE0BB7B032B40F0CA807B6893F836
:107790001E330133DAB27B6883F81E237B6893F8CB
:1077A0001E33032B03D97B680D221A70B8E07B6867
:1077B0005B791946786801F057F87B681B791946A0
:1077C000786801F051F87B6800225A707B680022CB
:1077D0001A70A5E07B68B3F83A331946786800F070
:1077E0006DF90346BB73BB7B002B03D17B6805227D
:1077F0005A7097E0BB7B032B40F094807B6893F832
:107800001E330133DAB27B6883F81E237B6893F85A
:107810001E33032B03D97B680D221A7082E07B682C
:107820005B791946786801F01FF87B681B79194667
:10783000786801F019F87B6800225A707B68002292
:107840001A706FE07B6893F83433002B19D07B6893
:1078500093F834137B6803F58E72FF23786800F089
:1078600057F90346BB73BB7B002B03D17B68062211
:107870005A7059E0BB7B032B56D17B6806225A70A5
:1078800052E07B6806225A704EE07B6893F83533ED
:10789000002B19D07B6893F835137B6803F58E7243
:1078A000FF23786800F034F90346BB73BB7B002BE1
:1078B00003D17B6807225A7038E0BB7B032B35D19C
:1078C0007B6807225A7031E07B6807225A702DE0EE
:1078D0007B6893F83633002B17D07B6893F8361308
:1078E0007B6803F58E72FF23786800F011F9034678
:1078F000BB73BB7B002B02D10023FB7318E0BB7B67
:10790000032B15D10023FB7312E00023FB730FE060
:1079100000BF0EE000BF0CE000BF0AE000BF08E0BF
:1079200000BF06E000BF04E000BF02E000BF00E0CF
:1079300000BFFB7B18461037BD4680BD80B483B0C6
:1079400000AF786039607B683A68C3F8C42300BF31
:107950000C37BD465DF8047B704780B582B000AF40
:1079600078607B68D3F8C4335A1C7B68C3F8C4239F
:10797000786800F004F800BF0837BD4680BD80B5C8
:1079800082B000AF78607B681B78DBB20B2B0AD12A
:107990007B68D3F87C33002B05D07B68D3F87C332D
:1079A0009B697868984700BF0837BD4680BD80B4A2
:1079B00083B000AF78607B68012283F8232300BF87
:1079C0000C37BD465DF8047B704780B483B000AFD0
:1079D00078607B68002283F823237B68012283F888
:1079E000212300BF0C37BD465DF8047B704780B48F
:1079F00083B000AF78607B68012283F820237B6826
:107A0000002283F821237B68002283F822230023AD
:107A100018460C37BD465DF8047B704780B582B0D0
:107A200000AF78607B68012283F821237B68002205
:107A300083F820237B68002283F82323786801F0F1
:107A400018F97B681B791946786800F00DFF7B6890
:107A50005B791946786800F007FF0023184608375D
:107A6000BD4680BD80B586B002AF78600B467B8096
:107A70007B88B3F5007F01D903231BE07B6803F506
:107A80008E727B88009313464FF4807200217868D1
:107A900000F072F80346FB73FB7B002B09D17B6877
:107AA00003F58E737A881946786800F029F9034641
:107AB000FB73FB7B18461037BD4680BD80B586B092
:107AC00002AF78600B467B807B681C33BB607B8891
:107AD000B3F5807F01D9032316E07B880093BB6850
:107AE0004FF400720021786800F046F80346FB73FB
:107AF000FB7B002B07D17B881A46B968786800F0B9
:107B0000AFF90346FB73FB7B18461037BD4680BDBB
:107B100080B588B002AFF8607A601A460B46FB72F7
:107B200013463B813B89B3F5007F02D87B68002B6D
:107B300001D103231CE0FB7A9BB243F440739AB259
:107B4000FB6803F58E713B8900930B460021F868B2
:107B500000F012F80346FB75FB7D002B07D1FB6894
:107B600003F58E733A897968184600F08CFBFB7D2B
:107B700018461837BD4680BD80B584B000AFF860A8
:107B80007B600B46FB7213463B81FB689B78012BA5
:107B90001CD1FB7A63F07F03DAB2FB681A74FB68CE
:107BA00006225A74FB683A895A823B8903F47F4360
:107BB000B3F5407F04D1FB6840F209429A8202E0AB
:107BC000FB6800229A82FB683A8BDA823B8B1A466A
:107BD0007968F86800F0A4FB034618461037BD46E4
:107BE00080BD80B582B000AF78600B46FB707B68CB
:107BF0009B78012B0FD17B6800221A747B680522C9
:107C00005A74FB789AB27B685A827B6800229A8207
:107C10007B680022DA8200220021786800F080FB75
:107C2000034618460837BD4680BD80B582B000AF18
:107C300078600B467B807B689B78012B0ED17B683C
:107C400000221A747B6809225A747B687A885A82E7
:107C50007B6800229A827B680022DA82002200215F
:107C6000786800F05DFB034618460837BD4680BDC6
:107C700080B582B000AF78600B46FB707B689B7864
:107C8000012B0FD17B6800221A747B6803225A747F
:107C9000FB789AB27B685A827B6800229A827B6862
:107CA0000022DA8200220021786800F039FB0346C6
:107CB00018460837BD4680BD80B582B000AF7860F9
:107CC0000B46FB707B689B78012B0FD17B680222EF
:107CD0001A747B6801225A747B6800225A82FB78EE
:107CE0009AB27B689A827B680022DA8200220021A5
:107CF000786800F015FB034618460837BD4680BD7E
:107D000080B487B000AFF860B9601346FB80FB68B1
:107D100003F226333B610023FB75BB68002B01D1C6
:107D2000022394E0BB681A783B691A70BB685A78E2
:107D30003B695A70BB6802331B781A46BB68033331
:107D40001B781B029BB213439AB23B695A80BB68F3
:107D50001A793B691A71BB685A793B695A71BB68D9
:107D60009A793B699A71BB68DA793B69DA71FB6889
:107D700093F81D33002B04D0FB6893F81D33012BBF
:107D80001BD13B69DB79202B0FDC082B0FDB083B79
:107D9000324A22FA03F303F00103002B14BF01233C
:107DA0000023DBB2002B06D101E0402B03D03B695E
:107DB0000822DA7100E000BF0EE0FB6893F81D3383
:107DC000022B07D13B69DB79082B05D03B690822E0
:107DD000DA7101E00323FB75FB88082B36D9BB68F9
:107DE00008331B781A46BB6809331B781B029BB209
:107DF00013439AB23B691A81BB680A331B781A464F
:107E0000BB680B331B781B029BB213439AB23B69CE
:107E10005A81BB680C331B781A46BB680D331B783C
:107E20001B029BB213439AB23B699A81BB689A7B4F
:107E30003B699A73BB68DA7B3B69DA73BB681A7C6F
:107E40003B691A74BB685A7C3B695A74FB7D1846BF
:107E50001C37BD465DF8047B704700BF010100017F
:107E600080B58CB000AFF860B9601346FB80FB684A
:107E700003F54E733B62002387F82F30002387F809
:107E80002730002387F82630BB68002B01D102235E
:107E9000DEE0BB68BB62BB6A1B78092B02D0BB6A01
:107EA00009221A70BB681A783B6A1A70BB685A7844
:107EB0003B6A5A70BB6802331B781A46BB680333AF
:107EC0001B781B029BB213439BB2B3F5807F28BF84
:107ED0004FF480739AB23B6A5A80BB681A793B6A46
:107EE0001A71BB685A793B6A5A71BB689A793B6AC6
:107EF0009A71BB68DA793B6ADA71BB681A7A3B6AB5
:107F00001A72FB88092B40F2A1800923FB8200230F
:107F1000FB6185E007F116031946B86A00F0E6F93F
:107F2000B862BB6A5B78042B7AD1BB6A1B78092BD9
:107F300002D0BB6A09221A7097F827301A2202FB76
:107F400003F308333A6A13440233FB61B96AF869F0
:107F500000F082F8002387F826300023BB6143E05D
:107F600007F116031946B86A00F0C0F9B862BB6A97
:107F70005B78052B38D1FB695B79012B13D1FB6949
:107F80009B79022B03D0FB699B79032B0BD1FB69F7
:107F9000DB79002B0BD1BB6A1B78092B07D0BB6A9E
:107FA00009221A7003E0BB6A07221A7000E000BFC2
:107FB00097F8273097F826200132D2001A2101FBCA
:107FC00003F3134408333A6A13440433BB61BA6AB7
:107FD000B969F86800F06FF8034687F82F3097F812
:107FE0002630013387F8263097F82630012B0AD83F
:107FF000FB691B7997F826209A4204D23B6A5A887B
:10800000FB8A9A42ACD8FB691B7997F826209A42E2
:1080100001D203231CE097F82730013387F827307B
:1080200097F82730012B05D83B6A5A88FB8A9A4279
:108030003FF670AF3B6A1B79022B28BF0223DBB2ED
:1080400097F827209A4201D2032301E097F82F30B6
:1080500018463037BD4680BD80B483B000AF78602D
:1080600039603B681A787B681A703B685A787B687D
:108070005A703B689A787B689A703B68DA787B68BC
:10808000DA703B681A797B681A713B685A797B68A9
:108090005A713B689A797B689A713B68DA797B6898
:1080A000DA713B681A7A7B681A7200BF0C37BD46DA
:1080B0005DF8047B704780B487B000AFF860B960AA
:1080C0007A600023FB757B681A78BB681A707B683E
:1080D0005A78BB685A707B689A78BB689A707B68DC
:1080E000DA78BB68DA707B6804331B781A467B68E1
:1080F00005331B781B029BB213439AB2BB689A806C
:108100007B689A79BB689A71BB689B88002B09D001
:10811000BB689B88B3F5806F04D8BB689B88B3F5B8
:10812000007F01D90323FB75FB6893F81D33002BF7
:1081300036D1BB68DB7803F00303022B08D1BB68A0
:108140009B88B3F5007F40F297800323FB7593E093
:10815000BB68DB7803F00303002B07D1BB689B8867
:10816000402B40F289800323FB7585E0BB68DB78F8
:1081700003F00303012B05D0BB68DB7803F0030396
:10818000032B0AD1BB689B79002B03D0BB689B797A
:10819000102B70D90323FB756DE00323FB756BE097
:1081A000FB6893F81D33012B3CD1BB68DB7803F0EF
:1081B0000303022B05D0BB68DB7803F00303002B1D
:1081C00006D1BB689B88402B56D90323FB7553E02F
:1081D000BB68DB7803F00303012B0ED1BB689B79EE
:1081E000002B07D0BB689B79102B03D8BB689B88FA
:1081F000402B41D90323FB753EE0BB68DB7803F0DD
:108200000303032B0BD1BB689B79002B04D0BB6805
:108210009B88B3F5806F2FD30323FB752CE00323DA
:10822000FB7529E0FB6893F81D33022B20D1BB6856
:10823000DB7803F00303002B06D1BB689B88082B77
:108240001AD00323FB7517E0BB68DB7803F0030348
:10825000032B0AD1BB689B79002B03D0BB689B889A
:10826000082B09D90323FB7506E00323FB7503E004
:108270000323FB7500E000BFFB7D18461C37BD469D
:108280005DF8047B704780B487B000AFF860B960D8
:108290001346FB80FB6801331B78032B20D1FB685E
:1082A0001B789A1EFB88934228BF1346BB82FB684B
:1082B0000233FB600023FB820BE0FB8AFA68134465
:1082C0001A78BB681A70BB680133BB60FB8A023343
:1082D000FB82FA8ABB8A9A42EFD3BB6800221A70EB
:1082E00000BF1C37BD465DF8047B704780B485B085
:1082F00000AF786039603B681B887A681278134455
:108300009AB23B681A807B681B781A467B681344D4
:10831000FB60FB6818461437BD465DF8047B704768
:1083200080B586B000AFF860B9601346FB800123CA
:10833000FB75FB689B78012B02D0022B0FD027E046
:10834000FB68BA689A60FB68FA889A81FB68012228
:108350001A76FB6802229A700123FB7518E0F86810
:1083600000F01CF80346FB75FB7D002B02D0FB7D63
:10837000032B06D1FB6801229A70FB6800221A7653
:1083800005E0FB7D022B02D1FB6801229A7000BF41
:10839000FB7D18461837BD4680BD000080B586B00D
:1083A00002AF78600123FB730023BB737B681B7EE5
:1083B000013B0A2B00F2578101A252F823F000BFC3
:1083C000ED8301080784010871840108978401087E
:1083D000D1840108FB8401084D8501086F850108DF
:1083E000AB850108D18501080F8601087B6803F180
:1083F00010017B685B791A46786800F045F97B6864
:1084000002221A763AE17B685B791946786800F0B7
:108410000DFD0346BB73BB7B012B1ED17B681B7C10
:1084200023F07F037B737B68DB8A002B0AD07B7B86
:10843000802B03D17B6803221A7616E17B68052224
:108440001A7612E17B7B802B03D17B6809221A7696
:108450000BE17B6807221A7607E1BB7B042B03D074
:10846000BB7B022B40F001817B680B221A76FCE07B
:108470007B68D3F8C4339AB27B68DA817B689968E9
:108480007B689A897B681B79786800F03CF97B6887
:1084900004221A76F2E07B681B791946786800F0AE
:1084A000C5FC0346BB73BB7B012B03D17B68092250
:1084B0001A76DCE0BB7B052B02D10323FB73D6E0ED
:1084C000BB7B042B40F0D3807B680B221A76CEE076
:1084D0007B6899687B689A897B685B79012000904A
:1084E000786800F0EBF87B68D3F8C4339AB27B6805
:1084F000DA817B6806221A76C0E07B685B791946D0
:10850000786800F093FC0346BB73BB7B012B03D15F
:108510007B6807221A76ACE0BB7B052B05D17B6814
:108520000C221A760323FB73A3E0BB7B022B03D13F
:108530007B6805221A769CE0BB7B042B40F0998077
:108540007B680B221A760223FB7392E07B681B790F
:1085500000220021786800F0D6F87B68D3F8C43395
:108560009AB27B68DA817B6808221A7686E07B689B
:108570001B791946786800F059FC0346BB73BB7B36
:10858000012B05D17B680D221A760023FB7372E064
:10859000BB7B042B03D17B680B221A766BE0BB7B81
:1085A000052B68D10323FB7365E07B685B790122AF
:1085B000009200220021786800F080F87B68D3F8F0
:1085C000C4339AB27B68DA817B680A221A7655E056
:1085D0007B685B791946786800F028FC0346BB731A
:1085E000BB7B012B05D10023FB737B680D221A7620
:1085F00043E0BB7B022B03D17B6809221A763CE067
:10860000BB7B042B39D17B680B221A7635E07B6863
:108610005B7E0133DAB27B685A767B685B7E022B25
:1086200006D87B6801221A767B6801229A7025E0C1
:108630007B68D3F8D4330621786898477B6800229A
:108640005A767B685B791946786800F00DF97B688B
:108650001B791946786800F007F97B6800221A70C8
:108660000223FB730AE000BF08E000BF06E000BF82
:1086700004E000BF02E000BF00E000BFFB7B184643
:108680001037BD4680BD00BF80B588B004AFF8602C
:10869000B9601346FB71F979002303930823029311
:1086A000BB6801930023009300230022F86800F0C8
:1086B0008CFB002318461037BD4680BD80B588B0BE
:1086C00004AFF860B96011461A460B46FB801346AA
:1086D0007B71FB6893F81D33002B01D000233B76A0
:1086E00079793B7E0393FB880293BB680193012356
:1086F000009300230022F86800F067FB002318466F
:108700001037BD4680BD80B588B004AFF860B96051
:1087100011461A460B46FB8013467B71797900237C
:108720000393FB880293BB6801930123009300230A
:108730000122F86800F049FB002318461037BD46B7
:1087400080BD80B588B004AFF860B96011461A46A4
:108750000B46FB8013467B71FB6893F81D33002B9F
:1087600001D000233B7679793B7E0393FB8802930B
:10877000BB6801930123009302230022F86800F0F4
:1087800024FB002318461037BD4680BD80B588B055
:1087900004AFF860B96011461A460B46FB801346D9
:1087A0007B71797900230393FB880293BB68019363
:1087B0000123009302230122F86800F006FB002346
:1087C00018461037BD4680BD80B586B004AF7860CE
:1087D000084611461A460346FB700B46BB7013460B
:1087E0007B707878BA78F9783B8B02933B7D019364
:1087F0003B7C00930346786800F0ABFA00231846F0
:108800000837BD4680BD80B582B000AF78600B46AA
:10881000FB70FB781946786800F0CAFA0023184606
:108820000837BD4680BD80B584B000AF78600B4688
:10883000FB70786800F036F80346FB81FB894FF641
:10884000FF7293420AD0FA78FB8903F00F0342F4D7
:1088500000427968E0339B000B445A60FB89DBB22D
:1088600018461037BD4680BD80B483B000AF786035
:108870000B46FB70FB780F2B0DD8FB787A68E03342
:108880009B0013445A68FB78C2F30E027968E03308
:108890009B000B445A60002318460C37BD465DF818
:1088A000047B704780B485B000AF78600023FB7311
:1088B0000023FB730FE0FB7B7A68E0339B001344DB
:1088C0005B6803F40043002B02D1FB7B9BB207E003
:1088D000FB7B0133FB73FB7B0F2BECD94FF6FF7354
:1088E00018461437BD465DF8047B704780B487B0E6
:1088F00000AFF860B9601346FB710123FB750023DC
:10890000BB751F4B9B7BDBB2012B31D81C4B9B7B78
:10891000DBB21A461A4B00219954194B9B7BDBB2F0
:10892000174A9B001344FA685A60154B9B7BDBB2D5
:108930001A46134B1344FA791A73114B9B7BDBB223
:108940005A1CD1B20E4A9173BB75BB7D3033DAB27B
:10895000BB681A70BB6801333A221A70BB680233D5
:108960002F221A70BB68033300221A700023FB7594
:10897000FB7D18461C37BD465DF8047B704700BF81
:10898000E81A002080B582B000AF7860396000221C
:1089900039687868FFF7AAFF034618460837BD46CE
:1089A00080BD000080B500AF01220E490E48FEF7E1
:1089B000B4FA0346002B01D0E9F7CEFF0B490A4871
:1089C000FEF756FB0346002B01D0E9F7C5FF06482A
:1089D000FEF7DAFB0346002B01D0E9F7BDFF00BF2D
:1089E00080BD00BF058A0108FC1A0020100000208D
:1089F00080B500AF0248FEF7D7FB00BF80BD00BFC7
:108A0000FC1A002080B483B000AF78600B46FB7086
:108A1000FB78013B042B22D801A252F823F000BFBF
:108A20005F8A0108438A01085F8A0108518A0108A8
:108A3000358A01080D4B03221A700D4B01221A7062
:108A40000EE00A4B02221A70094B02221A7007E04C
:108A5000064B01221A70064B03221A7000E000BF79
:108A600000BF0C37BD465DF8047B7047D41E002064
:108A7000F81A002080B58AB000AF786007F11403BF
:108A800000221A605A609A60DA601A617B681B687B
:108A9000B3F1A04F3AD100233B611E4B1B6B1D4A23
:108AA00043F0010313631B4B1B6B03F001033B619A
:108AB0003B694FF4C0537B610223BB610023FB6120
:108AC00003233B620A237B6207F114031946124811
:108AD000F1F788FF0F4B5B6B0E4A43F08003536343
:108AE0000023FB600B4B5B6C0A4A43F480435364E6
:108AF000084B5B6C03F48043FB60FB6800220021A1
:108B00004320F1F714FA4320F1F72DFA00BF28377C
:108B1000BD4680BD003802400000024080B582B0F2
:108B200000AF78607B68D3F8DC331846FEF715FF9A
:108B300000BF0837BD4680BD80B582B000AF786009
:108B40007B68D3F8DC331846FEF751FF00BF0837C7
:108B5000BD4680BD80B582B000AF78607B68D3F839
:108B6000DC331846FEF75AFF00BF0837BD4680BD0C
:108B700080B483B000AF78600B46FB701346BB70C7
:108B800000BF0C37BD465DF8047B704780B582B0EE
:108B900000AF78607B68D3F8DC331846FEF707FF38
:108BA00000BF0837BD4680BD80B582B000AF786099
:108BB0007B68D3F8DC331846FEF707FF00BF0837A1
:108BC000BD4680BD80B582B000AF78607B6893F809
:108BD000CC33012B2AD1184A7B68C2F8DC337B687E
:108BE000154AC3F8D023144B4FF0A0421A60124B21
:108BF00008225A71104B0122DA710F4B00229A7130
:108C00000D4B02225A720C4B00229A720A48F2F75C
:108C1000B6F80346002B01D0E9F79EFE0648F2F7AE
:108C2000F3FC034619467868FEF788FE00231846D1
:108C30000837BD4680BD00BFD81E002080B584B077
:108C400000AF78600023FB730023BB737B68D3F80D
:108C5000D0331846F2F760FC0346FB73FB7B1846E3
:108C600000F080F90346BB73BB7B18461037BD4646
:108C700080BD80B584B000AF78600023FB73002313
:108C8000BB737B68D3F8D0331846F2F768FC034611
:108C9000FB73FB7B184600F065F90346BB73BB7B97
:108CA00018461037BD4680BD80B584B000AF7860EF
:108CB0000123FB737B68D3F8D0331846F2F7B2FC7C
:108CC0000346022B0CD0022B0DD8002B02D0012B17
:108CD00003D008E00023FB7308E00123FB7305E0E9
:108CE0000223FB7302E00123FB7300BFFB7B1846EA
:108CF0001037BD4680BD80B584B000AF78600023DA
:108D0000FB730023BB737B68D3F8D0331846F2F7AC
:108D100043FC0346FB73FB7B184600F023F9034634
:108D2000BB73BB7B18461037BD4680BD80B582B093
:108D300000AF78600B46FB707B68D3F8D033FA78CD
:108D400011461846F2F74BFC034618460837BD4655
:108D500080BD90B589B004AF7860084611461A46C8
:108D60000346FB700B46BB7013467B700023FB73FE
:108D70000023BB737B68D3F8D0037C78BA78F9788A
:108D80003B8D029397F82430019397F8203000939D
:108D90002346F2F75BF80346FB73FB7B184600F0B3
:108DA000E1F80346BB73BB7B18461437BD4690BD44
:108DB00080B483B000AF78600B46FB700023184688
:108DC0000C37BD465DF8047B704790B589B004AFA1
:108DD0007860084611461A460346FB700B46BB7086
:108DE00013467B700023FB730023BB737B68D3F8AF
:108DF000D0037C78BA78F97897F82C3003933B8DC0
:108E000002937B6A019397F8203000932346F2F790
:108E1000D5F80346FB73FB7B184600F0A3F8034626
:108E2000BB73BB7B18461437BD4690BD80B582B07E
:108E300000AF78600B46FB707B68D3F8D033FA78CC
:108E400011461846F2F7B6FB034618460837BD46EA
:108E500080BD80B582B000AF78600B46FB707B6848
:108E600093F8CC33012B03D1FB78184600F0A6F819
:108E7000C820EFF76DFC002318460837BD4680BDBB
:108E800080B485B000AF78600B46FB701346BB70B2
:108E90007B68D3F8D033FB60FA78F96813461B017E
:108EA0009B1A9B000B4417331B78002B0AD0FA78CF
:108EB000F96813461B019B1A9B000B443C33BA789C
:108EC0001A7009E0FA78F96813461B019B1A9B0097
:108ED0000B443D33BA781A70002318461437BD4648
:108EE0005DF8047B704780B485B000AF78600B46B6
:108EF000FB700023FB737B68D3F8D033BB60FA7838
:108F0000B96813461B019B1A9B000B4417331B784F
:108F1000002B0AD0FA78B96813461B019B1A9B00F4
:108F20000B443C331B78FB7309E0FA78B9681346AD
:108F30001B019B1A9B000B443D331B78FB73FB7B8F
:108F400018461437BD465DF8047B704780B582B083
:108F500000AF78607868EFF7FBFB00BF0837BD46CD
:108F600080BD000080B485B000AF0346FB710023D4
:108F7000FB73FB79032B17D801A252F823F000BF33
:108F8000918F0108978F01089D8F0108A38F010819
:108F90000023FB730BE00223FB7308E00123FB7348
:108FA00005E00223FB7302E00223FB7300BFFB7B9F
:108FB00018461437BD465DF8047B704780B584B011
:108FC00000AF0346FB71FB79FB73FB79002B02D1E9
:108FD0000023FB7301E00123FB73FB7B1A46802116
:108FE0000348F1F7B3FE00BF1037BD4680BD00BF98
:108FF00000040240024B0146186800F02DB800BF83
:1090000030000020024B0146186800F03FB900BF55
:109010003000002070B50F4E0C463168054611B97E
:1090200000F0EAF830602146284600F0E5F8431CDD
:1090300003D14FF0FF34204670BDC41C24F003045C
:10904000A042F8D0211A284600F0D6F80130F2D11B
:10905000EFE700BFB82200202DE9F843CD1C25F032
:10906000030508350C2D38BF0C25002D064601DB05
:10907000A94204D90C2333600020BDE8F883DFF84F
:10908000D48000F069F8D8F800301C4644BB29466B
:109090003046FFF7BFFF431C044658D1D8F80040C4
:1090A0002746002F43D1002C4BD023683946304649
:1090B00004EB030900F0A0F8814542D121686D1A44
:1090C00029463046FFF7A6FF01303AD023682B44EB
:1090D0002360D8F800305A6862BBC8F800700FE00F
:1090E0002268521B20D40B2A17D96119A34225608C
:1090F00018BF5960636808BFC8F8001062514B6020
:10910000304600F02FF804F10B00231D20F007007B
:10911000C21A1CBF1B1AA350AFE76268A3420CBF60
:10912000C8F800205A60EBE723466468AEE73C4687
:109130007F68B6E71A465B68A342FBD10023536001
:10914000DEE70C233360304600F00CF894E705604E
:10915000D6E700BFBC220020014800F087B800BF5E
:10916000FC230020014800F082B800BFFC2300204F
:1091700030B51446002C9BB005461A4605DA8B2301
:1091800003604FF0FF301BB030BD4FF40273ADF8F9
:109190000C304FF00003199314BF04F1FF33234642
:1091A000029305934FF6FF7300910491ADF80E30D2
:1091B00069461E9B00F010F9431CBCBF8B232B603B
:1091C000002CE0D0009B00221A70DCE707B500936A
:1091D00013460A46014603480068FFF7C9FF03B07B
:1091E0005DF804FB3000002002440346934200D1A6
:1091F000704703F8011BF9E738B5064D0023044614
:1092000008462B60EAF754F9431C02D12B6803B1DE
:10921000236038BDF8230020014B1868704700BF59
:109220003000002070B50D4D0D4C641BA4100026BD
:10923000A64209D10B4D0C4C00F0A6FB641BA410F8
:109240000026A64205D170BD55F8043B984701366B
:10925000EEE755F8043B98470136F2E7C4CD030822
:10926000C4CD0308C4CD0308C8CD030870477047B8
:109270000A44914200F1FF3300D1704710B511F854
:10928000014B03F8014F9142F9D110BD38B50546A5
:10929000002941D051F8043C0C1F002BB8BFE41842
:1092A000FFF75AFF1D4A136833B9636014602846FC
:1092B000BDE83840FFF756BFA34208D920682118FF
:1092C0008B4201BF19685B6809182160EDE71A46F7
:1092D0005B680BB1A342FAD911685018A0420BD1B8
:1092E00020680144501883421160E0D118685B681F
:1092F000536008441060DAE702D90C232B60D6E7EC
:10930000206821188B4204BF19685B68636004BF42
:10931000091821605460CAE738BD00BFBC22002094
:109320002DE9F0478E681F46BE420B6882460C4608
:1093300090462DD8B1F90C2012F4906F26D06569B3
:10934000096905EB4505A3EB010905EBD5757B1C08
:109350004B446D109D4238BF1D46530527D5294605
:10936000FFF77AFE064660B321694A46FFF780FFA1
:10937000A38923F4906343F08003A3812661656190
:109380004E44A5EB09052660A5603E46BE4200D9C5
:109390003E4620683246414600F0A6FAA3689B1B71
:1093A000A3602368334423600020BDE8F0872A4689
:1093B00000F0B4FA06460028E0D121695046FFF7D4
:1093C00065FF0C23CAF80030A38943F04003A38152
:1093D0004FF0FF30E9E700002DE9F04F98468B8908
:1093E0001B069DB007460D46144610D50B6973B990
:1093F0004021FFF731FE2860286130B90C233B6023
:109400004FF0FF301DB0BDE8F08F40236B610023AB
:10941000099320238DF82930CDF80C803023DFF814
:109420009C818DF82A304FF0010923469A4613F8A3
:10943000012B0AB1252AF9D1BAEB040B0BD05B46FC
:10944000224629463846FFF76BFF013000F0A7801F
:10945000099A5A4409929AF80030002B00F09F8034
:1094600000234FF0FF32CDE905230AF1010A0493EE
:1094700007938DF853301A935446052214F8011BB4
:109480004E48E6F7BDFE049AD8B9D00644BF202363
:109490008DF85330110744BF2B238DF853309AF8C1
:1094A00000302A2B15D0079A544600204FF00A0CA2
:1094B000214611F8013B303B092B4BD9B0B1079243
:1094C00014E0A0EB080309FA03F313430493A24644
:1094D000D2E7039B191D1B680391002BBBBF5B42A6
:1094E00042F0020207930793B8BF049223782E2B11
:1094F0000AD163782A2B32D1039B1A1D1B68039271
:1095000043EAE37302340593DFF8C0A02178032215
:109510005046E6F775FE38B1049BA0EB0A004022E6
:10952000824013430134049314F8011B24488DF83E
:1095300028100622E6F764FE002836D0214B1BBB1C
:10954000039B073323F0070308330393099B33443A
:1095500009936AE70CFB02320C460120A8E70023BE
:109560000134059319464FF00A0C204610F8012BE0
:10957000303A092A03D9002BC6D00591C4E70CFB69
:10958000012104460123F0E703AB00932A460E4B6A
:1095900004A93846AFF30080421C0646D6D1AB89F9
:1095A0005B063FF52DAF09982CE703AB00932A46E5
:1095B000054B04A9384600F079F8EDE788CD03089B
:1095C00092CD030800000000219301088ECD03080E
:1095D0002DE9F047164698468A680B69DDF8209019
:1095E0009342B8BF1346336091F8432007460C46B8
:1095F0000AB1013333602368990642BF33680233EE
:109600003360256815F0060506D104F1190AE368F0
:1096100032689B1AAB4226DC94F843302268003B48
:1096200018BF012392062BD404F143024146384669
:10963000C84701301ED02368226903F00603042BBB
:1096400002BFE5683368ED1AA3680CBF25EAE5752B
:1096500000259342C4BF9B1AED1800261A34B54268
:109660001AD1002008E00123524641463846C84737
:10967000013003D14FF0FF30BDE8F0870135C6E778
:10968000E1185A1C302081F84300224494F8451018
:1096900082F843100233C7E7012322464146384689
:1096A000C8470130E6D00136D9E700002DE9FF4771
:1096B0000F7E0C9E782F914680460C469A4601F10B
:1096C000430207D8622F0AD8002F00F0D180582F0C
:1096D00000F0B88004F1420684F842703AE0A7F145
:1096E0006303152BF6D801A151F823F04597010823
:1096F00059970108D5960108D5960108D596010815
:10970000D596010859970108D5960108D596010804
:10971000D5960108D5960108579801088397010846
:1097200011980108D5960108D59601087998010885
:10973000D596010883970108D5960108D5960108AA
:109740001998010833681A1D1B68326004F142063B
:1097500084F8423001239CE033682068191D316091
:10976000060601D51D6803E04506FBD5B3F9005098
:10977000002D03DA2D236D4284F8433058480A2324
:1097800011E021683368080653F8045B02D44906E7
:1097900048BFADB26F2F5248336014BF0A2308236D
:1097A000002184F843106668A660002E05DB21685E
:1097B0002E4321F0040121604BD01646B5FBF3F196
:1097C00003FB1157C75D06F8017D2F46BB420D46CE
:1097D000F4D9082B0BD12368DF0708D5236961680A
:1097E0009942DEBF302306F8013C06F1FF36921B9A
:1097F0002261CDF800A04B4603AA21464046FFF760
:10980000E7FE01304AD14FF0FF3004B0BDE8F087E9
:10981000236843F0200323603248782784F845709A
:10982000236831681F0651F8045B02D45F0648BF05
:10983000ADB23160D90744BF43F0200323601DB1AE
:109840001023ADE72648E9E7236823F020032360CF
:10985000F6E71646BDE7336825686169181D306074
:109860002E061B6801D5196002E06806FBD5198039
:10987000002323611646BCE733681A1D32601E6858
:10988000626800213046E6F7BBFC08B1801B6060CF
:1098900063682361002384F84330AAE723693246D2
:1098A00049464046D0470130ADD023689B0713D4CA
:1098B000E068039B9842B8BF1846A6E701233246EA
:1098C00049464046D04701309DD00135E3680399B1
:1098D0005B1AAB42F2DCEBE7002504F11906F5E771
:1098E00099CD0308AACD0308884210B501EB020404
:1098F00002D98442234607D8431EA14208D011F85A
:10990000012B03F8012FF8E7024401468A4200D1F7
:1099100010BD13F8014D02F8014DF7E72DE9F041B4
:10992000074614460D4621B9BDE8F0411146FFF740
:1099300093BB2AB9FFF7AAFC25462846BDE8F0816B
:1099400000F01AF88442064602D8B4EB500FF4D85F
:1099500021463846FFF780FB804608B94546ECE7CC
:10996000B4422246294628BF3246FFF781FC2946E9
:109970003846FFF78BFCF1E751F8043C181F002B29
:10998000BCBF0B58C0187047F8B500BFF8BC08BC86
:109990009E467047F8B500BFF8BC08BC9E467047AD
:1099A000EFBFBDEFBFBDEFBFBDD2B5EFBFBDEFBFD6
:1099B000BDEFBFBD00000000EFBFBDEFBFBDEFBFFB
:1099C000BDEFBFBD0000000032000000EFBFBDC50D
:1099D000BFEFBFBDEFBFBDEFBFBDEFBFBDEFBFBDB1
:1099E000000000000A0D0A0D0A0D2B2B2B2B2B2B30
:1099F0002B2B2B2BEFBFBDEFBFBDEFBFBDEFBFBD0F
:109A000032EFBFBDC5BFEFBFBDEFBFBDEFBFBDEF05
:109A1000BFBDEFBFBDEFBFBDEFBFBDEFBFBDEFBF70
:109A2000BDEFBFBDEFBFBDD4B3EFBFBDEFBFBDEF57
:109A3000BFBD2056312E36EFBFBDEFBFBDCABDEF53
:109A4000BFBDEFBFBD2B2B2B2B2B2B2B2B2B2B0A77
:109A50000D0A0D0A0D00000053544D3332463430C8
:109A600037EFBFBDEFBFBDD0BEC6AC49443A2025DD
:109A70003038582025303858202530385820464C6A
:109A80004148EFBFBDEFBFBDEFBFBDEFBFBDEFBFF3
:109A9000BDEFBFBD25644B42200D0A00EFBFBDEFF7
:109AA000BFBDCAB1EFBFBDEFBFBDEFBFBDEFBFBD13
:109AB000EFBFBDEFBFBDEFBFBDEFBFBD524E47D63D
:109AC000B5EFBFBDEFBFBD25303858200000000006
:109AD000D0BEC6AC4944EFBFBDEFBFBD33EFBFBD85
:109AE000EFBFBD3332CEBBEFBFBDEFBFBDEFBFBDDC
:109AF000EFBFBD435243EFBFBDEFBFBDEFBFBDEFF3
:109B0000BFBDEFBFBDEFBFBDEFBFBDEFBFBD2530D8
:109B10003858200A0D0000000A0DEFBFBDEFBFBD91
:109B200031EFBFBDEFBFBD4F4C4544EFBFBDEFBFF1
:109B3000BDEFBFBDD4A3EFBFBDEFBFBDDBB2EFBF75
:109B4000BD4F4C4544EFBFBDEFBFBDEFBFBDEFBF45
:109B5000BDEFBFBDC7B7EFBFBDEFBFBDEFBFBDEF2F
:109B6000BFBDEFBFBDEFBFBDEFBFBDEFBFBDEFBF1F
:109B7000BDD3A2EFBFBDEFBFBDEFBFBDEFBFBDCA3D
:109B8000BEEFBFBDEFBFBD0A0D0000002D596F75C0
:109B90006E6754616C6B204E6F2E322D00000000FA
:109BA00054455354313A4F4C45442052454C415949
:109BB0000000000020204C4344204C4544204255E6
:109BC0005A5A4552000000004F70656E2074686557
:109BD0002055534152543120000000000A0DEFBFC0
:109BE000BDEFBFBD32EFBFBDEFBFBDEFBFBDEFBF2C
:109BF000BDEFBFBDEFBFBDEFBFBDEFBFBDEFBFBD91
:109C0000EFBFBDEFBFBDD4A3EFBFBDEFBFBDDBB2A4
:109C1000EFBFBDEFBFBDEFBFBDEFBFBDEFBFBDEF3E
:109C2000BFBDEFBFBDC7B7EFBFBDEFBFBDEFBFBD8E
:109C3000DFBACDB5EFBFBD32EFBFBDEFBFBDEFBFE8
:109C4000BDEFBFBDEFBFBDEFBFBDEFBFBDEFBFBD40
:109C5000EFBFBDEFBFBD0A0D000000000A0DEFBF52
:109C6000BDEFBFBD33EFBFBDEFBFBDEFBFBDCCB5D7
:109C7000EFBFBDEFBFBDEFBFBDEFBFBDEFBFBDEFDE
:109C8000BFBDD4A3EFBFBDEFBFBDDBB2EFBFBDCC47
:109C9000B5EFBFBDEFBFBDEFBFBDEFBFBDC7B7EFF6
:109CA000BFBDEFBFBDEFBFBDEFBFBDEFBFBDEFBFDE
:109CB000BDCFA3EFBFBD4C4544EFBFBDC7B7EFBF9E
:109CC000BDEFBFBD31EFBFBDEFBFBD34EFBFBDEFD7
:109CD000BFBDEFBFBDEFBFBDEFBFBDEFBFBD0A0D45
:109CE000000000002D596F756E6754616C6B204E3B
:109CF0006F2E322D20207777772E646F796F756EF7
:109D0000672E6E65740000004C43442049443A2598
:109D1000780000004C43442054455354204F4B21BD
:109D2000202020000A0DEFBFBDEFBFBD4558EFBF9B
:109D3000BDEFBFBD4C4344EFBFBDEFBFBDCABCEFDD
:109D4000BFBDEFBFBDEFBFBDC9B9EFBFBDEFBFBD69
:109D5000EFBFBDEFBFBDDBB2EFBFBD4C4344EFBFB4
:109D6000BDEFBFBDEFBFBDEFBFBDEFBFBDC7B7EF1D
:109D7000BFBDEFBFBDEFBFBDEFBFBDEFBFBDEFBF0D
:109D8000BDEFBFBDEFBFBDEFBFBDD3A2EFBFBDEF06
:109D9000BFBDEFBFBDEFBFBDCABEEFBFBDEFBFBD13
:109DA0004C43442049443A2578EFBFBDEFBFBDEF97
:109DB000BFBDEFBFBD0A0D005445535445583A4C42
:109DC000434420544F554348000000005B4B455925
:109DD000345D20746F206E657874212000000000CF
:109DE0004C43442054455354204F4B2120202020E5
:109DF00000000000544F5543482054455354203F21
:109E000020202020000000004C4344EFBFBDEFBFE6
:109E1000BDCABCEFBFBDEFBFBDCAA7EFBFBDDCA3CE
:109E2000EFBFBD4C4344EFBFBDEFBFBDEFBFBDEFC4
:109E3000BFBDCEB4EFBFBDEFBFBDEFBFBDD3BBEF66
:109E4000BFBDEFBFBDEFBFBDEFBFBDEFBFBDD0BE5C
:109E5000C6ACEFBFBDEFBFBDEFBFBDEFBFBD4E5442
:109E600033353531302F524D36383132302F4F5453
:109E70004D3830303941EFBFBDEFBFBD4C434420BA
:109E800049443A2578EFBFBDEFBFBDEFBFBDEFBF7F
:109E9000BD0A0D00544F5543485F49443A2573208D
:109EA00020000000EFBFBDEFBFBDEFBFBDEFBFBDE6
:109EB000EFBFBDC4BBEFBFBDEFBFBDC9B2EFBFBDFC
:109EC000EFBFBDEFBFBD00000A0DEFBFBDEFBFBDCF
:109ED0004558EFBFBDEFBFBDEFBFBDEFBFBDEFBF8B
:109EE000BDEFBFBDEFBFBDEFBFBDEFBFBDEFBFBD9E
:109EF000CABCEFBFBDEFBFBDEFBFBDC9B9EFBFBDAE
:109F0000EFBFBDEFBFBDEFBFBDEFBFBD544F55436A
:109F1000482049443A2573EFBFBDEFBFBDEFBFBD39
:109F2000EFBFBD0A0D000000EFBFBDEFBFBD45583C
:109F3000EFBFBDEFBFBD4C4344EFBFBDEFBFBDC9D9
:109F4000ABEFBFBDEFBFBDEFBFBDEFBFBDEFBFBD4F
:109F5000EFBFBDEFBFBDEFBFBDEFBFBDD4A3EFBF30
:109F6000BDEFBFBDEFBFBDD6B8EFBFBDEFBFBDD723
:109F7000A1EFBFBDEFBFBDC4BBCAB1EFBFBDEFBF57
:109F8000BDEFBFBDEFBFBDD6B5EFBFBDEFBFBDC419
:109F9000B1E4A3ACEFBFBDEFBFBDEFBFBD35EFBFB9
:109FA000BDE3B4A5EFBFBDEFBFBDEFBFBDEFBFBD0C
:109FB000EFBFBDEFBFBDEFBFBDEFBFBD4B455934D8
:109FC000EFBFBDEFBFBDEFBFBDEFBFBDEFBFBDEF8B
:109FD000BFBDD2BBEFBFBDEEA3A9EFBFBDEFBFBDFD
:109FE0000A0D00004E4F20544F5543482049432846
:109FF00049443A257329202578200000EFBFBDEFA2
:10A00000BFBDEFBFBDEFBFBDEFBFBDEFBFBDEFBF7A
:10A01000BDEFBFBDCABCEFBFBDEFBFBDCAA7EFBF9D
:10A02000BDDCA3EFBFBD4C4344EFBFBDEFBFBDEFF1
:10A03000BFBDEFBFBDCEB4EFBFBDEFBFBDEFBFBD76
:10A04000D3BBEFBFBDEFBFBDEFBFBDEFBFBDEFBF28
:10A05000BDD0BEC6ACEFBFBDEFBFBDEFBFBDEFBF54
:10A06000BD475439313437EFBFBDEFBFBD47543919
:10A070003131EFBFBDEFBFBD544F55434820494478
:10A080003A2573EFBFBDEFBFBDEFBFBDEFBFBD0A48
:10A090000D0000005B4B4559345D20746F206E65E8
:10A0A0007874212020000000EFBFBDEFBFBDC4BB0E
:10A0B000EFBFBDEFBFBDEFBFBDEFBFBDEFBFBDEF9A
:10A0C000BFBDEFBFBD000000544F5543482054456D
:10A0D0005354204F4B210000544F554348205445C2
:10A0E0005354204F4B21202000000000EFBFBDEF54
:10A0F000BFBD4558EFBFBDEFBFBD4C4344EFBFBD33
:10A10000CDB4EFBFBDEFBFBDEFBFBDEFBFBDEFBF74
:10A11000BDEFBFBDEFBFBDEFBFBDEFBFBDC9A3EF7B
:10A12000BFBD0A0D000000000A0DEFBFBDEFBFBDAF
:10A1300034EFBFBDEFBFBD525443EFBFBDEFBFBD56
:10A140004C4D373541EFBFBDEFBFBDEFBFBDD4A311
:10A15000EFBFBDEFBFBDDBB2EFBFBDCAB1EFBFBD4B
:10A16000E4A1A2EFBFBDC2B6EFBFBDD6B5EFBFBD84
:10A17000C7B7EFBFBDEFBFBDEFBFBDEFBFBDEFBF07
:10A18000BDCBA2EFBFBDEFBFBD2FEFBFBDEFBFBDCA
:10A19000CAB1EFBFBDEFBFBD0A0D00005445535417
:10A1A000323A525443264C4D3735412000000000CE
:10A1B0005B4B4559315D20746F206E6578742120AA
:10A1C0000000000054696D653A20202020202020E6
:10A1D000202020200000000054656D703A202020CF
:10A1E00020202020202020200000000020CAB5CA06
:10A1F000B1CAB1EFBFBDE4A3BA253034642D253018
:10A2000032642D2530326420253032643A253032D4
:10A21000643A253032642000EFBFBDC2B6C8A3EF58
:10A22000BFBD2D25642E2564EFBFBDEFBFBD00006F
:10A23000EFBFBDC2B6C8A3EFBFBD25642E2564EF36
:10A24000BFBDEFBFBD000000EFBFBDEFBFBDEFBFA3
:10A25000BDD8B3EFBFBDEFBFBDEFBFBDEFBFBDEF1B
:10A26000BFBDEFBFBDEFBFBDCAB1EFBFBDE4A3AC83
:10A27000EFBFBDEFBFBDEFBFBDEFBFBD4B45593118
:10A28000EFBFBDEFBFBDEFBFBDEFBFBDEFBFBDEFC8
:10A29000BFBDD2BBEFBFBDEEA3A90D0054696D6574
:10A2A0003A20253032643A253032643A253032641F
:10A2B0002020000054656D703A2D25642E25303223
:10A2C000646320202000000054656D703A202564EE
:10A2D0002E253032646320202000000020CAB5CA39
:10A2E000B1CAB1EFBFBDE4A3BA253034642D253027
:10A2F00032642D2530326420253032643A253032E4
:10A30000643A25303264200D0A00000020EFBFBD02
:10A31000EFBFBDEFBFBDEFBFBDCAB1EFBFBDE4A38F
:10A32000BAEFBFBDEFBFBDCABDCEAA34CEBBEFBF33
:10A33000BDEFBFBD32CEBBEFBFBDEFBFBDEFBFBDF9
:10A34000EFBFBDCAB1EFBFBDEFBFBDEFBFBDEBA358
:10A35000A8EFBFBDEFBFBDEFBFBDEFBFBD32303215
:10A360003230383036313230303030EFBFBDEFBFB1
:10A37000BDEFBFBDEFBFBDEFBFBDEFBFBDEFBFBD09
:10A38000D8B3EFBFBDEFBFBDEFBFBDC8B7EFBFBD17
:10A39000EFBFBDEFBFBDEFBFBD0D0A00D0B4EFBF33
:10A3A000BDEFBFBDCAB1EFBFBDEFBFBDCAA7EFBF15
:10A3B000BDDCA3EFBFBD20202020202020200D0ADF
:10A3C00000000000D0B4EFBFBDEFBFBDEFBFBDEFD9
:10A3D000BFBDEFBFBDEFBFBDCAA7EFBFBDDCA3EFE1
:10A3E000BFBD20202020202020200D0A00000000DA
:10A3F000D0B4EFBFBDEFBFBDC9B9EFBFBDEFBFBDAB
:10A40000EFBFBD202020202020200D0A00000000EA
:10A41000D6B8EFBFBDEFBFBDEFBFBDEFBFBDEFBF54
:10A42000BD202020202020202020200D0A00000018
:10A430000A0D0A0DEFBFBDEFBFBD35EFBFBDEFBFCA
:10A44000BD414443EFBFBDEFBFBD444143EFBFBD7E
:10A45000EFBFBDEFBFBDD4A3EFBFBDEFBFBDEFBF2B
:10A46000BDEFBFBDD6B5EFBFBDD7A1EFBFBDEFBF3D
:10A47000BDEFBFBDEFBFBDEFBFBDEFBFBDEFBFBD08
:10A48000E8A3ACEFBFBDEFBFBDD7AAEFBFBDEFBF25
:10A49000BDCEBBEFBFBDEFBFBDEFBFBDEFBFBDC505
:10A4A000A5EFBFBDEFBFBDCDACCAB1EFBFBDDBB245
:10A4B000EFBFBD4F4C4544EFBFBDF2B3ACBCEFBFE7
:10A4C000BDEFBFBDD5B6EFBFBDEFBFBDEFBFBDCBCD
:10A4D000A2EFBFBDC2B5EFBFBD414443EFBFBDEF6B
:10A4E000BFBDEFBFBDEFBFBDEFBFBDC7B7EFBFBDC6
:10A4F000EFBFBDEFBFBDEFBFBDEFBFBDEFBFBDEF56
:10A50000BFBDEFBFBDDBB2EFBFBD444143EFBFBD39
:10A51000EFBFBDEFBFBDC7B7EFBFBDEFBFBDEFBF63
:10A52000BDEFBFBDC5B5EFBFBDCEBBEFBFBDEFBF7C
:10A53000BDEFBFBDE4BBAFEFBFBDEFBFBDEFBFBD64
:10A54000C8A1EFBFBD0A0D0054455354323A4144EF
:10A550004320444143202020000000005B4B45592C
:10A56000325D20746F206E65787421200000000039
:10A57000414443313A202020202020202020202048
:10A5800000000000414443323A20202020202D2D9D
:10A590002D2D6D5600000000EFBFBDEFBFBDEFBF1A
:10A5A000BDEFBFBDEFBFBDEFBFBDEFBFBDEFBFBDD7
:10A5B000414443313D2530346420EFBFBDEFBFBD82
:10A5C000CEBBEFBFBDEFBFBD414443323D2530346C
:10A5D000642041444332EFBFBDCBB2EFBFBDEFBFFC
:10A5E000BDEFBFBDEFBFBDD1B9D6B53D25646D563A
:10A5F00000000000EFBFBDEFBFBDEFBFBDEFBFBDAF
:10A60000EFBFBDEFBFBD4B455932EFBFBDEFBFBD83
:10A61000EFBFBDEFBFBDEFBFBDEFBFBDD2BBEFBF53
:10A62000BDEEA3A90D000000414443313A2530346A
:10A6300064202020202020200000000041444332DC
:10A640003A2530346420253034646D560000000013
:10A650000A0D0A0DEFBFBDEFBFBD36EFBFBDEFBFA7
:10A66000BD5253343835EFBFBDEFBFBD43414EEF50
:10A67000BFBDEFBFBDEFBFBDD4A3EFBFBDEFBFBD3B
:10A68000EFBFBD4B455931EFBFBDEFBFBD52533496
:10A690003835EFBFBDEFBFBDEFBFBDEFBFBDEFBFF3
:10A6A000BDD6B7EFBFBD41EFBFBDEFBFBDEFBFBD73
:10A6B000EFBFBDEFBFBDEFBFBDEFBFBDEFBFBD3152
:10A6C0003135323030EFBFBDEFBFBDEFBFBDEFBFA3
:10A6D000BDEFBFBDEFBFBD4B455932EFBFBDEFBFB3
:10A6E000BD43414EEFBFBDEFBFBDEFBFBDEFBFBD2F
:10A6F000EFBFBDD6B7EFBFBD41EFBFBDEFBFBDEFF1
:10A70000BFBDEFBFBDEFBFBDEFBFBDEFBFBDEFBF73
:10A71000BD3235304DEFBFBDEFBFBDEFBFBDEFBFA9
:10A72000BDEFBFBDEFBFBDEFBFBDDAB3EFBFBDEF44
:10A73000BFBDEFBFBDEFBFBDD5B6EFBFBDEFBFBD66
:10A74000EFBFBDEFBFBDEFBFBD4153434949EFBFB1
:10A75000BDD6B7EFBFBDEFBFBDEFBFBDEFBFBDC93A
:10A76000B7EFBFBDEFBFBDCDA1EFBFBDEFBFBDEF29
:10A77000BFBDEFBFBDD5B5EFBFBDEFBFBDEFBFBD27
:10A78000EFBFBDD2BBEFBFBDEFBFBD415343494992
:10A79000EFBFBDD6B7EFBFBDEFBFBDEFBFBDEFBFD2
:10A7A000BDEFBFBD4F4C4544EFBFBDCDB3EFBFBD07
:10A7B000EFBFBDEFBFBDEFBFBDD5B6EFBFBDEFBFB4
:10A7C000BDEFBFBDEFBFBDEFBFBDCABEEFBFBDEFA9
:10A7D000BFBD0A0D0000000054455354333A525394
:10A7E0003438352043414E20000000005B4B455972
:10A7F000335D20746F206E657874212000000000A6
:10A8000052533438352052583A202054583A202098
:10A8100000000000202043414E2052583A2020548E
:10A82000583A20200000000052533438355F545805
:10A830002643414E5F54583D25630000EFBFBDEFF6
:10A84000BFBDEFBFBDEFBFBDEFBFBDEFBFBD4B4550
:10A850005933EFBFBDEFBFBDEFBFBDEFBFBDEFBF12
:10A86000BDEFBFBDD2BBEFBFBDEEA3A90D0A000077
:10A870002563000052533438355F52583D2563201C
:10A88000000000004100000052533438355F545836
:10A890003D41200043414E5F52583D25632000005A
:10A8A00043414E5F54583D41200000000A0DEFBF68
:10A8B000BDEFBFBD37EFBFBDEFBFBDEFBFBDEFBF4A
:10A8C000BDEFBFBDEFBFBDEFBFBDEFBFBD57494639
:10A8D00049C4A3EFBFBDEFBFBDEFBFBDEFBFBDD448
:10A8E000A3EFBFBDEFBFBDEFBFBDEFBFBDEFBFBDAE
:10A8F000EFBFBDEFBFBDEFBFBDEFBFBDEFBFBDEF52
:10A90000BFBD57494649C4A3EFBFBDE9B7A2EFBFDA
:10A91000BDCDA1EFBFBD4154EFBFBDEFBFBDD6B8A8
:10A92000EFBFBDEEA3ACEFBFBDEFBFBDEFBFBDD569
:10A93000B5EFBFBD4F4BEFBFBDEFBFBDCABEEFBF51
:10A94000BDEFBFBDEFBFBDEFBFBDEFBFBDEFBFBD33
:10A95000EFBFBDEFBFBDEFBFBDEFBFBD4B45593131
:10A96000EFBFBDEFBFBDEFBFBDEFBFBDEFBFBDD8F8
:10A97000B7EFBFBDEFBFBDEFBFBDEFBFBDEFBFBD09
:10A98000EFBFBDEFBFBD4B455934EFBFBDEFBFBDFE
:10A99000EFBFBDEFBFBDEFBFBDEFBFBDD2BBEFBFD0
:10A9A000BDEEA3A9EFBFBDEFBFBD0A0D00000000C3
:10A9B00054455354343A422F542057494649202095
:10A9C0000000000020422F5420544553543A2020C8
:10A9D00020202020000000005749464920544553BC
:10A9E000543A2020202020200000000041542B4E0B
:10A9F000414D4543433235343100000041540D0A86
:10AA000000000000EFBFBDEFBFBDEFBFBDEFBFBD9A
:10AA1000EFBFBDEFBFBDEFBFBDCDA3EFBFBD415485
:10AA20002B4E414D45434332353431202057494662
:10AA300049EFBFBDEFBFBDEFBFBDCDA3EFBFBD4170
:10AA400054200000EFBFBDEFBFBDEFBFBDEFBFBDE6
:10AA5000EFBFBDEFBFBD4B455931EFBFBDEFBFBD30
:10AA6000EFBFBDEFBFBDEFBFBDD8B7EFBFBDEFBFFD
:10AA7000BDEFBFBDEFBFBDEFBFBDEFBFBDEFBFBD02
:10AA80004B455934EFBFBDEFBFBDEFBFBDEFBFBDFD
:10AA9000EFBFBDEFBFBDD2BBEFBFBDEEA3A90D0A97
:10AAA0000000000020422F5420544553543A252AD8
:10AAB0007320202020202000EFBFBDEFBFBDEFBFDF
:10AAC000BDEFBFBDEFBFBDEFBFBDEFBFBDD5A3EFB6
:10AAD000BFBD252E2A73200D0A00000057494649A4
:10AAE00020544553543A20252E2A7320202020003C
:10AAF00057494649EFBFBDEFBFBDEFBFBDD5A3EF7F
:10AB0000BFBD252E2A73200D0A0000000A0DEFBFDD
:10AB1000BDEFBFBD38EFBFBDEFBFBD4D5033D0BEA1
:10AB2000C6ACEFBFBDEFBFBD464C415348D0BEC61B
:10AB3000ACEFBFBDEFBFBDEFBFBDD4A3EFBFBDEF57
:10AB4000BFBDEFBFBDEFBFBDEFBFBDEFBFBDEFBF2F
:10AB5000BD4B455931EFBFBDEFBFBDEFBFBDEFBF2F
:10AB6000BDEFBFBDEFBFBDD2BBEFBFBDEEA3A9EF31
:10AB7000BFBDEFBFBD0A0D0054455354353A4D508B
:10AB80003320464C41534820000000005B4B4559A0
:10AB9000315D204D503320504C41592000000000C1
:10ABA0005B4B4559335D20464C4153482B313D3F6B
:10ABB0000000000057323551313238EFBFBDEFBFD2
:10ABC000BDCABCEFBFBDEFBFBDEFBFBDEFBFBDEFA7
:10ABD000BFBDEFBFBD21200A0D0000005732355127
:10ABE000313238EFBFBDEFBFBDCABCEFBFBDEFBF55
:10ABF000BDEFBFBDEFBFBDEFBFBD21200000000016
:10AC0000D0BEC6AC4944EFBFBDEFBFBD2578200024
:10AC1000EFBFBDEFBFBDEFBFBDEFBFBD3078303080
:10AC2000EFBFBDEFBFBDD6B7EFBFBDEFBFBDEFBF3D
:10AC3000BDDDA3EFBFBD2564EFBFBDEFBFBDEFBF5F
:10AC4000BDEFBFBDEFBFBDEFBFBD4B455933EFBF3C
:10AC5000BDEFBFBDEFBFBDEFBFBDD6B5EFBFBDEF11
:10AC6000BFBD31EFBFBDEFBFBDEFBFBDEFBFBDEF9C
:10AC7000BFBDEFBFBD4B455931EFBFBDEFBFBDEF0E
:10AC8000BFBDEFBFBDEFBFBDEFBFBDD2BBEFBFBD0F
:10AC9000EEA3A90A0D0000005B4B4559335D204629
:10ACA0004C4153482B313D25640000005B4B455916
:10ACB000325D204D5033204E455854200000000096
:10ACC0004D5033EFBFBDEFBFBDEFBFBDEFBFBDEF19
:10ACD000BFBDEFBFBDC9A3EFBFBDEFBFBDEFBFBDE0
:10ACE000EFBFBDEFBFBD4B455931EFBFBDEFBFBD9E
:10ACF000EFBFBDEFBFBDEFBFBDEFBFBD2CEFBFBD11
:10AD0000EFBFBD4B455932EFBFBDEFBFBDEFBFBD7C
:10AD1000EFBFBDD2BBEFBFBDEFBFBD2CEFBFBDEFDF
:10AD2000BFBD4B455933EFBFBDEFBFBD464C41538F
:10AD300048D6B5EFBFBDEFBFBD312CEFBFBDEFBFF4
:10AD4000BD4B455934EFBFBDEFBFBDEFBFBDEFBF3A
:10AD5000BDEFBFBDEFBFBDD2BBEFBFBDEEA3A90A24
:10AD60000D0000004D5033EFBFBDEFBFBDD2BBEFB4
:10AD7000BFBDEFBFBDEFBFBDEFBFBDC9A3EFBFBD3F
:10AD8000EFBFBDEFBFBDEFBFBDEFBFBD4B455931FD
:10AD9000EFBFBDEFBFBDEFBFBDEFBFBDEFBFBDEFAD
:10ADA000BFBD2CEFBFBDEFBFBD4B455932EFBFBD9F
:10ADB000EFBFBDEFBFBDEFBFBDD2BBEFBFBDEFBFAC
:10ADC000BD2CEFBFBDEFBFBD4B455933EFBFBDEF4E
:10ADD000BFBD464C415348D6B5EFBFBDEFBFBD31F7
:10ADE0002CEFBFBDEFBFBD4B455934EFBFBDEFBF2B
:10ADF000BDEFBFBDEFBFBDEFBFBDEFBFBDD2BBEF6E
:10AE0000BFBDEEA3A90A0D00EFBFBDEFBFBDEFBFF1
:10AE1000BDEFBFBD30783030EFBFBDEFBFBDD6B79F
:10AE2000EFBFBDEFBFBDEFBFBDDDA3EFBFBD25646D
:10AE300020EFBFBDEFBFBDEFBFBDEFBFBD4B45595D
:10AE400031EFBFBDEFBFBDEFBFBDEFBFBDEFBFBDBA
:10AE5000EFBFBD2CEFBFBDEFBFBD4B455932EFBFBC
:10AE6000BDEFBFBDEFBFBDEFBFBDD2BBEFBFBDEFFD
:10AE7000BFBD2CEFBFBDEFBFBD4B455933EFBFBDCD
:10AE8000EFBFBD464C415348D6B5EFBFBDEFBFBD88
:10AE9000312CEFBFBDEFBFBD4B455934EFBFBDEF08
:10AEA000BFBDEFBFBDEFBFBDEFBFBDEFBFBDD2BBED
:10AEB000EFBFBDEEA3A90A0D000000000A0DEFBF11
:10AEC000BDEFBFBD39EFBFBDEFBFBD55EFBFBDCCBF
:10AED000BAEFBFBD5446EFBFBDEFBFBDEFBFBDEF83
:10AEE000BFBDEFBFBDD4A3EFBFBDEFBFBDEFBFBDC3
:10AEF000EFBFBDC8B6CFBFEFBFBDEFBFBDEFBFBD9A
:10AF0000EFBFBDCFA1EFBFBDEFBFBDEFBFBDC6B5AA
:10AF1000EFBFBDD3BFEFBFBDEFBFBDEFBFBDEFBF45
:10AF2000BDDFA1EFBFBDEFBFBDEFBFBD35EFBFBD03
:10AF3000EFBFBDEFBFBDEFBFBDC2B7EFBFBDD3A376
:10AF4000EFBFBDEFBFBDD9B2EFBFBDEFBFBDEFBF1C
:10AF5000BD55EFBFBDCCBAEFBFBD53442854462901
:10AF6000EFBFBDEFBFBDEFBFBDEFBFBD0A0D00001E
:10AF700054455354363A5553422D48205344494F73
:10AF800000000000496E7365727420552D4469738A
:10AF90006B265344000000004E4F20552D4469732A
:10AFA0006B21202020202020000000004E4F205345
:10AFB00044204361726421202020202000000000F2
:10AFC000552D4469736B2074657374204F4B212099
:10AFD0000000000055EFBFBDEFBFBDEFBFBDD1B258
:10AFE000EFBFBDEFBFBDEBA3ACEFBFBDEFBFBDEF8C
:10AFF000BFBDD4B3C9B9EFBFBDEFBFBDEFBFBD0A81
:10B000000D00000055EFBFBDEFBFBDEFBFBDD1B01C
:10B01000CEB3EFBFBDEFBFBDEFBFBD0A0D00000057
:10B02000534420436172642074657374204F4B2134
:10B03000000000005344EFBFBDEFBFBDEFBFBDD167
:10B04000B2EFBFBDEFBFBDEBA3ACEFBFBDEFBFBD68
:10B05000EFBFBDD4B3C9B9EFBFBDEFBFBDEFBFBD3B
:10B060000A0D00005344EFBFBDEFBFBDEFBFBDD120
:10B07000B0CEB3EFBFBDEFBFBDEFBFBD0A0D000047
:10B080000A0D43414EEFBFBDEFBFBDEFBFBDEFBFE8
:10B09000BDCAA7EFBFBDDCA3EFBFBD0A0D00000016
:10B0A0000A0D43414EEFBFBDEFBFBDCABCEFBFBDF0
:10B0B000EFBFBDCAA7EFBFBDDCA3EFBFBD0A0D0048
:10B0C0000A0D43414EEFBFBDD0B6CFB3EFBFBDCAEF
:10B0D000BCEFBFBDEFBFBDCAA7EFBFBDDCA3EFBFD5
:10B0E000BD0A0D000A0D43414EEFBFBDEFBFBDEFDE
:10B0F000BFBDEFBFBDC3A6C2B5EFBFBDEFBFBD0AA9
:10B100000D00000000330034003A004A005C00816A
:10B1100000A600E501130154018201CA02000201E8
:10B1200002340267028402A402B702CF02DE02F2F6
:10B1300002FE03100333036D393134370000000081
:10B14000393131007E031C1FEF0000007E03121115
:10B15000EF0000007E031417EF0000007E031310C1
:10B16000EF0000007E031516EF0000007E031615A9
:10B17000EF0000007E031E1DEF000000AE0010D5A2
:10B1800080A83FD300B0408D14A1C8DA1281FFD946
:10B19000F1DB302000A4A6AFAE8D100025630000C7
:10B1A0004D534300000000000000000001020304B2
:10B1B0000607080900000000010203047F7F7F7F6B
:10B1C0007F7F807F7F80808080807F807F80807F86
:10B1D0007F7F7F7F807F80807F8080808080808075
:10B1E0007F7F7F8080807F80808080807F7F7F7F67
:10B1F0007F7F7F7F7F807F7F8080807F7F7F7F7F5B
:10B20000808080807F7F7F7F7F80807F7F7F7F7F48
:10B210007F7F7F7F7F7F807F7F7F807F7F7F7F7F3C
:10B2200080807F7F7F7F7F7F7F807F80807F807F28
:10B230007F7F807F7F7F7F80807F80807F7F808017
:10B24000807F7F807F807F7F7F807F7F7F7F807F09
:10B250007F7F7F7F7F807F8080807F7F7F7F7F7FFA
:10B260007F7F7F7F7F8080807F7F8080807F807FE7
:10B27000807F7F7F7F7F7F7F7F7F7F7F7F7F7F7FDD
:10B280007F7F7F7F80807F7F80808080807F7F7FC7
:10B29000807F7F7F7F7F8080807F8080807F8080B5
:10B2A0007F807F7F7F7F7F808080808080808080A4
:10B2B00080808080808080808080807F7F7F7F7F93
:10B2C0007F7F7F807F807F807F8080808080808084
:10B2D0007F7F80807F808080808080808080808071
:10B2E00080808080808080807F807F7F7F7F7F7F65
:10B2F0007F7F7F7F7F7F7F7F7F7F7F7F7F7F7F7F5E
:10B300007F7F7F7F7F7F7F7F7F7F7F7F807F7F7F4C
:10B31000808080808080808080808080808080802D
:10B32000808080808080808080808080808080801D
:10B330007F7F7F7F80807F7F7F80807F7F7F7F7F19
:10B340007F7F7F7F7F7F7F7F7F7F7F7F7F7F7F7F0D
:10B350007F7F7F7F7F7F7F7F7F7F7F7F7F7F7F7FFD
:10B360007F7F7F7F7F7F7F7F7F7F7F7F7F7F807FEC
:10B37000807F807F807F7F7F7F7F7F7F80808080D6
:10B38000808080808080808080807F807F808080BF
:10B39000808080807F7F7F7F7F7F7F7F7F7F7F7FB9
:10B3A0007F7F7F7F7F7F7F808080808080808080A4
:10B3B000808080807F7F7F7F7F7F80808080807F94
:10B3C0007F7F7F7F7F7F808080807F7F7F7F7F8088
:10B3D0007F7F807F7F7F7F7F7F7F7F7F7F7F7F7F7C
:10B3E0007F7F7F7F7F7F7F7F7F7F7F7F7F7F7F806C
:10B3F000807F7F7F7F7F7F7F7F7F7F7F7F7F7F7F5C
:10B400007F7F7F7F808080808080807F7F80808042
:10B4100080807F7F7F7F7F7F7F80808080807F7F35
:10B420007F7F7F7F8080808180807F7F7E7F7F8025
:10B4300081808080807F7F7F7F808081818180800C
:10B440007F7F7F7F7F7F7F7F7E7F7F7F7F8080800A
:10B45000807F7F7E7E7E7E7F8080818180807F7EF8
:10B460007E7E7E7F808080818080808080808080E2
:10B470007F807F7F80808080818181807F7E7E7DD4
:10B480007E7E7F80808080807F7F7F7F7F7F7F7FC9
:10B490007F7F7F808080818080818080807F8080AE
:10B4A0008081818181807F7E7E7D7E7E7E7F7F7FA9
:10B4B0007F7E7E7E7F80808181818181808080808F
:10B4C00080808080808080807F7F7F7F7F7F7F7E85
:10B4D0007F8080818282828181807F7F7F7F808068
:10B4E000818080808080807F7F7F7F7F807F7F8062
:10B4F000808080807E7E7D7D7D7E7E80808080815C
:10B50000807F7F7F7E7F7F7F818283838281807E39
:10B510007D7C7C7C7C7C7D7E7F808182828383823B
:10B52000818180808181808281818281807E7D7C19
:10B530007B7C7C7D7F8080807F8080808182828216
:10B54000817F7E7E7E7E7F808183848482817E7AFD
:10B5500079787A7D80858788878683807D7B7B7BF1
:10B560007C7E7F828483858481807F7D7C7C7D7DE1
:10B570007F8181828280807F7D7E7D7E7E7F8080D4
:10B580007F7F82818383827F7E7B797A7C7E7F82CC
:10B590008080807E7D7C7C7C7E807F81817F8080BE
:10B5A000818183838283838282837F7E7D7A7A7C9A
:10B5B0007B7C7D7D7D7C7C7D7F81838383827F7EA0
:10B5C0007E7E7D7F818182848281817E79787571A2
:10B5D000767A7D838787868582807E7F7C7E7E7D6E
:10B5E000808082838385858482807E7C7C7D808050
:10B5F0008386858586878483837E7E7F7B7D7F7E31
:10B600008080818181807E7D7E7F7E80807E808241
:10B610008385888583817D7A7A7A7C7F8281808028
:10B620007D7E7D7C7C7E7D7D7F7E8081807D817F37
:10B630007D7E7F7F80817F81858585847F7A7A7911
:10B64000797D7E7D7E807F7E808180807F7D7F8012
:10B650008284858485848482817F7E7C7C7C7C7CE2
:10B66000807F7E7D7B7B7C7A7B7C7D7E81838685F3
:10B670008282807E7D7E7E7E7F7F7F8080817F7ED6
:10B680007D7B7B7D7D7F8383828482818283817FBA
:10B690007E7E7E7E7F80818181807D7D7E7C7D7DC2
:10B6A0007C797B7F8082838382838080817E7C7DA6
:10B6B000807E7F7F7D7A7B7A7B7C7D7F80828283A8
:10B6C000847F7F7F7F80848081817F808183818070
:10B6D000837D7D7C7B787C7F7E80837F7D7D7D7E8E
:10B6E00081828080828082858483837E7D77777863
:10B6F0007C8183848582807F7F7F82817F7E7B7A4D
:10B700007C7B7E807E7D7F81828487837F7E7F7D40
:10B710007E828080807E7B7B7C7C7F817F7F82803D
:10B720007F81838282848384858483837F7B7A7B09
:10B730007A7C7D7D7F7F7F8284848383827F7F7C10
:10B740007D7D7F8081808081828382817F7C7D7D01
:10B750007E7E7F7D7C7D7D7D7E7E7E8081838586F5
:10B76000858482818183838587878889878684838E
:10B77000807E7D7B7A7975716D69666567696D70AC
:10B7800073747577787B80868E959A9C9B9B9A9B29
:10B790009FA5ADB9C7CEAA8A5E240B10244E84A5FE
:10B7A000ACAD9276686165718080776F5A535B6645
:10B7B000788B9596938D817B7774767E89949FA7FD
:10B7C000A8A7A6A6B0BECA9E77490F0729548DBD6B
:10B7D000CDB0947356586D7B7F84705656576581F3
:10B7E000959992856F646C73808B8C8C8E92969DEC
:10B7F000A3A7ABB2BEC89C6D3B0F0E3675A8C0C5E3
:10B80000946B5F5D708E947C64544861869DA39CAC
:10B8100084625B616D818D8A827F82849095979925
:10B82000A0A7AEB9C2C78F50210A1E589EBDB4A8AA
:10B83000775A697F8B8C7A523F547095A8A68264A0
:10B840005D60707E827E7A84878D8E8B898C9CA9C8
:10B85000B5B8B5B6C0AE551E0E13449ABEAC9C7DAD
:10B86000606D8C98795E483C618FA89E90725D6790
:10B87000787C736A6E7A9197907E7B8796A4AAA94A
:10B88000A2A6B6CBD56A200318539DBBA076757AC5
:10B890008B98976140465B7D93958178808280711B
:10B8A00068606780908E807B7B869C9E958E9AA92F
:10B8B000B5C0C6C8A23409264B699A9171889E9971
:10B8C000897D685256666C6A768B8D968D75626B33
:10B8D000737273737D83898C87858D97989EAAAECA
:10B8E000B1B7C8D2912706325F6B847A6898B69C4C
:10B8F000747269676961565B7797998C7D786D7C06
:10B900007163617A87888682818B969898A0AFAFA1
:10B91000AFB7C7D28E26174A6552646A76AEB38433
:10B9200063838E7D5D454A65868C7B7A89917C74C4
:10B93000666A757D7877838B8C898E99A2AAAFAE63
:10B94000B0BFCCCF6D2432605837507585A98F6D4C
:10B9500076B09D694B4E65706E63708E94816D7983
:10B960008481726C7884887979889D9B99A2B4BB14
:10B97000B8B8C7D38C343A60562D496F7694797233
:10B9800085B69E705C646E63585E6F85776C728E50
:10B990008D7F757E888577737F8D8B8996ABB7B6E3
:10B9A000B6C2D0D7A4405E6E47264759648361680B
:10B9B00099B1937B837570695B5F6A715A64778410
:10B9C0007B7F838B8E887E8282807F8C98A3ADB0B4
:10B9D000BAC7D2DAB0597B72422C495257644F68C9
:10B9E0008C9E8F868F847A6F6E6A6963575D6E75E1
:10B9F000717C838C908D8A8D8680848B9199A1A790
:10BA0000B3BCCCD8DF708F78554B47445E50425260
:10BA10007A7D90818D888C787B7C7169605B616DAB
:10BA20006C727D7E888B8D8E8F86888A8A909BA48F
:10BA3000A7AFB6C7D3DE74957C5C58504A604937CF
:10BA400050726F867D89858B7983857769626060A6
:10BA50006F677375767F888B9190888A888A939DAB
:10BA6000A1A4A4AFC3CCD9A47A907B56495854530F
:10BA70003D386366727C8486897B7E8F776E6766CD
:10BA80006B72636E756E7781898D8C828787858FE7
:10BA900096959EA1A2B0BFC8DAC87EA183575C5B11
:10BAA0004E56412A5D64677D7F83897E79907C72E2
:10BAB0006D6966706D6A796E7182828A8D85838AFE
:10BAC0007E868E8F939A99A3B4BFD0E2CF83B0863F
:10BAD00060645C4E573D265C6163787D82867F7E24
:10BAE0009582746B6A696F6F707570707983868DDB
:10BAF000898484818083868C91969EA8B4C7D6E67B
:10BB0000CB8CB18960605E4D523A22575C6176827F
:10BB100081877F7F9882756B69626D6E767A7275A8
:10BB20007E83868B8A8781767A7C797F878D979CC6
:10BB3000A7B9C8D6EBCB92B284615D60484D3A207C
:10BB4000565E6277877F88838095807168675F6CB7
:10BB500071758074748186838D88837E7672787522
:10BB600079838B909DA3B0C1C9DEF49E93A9705BCD
:10BB7000585B494B2F2F625C6C7F91768482849056
:10BB8000796968695D70767C837E7685897F8A8431
:10BB90007E7C786F757376808890A0A7AFBBC8D87D
:10BBA000EEDA84AE885158654C424423546B6A786F
:10BBB0008D88768B84897D7262636161777A8082F9
:10BBC00087858C8D83887F797475686D6E737C8DA5
:10BBD00095A4ABB3BFD0DEEEDE799F8B484A6151AE
:10BBE0003542304F74797C8C9772868A82716D5E93
:10BBF000576265757F888894968C8A8D7F7275737D
:10BC00006C69656A6E788094A1A9AABAC9D0E1F17D
:10BC1000D16A948945415F55304540557C83808485
:10BC20009A737A868066625E53636E7A818F92958C
:10BC3000A59C87848269616A676065656A76868B80
:10BC40009AA8B0B0C1CED5E1EECB66888B4135560F
:10BC50005E33434D59788A84799478707878655B3F
:10BC60005F57667683858F9B9CA3A79476756E5BE2
:10BC70005864655F676B728391949FB0B3B6C2CF0F
:10BC8000D7E1EDC36683864834596038464F5B7709
:10BC90008C877186786F6D70675D5B596A7C878B66
:10BCA000919CA0A4A3977368685F575F6863676FF0
:10BCB000728091989AA8B3B4BAC8D4DDECD57072EA
:10BCC00088593C48644347525069888E6D75787531
:10BCD00071696962615D687788908E949FA5A49B65
:10BCE0007C6467645C5D6364676D707A8C989BA408
:10BCF000B1B6BDC6D0DAE7E792617E6F4E3D594AD4
:10BD000043594E5979947F706F6C726D685C5A5FBD
:10BD10006773819095979EA4A49A826763655D601E
:10BD20006663677173798999A2A9AFB0B8C3CAD5A0
:10BD3000E3EAAA637473584B5B4C395B55506E89C8
:10BD400080736B6368736E625A5C6776848E9396B9
:10BD50009DA29684756F6F6A666A696A6E70748256
:10BD600095A2A9ACAEB2BBC8D4DDE6CE715E76605A
:10BD7000565D5337505F4E647E7F787167616C7299
:10BD80006B635C6171838F9493969D927B74736EE9
:10BD9000727068676E70727B8795A3ABABA8ACB806
:10BDA000C4CED7E0DE875D7A5F5C69583D495C4C64
:10BDB0005A757674746962696F6F6962606C7E89A6
:10BDC0009393908D7E75797A7675716B6B717176C0
:10BDD000828D98A2A6A8AAAEB7C3CFDBE8E086669C
:10BDE000815B586A5037455147537072727A6B6164
:10BDF0006D706F6B6662677B878D908C7E727B82C5
:10BE00007E7F7C706E7471717F8D949CA1A5A8AEAD
:10BE1000B7BFC8D1D9E8DC8B707C574D5F442E4644
:10BE20004B414F666E71796F616A736C6A6A6468C0
:10BE30007881817E7172838C8D8D837A7A76737925
:10BE4000848F9593939CA8ACB3BBBDC5CED0DBD7F4
:10BE500095747D5B4A5F48304A4A3A4A5D626E7526
:10BE60006B646A716F6868625D686D697383878FE0
:10BE700096918C8D8A8587898B8E8F8F93999DA4BF
:10BE8000ADB5B9BEBEBEC7CFB28D8671595B554246
:10BE9000434C444250555D6A6C6768686866605AF6
:10BEA000575E6A727B868B8E9595959B9B97959036
:10BEB0008A8A8C8F949B9B9B9EA4A4AAAFABA9B2A9
:10BEC000ADA89E897C73665F5B545052524E5053AE
:10BED000575D63625B5B5F616163656B777E828ADE
:10BEE00091939BA29D9A9E999295978E9599928EE9
:10BEF0009C9F969BA191909E9E9194968B89887A07
:10BF00006E6C6A65635F57545654565D5B5D636340
:10BF10006266696B747B7C8185878C949F919B9A08
:10BF20009897999195958E93918B8E8C938E8890FE
:10BF300086838A8682798D918289887A8383716FDC
:10BF400071696B6D5F5D6260616D656673736C795D
:10BF5000786A7E8B7E819586829A9084928F989063
:10BF60008E8787918591898A7F888A77838A717E77
:10BF700092787B82837683877B787C877C7B8469DD
:10BF80007381746D7C7E6E797985737C7A7E7F7720
:10BF900084776F7E8C716F8F906C8596748391849B
:10BFA0007B8B98827E888A7B7B8A7A808C7C8E7A57
:10BFB000858776818F82768A757A8A757188826C98
:10BFC0008A7978838171798068898B6E7789777DAA
:10BFD0008980798F817181907C718F76839174874C
:10BFE000887F8084847586837E78947E6F8F7D8041
:10BFF000789089857D9084848B8082637E94697932
:10C000008B7D697F886D7D867A7D837D6191888255
:10C010007C847F76808487837A7C8189838585820E
:10C02000739475748E8F78848E87787E89768D87E9
:10C03000848874867C768E697B957F697F76847D23
:10C04000768586857F8F6E7588867A7D8D79788FE7
:10C050006A82847E758B718E847E88768981757004
:10C06000848D78808F727D96708882815D869F69CD
:10C070007C8B856C868175889871729D7B6F9173BE
:10C08000807D807F8B89738C788676807F76868AA8
:10C0900072957D7297827F81837B8B8272837C888D
:10C0A0005F8B825A8A7A73869377689879758487CA
:10C0B00074808B777C817875868969967C6D8A8798
:10C0C0006E93857887967A708C7866748C7E7A8A7F
:10C0D00080628D8386698D8C5F937F75898D7F6A81
:10C0E000859671838486728F78767A8A797B928638
:10C0F000768F88717B7F758889769283739D73773D
:10C100008C836F948B62879073728B81808270882E
:10C11000807591767F7B8B7D6E8D7A808776727944
:10C120007D838168808D767D848B6880917C7D7F26
:10C130008382758A7F827D93817D6E95817C857EE9
:10C1400085698D85697A8C83758A86697D8E727919
:10C1500097855A9690677E927B6C8E78757F8477F0
:10C1600086737E897C84847D777788757C76937CE2
:10C17000927E7472A4777B77896F887A83758F89B2
:10C180006791797986798584727D868180797591C8
:10C19000677F7691747699647D8872758086806AEF
:10C1A0007F74906D8A9073749E7378957D77807993
:10C1B00078778676738B8A6D8391707690826E869F
:10C1C000806E8D837E628B7F6E8C83677B978070A1
:10C1D00087946C8588737D848E6C88889470828542
:10C1E0007E788E866E8977728671737A8287728A7C
:10C1F0008D748E887575988C667A827785887D7047
:10C2000085857E6F8A87787C8B8166909365898B24
:10C21000717D8C7A827D81807A7D7B827A837F8139
:10C22000768E826B898D658689787490807680970A
:10C23000717A8984678291797E81847A7686847521
:10C240007E8C717C8E767A778E7A7E8B7E768783F3
:10C250007B88847A7A807F7A7F8A78847D808776EB
:10C2600082877C817D827D738A7C708E82718886D4
:10C270007C84827F708888708284787E7E818279D7
:10C28000857C79837E8380827E857E7C867C8084AB
:10C29000817D7B818382807E818284817B7E7E869C
:10C2A000737C8C7B7A8385777D857F717F897876B7
:10C2B000877A787E877F7A8085788480807C818584
:10C2C0007F7F877D82877B7F8C7980857F84817C5F
:10C2D00083867A858280827F80817F7E897A7B8651
:10C2E000837B7E807E7A7F79797B7C7574797774A5
:10C2F00076777678787B7C7B7E838481848A898B51
:10C300008F928A8E998D92968F9593919C989C97F7
:10C31000897573796A595958565D5A526171787D99
:10C3200080828C908A858484848078787B7E8182E8
:10C3300082888D8C8B8B8B8B87817E7A665B666A1D
:10C3400061626C717E857E85949995959697A09B88
:10C350009495A0A7A9A9B5B7A9927D817C5F524CFD
:10C36000464A4A3C435B6A71787F8992908A888A00
:10C370008B84797678797A7A7C838888898C8F9295
:10C380008F8A8886827D76747472706B66666C6D37
:10C390006B6B75817F7F868A8F939190969A95902B
:10C3A00092949593949AA2AAB5BCA6848F97715B38
:10C3B000594F4D513F354960676673868E8F8E8821
:10C3C0008D948B7F7A7D7B7575787D838482868D55
:10C3D000908D8C8C8C89837D7A79766E66625F5EB7
:10C3E000606368707A7E838B9296999D9D9C9C98E1
:10C3F0009495949393979A9CA4AAADAC8F7A947CCD
:10C400005A59534E4B463C475868636D86888D8D0C
:10C410008B8F948E8680838177777A7E807F7C83F2
:10C42000888988878B8C8782807D796E6D6B64604C
:10C430005F64696C7079828A8D91989E9F9C9B9CA9
:10C440009B9593939597989DA8B5B89D7D9C9B6768
:10C45000615E57514537374C5B5258798283888BE0
:10C460009399948A888E8A79797D7E7D7A797F8581
:10C470008381858D8C87868785827C756E6E6B5AED
:10C480005C6865646C767D838A8E959F9D9A9E9E7E
:10C4900099949293939293969DA6AFB19E869A9605
:10C4A0006B66625C52453D3D4D55505B757B7E83AE
:10C4B0008B9294938D8F928B807F84817D7B7B8008
:10C4C000817E7E82878583858785827E7D7B666689
:10C4D0006C606063696E71787E86929297A09F9F70
:10C4E0009B9C9C979696979C9FA4ADACA58A8E9793
:10C4F00074665F5D5645413F49555357707A7E7F5C
:10C50000889392918F8F918D838082847D797C7EB8
:10C510007E7C7C81848483848787838181807B6F18
:10C52000666969625E656F727379838C909399A076
:10C53000A09B9A9D9C9896999D9FA1A9ACAA968232
:10C540009588695E5C5F4B4141454F585463777EE7
:10C5500081808F94918E8F919188818382827B7A62
:10C560007E7F7D7C7E848483848688858181807EB5
:10C5700076616672635B6172736E76828A908F9564
:10C580009EA09D969A9E9995969CA1A1A6ABAEA5BC
:10C59000808A94735F525F553F3E414E57565D729D
:10C5A0007F87818A9697938C90938A817F80817A06
:10C5B00077797C7F7C7C82868785868B8884838064
:10C5C0007F7B6F60656D635B6373767278868F9136
:10C5D00092979EA09B96989A9995959CA3A5A7AD96
:10C5E000B2A07E899074554D5E4F3D394351585BE2
:10C5F0006675858E898E959B968A8A8E887E7579DA
:10C600007C7875757B81808084898E8B898A8A8706
:10C61000817C7B78615B6566605A67787879828C0B
:10C620009597999C9CA09D9694979A97969EA7AC57
:10C63000AEB0A280878E73574857513E3941505C47
:10C64000616D788495949392989A8D8584807C739B
:10C6500071747577777B8185898B8C8F908F8B86B2
:10C6600084807A75625B5F6060596473797E8189CA
:10C6700094989C9A989B9B97908F9598989DA4AE20
:10C68000B4B7B5917B857D6A453D474440394055F7
:10C6900067778184929DA39C918E8E887E726D6C4B
:10C6A0006D6F71747A81898D8E929596948F8A843C
:10C6B0007F79726454535D615C5F6E7B838A8E9177
:10C6C000979D9F99939395918E8F959AA1AAB4BAAD
:10C6D000BCBDA57E75736D4D3335313C4647536502
:10C6E0007A9599989B9F9F96897D716E6B67636120
:10C6F0006A7880888D919A9B9D9A948C8780766EBB
:10C700006B594C51595E61697A848A8F9394979ED4
:10C710009F938F93949192979DA4B4C1C4C3BF9AE1
:10C7200073665F5C432E302D364E61697589A0A615
:10C73000A5A2998A7C7971605A5A5D656F7F8A8F4C
:10C7400098A1A2A09D988D827A736C6664666255EA
:10C7500057626975818385878B8E908D8D8F9194BB
:10C760009A9B9EA2A8B0B9C3CBCBC8A86C4E444A32
:10C770003D323B2A2D506E84939CA29B9DA0947FBA
:10C78000695E534F5A63676F798C9CA7B0ABA096D4
:10C790008E887F766B625E616A73736A65656B7B98
:10C7A0008485837C787D858A8F9394979EA5ACB190
:10C7B000B0B2B8C2CBCECCA15E3B29313645523A9D
:10C7C0003A546889AAB5AC94887E74736C5E4E48FE
:10C7D000546279919B9FA1A2A5A09E9581726761E9
:10C7E00061686F7274766E65696F727A807C797B2E
:10C7F0007C808990969BA0A4A7AAAEAFB3BAC2CA08
:10C80000CFCDA6663F211D28465E50535E5A75A0C7
:10C81000B1B4AA916C5859585D6766616573869981
:10C82000B0B7AFA492837B7776726C686467717DD2
:10C83000877E746A595C69727D84827B7D808A9A66
:10C84000A8ACABA5A3A2A5B3BCC7D0CFCCA66D4A5C
:10C85000231A243F595A67695B718D98ABAF98775B
:10C86000614D404F626978818084909EA5ADB19FF3
:10C870008C7D6A63676D73797B797775726D686A91
:10C880006767717578818382878C8F98A1A3A5A62D
:10C89000A4A4A9B1BBC7D0D1CA986743121028413C
:10C8A000586F796C6A767B8DA2A19781694D3F495B
:10C8B00052668591969B9792949C9C9B98877569EC
:10C8C0005F5F697681878877615A53586C7C858968
:10C8D000877D787D838FA0A8A9A7A39E9FA5AEBBC7
:10C8E000CAD2D6CD9969451915294355707A6D700C
:10C8F00074728092939288765C4F4C4C5F7B8C9CD8
:10C90000A7A19A938E898E908A857B6D65656974DF
:10C910007E827E74635A5A5E6C7D848989838082AC
:10C9200088929DA5A8A9A6A2A3A6ADBBC9D1D1B046
:10C93000815B2E1A1C334D637E7D787872707B8309
:10C9400085888675655D4F5365778EA5ACAAA396DD
:10C950008882818083827E78706C6C6F757D807C2C
:10C9600071655E5C616D7A848C8C898786888F980E
:10C970009FA5A8A8A7A6A7ACB4BDC8C6A5816035C9
:10C9800021283746687B7984827574766F747E7C43
:10C990007A786A5F6062718598A7AEAAA194867C56
:10C9A0007875777A7A7C7B777474737576706D6935
:10C9B00066676C70788184888C8C8D8F92969A9E35
:10C9C000A0A3A3A5A8ACB3BAC1BDA0816442343969
:10C9D0003E455F6C7283847E7A756A6C7273797A75
:10C9E000736F6C6C75808E9AA3A5A39C90877C74E2
:10C9F000717172787D7E7E7D797777736C696664FC
:10CA00006870747B8486888C8D8F91929395989AA8
:10CA10009DA0A1A5A9B0B8BDB79D856E5041403F6E
:10CA20004357656F7F84837E776C696B6D7578770C
:10CA30007675757A828B93999C9D9B958F857C7575
:10CA4000706F73787C80817F7D7A78777067666697
:10CA5000666E787C838A8A8B8D8C8C8C8C8C8F9282
:10CA600095999C9FA3A9AFB5BAB49B8670554A49C6
:10CA7000464858606B7C8385837C6F6B696A7074F1
:10CA800076787A7C80868A8F9393969593918B8320
:10CA90007C75727275787B7C7D7C7C7B7B7A797807
:10CAA000777775737374767A7E80848687888989B0
:10CAB000898A8A8D8F9195989BA0A5ABB2AF9A8AEF
:10CAC0007B645D5C55545C5F65757C81847E746FAE
:10CAD0006A686F717478797B81868A8E8F8E908F69
:10CAE0008F908E89847D77757575787A7A7C7D7D57
:10CAF0007D7E7D7C7C7C7D80828485858483828232
:10CB000082828282817C7B7C75747573757B7B7C71
:10CB100081828386878688898A8D8F919494959562
:10CB20009595918B847D7671706D6B6B6B6C6F736B
:10CB30007577777775747577797B7D7F8183858746
:10CB4000898A8A898887878684827F7C7A787879BF
:10CB500079797A7A7B7C7D7E7F7F7F8080818383F9
:10CB600084848383848484848382818080807F7EA4
:10CB70007E7E7D7E7F7F80818282838384858585A2
:10CB800085858586868686858482807E7B7A797790
:10CB90007575747475767779797A7B7C7D7F808002
:10CBA0008181808081818181818282828382818171
:10CBB0007F7E7E7E7E7E7E7E7F8081828383838475
:10CBC0008484848585858584838280807F7D7C7A4A
:10CBD00078787778787878787A7B7D7E808282839F
:10CBE0008383848483828282828282828282818021
:10CBF0007F7E7E7D7C7C7B7B7B7C7D7E7F8081825B
:10CC00008283838383838282818181818080807F0C
:10CC10007F7F7E7E7E7D7D7D7D7D7D7D7E7E7F7F37
:10CC200080808181818181818282818181808080F7
:10CC300080807F7E7E7E7E7E7E7E7E7F7F7F7F7F0A
:10CC40007F7F7F7F7F7F80808080808080808080EA
:10CC500080807F7F7F7F7F7F7F7F7F7F7F808080DF
:10CC600080808080807F7F7F7F7F7F7F7F7F8080CD
:10CC700081818181818180807F7F7F7F7F7F8081B3
:10CC8000818181818180807F7E7D7D7D7D7D7E7EB5
:10CC90007F7F7F7F7F7F7F7F7F7F8080808080809E
:10CCA00080808080808080807F7F7F7F7F7F7F7F8C
:10CCB0007F7E7E7E7F7F7F7F7F7F80808080818080
:10CCC0008181818181818181818080807F7F7F7F5F
:10CCD0007F7F7F7F7F7F7F7F7F7F7F7F7F7F7F7F64
:10CCE0007F8080808081818181818181818080803D
:10CCF000807F7F7F7F7F7F7F7F7F7F7F7F7F7F7E44
:10CD00007F7E7E7E7E7E7F7F7F8080808080808031
:10CD1000808080808080808080808080807F7F7F16
:10CD20007F7F7F7F7F7F7F7F7F7F7F7F7F80808010
:10CD30008080808080808080808080807F807F80F5
:10CD40008080807F7F7F7F7F7F7F7F7F7F7F7F7FF0
:10CD50007F807F7F80807F7F7F7F80808080807FDB
:10CD60007F808080808080808080808080808080C4
:10CD7000807F7F7F7F7F7F8080807F8080808080BA
:10CD80008080807F7F7F7F7F7F807F8080808080AA
:10CD9000807F807F7F7F7F7F7F7F7F7F7F7F7F7FA1
:10CDA0007F7F7F7F7F7F7F7F7F7F7F7F7F7F807F92
:10CDB0007F7F7F7F80808080807F7F808080808079
:10CDC00080808080807F7F7F808080808080808066
:10CDD0007F7F7F808080808080807F7F7F7F7F805B
:10CDE000808080808080808080807F7F80807F8046
:10CDF00080807F7F7F7F7F7F80808080807F7F7F3C
:10CE00007F7F7F7F7F80807F8080807F7F7F80802B
:10CE1000808080808080807F7F80808080807F7F16
:10CE20007F7F7F7F80807F7F7F7F7F7F7F7E7F7F11
:10CE30007F7F7F7E7F7F7F8080807F7F7F7F7F7F00
:10CE40008080808080808080807F7F8080808080E4
:10CE5000807F7F7F7F7F808080807F7F7F7F7F80DC
:10CE60008080807F7F808080807F7F7F7F7F8080C9
:10CE700080808080807F7F7F7F7F7F807F80807FBA
:10CE80007E7E7E7F808080807F7F7F7F7F808080AE
:10CE9000807F7F7F7F8080808080807F807F7F7F9A
:10CEA0007F808080807F7E7E7F808080807F7F7F8C
:10CEB00080808080807F7F7F808080807F7F7F7F79
:10CEC000808080807F7F7F808080807F7F7F7F8069
:10CED00080807F7F7F7F808080807F7F8080808058
:10CEE000808080808080807F808080808080808043
:10CEF0007F7F7F7F807F7F80808080808080808038
:10CF0000807F8080808080808081818080807F8021
:10CF100080807F7F7F7F7F7F7F7F7F7F7F7F7F7F1F
:10CF20007F7F7F7F7F80808080808080807F808007
:10CF30007F7F7F7F7F7F7F7F7F7F7F7F7F7F7F7F01
:10CF40007F7F7F7F7F7F7F80847F7D7F7F807E80EC
:10CF500080807F7E8080807F7F80807F7F7F807FDA
:10CF60007F7F808080808080808080807F7F7F7FC7
:10CF70007F7F7F7F7F7F7F7F7F7F7F807F7F807FBF
:10CF8000807F807F7F7F7F7F7F7F7F7F807F7F7FAE
:10CF90007F7F7F7F80807F7F7F7F7F7F7F7F807F9E
:10CFA0007F7F7F807F8080808080807F807F808087
:10CFB0007F7F7F80807F807F808080808080807F77
:10CFC000807F807F7F7F7F7F7F7F7F80808080806A
:10CFD0008080808080808080808080808080808051
:10CFE0008080808080808080808080807F80808042
:10CFF00080807F7F7F7F7F7F7F7F7F7F7F7F7F7F3F
:10D000007F7F7F7F7F7F7F7F7F7F7F8080807F7F2D
:10D010007F7F7F7F7F8080807F7F7F7F7F7F7F7F1D
:10D020007F80808080808080807F80808080808002
:10D0300080808080808080808080808080807F7FF2
:10D0400080807F807F807F807F80807F80807F7FE7
:10D05000808080807F80807F7F7F7F80807F7F80D7
:10D060007F7F808080807F807F80807F807F7F7FC8
:10D070007F7F7F7F7F807F7F7F7F80807F7F8080BB
:10D0800080807F808080807F807F7F7F7F7F7F7FA9
:10D090007F7F7F7F7F7F7F7F7F7F808080807F809B
:10D0A0008080808080808080808080808080808080
:10D0B0007F7F7F7F7F807F807F7F80807F80808079
:10D0C000808080807F808080808080807F80808062
:10D0D0008080808080807F80808080807F807F8053
:10D0E0008080807F7F7F7F7F807F7F7F7F7F7F7F4C
:10D0F0007F7F7F7F7F7F7F7F7F7F807F7F7F7F7F3F
:10D100007F7F7F7F7F7F7F7F7F7F7F7F7F7F7F7F2F
:10D110007F807F80807F807F8080807F807F7F8016
:10D12000807F807F8080808080807F807F807F8004
:10D13000807F7F807E7F80807F80808080808180F4
:10D1400080808080808080807F7F7F7F7F7E7F7EE9
:10D150007E7E7D7D7D7D7E7E7E7F7F8081818282E1
:10D160008383838383838382828281817F807F7DA7
:10D170007D7D7D7C7C7C7D7C7D7D7D7E7E7E7F7FDC
:10D180008080808181818182828281818180808092
:10D19000807F7F7B7F7D7C7D7D7E7D7D7D7E7D7FB5
:10D1A0007F80808182828383848485858584858550
:10D1B00085858681848380827C7F7C7A7878767787
:10D1C000757578767A787B7B7D7C7F7D7F7F7E7EB0
:10D1D0007D7E7D7E7D7E7E7F8083838487888C912B
:10D1E0008A8B8B8C8D8C8D8B8D8C90808C877F84A3
:10D1F000767E75726E6F686D6769716B736E787825
:10D200007B7B83818586888C888B8A8C898A8688BB
:10D2100085838280807E7B7A7379786F7771727272
:10D22000737578767D808186888A8C8D8E908F8FBD
:10D230008E8E8E8C8C8B8C8A8D8A8B888487838152
:10D240007F7A7775706C6C686967676C6B6F7375E4
:10D25000787C7E82848C8C888A8B8B8A8A8887797A
:10D26000867A767C72776F6C71737076777D818445
:10D27000898E8F8F9291969193929092919294979A
:10D28000949691888E817A756C6B645D595D585D5A
:10D290005D626B6C737A8186898A91929091908E8F
:10D2A0008D8886867F7D7B78797471726D6C6D6EEA
:10D2B000717471777E7B8184878D8D90969594981B
:10D2C00095989897999A9B9CA5A6A89E818E8D71FA
:10D2D0006C5B564F463E484B4D5A5C737C83889935
:10D2E0009D9D9D999B968D83817A767069706E6AFB
:10D2F0006D7A796E7F7B778077797B7A7D7F7D8190
:10D300007D80848E8F939C9EA2A6A5A8A8A7A7B077
:10D31000B8B9B4A775777654533531393F293B5B9B
:10D3200060738095A5AEA6A4B09D8E80716D645784
:10D33000505F636C6B7E8C959C99A29E79747A5E2B
:10D340005B574E5C6A6970849199A3A7AFB7A9A295
:10D35000A7A0989699A1ABB5BDBEBE91576955429D
:10D36000281B22404D3764829CA4A6ADAFB18D7AB4
:10D3700070615A494B566A6E7891A0ACA9A2A19BE4
:10D380008D7663483A44434D627A8D98A4A49F9A5F
:10D390009287878585848D9BA0ACB7C0CAD9DAB740
:10D3A000C6B24B16201F1B202C3B74AAA598A5B70C
:10D3B000A7927350475453455671879EAEA89F9FBE
:10D3C00098867062595D686F735F77908D93827CE9
:10D3D000686E75616471818F989F9FA5AEA9A39EA9
:10D3E0009C9A9E9D9CADC0CAC77C08023A60594C6D
:10D3F0005272BCB5917566737E7B513E5C8096958A
:10D400008E828A9E937C665D6F848B808087898EF6
:10D41000815F4E5776837F7B778288877F777E9286
:10D42000A29F9591909398989498A6AFB9C2BCA6E4
:10D4300046000C3976808B827D989B8C604B565FC2
:10D44000738182797F939A9381716A6D7D878684D7
:10D45000868A8B8C877A716C6D5C5A6D7A8A898921
:10D460007F757B7C7F828D96989B989494989EA3E1
:10D47000AAB1BEBCAF5906092E7299B59C6F7778D8
:10D480007A6F68584E6A8A92928D7B79818983750A
:10D4900071737D919B918175737C868B8275726FA0
:10D4A000696B6C6B707F8B8D8C8376727C89959E9B
:10D4B0009D96949392959DA8B5CACDA43107062B4D
:10D4C0007EBAC693785F5769827F6166626F8D9975
:10D4D00095837E787680817B7982879091877D7530
:10D4E0007A82857E695B5C6B7F8D8D7D726E7683C3
:10D4F0008E8F898789949EA1A09B9BA6BBCFCFA628
:10D500003D1007246FAAC5A18A61535E76867274A6
:10D510005E5F7381939693857A74737B848F908F0B
:10D52000857B777782888983725E555A6C808B8B76
:10D53000837773767C868D92959A9D9E9FA1A7B3E3
:10D54000C8D3C6772D110C457DB8B2977E5055646F
:10D55000838882655152608697A79584786D798417
:10D560008F958F857C757780858879655757687C1E
:10D570008D8F82726667778C9EA5A09792949EAFDE
:10D58000C2D3D8C7833A1C183870A9A9987B5453C2
:10D590006082928E7156454A6A8CA69E937C707703
:10D5A00084989D9786786E727270716D6C707A81B6
:10D5B0008380766E6F7786949DA09E9C9EA8B9CC42
:10D5C000DCD49F5732283465949A8F7658525F7A0C
:10D5D0009091785F49435779959994827677869BA5
:10D5E000A6A2917D605A66707A817B706C6E76819E
:10D5F00086878581848F9BA4ACB1B6C6D9D5A16935
:10D600004F333862808E8C7B5E525D728C8D796474
:10D610004A3E4F70889491837878899DACA8927324
:10D620005B56637A898B7D6B5E637589989A918668
:10D63000858DA0B6C8D5DFD79C5F554648718682D8
:10D64000786E5A596B798A846B584C47597784881D
:10D650008279747B8C9DA4927F6E61687D8A8E89AD
:10D660007867636E81939A98928D8E9DB1C6DCEB3C
:10D67000DF93534C384479908979674D536D839388
:10D680008869524742597B84878378727C8D96964D
:10D69000897B6E69707E84847E756F727D8B9598B0
:10D6A0009A99989CA9B9CCE0E8B9684D4740608C3C
:10D6B00087726D564C6275878A725D544B516D7ED0
:10D6C0008082837E7E807F81818486837C7777746D
:10D6D000777E80808384878E959EA5A8ADB6C0CCCA
:10D6E000DBCC8357554547757B6E736B6164646D06
:10D6F0007068686C6B65636765697D8A867E79751D
:10D70000767F8E928D857D72707A848B9296999AAF
:10D710009C9E9DA1ABB6B7B6BAA67F6B65636578D4
:10D720007C6B6B655C6160616762626D6C696D6D7D
:10D730006B6E7477797F7F7D8183878A8783817F12
:10D740007F84888A8B8C8C8E9396979EA3A7AEB489
:10D75000BBC8C49E80736256636B5C5A6057586145
:10D76000676A69686B6C6B6D6C625F676E758086EB
:10D770008687898B8D8E8E8A87858687888A8A8917
:10D780008B8E909196989A9E9EA0A5AAACA6978DF6
:10D79000837A75716A615B5854565C606365646531
:10D7A00064656C6E6B6D6F6F757E81858C8E8D92EE
:10D7B000949394958F8F8D8C8A8B8A87868788899E
:10D7C0008C8E8C8A8C8D8D92949293938C8A878187
:10D7D0007C7A726C6B6864646260606465676B6BB2
:10D7E0006C6F6F7175787A7E8081878B8F9295943C
:10D7F00094939491918E8B8A86828180828381809A
:10D800007E808183838585838382808183818180FB
:10D81000827E7E7E7D7C7C78777775757675767670
:10D82000787779797A7A7B7D7E8182838282837927
:10D8300087858686837F807E7F7D7F7B7A7A7879F5
:10D840007C7587858681777982777F7B7B7C817EFB
:10D850007F8484848A868882837C7E817C7F7A7CB4
:10D860008182867C817F85858581837E8784868190
:10D870008082838584817C7D81828581807E868192
:10D880008680807F83888281808081838183818379
:10D8900081838286807C7E80807E82797A7D7D7D98
:10D8A000838583848682797C7D7D80847C7C807C7A
:10D8B0007D80837F7E84777C807F7C7A7D7E7D8285
:10D8C000827B837F7C7A7F81817C7C7D7E767E7D7E
:10D8D0007A8281837A807D787F7880817D7C7E7C6E
:10D8E0007A80818183837A7481828285807C828739
:10D8F00088807C817B838D7876817F82847E7F7631
:10D900008384787B827A7982807B85847E73837F2F
:10D910007E7C847E838081777F82887C7C7B7D8116
:10D920008480777C81807D827D73808B8B878278F9
:10D930007883888183857D7D868B8C7C83757A86D0
:10D940008C7F7E7C747E848C7C7B7F7B77838473EE
:10D950007D8283828484737C808C818579757C83CD
:10D960008583807A787879847D7D887B7D858B74CA
:10D970007F808088817A7C8B827984827988817F9C
:10D98000788C80857A7E7D858982887D7C74818B88
:10D990008586857D7B7989747B79897B8B7B7F7597
:10D9A000807F84867E7E817D8085817976797B8A81
:10D9B000867976716C758985747D6D737D7E8782BD
:10D9C000857E7A847E7F857F7F7F91858583817F39
:10D9D000848A838C878286818980897F82858686F6
:10D9E00084837C898297968983716F727D7B7B7635
:10D9F0006F676A6D747C7A79777775747E7A7576DD
:10DA0000747882857E7970757782878F9282827E24
:10DA100081808B8F8C928D898A81858C8A87929167
:10DA200088888B8A8B8F9A94958177686568727FD6
:10DA30007D806A68616B747E7F82727971777B7D8D
:10DA40007E7E81828284807A76797E8082828271F3
:10DA5000776E74747E8082868383827F8282878BD6
:10DA60008F8D89888485878E929599969392939CC1
:10DA7000ABB5927C493B3E647F9B91855E564F6877
:10DA80007D8F8E88726C6A737C85838580848082AA
:10DA9000807C7C7E8187898682797865746C757ECE
:10DAA000787A7A7D7C7B7B7B80848A9191918A8451
:10DAB00083888E979E9D999898A5BACCC78D591F3B
:10DAC00003275C9ABAAD8E563E425F86A29F896953
:10DAD0005E5A6F83908E8B7E7B7A7F818280817F7E
:10DAE00085878A86817C787A7E7F806F695A5872B2
:10DAF0007B9596907C6E686D81919D9E93888080C9
:10DB00008690979C9F9FA3A5B2C4C7A16D250D06C3
:10DB10004582BAC8B0764832466C99AD9D80614E58
:10DB20005A718C9A998E7A717278848C8B88807EE7
:10DB30007E81868482807B7B7B7D7A70605F5E7273
:10DB40008792948B7B6D6B7382949C9B92867F7F74
:10DB5000858F969A9A99999B9FAAB8C8A8793718E1
:10DB6000023370A7C9C291603A3A5380A5A2967554
:10DB70005552607B95A1A089796C6774848F958FCD
:10DB8000857B77797E868A86827A7264636069781B
:10DB9000869090887B726E75828E97968F87807F35
:10DBA000848B92989C9B9A9B9DA3B5C6B27D471689
:10DBB00002255D96C4CCA86D4534446F96A29F851E
:10DBC00064545A6D889DA3958673686D7A88939581
:10DBD0008E827A77777E8586857D7462575B667ADA
:10DBE0008F979388796D6D7683939B998F86807FCD
:10DBF000858D959A9C9B99989CA6B8C8A4773B1252
:10DC0000062A69A0C5CE9B6D4333497196A49E89AF
:10DC100066595B69849AA09889776B6D78838F9534
:10DC20008E857D75767B8185847B695E5B6072887D
:10DC300097958B7C6D6C7785929A968C8580818880
:10DC40008F949798999A9DA1A9B8C7A2773E160775
:10DC5000276098C2D2A275483444688E9EA0906D09
:10DC60005E5B647C939D998F7F706D757D8A938FC9
:10DC700088827977797D817E776E64636A75838C1B
:10DC80008B867E76767C848B91928E8A8685888C34
:10DC90009095999EA1A2A3A7B5C4A0763F1106298D
:10DCA0006297BECDA1774C3541668A9D9F91716286
:10DCB0005D62758E999A94847471737B848E8F8A59
:10DCC000877E787A797B7A706662676E7F8C908ABD
:10DCD000827770757F899498958E898483898F96D1
:10DCE0009DA0A1A2A5A6B2C9A6804E1804184C8575
:10DCF000B1D0AE865E3939557993A09D7E6A615C5C
:10DD00006A8292999A8F7E7673747C878C8C8C85CC
:10DD10007C79746E6867676A7680898A857E74729A
:10DD200077818D9497948F8A85868B90979EA2A4F5
:10DD3000A4A4A5B0C5B18A5E2A06103A6B9EC7B7E7
:10DD40009370463B4B6B83959E89756E61687787B0
:10DD5000909594887D7C75787E84868A89847D728E
:10DD6000625E5D6773828C8F88807570737F899423
:10DD7000999996928D8A8C8F949DA2A5A7AAADBBE6
:10DD8000CBA3804C170618457AA2C3A98B66463FE1
:10DD9000526C85939885766C65697A89909593879E
:10DDA000807B77777D828489877E78685F5D616F0D
:10DDB0007A868C89847B77777D858D9599999996DC
:10DDC000939393979DA3A9B1B9C4CDA1783F0C06B5
:10DDD0001F4C7EA3C3A98D69453C506881919787EC
:10DDE0007C72686877848D97978B847D76767A7F4E
:10DDF0008287867C70635C6066737F888987837C9A
:10DE00007A7D828A91969A9C9B999795979CA4B3C8
:10DE1000C3D5BE92642C06072E6395C1BFA1845C56
:10DE20004645576E829795857D6E696E7C87909585
:10DE30009287817874767D83898C8A837D73665D11
:10DE4000595B65778790938F8479777A828F9BA0CF
:10DE5000A3A19C999BA0AEC4D6BA915A2107153EA6
:10DE60006F9BC3BAA2845C44475A7185968F827BAC
:10DE70006F6A73808A939890837A716E737E868CB2
:10DE8000908C857E787474797C7D7E73696461681A
:10DE900075848D91928A827F7D80878F959AA0A2CA
:10DEA000A2A5A6ACA79A816348393D526E91A5A858
:10DEB0009E8971615C626B798282807A75757A81E4
:10DEC000898E8E88817A7575797F858A8A87837E27
:10DED0007A78797C7F80817F7D7C7C7D7F82848461
:10DEE0008482807F7E7F7F81828281807F7E7E7F31
:10DEF0007F80828383828180807F8081828382820F
:10DF00008180807F7F7F7F7F7F7F7F7E7E7E7E7E22
:10DF10007E7E7E7F7F7F7F7F7F7F8081818181800A
:10DF200080807D7877767273777B80868B8B8B8C05
:10DF30008A8C92999B9386715D5456647A92A2A5BD
:10DF40009E8D796B6468717D8586847E79787C830B
:10DF5000898B8981797270747D888F928E867C74AA
:10DF600071737A81868886807B78787B80848584CB
:10DF7000807C7A7A7D80848684817D7A797A7E82BB
:10DF8000858684817D7B7A7C7E80828281807F8091
:10DF900081838383827F7E7D7D7E80828281807E7D
:10DFA0007C7C7D7E80828281807F7E7E7F8081817D
:10DFB000807F7E7E7F8081828282807E7E7D7E7F6A
:10DFC0008080807F7E7D7D7D7E7F808080807F7F62
:10DFD0007F8081828281807F7E7E7F808181807F41
:10DFE0007F7F7F7F808080807F7E7E7E7F8081813B
:10DFF0008181807F7F7F8080807F7F7F7F7F808027
:10E000008080807F7F7F7F7F7F7F7F7F7F7F7F7F1D
:10E010007F7F7F7F7F808080818080808080808004
:10E02000808080808080808080807F7F7F7F7F7FF6
:10E030007F7F7F7F7F7F80808080807F7F808080E8
:10E04000808080808080808080807F7F7F7E7F7FD7
:10E050007F7F7F7F7F7F7F7E7E7E7E7F7F7F7F80D3
:10E060008080808080807F7F7F7F7F8080808080B5
:10E0700080807F7F7F7F7F7F7F7F7F7F7F7F8080AC
:10E08000807F7F7F7F7F7F8080807F7F7F7F80809A
:10E0900081818080807F7F7F7F7F7F7F7F7F7F7F89
:10E0A0007F7F7F7F7F7F7F7F7F7F7F7F7F7F7F7F80
:10E0B0007F7F7F8080808080808080808080808063
:10E0C0007F7F7F7F7F7F7F7F7F8080808080808059
:10E0D000807F7F7F7F7F80808080807F7F7F7F7F4A
:10E0E0007F7F7F7F7F7F7F7F7F7F7F7F7F7F7F7F40
:10E0F0007F7F7F7F808080807F7F7F7F7F7F80802A
:10E10000807F7F7F7F7F7F7F7F7F7F7F7F7F7F7F1E
:10E110008080807F80808080808080808080808000
:10E12000808080807F7F7F7F7F7F807F7F7F7F7FFA
:10E130007F7F7F7F7F7F7F7F7F80808080808080E8
:10E140007F7F7F8080808080808080807F7F8080D4
:10E150007F7F7F8080808080808080807F7F807FC5
:10E160007F7F7F80808080808080808080807F7FB4
:10E170007F7F7F7F7F808080807F7F7F7F808080A8
:10E180007F7F7F7F7F7F7F7F807F7F7F7F7F80809C
:10E1900080807F7F7F7F7F7F7F7F7F7F7F7F7F7F8D
:10E1A000808080808080808080808080808080806F
:10E1B00080808080808080807F7F80808080808061
:10E1C000808080808080808080808080808080804F
:10E1D0008080807F80807F7F7F7F7F7F7F7F7F7F4A
:10E1E0007F7F7F7F7F7F7F7F7F7F7F7F7F7F7F7F3F
:10E1F0007F7F7F7F80808080808080808080807F24
:10E20000807F7F7F7F7F7F7F807F7F7F7F7F7F7F1C
:10E210007F7F7F7F7F7F7F7F808080807F7F7F7F0A
:10E220007F80807F7F7F7F7F7F7F7F80807F807FF9
:10E230007F7F7F7F7F7F7F7F807F808080808080E7
:10E2400080808080808080808080808080808080CE
:10E250007F80807F80808080808080808080807FC1
:10E26000807F7F8080807F807F7F7F7F7F808080B6
:10E2700080807F7F7F7F7F7F7F807F7F7F7F7E76B5
:10E280007772797A817F76736B70768A9197918AAB
:10E290007E7E838C949A9A97989BA2A39870514003
:10E2A0004A668EA7A7927B675D636B7173787E85E4
:10E2B0008B8B81776D6C6D6D6E71767F8688837CBC
:10E2C0007979818C93938C85838996A4ADAEB0B413
:10E2D000A8844F2C244379A7BDAC8D6D595D657121
:10E2E0007270747B8992908572686872828B89796A
:10E2F0006A666D788487847F7F8283827F7E818C4B
:10E3000098A2A5A5A1A0A7BBD0A2530C02246CC6BD
:10E31000E4C48C5A454568807D6F6B7785959B89F1
:10E320006E5D617181847765627388948E7E6C6C9A
:10E330007D92999282797E91A8B4AFA39DA4BCC826
:10E34000783100104597E3DDA96E4A43547687770C
:10E350006A6E828F9B947D5F5A6A7F8C85725E5E47
:10E36000758D968C7B6D6F809194887C7B8494A155
:10E37000A69E9694A2BCDB8E43000D3882D8E1B6EF
:10E380007B545253758478686683929D9885685A49
:10E39000657E87857A6B69758A9187797275828EB9
:10E3A00090847777818E989B969091A0B7D49D4961
:10E3B000060D3B7EC9E3B98155585875807F6C6363
:10E3C0007F939E9786715C627C86897B726E758571
:10E3D0009087787178858E8E83736F7C8E9C9F9AE0
:10E3E000918D9BB4D1A74A0B093A7EC3E4BB8155FA
:10E3F000575E757D7F6B637B95A29884725D6279B1
:10E40000898B7C737176828C87797279878E8B8009
:10E41000726E7A8E9E9F97908D97AECDB8571203ED
:10E420003676B6E1C38959546575797D6D6373920B
:10E43000A59C8474646373868D7F77757A7B8283F1
:10E440007C757A888F877A716E78899A9D948B898A
:10E450008E9CB2CBB050090B458ABBD4B87E5457C2
:10E460006E8178766D677690A49B7E6F696C7783FA
:10E470008A7F777880827E7977777D8A9187766ABE
:10E480006E7B8B979B948B878D99A8BBCC94400116
:10E49000195493BCC8AE7B585E7281736D6A6A7CF6
:10E4A00090A2987D6D6B717B7C837F7B7D82837C6A
:10E4B00073727A838C8D84746B6F808E9594918E39
:10E4C0008C8E97A3B5C9A7520C0F468AB1C1B388E9
:10E4D00061596C84756D656B7B889A9A86716971D8
:10E4E0007D7E7E7D7F8486857D6F68708190948837
:10E4F000786B69778792938E8D8F8F8F919BADC448
:10E50000CA7C2F002969A1BBB99C7056617F8477B2
:10E5100062646E809199927C6A6F78847F7B7E8141
:10E520008D8F89725D5A728D9F99836D62667A8A2A
:10E53000938F8A898C8C8B89909CAFC4C8792C006E
:10E540002A6EA8BFBB996D525E80867B64646E8024
:10E550009099927D6B6D7887837F7E80898D8E8187
:10E560006959617C979D8E79676470818F8F8885EA
:10E57000878B8D89898E9AACBECCA25206124A93A3
:10E58000B7BAA97F5C566B89806F60667B8B959468
:10E5900085706A738689837B7B848D9290816C5AA7
:10E5A0005B728B989182706B6D788186888A8C8D76
:10E5B0008B87858A94A3B0BBC4AA59100C4188AF3D
:10E5C000B8AD876352628683796568747F8D938C5A
:10E5D000796D728187837D7F848B90918674645F6F
:10E5E0006776878F8C7F736E71787E868C908F8B29
:10E5F0008583838B98A4AAADB2BE944F081A4E901F
:10E60000B0B7A97F595167868175696A747F8D9407
:10E6100088767076878787827F81858C8E81736705
:10E62000686D76818B8A80777377787A81888D8E12
:10E630008B89838186919BA1A3A4A5AEBB803B0857
:10E64000276197B0B99F754C4B6B7F847775727457
:10E650007E8D928675737A868686827F7F858C8A88
:10E660007E706A6C72798488837A7576797A7E8412
:10E670008A8B8B898783838890979B9D9E9DA5B766
:10E68000BD762A07266699B7C199683F476D7F898D
:10E69000817B73707D908E8274767F868989827B80
:10E6A00078838E8B7E70686B717E8A8B81767376B1
:10E6B000797F848787868889878383888E919394DE
:10E6C00093909198A8B8B06E301D386E96B0AF8A0E
:10E6D0005E44506F828F8E8577707883817C7A80DC
:10E6E000878A8A83787277838C887E71696A788753
:10E6F0008C847A7273767E888D8A878484828286FF
:10E70000898A8C90938D86878A8F92969EA1977026
:10E710004A394C7197A9A07D5B4B587389939082BD
:10E72000736E747B7E7F81838487867F726B6E7D40
:10E730008A8F877C717176808689857F7D808083D2
:10E740008586888A8B8683858786898B8B877F8061
:10E7500083847F858C8A8382857E72737A7D797AC1
:10E760007D7C73717A7F77768389807372797A7A08
:10E770007E7F7B747A7E7E7E7F81817D7F838082B7
:10E78000858889817E818486828687828282847D53
:10E790007B8382847E7F857C7F83828480868C7A63
:10E7A000818782817F86867782847179808A81736E
:10E7B0007A71717B7A827C777770787E81898181AA
:10E7C0007F757A8586878384857D84858792817B22
:10E7D0007E7D7F7D7F857C7B85817B797D81767E5B
:10E7E000827A7C828784767A8C8988867D7B758024
:10E7F000838A8B817D7A7E7980898280807F848202
:10E80000897D70767D837E81827B70768185837938
:10E810007F7C778284847C7D86827C8089807D83F6
:10E82000847E79838C817F7F8382838A877E7B7DD0
:10E830007C7E838485757F877E84837E73737F7CF3
:10E8400079817E7D807F84807F7779837D7D8486DA
:10E850007E7A818C7F7F828286808681798A878397
:10E860007F7F817A7C8385808691817678837A75B3
:10E870007A7A7A7F838277767C777E8387787582CF
:10E88000817E7D83887D8A8B81838786787A898B58
:10E89000868486797681868380838274818582806E
:10E8A0007F87716E85817F747C7670857F777B79B9
:10E8B000807281867D82818079818E857986877854
:10E8C000858D80848490797C8A7C7C7A857F7C8D20
:10E8D0007E757A7F777E897A827F8B82858D7E8135
:10E8E000787B7A7884847D7A7D79707680817C7774
:10E8F0007571768282857F8486817E848B82818F0A
:10E900008C84878B837D85817F80818A7C7E7475F2
:10E910007F7586757B72777E798F837B82818C870A
:10E92000918076827972848E797B7E757A7C7D7017
:10E93000757672867E7A7F7F79778C84858D8380E9
:10E940007D8C89878B8C8A868486817A7D887D7987
:10E95000827E78807E74748C777C827872768A7DF1
:10E960008A8C878A797F807F93837E6E7971738C9E
:10E9700086817F83706E7872787E867C78877C7ED5
:10E9800082827E79898A898D85847D868782928834
:10E99000827B837876877A7D7F837776887A7D7CA1
:10E9A00077797B847B7B7D837E7F887B8082858378
:10E9B000838A818C7B71807F827C8A6981837B8260
:10E9C0007E816B838072848685748A7E748A84805B
:10E9D00080867E7E8B7E878684827E887E87887C0A
:10E9E000897E817F837E7488767F8479807A807443
:10E9F0007B8175868581818981737E757B858D7D1F
:10EA00007886738083807D8183767D84797A86841D
:10EA10007A8A867C888C858390868690888486888E
:10EA20007E7D7C6C6B7074717777727070757075A9
:10EA30007B787E81807C807F798488898C928D89A7
:10EA40008A878C898D8C8A8C8B8F9490868C9598F4
:10EA5000A7AB8C77573E3F4D6D839997806D5A5188
:10EA60005E738294928B80726C6C737F87908F8AB6
:10EA7000857F7A7C7D7E83807F7774706C72747AF8
:10EA800080858785807D7A7C848B939798988E8DFE
:10EA90008A88939EA6B2BFC9C09B73371412306593
:10EAA00099B3B5956E4A364762859D9E937D6C639A
:10EAB000667383909593877F7A787D808587868734
:10EAC00084827E7C7A79797264536060788A9896C1
:10EAD0008C81706D758394A0A09A928D8B91939A7E
:10EAE000A3AEBECDBD91592902104278B2CCC196D9
:10EAF0006744354A6E8BA0A18D76696069788A91EA
:10EB0000948F817977777D85898989857F7C7C7BE6
:10EB10007D7F7E7E7E7D7C7C796D63646174839372
:10EB20009794897871727B89989B9B958F88898A45
:10EB30008E949BA4ACB5B5AA826031202343759C0A
:10EB4000B5B599795C4A516079878B89797270750E
:10EB5000818C9290887F7772787D868E8D8B857D73
:10EB60007B797C7E7F817E7D7B7A7B7C7E7B776AF6
:10EB7000656069788897969284797276808D989D81
:10EB80009C9894908D8D9193989C9E9A927E6B5EAA
:10EB9000595D687683888780766F6D6E7275787838
:10EBA000767676787D81848583807D7D7F80838580
:10EBB000868583807E7B7874726F707376797B7ABA
:10EBC0007B7C7F82838786868585878B91949697C9
:10EBD000979797999EA4B4C2BF925F32040F306595
:10EBE0009DC2CCAE866143465D6E88918B7E736E0E
:10EBF000707E8E94968F7D716D6E78869093908ADC
:10EC00007E7777757A808281807D7A7B7F8184862A
:10EC100084827F7D7B7D7F80827B756D69686E7964
:10EC2000808A8D8B84817C7C81878D919492919157
:10EC300090909393939291918F898379726B676788
:10EC4000686F767A7E7D7C787574737578797A7A58
:10EC50007A7B7C7E8184858583807E7C7D7E8081BD
:10EC600081807C756F6F696D70737A7E8382848119
:10EC7000807F82858A8F9394959493949596979AA2
:10EC80009DA6B8C5BA935F30040B2E5F99C0C3AB85
:10EC9000845F45475E718A948A7C70666B798C9636
:10ECA0009B988778716C737F8990918D847C79773C
:10ECB0007A808282817D7A787B7E82858582807A65
:10ECC000726D65676A747F898E8D87807C7B7F8695
:10ECD0008C9092908F8E8E8F8F9191919394979923
:10ECE0009B999587786A5953555E6C7983847E7AAF
:10ECF000716D6F72777B7D7C7877787B81878A8A6C
:10ED000088837F7C7C7C7F80807B7A757374777747
:10ED10007878767575787D828688878583828589FF
:10ED20008E939593918F8C8D8F939598999B9FA897
:10ED3000AFAD8E6E46251E34567F9CAD9C836956C2
:10ED40005364778A918F7E6E64636D81939E9D96E6
:10ED5000867872727781898D8C87807B7A7A7F81C1
:10ED600083817E7A7672716D6D6E72787E85898808
:10ED700086817C7B7E838A9194928E8A8685888D1B
:10ED8000929595918C8785868A91969690867465E2
:10ED90005A575C67757E807D766F6B6D747C848757
:10EDA000847F787271757D868C8F8D88827D7C7D65
:10EDB0008083858584807C7B7A7B7D7E7D7975717F
:10EDC0006F72797F85898784817F7F82878B8C8B27
:10EDD0008A87858587898B8B8A88858382828283CF
:10EDE000838281807F7F80807F7D7B787473737363
:10EDF000757678787879797A7C7E80818181807F58
:10EE00007E7E7E80818282838282818181818282F4
:10EE1000807F7D7C7C7D7E7F8080807F7E7E7E7E0D
:10EE20007E7F8080808181818182828282818181D6
:10EE3000808080808080807F7F7F7F7F7F7F807FDA
:10EE400080808080808080808081818181807F7FC0
:10EE50007F7F7F808080807F7F7F7F7F7F7F7F7FBE
:10EE60007F7F7F7E7F7F7F7F8080807F80808080AC
:10EE7000808080807F7F7F7F7F7F7F7F808080809A
:10EE80007F7F7F7F80807F7F7F7F7F808081818188
:10EE90008180808080808181818080807F8080806F
:10EEA00080808080807F7F7F7F7F7F7E7E7E7E7E72
:10EEB0007F7F7F7F7E7E7F7F7F8080807F7F7F7F61
:10EEC0008080808080808080808081808080808041
:10EED0008080808080807F7F7F7F7F7F7F7F7F7F3C
:10EEE000807F7F7F7F7F7F808080808080807F8029
:10EEF0008080808080808080808080807F7F7F7F16
:10EF00007F7F807F7F7F7F7F7F7F7F7F7F7F7F7F10
:10EF10007F7F7F7F7F7F7F808080808080808080F8
:10EF2000807F7F7F808080807F7F7F7F8080807FE9
:10EF30007F7F7F7F7F7F7F80807F7F7F7F808080DC
:10EF400080808080808080808080808080808080C1
:10EF5000808080808080807F7F7F7F7E7F7F7F7FBB
:10EF60007F7F7F7F7F7F7F8080807F7F7F7F7F7FAE
:10EF70007F80808080808080808080808080808092
:10EF80008080808080807F7F7F807F7F807F7F7F89
:10EF90007F7F80807F8080807F7F80807F80808077
:10EFA0008080808080808080807F80807F80807F64
:10EFB00080807F7F7F7F7F7F7F7F7F7F7F7F7F7F5F
:10EFC0007F7F7F7F808080807F7F7F8080807F8049
:10EFD0007F80808080808080807F7F7F7F80807F37
:10EFE0007F7F7F7F807F7E7F7F7F80807F7F7F7F2F
:10EFF00080818080807F7F80817F80807F80808013
:10F00000818180807F7E7E7D7B7C7C7B7D7D7D7E23
:10F0100080808180808082838383828082848587D0
:10F02000888787858281817F7E7E7B7A7A79797BEA
:10F030007C7D7C7C7B7B7D7F7E7F7E7D7D7D7E7A03
:10F040006054748E95847B768994947F7A7F8985C9
:10F050007A737B858A86818388878682807F818296
:10F060008080818889888284838683868172696CA6
:10F0700079807B73717E868B807B7C89857C767BB7
:10F080007F7D7A7B82878B7F7D7A837D7F7C807C8E
:10F09000807B827F8482828385827B7C7A7E787F7C
:10F0A0008484807B7D7E83827D7B7A807E827F806C
:10F0B000847D7C81837F788384837F817F7E83814D
:10F0C000847F7C7E7F7F7D7D7A84837B827F807F4F
:10F0D0007B8182807D7C7C7B8788877F7B86808329
:10F0E0007A7E7E82817C7D838883807D7A797C7C38
:10F0F0007F807F7E7B85867E807D827D7E7E808315
:10F100007F7F8282807E837F8478747D826D70842D
:10F1100095817E71848683747F8680797C7A828BE8
:10F12000877E79878B7F6E7A897E7A7C857D7E81EA
:10F1300089817B878D7974898E787A7F8A858277B9
:10F14000808A807480887C7A797B79817F808480D2
:10F15000837B7E7E8288787A7F8C80777D868A79B1
:10F16000777B878A80818081737F878181787E76B3
:10F170007E868B716F8C927A757E91816C80928A7B
:10F18000657789917A777B7985897575838C7A77AC
:10F190007480907D726C8E9185767E898C75808569
:10F1A0007983828675818F667782877D8A80728176
:10F1B0007C89767A83958D6E858A72768B82818D35
:10F1C0008779777C807C7C7E8F8B77717480738964
:10F1D00081857D887472757D847F8289917A707B48
:10F1E000877C82808182808183807A868A807A810E
:10F1F0008D8C84767E8682787E8C7E8578757D8601
:10F20000867574849489736C768E887E7C7B81800D
:10F210007F7A7C777982877D767E827F8388847F00
:10F220007B7C8180808686828286848183858686B7
:10F230008383888B7F899498887F7D7673787771B4
:10F24000707278756C69696C6F6F6E6C72787D79AD
:10F25000717076818486898B928F8C858791929547
:10F260009697908D909293959CA0A5A2978C7A6783
:10F270005B5755616B717373757471706B6E7276D9
:10F280007B77777B7F8184818484827B787A736EBD
:10F2900077797A797D8385837A787C86898A8B9160
:10F2A00096958F8C909597979AA3ADB7BFB9A06AA2
:10F2B0004D444B595D666F7D847C6E6569717A78CB
:10F2C00072706F787B7D7C7E858989847E7D80836A
:10F2D00081807F7975767874707073767F807C7AA0
:10F2E0007D83878B8C90949797959594969BA4AAF1
:10F2F000AFB6BBB3996749434A586266666B767C82
:10F300007B757170737877757070757B8085878772
:10F310008789888681807F7E8081818282777173F0
:10F320007575707174797E81817F82878A8C8D8FEB
:10F3300090919291908F919396999EA3A6A8A38E57
:10F34000705F5B5C60636562646B72767A7D7C790A
:10F350007B7D7C77757373777D8181818486898CD1
:10F360008B8783818182827E7976777877767778CA
:10F37000787A7C7C7C7F80828486878788898A8C67
:10F380008E8E8C8C8D8F9090908F8F9093979A9279
:10F390007F706866676C6D6867696C6F7478787782
:10F3A000797B7B7B7B7B78787C7E8083858485887A
:10F3B00089888685837E7D7D7C7B797978797A7B67
:10F3C0007B7B7D7D7D7F808183848687888A8A8B15
:10F3D0008C8C8B8B8B8B8B8B8C8B8C8D8E8D8D8F6C
:10F3E0008F897D746E6A696C6E6B6B6D6D6F7477EF
:10F3F00077787A7B7C7D7D7B7A7B7C7E818384843D
:10F4000085858482817F7E7D7C7C7C7D7D7C7D7E0C
:10F410007E7E7F7F7F81828383858687898B8C8DAB
:10F420008D8C8C8B8C8B8C8B8B8B8C8E8E9192930A
:10F430008B7C71696464696B686A6A6B6E747979D4
:10F440007B7B7B7C7E7F7B7979797D8185858481DF
:10F4500080807F7F7C7977787B7E7F7F7E7D7E81D9
:10F4600083848483838486888C8D8E8F8E8E8F8F09
:10F470008F8F8E8E8F909294989CA19D836D584C07
:10F48000515E6B6E706E676A71777A7B7A75787C85
:10F490007C7C7875757A848A8E8C87837F7774728A
:10F4A0006F71737A8184837D7A777B7F8385868889
:10F4B000878B8D9092949290939497999997969721
:10F4C0009BA4AEB5B48C613F2A375174817F7967B4
:10F4D00061676F7476777275797A7C7976757B87D8
:10F4E0008E91897F797A7F847E766B6A6E74818251
:10F4F00082787473768085878584878C92969491C0
:10F500008D9095999D9C9A98999FA9B5BBBEA6652B
:10F510003E1F214D7692857E64595B6470757B79C0
:10F52000777B777B7374757D8A9290867B74748207
:10F53000898D89816960686D7A8182787678777D36
:10F54000818382858B8F92948F8C8B8F949A9D9BD5
:10F550009A999CA0A9B2B8BCB07041201649749D7C
:10F560009983624D4E607580847E7273717777786F
:10F57000797D868F8C84797376848C918A817C6D79
:10F5800061626A718288857E76706D76838D9495CE
:10F59000908987898D9195979A9EA09E9A9BA1AC00
:10F5A000BDCAC57E461B0C3F6AA09F8B71474B5B53
:10F5B000707F867D71727679777676748A8E8E8882
:10F5C000777072828F918D8379757A68676B6678B0
:10F5D0007E897F7C736A73809193958B84858C92EE
:10F5E00095969193989EA1A29E9CA4B5CBCFA6562A
:10F5F0001B051C629EB299764840526D85868470C8
:10F600006974777D7A75717F8A928E7E716D798D3E
:10F610009494877774746A6B6C68747C83817F7947
:10F6200070727A879297918884868F969997979728
:10F63000999F9FA2A3A9B4C3CAA560280919508E97
:10F64000B09F88524147627E8C89786B69707A7C62
:10F650007D767E848D8F85797275818D938E847B86
:10F66000776667676773788180847F7570757E8A37
:10F6700095978F8A88878E9598979B9D9FA4A4A322
:10F68000A5AAB7C6BE7F4C1D072F629DA59E784ACE
:10F69000424F6A8291846F6B67717C817C767D8139
:10F6A000889089827A7C7D858D8B867A665A616F97
:10F6B0007A83847B7474757A80858788898B8F912F
:10F6C0009291908F939A9EA0A2A3A4A7ADB6BEC11B
:10F6D000935D301325487C919486675456637582F8
:10F6E00086776D676A747D83807F8182888A89834B
:10F6F000827E7C808384786E69636C767F807F7C79
:10F7000074767B82858988868A8F939697938F8F6C
:10F71000939AA2A6A6A6A5A5ABB4B0937555393504
:10F720003D5565757A706B6B6F7780837A75706BFA
:10F730006D7377797D8080868B8E8F8E8983807EB6
:10F740007976706C6E70757B7E7F7F7F7D7F828423
:10F7500085858686888A8D8F908F8F8F91929292E1
:10F76000908E8C8D8D8D8F8F8F8983807A76757436
:10F770006F6B6A67656768686A6C6C6E71737679BF
:10F780007B7C7F8385888A8A8B8B8B8B8A88878515
:10F790008382817F7E7D7B7A7978767676767779BB
:10F7A000797B7D7F808386888A8C8D8E8E8D8C8CF4
:10F7B0008C8B8B8A89878686858584848381807EED
:10F7C0007C7B7A78787775737270707071727476EA
:10F7D0007778797B7D808182828282838485868628
:10F7E00085848483838282807F7E7C7B7B7B7A7A24
:10F7F0007A7A7A7C7D7F81828282838485878888F9
:10F800008887878889898988868584838384838299
:10F810008180807F7F7E7C7B7A7A79787877767634
:10F82000767677777878797A7B7D7E7F8081818222
:10F83000828384848483838382828281807F7E7EAC
:10F840007E7E7D7C7C7B7C7D7E7F7F7F7F808182D6
:10F850008384858584848485868686858483838362
:10F8600082828181808080807F7F7F7E7E7D7D7CA3
:10F870007C7B7B7B7A7A7A7A7A7A7A7A7A7B7B7BE0
:10F880007B7B7B7C7D7E7F7F808081828384848480
:10F89000838384848484848382828282828281813D
:10F8A000807F7F8080808080808181818182818152
:10F8B0008180807F7E7E7D7C7B7A7A797979797987
:10F8C000797A7A7B7B7C7D7E7F7F8080818182825A
:10F8D0008282828383838383838382828282828201
:10F8E0008281818080818181828181818181828206
:10F8F000838383838383838281807F7E7D7C7B7A05
:10F90000797978787878797A7A7B7C7D7D7E7F7F4B
:10F9100080818182828383838383838383828181C5
:10F920008180807F7E7E7D7D7D7D7D797979757B0F
:10F930007E7F7F807F8083858585858584848382A3
:10F9400081807F7F7F81828383838383838282819F
:10F9500080807E7E7E7D7D7C7C7B7B7B7A7A7A79E3
:10F96000787879797A7B7C7C7D7D7E7F80818282CC
:10F9700085868688898B8C8C8D8D8D8D8C8C8E8FD9
:10F980009093989FAAA988694A373A4E6B767C7DF6
:10F990007878808E8F887F706868727B7C7F7E80AD
:10F9A000878E948F887F79787A7F7E7E7E7E808333
:10F9B0008785817D77737172736F6D6B6C75828AC9
:10F9C0008988837E7F838687898A8B91989A979589
:10F9D00094969DA6B0BDCAB86E3413153974A39B16
:10F9E0008F81726B747F6F6461626D7F91897E78A5
:10F9F000787F888F8277767C888F92877B797D83EA
:10FA000086857D77767B8184837D78797B80838210
:10FA10007F7D80838685827E7C7F8283827F7A75EC
:10FA200077797B7875727780868785817D7F858AF7
:10FA30008E9090909293928F8E8C8A888888838102
:10FA40007F7C7D7B787169686B707476737070737E
:10FA50007576787A7C7E7F8081828587898A8A8A9A
:10FA6000888786878A8B8B8986848587888888871C
:10FA700085888D908778675F65707F827F7D7979D3
:10FA800078757371747A7E82837F7B7B7B7E7E7ECA
:10FA90007D7D81848483817E7D7D7E7F7E7E7D7D74
:10FAA0007D7E7E7C7A7C7E7E808281808282838560
:10FAB0008A8C8B8A8B8E919698999A9FABB3B47DE2
:10FAC0002E112B658FB6A17A6E6D776768605F73B4
:10FAD00090998C7E6D707484877B77798590968FF2
:10FAE0008074777F8487837D7C8286847D78757936
:10FAF0008285827E7C7F8386847D7A7D81858481F8
:10FB00007D7C808483817E7C7E8183817E7E7F80FC
:10FB100082817F7E8083848382807F818181807FD8
:10FB20007E7F80807F7D7C7D7F81817E7C7D7D7FEF
:10FB30007F7F7F7F8081807E6D696D7E87878676FF
:10FB40006E7682828381858A91938B83868C919550
:10FB5000938E89888A8A86807871717576767575B4
:10FB60007576777672727477797A7B7C7E80807F07
:10FB70007F7F8384858482807E7E7D7E8182828178
:10FB8000808081868A8B8B8A8B8D8E8E8E91969AC1
:10FB90009275595665788789817A7A7D756D6B6E15
:10FBA000778186817A797D807F7D7A7C83898B8657
:10FBB0008380808182807E7F8182807F7D7C7D7E4C
:10FBC0007E7D7D7F818282817F7F8082838282822F
:10FBD000828282817F7F8081807F7F7F80807F7E25
:10FBE0007D7E7E7F8081808081818281807F7F8118
:10FBF000828280807F80807E7D7D808282817E7D0A
:10FC00007E7F7F7F7E7F7B6767788A8F89867F7F15
:10FC100082827777818B8A837E7B7F83857F7C7FDF
:10FC2000858786848283898D8D8B8C8F9195946D49
:10FC300050516D7F83867F7B7F8474686877818273
:10FC4000827B797D868379737880878B87838083B5
:10FC5000837E7B7D7E8183817E7E8182807C7B7CB6
:10FC60007E8282817F7F8081818181818182828188
:10FC700080807F7F7F7F80808181807F7F7F808089
:10FC80007F7F80818281807F80808080807F7F8075
:10FC9000807F7E7F7F7E7E7F80807F7F7F7F7F7F74
:10FCA0007F808080808080818180807F7F7F7F7F58
:10FCB0007F7F7F7F7F7F7F7F7F7F7F7E7E7F7F7F56
:10FCC0007F7F7F8080808080818180808080808134
:10FCD00080808080807F7F808080807F7F7F808029
:10FCE00080807F7F7E7F7F7F7F7F8080807F7F7F20
:10FCF0007F80807F7F7F80807F80807F7F7F7F7F0E
:10FD00007F8080808080807F7F7F807F7F7F7F7FFC
:10FD10007F7F7F7F7F7F7F7F7F7F80807F7F7F7FF1
:10FD20008080807F7F7F807F807F807F7F7F7F7FDD
:10FD30007F8080807F7F7F7F8080807F8080807FCA
:10FD40007F7F7F80807F7F7F7F7F7F7F7F7F8080BF
:10FD50007F7F7F808080807F7F7F7F808080807FAB
:10FD60007F808080807F7F7F808080808080808097
:10FD7000807F7F8080808080808180808080808084
:10FD8000807F7F7F8080808080808080807F808077
:10FD90007F7F7F7F80807F7F7F7F7F7F7F7F7F8070
:10FDA000807F7F7F7F7F7F7F7F7F7F7F7F7F7F7F62
:10FDB0007F7F7F7F7F7F8080807F7F807F7F7F804E
:10FDC00080807F807F8080807F7F80808080807F38
:10FDD0007F7F808080808080807F7F808080808027
:10FDE0007F7F80807F7F7F7F7F808080808080801A
:10FDF000807F7F8080807F7F7F7F7F807F7F7F7F0E
:10FE00007F7F7F7F7F7F7F7F7F7F7F7F7F7F7F7F02
:10FE10007F7F7F7F7F808080807F7F7F7F7F7F7FEE
:10FE20007F7F7F7F7F7F7F7F7F7F7F7F7F7F7F80E1
:10FE300080807F7F80808080807F808080808080C5
:10FE400080807F80808080808080808080808080B3
:10FE50008080807F7F7F807F7F7F7F7F7F807F80AC
:10FE600080807F7F7F808080807F7F7F8080808098
:10FE700080808080807F808080807F7F7F80808086
:10FE8000807F7F8080808080808080807F7F7F8077
:10FE9000808080807F80807F7F80807F807F808067
:10FEA000808080807F7F80807F7F7F7F80807F7F5A
:10FEB0007F8080807F7F7F7F7F7F7F7F7F7F7F7F4F
:10FEC0007F7F7F7F7F7F7F7F7F7F7F7F7F7F7F7F42
:10FED00080807F7F7F7F7F7F7F7F7F7F80807F7F2E
:10FEE0007F7F7F807F7F7F7F80807F7F7F7F80801D
:10FEF000807F7F7F80807F7F7F7F7F7F80807F800C
:10FF00007F7F80807F7F7F80808080807F808080F7
:10FF100080807F7F8080808080807F7F7F80807FE7
:10FF20007F808080807F80808080808080808080D3
:10FF300080808080808080808080808080808080C1
:10FF4000808080808080808080808080807F8080B2
:10FF500080807F7F80808080807F7F7F80807F7FA8
:10FF60007F8080808080807F7F7F7F7F80807F7F99
:10FF70007F7F7F7F7F807F7F7F7F7F7F7F7F7F7F90
:10FF80007F7F7F7F7F7F807F7F7F807F7F7F7F7F7F
:10FF9000807F7F7F7F7F7F7F7F7F7F7F7F7F7F7F70
:10FFA0007F7F7F7F7F7F7F7F7F7F7F7F7F7F7F7F61
:10FFB0007F7F7F7F7F7F7F7F7F7F7F80807F7F7F4F
:10FFC0007F80807F7F7F7F8080807F7F8080808038
:10FFD0007F7F80807F7F7F80807F7F7F7F80807F2B
:10FFE0007F7F7F807F7F7F7F7F7F807F7F8080801C
:10FFF0008080808080808080808080807F80808002
:020000040802F0
:1000000080808080808080808080808080808080F0
:100010008080808080808080808080808080807FE1
:1000200080807F7F7F8080807F7F7F7F80807F7FD9
:100030007F7F7F7F7F7F7F808080807F7F807F7FCB
:100040007F7F7F7F7F7F807F7F7F808080807F7FBB
:100050007F8080808080808080808080807F7F7FA4
:10006000808080808080807F807F7F7F7F7F7F7F98
:100070007F7F7F7F7F7F7F7F7F7F7F7F7F807F7F8F
:100080007F7F7F7F7F7F7F7F7F7F7F7F80807F7F7E
:100090007F80807F7F7F7F7F7F7F7F7F7F7F7F7F6E
:1000A0007F7F7F7F7F807F7F7F7F7F7F7F7F7F7F5F
:1000B0007F7F7F7F7F7F807F7F7F7F7F7F7F7F804E
:1000C0008080808080807F7F7F8080808080807F34
:1000D0008080808080808080808080808080808020
:1000E0008080808080808080808080808080808010
:1000F0008080808080808080808080808080808000
:10010000808080808080807F8080808080807F7FF2
:100110007F7F7F7F807F7F7F7F7F7F807F807F7FEC
:100120000010C800C800011BC904C904C904C904DF
:10013000C904C904C904C904C904C904C904C90457
:10014000C904C904C904C904C904C904C904C90447
:10015000C904C904C904C904C904C904C904C90437
:10016000C904C904C904C904C904C904C904C90427
:10017000C904C904C904C904C904C904C904C90417
:10018000C904C904C904C904C904C904C904C90407
:10019000C904C904C904C904C904C904C904C904F7
:1001A000C904C904C904C904C904C904C904C904E7
:1001B000C904C904C904C904C904C904C904C904D7
:1001C000C904C904C904C904C904C904C904C904C7
:1001D000C904C904C904C904C904C904C904C904B7
:1001E000C904C904C904C904C904C904C904C904A7
:1001F000C904C904C904C904C904C904C904C90497
:10020000C904C904C904C904C904C904C904C90486
:10021000C904C904C904C904C904C904C904C90476
:10022000C904C904C904C904C904C904C904C90466
:10023000C904C904C904C904C904C904C904C90456
:10024000C904C904C904C904C904C904C904C90446
:10025000C904C904C904C904C904C904C904C90436
:10026000C904C904C904C904C904C904C904C90426
:10027000C904C904C904C904C904C904C904C90416
:10028000C904C904C904C904C904C904C904C90406
:10029000C904C904C904C904C904C904C904C904F6
:1002A000C904C904C904C904C904C904C904C904E6
:1002B000C904C904C904C904C904C904C904C904D6
:1002C000C904C904C904C904C904C904C904C904C6
:1002D000C904C904C904C904C904C904C904C904B6
:1002E000C904C904C904C904C904C904C904C904A6
:1002F000C904C904C904C904C904C904C904C90496
:10030000C904C904C904C904C904C904C904C90485
:10031000C904C904C904C904C904C904C904C90475
:10032000C904C904C904C904C904C904C904C90465
:10033000C904C904C904C904C904C904C904C90455
:10034000C904C904C904C904C904C904C904C90445
:10035000C904C904C904C904C904C904C904C90435
:10036000C904C904C904C904C904C904C904C90425
:10037000C904C904C904C904C904C904C904C90415
:10038000C904C904C904C904C904C904C904C90405
:10039000C904C904C904C904C904C904C904C904F5
:1003A000C904C904C904C904C904C904C904C904E5
:1003B000C904C904C904C904C904C904C904C904D5
:1003C000C904C904C904C904C904C904C904C904C5
:1003D000C904C904C904C904C904C904C904C904B5
:1003E000C904C904C904C904C904C904C904C904A5
:1003F000C904C904C904C904C904C904C904C90495
:10040000C904C904C904C904C904C904C904C90484
:10041000C904C904C904C904C904C904C904C90474
:10042000C904C904C904C904C904C904C904C90464
:10043000C904C904C904C904C904C904C904C90454
:10044000C904C904C904C904C904C904C904C90444
:10045000C904C904C904C904C904C904C904C90434
:10046000C904C904C904C904C904C904C904C90424
:10047000C904C904C904C904C904C904C904C90414
:10048000C904C904C904C904C904C904C904C90404
:10049000C904C904C904C904C904C904C904C904F4
:1004A000C904C904C904C904C904C904C904C904E4
:1004B000C904C904C904C904C904C904C904C904D4
:1004C000C904C904C904C904C904C904C904C904C4
:1004D000C904C904C904C904C904C904C904C904B4
:1004E000C904C904C904C904C904C904C904C904A4
:1004F000C904C904C904C904C904C904C904C90494
:10050000C904C904C904C904C904C904C904C90483
:10051000C904C904C904C904C904C904C904C90473
:10052000C904C904C904C904C904C904C904C90463
:10053000C904C904C904C904C904C904C904C90453
:10054000C904C904C904C904C904C904C904C90443
:10055000C904C904C904C904C904C904C904C90433
:10056000C904C904C904C904C904C904C904C90423
:10057000C904C904C904C904C904C904C904C90413
:10058000C904C904C904C904C904C904C904C90403
:10059000C904C904C904C904C904C904C904C904F3
:1005A000C904C904C904C904C904C904C904C904E3
:1005B000C904C904C904C904C904C904C904C904D3
:1005C000C904C904C904C904C904C904C904C904C3
:1005D000C904C904C904C904C904C904C904C904B3
:1005E000C904C904C904C904C904C904C904C904A3
:1005F000C904C904C904C904C904C904C904C90493
:10060000C904C904C904C904C904C904C904C90482
:10061000C904C904C904C904C904C904C904C90472
:10062000C904C904C904C904C904C904C904C90462
:10063000C904C904C904C904C904C904C904C90452
:10064000C904C904C904C904C904C904C904C90442
:10065000C904C904C904C904C904C904C904C90432
:10066000C904C904C904C904C904C904C904C90422
:10067000C904C904C904C904C904C904C904C90412
:10068000C904C904C904C904C904C904C904C90402
:10069000C904C904C904C904C904C904C904C904F2
:1006A000C904C904C904C904C904C904C904C904E2
:1006B000C904C904C904C904C904C904C904C904D2
:1006C000C904C904C904C904C904C904C904C904C2
:1006D000C904C904C904C904C904C904C904C904B2
:1006E000C904C904C904C904C904C904C904C904A2
:1006F000C904C904C904C904C904C904C904C90492
:10070000C904C904C904C904C904C904C904C90481
:10071000C904C904C904C904C904C904C904C90471
:10072000C904C904C904C904C904C904C904C90461
:10073000C904C904C904C904C904C904C904C90451
:10074000C904C904C904C904C904C904C904C90441
:10075000C904C904C904C904C904C904C904C90431
:10076000C904C904C904C904C904C904C904C90421
:10077000C904C904C904C904C904C904C904C90411
:10078000C904C904C904C904C904C904C904C90401
:10079000C904C904C904C904C904C904C904C904F1
:1007A000C904C904C904C904C904C904C904C904E1
:1007B000C904C904C904C904C904C904C904C904D1
:1007C000C904C904C904C904C904C904C904C904C1
:1007D000C904C904C904C904C904C904C904C904B1
:1007E000C904C904C904C904C904C904C904C904A1
:1007F000C904C904C904C904C904C904C904C90491
:10080000C904C904C904C904C904C904C904C90480
:10081000C904C904C904C904C904C904C904C90470
:10082000C904C904C904C904C904C904C904C90460
:10083000C904C904C904C904C904C904C904C90450
:10084000C904C904C904C904C904C904C904C90440
:10085000C904C904C904C904C904C904C904C90430
:10086000C904C904C904C904C904C904C904C90420
:10087000C904C904C904C904C904C904C904C90410
:10088000C904C904C904C904C904C904C904C90400
:10089000C904C904C904C904C904C904C904C904F0
:1008A000C904C904C904C904C904C904C904C904E0
:1008B000C904C904C904C904C904C904C904C904D0
:1008C000C904C904C904C904C904C904C904C904C0
:1008D000C904C904C904C904C904C904C904C904B0
:1008E000C904C904C904C904C904C904C904C904A0
:1008F000C904C904C904C904C904C904C904C90490
:10090000C904C904C904C904C904C904C904C9047F
:10091000C904C904C904C904C904C904C904C9046F
:10092000C904C904C904C904C904C904C904C9045F
:10093000C904C904C904C904C904C904C904C9044F
:10094000C904C904C904C904C904C904C904C9043F
:10095000C904C904C904C904C904C904C904C9042F
:10096000C904C904C904C904C904C904C904C9041F
:10097000C904C904C904C904C904C904C904C9040F
:10098000C904C904C904C904C904C904C904C904FF
:10099000C904C904C904C904C904C904C904C904EF
:1009A000C904C904C904C904C904C904C904C904DF
:1009B000C904C904C904C904C904C904C904C904CF
:1009C000C904C904C904C904C904C904C904C904BF
:1009D000C904C904C904C904C904C904C904C904AF
:1009E000C904C904C904C904C904C904C904C9049F
:1009F000C904C904C904C904C904C904C904C9048F
:100A0000C904C904C904C904C904C904C904C9047E
:100A1000C904C904C904C904C904C904C904C9046E
:100A2000C904C904C904C904C904C904C904C9045E
:100A3000C904C904C904C904C904C904C904C9044E
:100A4000C904C904C904C904C904C904C904C9043E
:100A5000C904C904C904C904C904C904C904C9042E
:100A6000C904C904C904C904C904C904C904C9041E
:100A7000C904C904C904C904C904C904C904C9040E
:100A8000C904C904C904C904C904C904C904C904FE
:100A9000C904C904C904C904C904C904C904C904EE
:100AA000C904C904C904C904C904C904C904C904DE
:100AB000C904C904C904C904C904C904C904C904CE
:100AC000C904C904C904C904C904C904C904C904BE
:100AD000C904C904C904C904C904C904C904C904AE
:100AE000C904C904C904C904C904C904C904C9049E
:100AF000C904C904C904C904C904C904C904C9048E
:100B0000C904C904C904C904C904C904C904C9047D
:100B1000C904C904C904C904C904C904C904C9046D
:100B2000C904C904C904C904C904C904C904C9045D
:100B3000C904C904C904C904C904C904C904C9044D
:100B4000C904C904C904C904C904C904C904C9043D
:100B5000C904C904C904C904C904C904C904C9042D
:100B6000C904C904C904C904C904C904C904C9041D
:100B7000C904C904C904C904C904C904C904C9040D
:100B8000C904C904C904C904C904C904C904C904FD
:100B9000C904C904C904C904C904C904C904C904ED
:100BA000C904C904C904C904C904C904C904C904DD
:100BB000C904C904C904C904C904C904C904C904CD
:100BC000C904C904C904C904C904C904C904C904BD
:100BD000C904C904C904C904C904C904C904C904AD
:100BE000C904C904C904C904C904C904C904C9049D
:100BF000C904C904C904C904C904C904C904C9048D
:100C0000C904C904C904C904C904C904C904C9047C
:100C1000C904C904C904C904C904C904C904C9046C
:100C2000C904C904C904C904C904C904C904C9045C
:100C3000C904C904C904C904C904C904C904C9044C
:100C4000C904C904C904C904C904C904C904C9043C
:100C5000C904C904C904C904C904C904C904C9042C
:100C6000C904C904C904C904C904C904C904C9041C
:100C7000C904C904C904C904C904C904C904C9040C
:100C8000C904C904C904C904C904C904C904C904FC
:100C9000C904C904C904C904C904C904C904C904EC
:100CA000C904C904C904C904C904C904C904C904DC
:100CB000C904C904C904C904C904C904C904C904CC
:100CC000C904C904C904C904C904C904C904C904BC
:100CD000C904C904C904C904C904C904C904C904AC
:100CE000C904C904C904C904C904C904C904C9049C
:100CF000C904C904C904C904C904C904C904C9048C
:100D0000C904C904C904C904C904C904C904C9047B
:100D1000C904C904C904C904C904C904C904C9046B
:100D2000C904C904C904C904C904C904C904C9045B
:100D3000C904C904C904C904C904C904C904C9044B
:100D4000C904C904C904C904C904C904C904C9043B
:100D5000C904C904C904C904C904C904C904C9042B
:100D6000C904C904C904C904C904C904C904C9041B
:100D7000C904C904C904C904C904C904C904C9040B
:100D8000C904C904C904C904C904C904C904C904FB
:100D9000C904C904C904C904C904C904C904C904EB
:100DA000C904C904C904C904C904C904C904C904DB
:100DB000C904C904C904C904C904C904C904C904CB
:100DC000C904C904C904C904C904C904C904C904BB
:100DD000C904C904C904C904C904C904C904C904AB
:100DE000C904C904C904C904C904C904C904C9049B
:100DF000C904C904C904C904C904C904C904C9048B
:100E0000C904C904C904C904C904C904C904C9047A
:100E1000C904C904C904C904C904C904C904C9046A
:100E2000C904C904C904C904C904C904C904C9045A
:100E3000C904C904C904C904C904C904C904C9044A
:100E4000C904C904C904C904C904C904C904C9043A
:100E5000C904C904C904C904C904C904C904C9042A
:100E6000C904C904C904C904C904C904C904C9041A
:100E7000C904C904C904C904C904C904C904C9040A
:100E8000C904C904C904C904C904C904C904C904FA
:100E9000C904C904C904C904C904C904C904C904EA
:100EA000C904C904C904C904C904C904C904C904DA
:100EB000C904C904C904C904C904C904C904C904CA
:100EC000C904C904C904C904C904C904C904C904BA
:100ED000C904C904C904C904C904C904C904C904AA
:100EE000C904C904C904C904C904C904C904C9049A
:100EF000C904C904C904C904C904C904C904C9048A
:100F0000C904C904C904C904C904C904C904C90479
:100F1000C904C904C904C904C904C904C904C90469
:100F2000C904C904C904C904C904C904C904C90459
:100F3000C904C904C904C904C904C904C904C90449
:100F4000C904C904C904C904C904C904C904C90439
:100F5000C904C904C904C904C904C904C904C90429
:100F6000C904C904C904C904C904C904C904C90419
:100F7000C904C904C904C904C904C904C904C90409
:100F8000C904C904C904C904C904C904C904C904F9
:100F9000C904C904C904C904C904C904C904C904E9
:100FA000C904C904C904C904C904C904C904C904D9
:100FB000C904C904C904C904C904C904C904C904C9
:100FC000C904C904C904C904C904C904C904C904B9
:100FD000C904C904C904C904C904C904C904C904A9
:100FE000C904C904C904C904C904C904C904C90499
:100FF000C904C904C904C904C904C904C904C90489
:10100000C904C904C904C904C904C904C904C90478
:10101000C904C904C904C904C904C904C904C90468
:10102000C904C904C904C904C904C904C904C90458
:10103000C904C904C904C904C904C904C904C90448
:10104000C904C904C904C904C904C904C904C90438
:10105000C904C904C904C904C904C904C904C90428
:10106000C904C904C904C904C904C904C904C90418
:10107000C904C904C904C904C904C904C904C90408
:10108000C904C904C904C904C904C904C904C904F8
:10109000C904C904C904C904C904C904C904C904E8
:1010A000C904C904C904C904C904C904C904C904D8
:1010B000C904C904C904C904C904C904C904C904C8
:1010C000C904C904C904C904C904C904C904C904B8
:1010D000C904C904C904C904C904C904C904C904A8
:1010E000C904C904C904C904C904C904C904C90498
:1010F000C904C904C904C904C904C904C904C90488
:10110000C904C904C904C904C904C904C904C90477
:10111000C904C904C904C904C904C904C904C90467
:10112000C904C904C904C904C904C904C904C90457
:10113000C904C904C904C904C904C904C904C90447
:10114000C904C904C904C904C904C904C904C90437
:10115000C904C904C904C904C904C904C904C90427
:10116000C904C904C904C904C904C904C904C90417
:10117000C904C904C904C904C904C904C904C90407
:10118000C904C904C904C904C904C904C904C904F7
:10119000C904C904C904C904C904C904C904C904E7
:1011A000C904C904C904C904C904C904C904C904D7
:1011B000C904C904C904C904C904C904C904C904C7
:1011C000C904C904C904C904C904C904C904C904B7
:1011D000C904C904C904C904C904C904C904C904A7
:1011E000C904C904C904C904C904C904C904C90497
:1011F000C904C904C904C904C904C904C904C90487
:10120000C904C904C904C904C904C904C904C90476
:10121000C904C904C904C904C904C904C904C90466
:10122000C904C904C904C904C904C904C904C90456
:10123000C904C904C904C904C904C904C904C90446
:10124000C904C904C904C904C904C904C904C90436
:10125000C904C904C904C904C904C904C904C90426
:10126000C904C904C904C904C904C904C904C90416
:10127000C904C904C904C904C904C904C904C90406
:10128000C904C904C904C904C904C904C904C904F6
:10129000C904C904C904C904C904C904C904C904E6
:1012A000C904C904C904C904C904C904C904C904D6
:1012B000C904C904C904C904C904C904C904C904C6
:1012C000C904C904C904C904C904C904C904C904B6
:1012D000C904C904C904C904C904C904C904C904A6
:1012E000C904C904C904C904C904C904C904C90496
:1012F000C904C904C904C904C904C904C904C90486
:10130000C904C904C904C904C904C904C904C90475
:10131000C904C904C904C904C904C904C904C90465
:10132000C904C904C904C904C904C904C904C90455
:10133000C904C904C904C904C904C904C904C90445
:10134000C904C904C904C904C904C904C904C90435
:10135000C904C904C904C904C904C904C904C90425
:10136000C904C904C904C904C904C904C904C90415
:10137000C904C904C904C904C904C904C904C90405
:10138000C904C904C904C904C904C904C904C904F5
:10139000C904C904C904C904C904C904C904C904E5
:1013A000C904C904C904C904C904C904C904C904D5
:1013B000C904C904C904C904C904C904C904C904C5
:1013C000C904C904C904C904C904C904C904C904B5
:1013D000C904C904C904C904C904C904C904C904A5
:1013E000C904C904C904C904C904C904C904C90495
:1013F000C904C904C904C904C904C904C904C90485
:10140000C904C904C904C904C904C904C904C90474
:10141000C904C904C904C904C904C904C904C90464
:10142000C904C904C904C904C904C904C904C90454
:10143000C904C904C904C904C904C904C904C90444
:10144000C904C904C904C904C904C904C904C90434
:10145000C904C904C904C904C904C904C904C90424
:10146000C904C904C904C904C904C904C904C90414
:10147000C904C904C904C904C904C904C904C90404
:10148000C904C904C904C904C904C904C904C904F4
:10149000C904C904C904C904C904C904C904C904E4
:1014A000C904C904C904C904C904C904C904C904D4
:1014B000C904C904C904C904C904C904C904C904C4
:1014C000C904C904C904C904C904C904C904C904B4
:1014D000C904C904C904C904C904C904C904C904A4
:1014E000C904C904C904C904C904C904C904C90494
:1014F000C904C904C904C904C904C904C904C90484
:10150000C904C904C904C904C904C904C904C90473
:10151000C904C904C904C904C904C904C904C90463
:10152000C904C904C904C904C904C904C904C90453
:10153000C904C904C904C904C904C904C904C90443
:10154000C904C904C904C904C904C904C904C90433
:10155000C904C904C904C904C904C904C904C90423
:10156000C904C904C904C904C904C904C904C90413
:10157000C904C904C904C904C904C904C904C90403
:10158000C904C904C904C904C904C904C904C904F3
:10159000C904C904C904C904C904C904C904C904E3
:1015A000C904C904C904C904C904C904C904C904D3
:1015B000C904C904C904C904C904C904C904C904C3
:1015C000C904C904C904C904C904C904C904C904B3
:1015D000C904C904C904C904C904C904C904C904A3
:1015E000C904C904C904C904C904C904C904C90493
:1015F000C904C904C904C904C904C904C904C90483
:10160000C904C904C904C904C904C904C904C90472
:10161000C904C904C904C904C904C904C904C90462
:10162000C904C904C904C904C904C904C904C90452
:10163000C904C904C904C904C904C904C904C90442
:10164000C904C904C904C904C904C904C904C90432
:10165000C904C904C904C904C904C904C904C90422
:10166000C904C904C904C904C904C904C904C90412
:10167000C904C904C904C904C904C904C904C90402
:10168000C904C904C904C904C904C904C904C904F2
:10169000C904C904C904C904C904C904C904C904E2
:1016A000C904C904C904C904C904C904C904C904D2
:1016B000C904C904C904C904C904C904C904C904C2
:1016C000C904C904C904C904C904C904C904C904B2
:1016D000C904C904C904C904C904C904C904C904A2
:1016E000C904C904C904C904C904C904C904C90492
:1016F000C904C904C904C904C904C904C904C90482
:10170000C904C904C904C904C904C904C904C90471
:10171000C904C904C904C904C904C904C904C90461
:10172000C904C904C904C904C904C904C904C90451
:10173000C904C904C904C904C904C904C904C90441
:10174000C904C904C904C904C904C904C904C90431
:10175000C904C904C904C904C904C904C904C90421
:10176000C904C904C904C904C904C904C904C90411
:10177000C904C904C904C904C904C904C904C90401
:10178000C904C904C904C904C904C904C904C904F1
:10179000C904C904C904C904C904C904C904C904E1
:1017A000C904C904C904C904C904C904C904C904D1
:1017B000C904C904C904C904C904C904C904C904C1
:1017C000C904C904C904C904C904C904C904C904B1
:1017D000C904C904C904C904C904C904C904C904A1
:1017E000C904C904C904C904C904C904C904C90491
:1017F000C904C904C904C904C904C904C904C90481
:10180000C904C904C904C904C904C904C904C90470
:10181000C904C904C904C904C904C904C904C90460
:10182000C904C904C904C904C904C904C904C90450
:10183000C904C904C904C904C904C904C904C90440
:10184000C904C904C904C904C904C904C904C90430
:10185000C904C904C904C904C904C904C904C90420
:10186000C904C904C904C904C904C904C904C90410
:10187000C904C904C904C904C904C904C904C90400
:10188000C904C904C904C904C904C904C904C904F0
:10189000C904C904C904C904C904C904C904C904E0
:1018A000C904C904C904C904C904C904C904C904D0
:1018B000C904C904C904C904C904C904C904C904C0
:1018C000C904C904C904C904C904C904C904C904B0
:1018D000C904C904C904C904C904C904C904C904A0
:1018E000C904C904C904C904C904C904C904C90490
:1018F000C904C904C904C904C904C904C904C90480
:10190000C904C904C904C904C904C904C904C9046F
:10191000C904C904C904C904C904C904C904C9045F
:10192000C904C904C904C904C904C904C904C9044F
:10193000C904C904C904C904C904C904C904C9043F
:10194000C904C904C904C904C904C904C904C9042F
:10195000C904C904C904C904C904C904C904C9041F
:10196000C904C904C904C904C904C904C904C9040F
:10197000C904C904C904C904C904C904C904C904FF
:10198000C904C904C904C904C904C904C904C904EF
:10199000C904C904C904C904C904C904C904C904DF
:1019A000C904C904C904C904C904C904C904C904CF
:1019B000C904C904C904C904C904C904C904C904BF
:1019C000C904C904C904C904C904C904C904C904AF
:1019D000C904C904C904C904C904C904C904C9049F
:1019E000C904C904C904C904C904C904C904C9048F
:1019F000C904C904C904C904C904C904C904C9047F
:101A0000C904C904C904C904C904C904C904C9046E
:101A1000C904C904C904C904C904C904C904C9045E
:101A2000C904C904C904C904C904C904C904C9044E
:101A3000C904C904C904C904C904C904C904C9043E
:101A4000C904C904C904C904C904C904C904C9042E
:101A5000C904C904C904C904C904C904C904C9041E
:101A6000C904C904C904C904C904C904C904C9040E
:101A7000C904C904C904C904C904C904C904C904FE
:101A8000C904C904C904C904C904C904C904C904EE
:101A9000C904C904C904C904C904C904C904C904DE
:101AA000C904C904C904C904C904C904C904C904CE
:101AB000C904C904C904C904C904C904C904C904BE
:101AC000C904C904C904C904C904C904C904C904AE
:101AD000C904C904C904C904C904C904C904C9049E
:101AE000C904C904C904C904C904C904C904C9048E
:101AF000C904C904C904C904C904C904C904C9047E
:101B0000C904C904C904C904C904C904C904C9046D
:101B1000C904C904C904C904C904C904C904C9045D
:101B2000C904C904C904C904C904C904C904C9044D
:101B3000C904C904C904C904C904C904C904C9043D
:101B4000C904C904C904C904C904C904C904C9042D
:101B5000C904C904C904C904C904C904C904C9041D
:101B6000C904C904C904C904C904C904C904C9040D
:101B7000C904C904C904C904C904C904C904C904FD
:101B8000C904C904C904C904C904C904C904C904ED
:101B9000C904C904C904C904C904C904C904C904DD
:101BA000C904C904C904C904C904C904C904C904CD
:101BB000C904C904C904C904C904C904C904C904BD
:101BC000C904C904C904C904C904C904C904C904AD
:101BD000C904C904C904C904C904C904C904C9049D
:101BE000C904C904C904C904C904C904C904C9048D
:101BF000C904C904C904C904C904C904C904C9047D
:101C0000C904C904C904C904C904C904C904C9046C
:101C1000C904C904C904C904C904C904C904C9045C
:101C2000C904C904C904C904C904C904C904C9044C
:101C3000C904C904C904C904C904C904C904C9043C
:101C4000C904C904C904C904C904C904C904C9042C
:101C5000C904C904C904C904C904C904C904C9041C
:101C6000C904C904C904C904C904C904C904C9040C
:101C7000C904C904C904C904C904C904C904C904FC
:101C8000C904C904C904C904C904C904C904C904EC
:101C9000C904C904C904C904C904C904C904C904DC
:101CA000C904C904C904C904C904C904C904C904CC
:101CB000C904C904C904C904C904C904C904C904BC
:101CC000C904C904C904C904C904C904C904C904AC
:101CD000C904C904C904C904C904C904C904C9049C
:101CE000C904C904C904C904C904C904C904C9048C
:101CF000C904C904C904C904C904C904C904C9047C
:101D0000C904C904C904C904C904C904C904C9046B
:101D1000C904C904C904C904C904C904C904C9045B
:101D2000C904C904C904C904C904C904C904C9044B
:101D3000C904C904C904C904C904C904C904C9043B
:101D4000C904C904C904C904C904C904C904C9042B
:101D5000C904C904C904C904C904C904C904C9041B
:101D6000C904C904C904C904C904C904C904C9040B
:101D7000C904C904C904C904C904C904C904C904FB
:101D8000C904C904C904C904C904C904C904C904EB
:101D9000C904C904C904C904C904C904C904C904DB
:101DA000C904C904C904C904C904C904C904C904CB
:101DB000C904C904C904C904C904C904C904C904BB
:101DC000C904C904C904C904C904C904C904C904AB
:101DD000C904C904C904C904C904C904C904C9049B
:101DE000C904C904C904C904C904C904C904C9048B
:101DF000C904C904C904C904C904C904C904C9047B
:101E0000C904C904C904C904C904C904C904C9046A
:101E1000C904C904C904C904C904C904C904C9045A
:101E2000C904C904C904C904C904C904C904C9044A
:101E3000C904C904C904C904C904C904C904C9043A
:101E4000C904C904C904C904C904C904C904C9042A
:101E5000C904C904C904C904C904C904C904C9041A
:101E6000C904C904C904C904C904C904C904C9040A
:101E7000C904C904C904C904C904C904C904C904FA
:101E8000C904C904C904C904C904C904C904C904EA
:101E9000C904C904C904C904C904C904C904C904DA
:101EA000C904C904C904C904C904C904C904C904CA
:101EB000C904C904C904C904C904C904C904C904BA
:101EC000C904C904C904C904C904C904C904C904AA
:101ED000C904C904C904C904C904C904C904C9049A
:101EE000C904C904C904C904C904C904C904C9048A
:101EF000C904C904C904C904C904C904C904C9047A
:101F0000C904C904C904C904C904C904C904C90469
:101F1000C904C904C904C904C904C904C904C90459
:101F2000C904C904C904C904C904C904C904C90449
:101F3000C904C904C904C904C904C904C904C90439
:101F4000C904C904C904C904C904C904C904C90429
:101F5000C904C904C904C904C904C904C904C90419
:101F6000C904C904C904C904C904C904C904C90409
:101F7000C904C904C904C904C904C904C904C904F9
:101F8000C904C904C904C904C904C904C904C904E9
:101F9000C904C904C904C904C904C904C904C904D9
:101FA000C904C904C904C904C904C904C904C904C9
:101FB000C904C904C904C904C904C904C904C904B9
:101FC000C904C904C904C904C904C904C904C904A9
:101FD000C904C904C904C904C904C904C904C90499
:101FE000C904C904C904C904C904C904C904C90489
:101FF000C904C904C904C904C904C904C904C90479
:10200000C904C904C904C904C904C904C904C90468
:10201000C904C904C904C904C904C904C904C90458
:10202000C904C904C904C904C904C904C904C90448
:10203000C904C904C904C904C904C904C904C90438
:10204000C904C904C904C904C904C904C904C90428
:10205000C904C904C904C904C904C904C904C90418
:10206000C904C904C904C904C904C904C904C90408
:10207000C904C904C904C904C904C904C904C904F8
:10208000C904C904C904C904C904C904C904C904E8
:10209000C904C904C904C904C904C904C904C904D8
:1020A000C904C904C904C904C904C904C904C904C8
:1020B000C904C904C904C904C904C904C904C904B8
:1020C000C904C904C904C904C904C904C904C904A8
:1020D000C904C904C904C904C904C904C904C90498
:1020E000C904C904C904C904C904C904C904C90488
:1020F000C904C904C904C904C904C904C904C90478
:10210000C904C904C904C904C904C904C904C90467
:10211000C904C904C904C904C904C904C904C90457
:10212000C904C904C904C904C904C904C904C90447
:10213000C904C904C904C904C904C904C904C90437
:10214000C904C904C904C904C904C904C904C90427
:10215000C904C904C904C904C904C904C904C90417
:10216000C904C904C904C904C904C904C904C90407
:10217000C904C904C904C904C904C904C904C904F7
:10218000C904C904C904C904C904C904C904C904E7
:10219000C904C904C904C904C904C904C904C904D7
:1021A000C904C904C904C904C904C904C904C904C7
:1021B000C904C904C904C904C904C904C904C904B7
:1021C000C904C904C904C904C904C904C904C904A7
:1021D000C904C904C904C904C904C904C904C90497
:1021E000C904C904C904C904C904C904C904C90487
:1021F000C904C904C904C904C904C904C904C90477
:10220000C904C904C904C904C904C904C904C90466
:10221000C904C904C904C904C904C904C904C90456
:10222000C904C904C904C904C904C904C904C90446
:10223000C904C904C904C904C904C904C904C90436
:10224000C904C904C904C904C904C904C904C90426
:10225000C904C904C904C904C904C904C904C90416
:10226000C904C904C904C904C904C904C904C90406
:10227000C904C904C904C904C904C904C904C904F6
:10228000C904C904C904C904C904C904C904C904E6
:10229000C904C904C904C904C904C904C904C904D6
:1022A000C904C904C904C904C904C904C904C904C6
:1022B000C904C904C904C904C904C904C904C904B6
:1022C000C904C904C904C904C904C904C904C904A6
:1022D000C904C904C904C904C904C904C904C90496
:1022E000C904C904C904C904C904C904C904C90486
:1022F000C904C904C904C904C904C904C904C90476
:10230000C904C904C904C904C904C904C904C90465
:10231000C904C904C904C904C904C904C904C90455
:10232000C904C904C904C904C904C904C904C90445
:10233000C904C904C904C904C904C904C904C90435
:10234000C904C904C904C904C904C904C904C90425
:10235000C904C904C904C904C904C904C904C90415
:10236000C904C904C904C904C904C904C904C90405
:10237000C904C904C904C904C904C904C904C904F5
:10238000C904C904C904C904C904C904C904C904E5
:10239000C904C904C904C904C904C904C904C904D5
:1023A000C904C904C904C904C904C904C904C904C5
:1023B000C904C904C904C904C904C904C904C904B5
:1023C000C904C904C904C904C904C904C904C904A5
:1023D000C904C904C904C904C904C904C904C90495
:1023E000C904C904C904C904C904C904C904C90485
:1023F000C904C904C904C904C904C904C904C90475
:10240000C904C904C904C904C904C904C904C90464
:10241000C904C904C904C904C904C904C904C90454
:10242000C904C904C904C904C904C904C904C90444
:10243000C904C904C904C904C904C904C904C90434
:10244000C904C904C904C904C904C904C904C90424
:10245000C904C904C904C904C904C904C904C90414
:10246000C904C904C904C904C904C904C904C90404
:10247000C904C904C904C904C904C904C904C904F4
:10248000C904C904C904C904C904C904C904C904E4
:10249000C904C904C904C904C904C904C904C904D4
:1024A000C904C904C904C904C904C904C904C904C4
:1024B000C904C904C904C904C904C904C904C904B4
:1024C000C904C904C904C904C904C904C904C904A4
:1024D000C904C904C904C904C904C904C904C90494
:1024E000C904C904C904C904C904C904C904C90484
:1024F000C904C904C904C904C904C904C904C90474
:10250000C904C904C904C904C904C904C904C90463
:10251000C904C904C904C904C904C904C904C90453
:10252000C904C904C904C904C904C904C904C90443
:10253000C904C904C904C904C904C904C904C90433
:10254000C904C904C904C904C904C904C904C90423
:10255000C904C904C904C904C904C904C904C90413
:10256000C904C904C904C904C904C904C904C90403
:10257000C904C904C904C904C904C904C904C904F3
:10258000C904C904C904C904C904C904C904C904E3
:10259000C904C904C904C904C904C904C904C904D3
:1025A000C904C904C904C904C904C904C904C904C3
:1025B000C904C904C904C904C904C904C904C904B3
:1025C000C904C904C904C904C904C904C904C904A3
:1025D000C904C904C904C904C904C904C904C90493
:1025E000C904C904C904C904C904C904C904C90483
:1025F000C904C904C904C904C904C904C904C90473
:10260000C904C904C904C904C904C904C904C90462
:10261000C904C904C904C904C904C904C904C90452
:10262000C904C904C904C904C904C904C904C90442
:10263000C904C904C904C904C904C904C904C90432
:10264000C904C904C904C904C904C904C904C90422
:10265000C904C904C904C904C904C904C904C90412
:10266000C904C904C904C904C904C904C904C90402
:10267000C904C904C904C904C904C904C904C904F2
:10268000C904C904C904C904C904C904C904C904E2
:10269000C904C904C904C904C904C904C904C904D2
:1026A000C904C904C904C904E904C904C904C904A2
:1026B000C904C904C904C904C904C904C904C904B2
:1026C000C904C904C904C904C904C904C904C904A2
:1026D000C904C904C904C904C904C904C904C90492
:1026E000C904C904C904C904C904C904C904C90482
:1026F000C904C904C904C904C904C904C904C90472
:10270000C904C904C904C904C904C904C904C90461
:10271000C904C904C904C904C904C904C904C90451
:10272000C904C904C904C904C904C904C904C90441
:10273000C904C904C904C904C904C904C904C90431
:10274000C904C904C904C904C904C904C904C90421
:10275000C904C904C904C904C904C904C904C90411
:10276000C904C904C904C904C904C904C904C90401
:10277000C904C904C904C904C904C904C904C904F1
:10278000C904C904C904C904C904C904C904C904E1
:10279000C904C904C904C904C904C904C904C904D1
:1027A000C904C904C904C904C904C904C904C904C1
:1027B000C904C904C904C904C904C904C904C904B1
:1027C000C904C904C904C904C904C904C904C904A1
:1027D000C904C904C904C904C904C904C904C90491
:1027E000C904C904C904C904C904C904C904C90481
:1027F000C904C904C904C904C904C904C904C90471
:10280000C904C904C904C904C904C904C904C90460
:10281000C904C904C904C904C904C904C904C90450
:10282000C904C904C904C904C904C904C904C90440
:10283000C904C904C9042C1D0A15C904C904C90462
:10284000C904C904C904C904C904C904C904C90420
:10285000C904C904C904C904C904C904C904C90410
:10286000C904C904C904C904C904C904C904C90400
:10287000C904C904C904C904C904C904C904C904F0
:10288000C904C904C904C904C904C904C904C904E0
:10289000C904C904C904C904C904C904C904C904D0
:1028A000C904C904C904C904C904C904C904C904C0
:1028B000C904C904C904C904C904C904C904C904B0
:1028C000C904C904C904C904C904C904C904C904A0
:1028D000C904C904C904C904C904C904C904C90490
:1028E000C904C904C904C904C904C904C904C90480
:1028F000C904C904C904C904C904C904C904C90470
:10290000C904C904C904C904C904C904C904C9045F
:10291000C904C904C904C904C904C904C904C9044F
:10292000C904C904C904C904C904C904C904C9043F
:10293000C904C904C904C904C904C904C904C9042F
:10294000C904C904C904C904C904C904C904C9041F
:10295000C904C904C904C904C904C904C904C9040F
:10296000C904C904C904C904C904C904C904C904FF
:10297000C904C904C904C904C904C904C904C904EF
:10298000C904C904C904C904C904C904C904C904DF
:10299000C904C904C904C904C904C904C904C904CF
:1029A000C904C904C904C904C904C904C904C904BF
:1029B000C904C904C904C904C904C904C904C904AF
:1029C000C904C904C9046D350B15C904C904C90477
:1029D000C904C904C904C904C904C904C904C9048F
:1029E000C904C904C904C904C904C904C904C9047F
:1029F000C904C904C904C904C904C904C904C9046F
:102A0000C904C904C904C904C904C904C904C9045E
:102A1000C904C904C904C904C904C904C904C9044E
:102A2000C904C904C904C904C904C904C904C9043E
:102A3000C904C904C904C904C904C904C904C9042E
:102A4000C904C904C904C904C904C904C904C9041E
:102A5000C904C904C904C904C904C904C904C9040E
:102A6000C904C904C904C904C904C904C904C904FE
:102A7000C904C904C904C904C904C904C904C904EE
:102A8000C904C904C904C904C904C904C904C904DE
:102A9000C904C904C904C904C904C904C904C904CE
:102AA000C904C904C904C904C904C904C904C904BE
:102AB000C904C904C904C904C904C904C904C904AE
:102AC000C904C904C904C904C904C904C904C9049E
:102AD000C904C904C904C904C904C904C904C9048E
:102AE000C904C904C904C904C904C904C904C9047E
:102AF000C904C904C904C904C904C904C904C9046E
:102B0000C904C904C904C904C904C904C904C9045D
:102B1000C904C904C904C904C904C904C904C9044D
:102B2000C904C904C904C904C904C904C904C9043D
:102B3000C904C904C904C904C904C904C904C9042D
:102B4000C904C904C904C904C904C904C904C9041D
:102B5000C904C904C9044D2DEA0CC904C904C90437
:102B6000C904C904C904C904C904C904C904C904FD
:102B7000C904C904C904C904C904C904C904C904ED
:102B8000C904C904C904C904C904C904C904C904DD
:102B9000C904C904C904C904C904C904C904C904CD
:102BA000C904C904C904C904C904C904C904C904BD
:102BB000C904C904C904C904C904C904C904C904AD
:102BC000C904C904C904C904C904C904C904C9049D
:102BD000C904C904C904C904C904C904C904C9048D
:102BE000C904C904C904C904C904C904C904C9047D
:102BF000C904C904C904C904C904C904C904C9046D
:102C0000C904C904C904C904C904C904C904C9045C
:102C1000C904C904C904C904C904C904C904C9044C
:102C2000C904C904C904C904C904C904C904C9043C
:102C3000C904C904C904C904C904C904C904C9042C
:102C4000C904C904C904C904C904C904C904C9041C
:102C5000C904C904C904C904C904C904C904C9040C
:102C6000C904C904C904C904C904C904C904C904FC
:102C7000C904C904C904C904C904C904C904C904EC
:102C8000C904C904C904C904C904C904C904C904DC
:102C9000C904C904C904C904C904C904C904C904CC
:102CA000C904C904C904C904C904C904C904C904BC
:102CB000C904C904C904C904C904C904C904C904AC
:102CC000C904C904C904C904C904C904C904C9049C
:102CD000C904C904C904C904C904C904C904C9048C
:102CE000C904C904C9040B15E904C904C904C90409
:102CF000C904C904C904C904C904C904C904C9046C
:102D0000C904C904C904C904C904C904C904C9045B
:102D1000C904C904C904C904C904C904C904C9044B
:102D2000C904C904C904C904C904C904C904C9043B
:102D3000C904C904C904C904C904C904C904C9042B
:102D4000C904C904C904C904C904C904C904C9041B
:102D5000C904C904C904C904C904C904C904C9040B
:102D6000C904C904C904C904C904C904C904C904FB
:102D7000C904C904C904C904C904C904C904C904EB
:102D8000C904C904C904C904C904C904C904C904DB
:102D9000C904C904C904C904C904C904C904C904CB
:102DA000C904C904C904C904C904C904C904C904BB
:102DB000C904C904C904C904C904C904C904C904AB
:102DC000C904C904C904C904C904C904C904C9049B
:102DD000C904C904C904C904C904C904C904C9048B
:102DE000C904C904C904C904C904C904C904C9047B
:102DF000C904C904C904C904C904C904C904C9046B
:102E0000C904C904C904C904C904C904C904C9045A
:102E1000C904C904C904C904C904C904C904C9044A
:102E2000C904C904C904C904C904C904C904C9043A
:102E3000C904C904C904C904C904C904C904C9042A
:102E4000C904C904C904C904C904C904C904C9041A
:102E5000C904C904C904C904C904C904C904C9040A
:102E6000C904C904C904C904C904C904C904C904FA
:102E7000C904C904C904EA04C904C904C904C904C9
:102E8000C904C904C904C904C904C904C904C904DA
:102E9000C904C904C904C904C904C904C904C904CA
:102EA000C904C904C904E904E904E904E904C9043A
:102EB000C904C904C904C904C904C904C904C904AA
:102EC000C904C904C904C904C904C904C904C9049A
:102ED000C904E904E904E904E904C904C904C9040A
:102EE000C904C904C904C904C904C904C904C9047A
:102EF000C904C904C904C904C904C904C904C9046A
:102F0000C904C904C904C904C904C904C904C90459
:102F1000C904C904C904C904C904C904C904C90449
:102F2000C904C904C904C904C904C904C904C90439
:102F3000C904C904C904C904C904C904C904C90429
:102F4000C904C904C904C904C904C904C904C90419
:102F5000C904C904C904C904C904C904C904C90409
:102F6000C904C904C904C904C904C904C904C904F9
:102F7000C904C904C904C904C904C904C904C904E9
:102F8000C904C904C904C904C904C904C904C904D9
:102F9000C904C904C904C904C904C904C904C904C9
:102FA000C904C904C904C904C904C904C904C904B9
:102FB000C904C904C904C904C904C904C904C904A9
:102FC000C904C904C904C904C904C904C904C90499
:102FD000C904C904C904C904C904C904C904C90489
:102FE000C904C904C904C904C904C904C904C90479
:102FF000C904C904C904C904C904C904C904C90469
:10300000C904C904C904C904C904C904C904C90458
:10301000C904C904C904C904C904C904C904C90448
:10302000C904C904C904C904C904C904C904C90438
:10303000C904C904A804A804A804A804A804A804EE
:10304000C904C904C904C904C904C904C904C90418
:10305000C904C904C904C904C904C904C904C90408
:10306000C904A804A804A804A804A804C904C9049D
:10307000C904C904C904C904C904C904C904C904E8
:10308000C904C904C904C904C904C904C904C904D8
:10309000C904C904C904C904C904C904C904C904C8
:1030A000C904C904C904C904C904C904C904C904B8
:1030B000C904C904C904C904C904C904C904C904A8
:1030C000C904C904C904C904C904C904C904C90498
:1030D000C904C904C904C904C904C904C904C90488
:1030E000C904C904C904C904C904C904C904C90478
:1030F000C904C904C904C904C904C904C904C90468
:10310000C904C904C904C904C904C904C904C90457
:10311000C904C904C904C904C904C904C904C90447
:10312000C904C904C904C904C904C904C904C90437
:10313000C904C904C904C904C904C904C904C90427
:10314000C904C904C904C904C904C904C904C90417
:10315000C904C904C904C904C904C904C904C90407
:10316000C904C904C904C904C904C904C904C904F7
:10317000C904C904C904C904C904C904C904C904E7
:10318000C904C904C904C904C904C904C904C904D7
:10319000C904C904C904C904C904C904C904C904C7
:1031A000C904C904C904C904C904C904C904C904B7
:1031B000C904C904C904C904C904C904C904C904A7
:1031C000C904C804D0555376337633765476AF4568
:1031D000A804C904C904C904C904C904C904C904A8
:1031E000C904C904C904C904C904C904C904C90477
:1031F000EA0C336E5376337653761166C904C904EC
:10320000C904C904C904C904C904C904C904C90456
:10321000C904C904C904C904C904C904C904C90446
:10322000C904C904C904C904C904C904C904C90436
:10323000C904C904C904C904C904C904C904C90426
:10324000C904C904C904C904C904C904C904C90416
:10325000C904C904C904C904C904C904C904C90406
:10326000C904C904C904C904C904C904C904C904F6
:10327000C904C904C904C904C904C904C904C904E6
:10328000C904C904C904C904C904C904C904C904D6
:10329000C904C904C904C904C904C904C904C904C6
:1032A000C904C904C904C904C904C904C904C904B6
:1032B000C904C904C904C904C904C904C904C904A6
:1032C000C904C904C904C904C904C904C904C90496
:1032D000C904C904C904C904C904C904C904C90486
:1032E000C904C904C904C904C904C904C904C90476
:1032F000C904C904C904C904C904C904C904C90466
:10330000C904C904C904C904C904C904C904C90455
:10331000C904C904C904C904C904C904C904C90445
:10332000C904C904C904C904C904C904C904C90435
:10333000C904C904C904C904C904C904C904C90425
:10334000C904C904C904C904C904C904C904C90415
:10335000C904A804115EFFFFFFFFFFFFFFFF9DE709
:10336000EA0CC904C904C904C904C904C904C904CC
:10337000C904C904C904C904C904C904C904A80406
:10338000126EFFFFFFFFFFFFFFFF7586A804C90451
:10339000C904C904C904C904C904C904C904C904C5
:1033A000C904C904C904C904C904C904C904C904B5
:1033B000C904C904C904C904C904C904C904C904A5
:1033C000C904C904C904C904C904C904C904C90495
:1033D000C904C904C904C904C904C904C904C90485
:1033E000C904C904C904C904C904C904C904C90475
:1033F000C904C904C904C904C904C904C904C90465
:10340000C904C904C904C904C904C904C904C90454
:10341000C904C904C904C904C904C904C904C90444
:10342000C904C904C904C904C904C904C904C90434
:10343000C904C904C904C904C904C904C904C90424
:10344000C904C904C904C904C904C904C904C90414
:10345000C904C904C904C904C904C904C904C90404
:10346000C904C904C904C904C904C904C904C904F4
:10347000C904C904C904C904C904C904C904C904E4
:10348000C904C904C904C904C904C904C904C904D4
:10349000C904C904C904C904C904C904C904C904C4
:1034A000C904C904C904C904C904C904C904C904B4
:1034B000C904C904C904C904C904C904C904C904A4
:1034C000C904C904C904C904C904C904C904C90494
:1034D000C904C904C904C904C904C904C904C90484
:1034E000C904C904C9043AC7FFFFDFF7DFF7FFFFCC
:1034F000336EA804E904C904C904C904C904C90491
:10350000C904C904C904C904C904C904C904EA0C2A
:103510009CDFFFFFDFF7FFFF9CDFEA0CC904C90453
:10352000C904C904C904C904C904C904C904C90433
:10353000C904C904C904C904C904C904C904C90423
:10354000C904C904C904C904C904C904C904C90413
:10355000C904C904C904C904C904C904C904C90403
:10356000C904C904C904C904C904C904C904C904F3
:10357000C904C904C904C904C904C904C904C904E3
:10358000C904C904C904C904C904C904C904C904D3
:10359000C904C904C904C904C904C904C904C904C3
:1035A000C904C904C904C904C904C904C904C904B3
:1035B000C904C904C904C904C904C904C904C904A3
:1035C000C904C904C904C904C904C904C904C90493
:1035D000C904C904C904C904C904C904C904C90483
:1035E000C904C904C904C904C904C904C904C90473
:1035F000C904C904C904C904C904C904C904C90463
:10360000C904C904C904C904C904C904C904C90452
:10361000C904C904C904C904C904C904C904C90442
:10362000C904C904C904C904C904C904C904C90432
:10363000C904C904C904C904C904C904C904C90422
:10364000C904C904C904C904C904C904C904C90412
:10365000C904C904C904C904C904C904C904C90402
:10366000C904C904C904C904C904C904C904C904F2
:10367000C904C904A804D04DFFFFFFFFFFFFFFFFEF
:103680009CDFEA0CC904C904C904C904C904C904FB
:10369000C904C904C904C904C904C9048704336E30
:1036A000FFFFFFFFFFFFFFFF336E8704C904C9045C
:1036B000C904C904C904C904C904C904C904C904A2
:1036C000C904C904C904C904C904C904C904C90492
:1036D000C904C904C904C904C904C904C904C90482
:1036E000C904C904C904C904C904C904C904C90472
:1036F000C904C904C904C904C904C904C904C90462
:10370000C904C904C904C904C904C904C904C90451
:10371000C904C904C904C904C904C904C904C90441
:10372000C904C904C904C904C904C904C904C90431
:10373000C904C904C904C904C904C904C904C90421
:10374000C904C904C904C904C904C904C904C90411
:10375000C904C904C904C904C904C904C904C90401
:10376000C904C904C904C904C904C904C904C904F1
:10377000C904C904C904C904C904C904C904C904E1
:10378000C904C904C904C904C904C904C904C904D1
:10379000C904C904C904C904C904C904C904C904C1
:1037A000C904C904C904C904C904C904C904C904B1
:1037B000C904C904C904C904C904C904C904C904A1
:1037C000C904C904C904C904C904C904C904C90491
:1037D000C904C904C904C904C904C904C904C90481
:1037E000C904C904C904C904C904C904C904C90471
:1037F000C904C904C904C904C904C904C904C90461
:10380000C904C904C904C9043AC7FFFFFFFFFFFF89
:10381000FFFF12668804E904C904C904C904C90485
:10382000C904C904C904C904C904C904EA0C9DE750
:10383000FFFFDFFFFFFF7CDFEA0CC904C904C904F6
:10384000C904C904C904C904C904C904C904C90410
:10385000C904C904C904C904C904C904C904C90400
:10386000C904C904C904C904C904C904C904C904F0
:10387000C904C904C904C904C904C904C904C904E0
:10388000C904C904C904C904C904C904C904C904D0
:10389000C904C904C904C904C904C904C904C904C0
:1038A000C904C904C904C904C904C904C904C904B0
:1038B000C904C904C904C904C904C904C904C904A0
:1038C000C904C904C904C904C904C904C904C90490
:1038D000C904C904C904C904C904C904C904C90480
:1038E000C904C904C904C904C904C904C904C90470
:1038F000C904C904C904C904C904C904C904C90460
:10390000C904C904C904C904C904C904C904C9044F
:10391000C904C904C904C904C904C904C904C9043F
:10392000C904C904C904C904C904C904C904C9042F
:10393000C904C904C904C904C904C904C904C9041F
:10394000C904C904C904C904C904C904C904C9040F
:10395000C904C904C904C904C904C904C904C904FF
:10396000C904C904C904C904C904C904C904C904EF
:10397000C904C904C904C904C904C904C904C904DF
:10398000C904C904C904C904C904C904C904C904CF
:10399000C904C904C904A804D04DFFFFFFFFFFFFFD
:1039A000FFFF7CD7E90CC904C904C904C904C904D0
:1039B000C904C904C904C904C904A7045376FFFF94
:1039C000FFFFFFFFFFFF12668704C904C904C90493
:1039D000C904C904C904C904C904C904C904C9047F
:1039E000C904C904C904C904C904C904C904C9046F
:1039F000C904C904C904C904C904C904C904C9045F
:103A0000C904C904C904C904C904C904C904C9044E
:103A1000C904C904C904C904C904C904C904C9043E
:103A2000C904C904C904C904C904C904C904C9042E
:103A3000C904C904C904C904C904C904C904C9041E
:103A4000C904C904C904C904C904C904C904C9040E
:103A5000C904C904C904C904C904C904C904C904FE
:103A6000C904C904C904C904C904C904C904C904EE
:103A7000C904C904C904C904C904C904C904C904DE
:103A8000C904C904C904C904C904C904C904C904CE
:103A9000C904C904C904C904C904C904C904C904BE
:103AA000C904C904C904C904C904C904C904C904AE
:103AB000C904C904C904C904C904C904C904C9049E
:103AC000C904C904C904C904C904C904C904C9048E
:103AD000C904C904C904C904C904C904C904C9047E
:103AE000C904C904C904C904C904C904C904C9046E
:103AF000C904C904C904C904C904C904C904C9045E
:103B0000C904C904C904C904C904C904C904C9044D
:103B1000C904C904C904C904C904C904C904C9043D
:103B2000C904C904C904C904C9043AC7FFFFFFFF97
:103B3000FFFFFFFF1166A804E904C904C904C90412
:103B4000C904C904C904C904C9040A159DE7FFFFD3
:103B5000DFFFFFFF7BD7C904C904C904C904C90436
:103B6000C904C904C904C904C904C904C904C904ED
:103B7000C904C904C904C904C904C904C904C904DD
:103B8000C904C904C904C904C904C904C904C904CD
:103B9000C904C904C904C904C904C904C904C904BD
:103BA000C904C904C904C904C904C904C904C904AD
:103BB000C904C904C904C904C904C904C904C9049D
:103BC000C904C904C904C904C904C904C904C9048D
:103BD000C904C904C904C904C904C904C904C9047D
:103BE000C904C904C904C904C904C904C904C9046D
:103BF000C904C904C904C904C904C904C904C9045D
:103C0000C904C904C904C904C904C904C904C9044C
:103C1000C904C904C904C904C904C904C904C9043C
:103C2000C904C904C904C904C904C904C904C9042C
:103C3000C904C904C904C904C904C904C904C9041C
:103C4000C904C904C904C904C904C904C904C9040C
:103C5000C904C904C904C904C904C904C904C904FC
:103C6000C904C904C904C904C904C904C904C904EC
:103C7000C904C904C904C904C904C904C904C904DC
:103C8000C904C904C904C904C904C904C904C904CC
:103C9000C904C904C904C904C904C904C904C904BC
:103CA000C904C904C904C904C904C904C904C904AC
:103CB000C904C904C904C904A804AF45FFFFFFFF34
:103CC000FFFFFFFF7BD7E904C904C904C904C90485
:103CD000C904C904C904E904A704547EFFFFFFFF17
:103CE000FFFFFFFFF155A804C904C904C904C904B2
:103CF000C904C904C904C904C904C904C904C9045C
:103D0000C904C904C904C904C904C904C904C9044B
:103D1000C904C904C904C904C904C904C904C9043B
:103D2000C904C904C904C904C904C904C904C9042B
:103D3000C904C904C904C904C904C904C904C9041B
:103D4000C904C904C904C904C904C904C904C9040B
:103D5000C904C904C904C904C904C904C904C904FB
:103D6000C904C904C904C904C904C904C904C904EB
:103D7000C904C904C904C904C904C904C904C904DB
:103D8000C904C904C904C904C904C904C904C904CB
:103D9000C904C904C904C904C904C904C904C904BB
:103DA000C904C904C904C904C904C904C904C904AB
:103DB000C904C904C904C904C904C904C904C9049B
:103DC000C904C904C904C904C904C904C904C9048B
:103DD000C904C904C904C904C904C904C904C9047B
:103DE000C904C904C904C904C904C904C904C9046B
:103DF000C904C904C904C904C904C904C904C9045B
:103E0000C904C904C904C904C904C904C904C9044A
:103E1000C904C904C904C904C904C904C904C9043A
:103E2000C904C904C904C904C904C904C904C9042A
:103E3000C904C904C904C904C904C904C904C9041A
:103E4000C904C904C904C904C904C8043ABFFFFFAE
:103E5000FFFFFFFFFFFFF15DA804E904C904C904E7
:103E6000C904C904C904C9040B15BDE7FFFFDFFF7E
:103E7000FFFF5BCFC904C904C904C904C904C9044C
:103E8000C904C904C904C904C904C904C904E904AA
:103E9000E904C904C904C904C904C904C904E9047A
:103EA000E904C904C904C904C904C904C904C9048A
:103EB000C904C904C904C904C904C904C904C9049A
:103EC000C904E904E904E904E904C904C904C9040A
:103ED000C904C904C904C904C904C904C904C9047A
:103EE000C904C904E904E904E904E904C904C904EA
:103EF000C904C904C904C904C904C904C904C9045A
:103F0000C904E904E904E904E904C904C904C904C9
:103F1000C904C904E904C904C904C904C904C90419
:103F2000E904C904C904C904C904C904C904C90409
:103F3000C904C904C904C904C904C904C904C90419
:103F4000C904C904C904C904C904C904E904E904C9
:103F5000C904C904C904C904C904E904C904C904D9
:103F6000C904C904E904E904E904E904C904C90469
:103F7000C904C904C904C904C904C904C904C904D9
:103F8000C904C904C904C904C904C904C904C904C9
:103F9000C904C904C904C904C904C904C904C904B9
:103FA000C904C904C904C904C904C904C904C904A9
:103FB000C904C904C904C904C904C904C904C90499
:103FC000C904C904C904C904C904C904C904C90489
:103FD000C904C904C904C904C904A804AF45FFFF42
:103FE000FFFFFFFFFFFF5BCFC904C904C904C90479
:103FF000C904C904E9048804747EFFFFFFFFFFFFC2
:10400000FFFFD04DA804C904C904C904C904C904E8
:10401000C904C904C904C904C904E904C904A80439
:10402000A804A804C804C904C904A804A804A804CE
:10403000A804C904E904C904C904C904C904C90419
:10404000C904C904C904C904C904C904C904C90408
:10405000C804A704A804A804A804C904C904C9047E
:10406000C904C904C904C904C904C904C904C904E8
:10407000C904A804A704A804A804A804C904C9047E
:10408000C904C904C904C904C904C904C904C904C8
:10409000C904A804A804A804A804C904C904C9043C
:1040A000E904C804A804A804C804C904C904A804ED
:1040B000A804A804E904C904C904C904C904C904BA
:1040C000C904C904C904C904C904C904C904C90488
:1040D000C904C904C904C904E904C904A804A8049A
:1040E000A804C904C904C804A804A804C904E904AC
:1040F000C904C904A804A804A804A804C804C904DD
:10410000C904C904C904C904C904C904C904C90447
:10411000C904C904C904C904C904C904C904C90437
:10412000C904C904C904C904C904C904C904C90427
:10413000C904C904C904C904C904C904C904C90417
:10414000C904C904C904C904C904C904C904C90407
:10415000C904C904C904C904C904C904C904C904F7
:10416000C904C904C904C904C904C904C80419BFDD
:10417000FFFFFFFFFFFFFFFFF15DA804C904C904B3
:10418000C904C904C8040B15BDEFFFFFDFFFFFFF23
:104190003AC7C804C904C904C904C904C904C90484
:1041A000C904C904C904E904C804A8040B1DF155D5
:1041B000968E19BF7BD77CDF7CDF5BCFF8AE537662
:1041C0006E35C904A804C904C904C904C904C904D2
:1041D000C904C904C904C904C904C904C904C80478
:1041E0004C25F055D04DD04DAF4DE904C904C9045C
:1041F000C904C904C904C904C904C904C904C90457
:10420000C8044C25F055D04DD04DD04DEA04C9041A
:10421000C904C904C904C904C904C904C904C90436
:104220002B1DD055D04DD04DD04D0B15C904C90410
:10423000A8042B1D326EF8AE5BCF7CDF7CD719BF94
:10424000747E4D2DA804C904C904C904C904C90455
:10425000C904C904C904C904C904C904C904C904F6
:10426000C904C904C904C904A804EA0CD055B69607
:104270003ABF7CD77CDF5BCFF8AE12660B15A80483
:10428000C904EA0CD04DD04DD04DD0554C25C904B1
:10429000C904C904C904C904C904C904C904C904B6
:1042A000C904C904C904C904C904C904C904C904A6
:1042B000C904C904C904C904C904C904C904C90496
:1042C000C904C904C904C904C904C904C904C90486
:1042D000C904C904C904C904C904C904C904C90476
:1042E000C904C904C904C904C904C904C904C90466
:1042F000C904C904C904C904C904C904A804AF4550
:10430000FFFFFFFFFFFFFFFF5BCFC904C904C90424
:10431000C904E904A8047586FFFFFFFFFFFFFFFF44
:10432000AF45A804C904C904C904C904C904C9041F
:10433000C904C904C904A8042B25B696BDE7FFFF2C
:10434000FFFFFFFFFFFFFFFFFFFFFFFFFFFFFFFF7D
:10435000FFFF39BFAF45A804C904C904C904C90493
:10436000C904C904C904C904C904C904E904870407
:10437000547EFFFFFFFFFFFFDFF70A0DC904C904EA
:10438000C904C904C904C904C904C904C904E904A5
:1043900087047586FFFFFFFFFFFFFFFF2B15C80493
:1043A000C904C904C904C904C904C904E904A804A6
:1043B000D055FFFFFFFFFFFFFFFFAF45A704C90474
:1043C000547EBEEFFFFFFFFFFFFFFFFFFFFFFFFF7A
:1043D000FFFFDFF79696C90CC904C904C904C904D4
:1043E000C904C904C904C904C904C904C904C90465
:1043F000C904C904C904C80412669CDFFFFFFFFF9B
:10440000FFFFFFFFFFFFFFFFFFFFFFFFBDE712669C
:1044100087042C25FFFFFFFFFFFFFFFF5376A80453
:10442000E904C904C904C904C904C904C904C90404
:10443000C904C904C904C904C904C904C904C90414
:10444000C904C904C904C904C904C904C904C90404
:10445000C904C904C904C904C904C904C904C904F4
:10446000C904C904C904C904C904C904C904C904E4
:10447000C904C904C904C904C904C904C904C904D4
:10448000C904C904C904C904C904C904C904C804C5
:1044900019BFFFFFFFFFFFFFFFFFD055A804C904AE
:1044A000C904A8042B1DBEEFFFFFDFFFFFFF19B7F4
:1044B000A804C904C904C904C904C904C904C904B5
:1044C000C904C904A804F15DBEEFFFFFFFFFDFFFD1
:1044D000DFFFFFFFFFFFFFFFFFFFFFFFFFFFDFF734
:1044E000FFFFFFFFFFFF958EC904C904C904C9047B
:1044F000C904C904C904C904C904C904C904870496
:104500005376FFFFDEF7FFFFBEEFEA0CC904C904D4
:10451000C904C904C904C904C904C904C904C90433
:104520008704547EFFFFDEF7FFFFBEEF0B15C904C3
:10453000C904C904C904C904C904C904C904A80434
:10454000D055FFFFFFFFFFFFFFFF8E3DC80419B7E7
:10455000FFFFFFFFFFFFFFFFFFFFFFFFFFFFFFFF6B
:10456000FFFFFFFFFFFFF9AEC904C904C904C90476
:10457000C904C904C904C904C904C904C904C904D3
:10458000C904C804EA0CF8AEFFFFFFFFFFFFDFF726
:10459000FFFFFFFFFFFFFFFFFFFFDFF7FFFFFFFF53
:1045A000747E0B15DEF7FFFFDFF7FFFF336EA80405
:1045B000C904C904C904C904C904C904C904C90493
:1045C000C904C904C904C904C904C904C904C90483
:1045D000C904C904C904C904C904C904C904C90473
:1045E000C904C904C904C904C904C904C904C90463
:1045F000C904C904C904C904C904C904C904C90453
:10460000C904C904C904C904C904C904C904C90442
:10461000C904C904C904C904C904C904C904A80453
:10462000AF3DFFFFFFFFFFFFFFFF5AC7C904C904EB
:10463000E904A704958EFFFFFFFFFFFFFFFF8E3DFC
:10464000A804C904C904C904C904C904C904C90423
:10465000C904A8045376FFFFFFFFDFFFFFFFFFFF42
:10466000FFFFDEF77BD75AC75BCFBEEFFFFFFFFF31
:10467000FFFFFFFFFFFFFFFFD8A6C904C904C9045D
:10468000C904C904C904C904C904C904E9048704E4
:104690005376FFFFDFF7FFFFBEEF0A0DC904C90421
:1046A000C904C904C904C904C904C904C904E90482
:1046B0008704547EFFFFDFF7FFFFBEEF0B15C90431
:1046C000C904C904C904C904C904C904E904A80483
:1046D000D055FFFFFFFFFFFFFFFF6E35D7A6FFFF9F
:1046E000FFFFFFFFBDE75BCF5BCFBDE7FFFFFFFF36
:1046F000FFFFFFFFDFF7FFFF7486A804C904C904AA
:10470000C904C904C904C904C904C904C904C90441
:10471000C904E90C3ABFFFFFDFFFFFFFFFFFFFFF08
:10472000FFFF9DE75BCF5BCF9DE7FFFFFFFFDFFF55
:10473000FFFF958EBDE7FFFFDFFFFFFF336EA8048D
:10474000E904C904C904C904C904C904C904C904E1
:10475000C904C904C904C904C904C904C904C904F1
:10476000C904C904C904C904C904C904C904C904E1
:10477000C904C904C904C904C904C904C904C904D1
:10478000C904C904C904C904C904C904C904C904C1
:10479000C904C904C904C904C904C904C904C904B1
:1047A000C904C904C904C904C904C904C904C904A1
:1047B000C80419B7FFFFFFFFFFFFFFFFD04DA8049C
:1047C000C9042B1DBEEFFFFFDFFFFFFFF8AEA804FB
:1047D000C904C904C904C904C904C904C904C90471
:1047E000A8041266FFFFFFFFFFFFFFFFFFFF5AC78E
:1047F000F15D2B1DEA04C904EA040B1DAF4D19B786
:10480000FFFFFFFFFFFFDFFFFFFF7586A804C9045E
:10481000C904C904C904C904C904C904E904870452
:104820005376FFFFDFF7FFFFBEEF0A0DC904C9048F
:10483000C904C904C904C904C904C904C904E904F0
:104840008704747EFFFFDFFFFFFFDEF72B15C9042F
:10485000C904C904C904C904C904C904E904A804F1
:10486000D055FFFFFFFFFFFFDEF7F9B6FFFFFFFFA9
:104870005BC7D0550B15E904E9040A15D0559CDF38
:10488000FFFFFFFFFFFFFFFFDEF72C25A804C90491
:10489000C904C904C904C904C904C904C904C904B0
:1048A000A804D79EFFFFDFFFFFFFFFFFFFFFD7A694
:1048B0008E3D0A15E904E9040A15AF4D3ABFFFFF22
:1048C000FFFFFFFFFFFFFFFFFFFFFFFF336EA804A7
:1048D000E904C904C904C904C904C904C904C90450
:1048E000C904C904C904C904C904C904C904C90460
:1048F000C904C904C904C904C904C904C904C90450
:10490000C904C904C904C904C904C904C904C9043F
:10491000C904C904C904C904C904C904C904C9042F
:10492000C904C904C904C904C904C904C904C9041F
:10493000C904C904C904C904C904C904C904C9040F
:10494000A8048E3DFFFFFFFFDFFFFFFF3AC7C9044A
:10495000A804968EFFFFFFFFFFFFFFFF6D35A80441
:10496000C904C904C904C904C904C904C904A80400
:104970004C25DEF7FFFFFFFFFFFFFFFF747EC9043A
:10498000A804C804C904C904C904C804A804A80424
:104990001266FFFFFFFFFFFFFFFFFFFF8E3DA80432
:1049A000C904C904C904C904C904C904E9048704C1
:1049B0005376FFFFDFF7FFFFBEEF0A0DC904C904FE
:1049C000C904C904C904C904C904C904C904E9045F
:1049D0008704747EFFFFDFFFFFFFDEF72B15C9049E
:1049E000C904C904C904C904C904C904E904A80460
:1049F000D055FFFFFFFFFFFFFFFFFFFFFFFFD79E29
:104A0000C904A804C904C904C904C90487040B1D46
:104A10009CDFFFFFFFFFDFFFFFFF53768804C90421
:104A2000C904C904C904C904C904C904C904A8043F
:104A3000D04DFFFFFFFFFFFFFFFFDFF7D0558704DB
:104A4000A804C904C904C904C904A804A804748634
:104A5000FFFFFFFFFFFFFFFFFFFFFFFF336EA80415
:104A6000E904C904C904C904C904C904C904C904BE
:104A7000C904C904C904C904C904C904C904C904CE
:104A8000C904C904C904C904C904C904C904C904BE
:104A9000C904C904C904C904C904C904C904C904AE
:104AA000C904C904C904C904C904C904C904C9049E
:104AB000C904C904C904C904C904C904C904C9048E
:104AC000C904C904C904C904C904C904C904C9047E
:104AD000C904A80419B7FFFFFFFFFFFFFFFF8E3DCA
:104AE0000B15DEF7FFFFDFFFFFFFD7A6A804C90401
:104AF000C904C904C904C904C904C904C904A8046F
:104B0000F8AEFFFFFFFFFFFFFFFF75868704C904B4
:104B1000E904C904C904C904C904C904E904C904ED
:104B20008704336EFFFFFFFFDFFFFFFF19B7A80405
:104B3000C904C904C904C904C904C904E90487042F
:104B40005376FFFFDFF7FFFFBEEF0A0DC904C9046C
:104B5000C904C904C904C904C904C904C904E904CD
:104B60008704747EFFFFDFFFFFFFDEF72B15C9040C
:104B7000C904C904C904C904C904C904E904A804CE
:104B8000D055FFFFFFFFFFFFFFFFFFFF19BFC80466
:104B9000C904E904C904C904C904C904EA048704AE
:104BA000AF4DFFFFFFFFFFFFFFFF3ABFC804C9047F
:104BB000C904C904C904C904C904C904C904C9048D
:104BC0005AC7FFFFFFFFFFFFFFFFF15D8704E90406
:104BD000E904C904C904C904C904E904C90487046F
:104BE000968EFFFFFFFFFFFFFFFFFFFF336EA8045E
:104BF000E904C904C904C904C904C904C904C9042D
:104C0000C904C904C904C904C904C904C904C9043C
:104C1000C904C904C904C904C904C904C904C9042C
:104C2000C904C904C904C904C904C904C904C9041C
:104C3000C904C904C904C904C904C904C904C9040C
:104C4000C904C904C904C904C904C904C904C904FC
:104C5000C904C904C904C904C904C904C904C904EC
:104C6000C904A8048E3DFFFFFFFFFFFFFFFF9696DC
:104C70005376FFFFDFFFFFFFDFF74D2DA804C904C8
:104C8000C904C904C904C904C904C904A8046D2D10
:104C9000DFFFFFFFFFFFFFFF3AC7C904C904C904D4
:104CA000C904C904C904C904C904C904C904C9049C
:104CB000C904C8043AC7FFFFDFFFFFFFFFFF4D2D08
:104CC000A804C904C904C904C904C904E9048704BF
:104CD0005376FFFFDFF7FFFFBEEF0A0DC904C904DB
:104CE000C904C904C904C904C904C904C904E9043C
:104CF0008704747EFFFFDFFFFFFFDEF72B15C9047B
:104D0000C904C904C904C904C904C904E904A8043C
:104D1000D055FFFFFFFFFFFFFFFFDFF74D2DA8047A
:104D2000E904C904C904C904C904C904C904C904FB
:104D3000C9047BD7FFFFFFFFFFFFBDE7EA0CC904F3
:104D4000C904C904C904C904C904C904A804AF3DFD
:104D5000FFFFFFFFFFFFFFFFF8AEA804E904C9044F
:104D6000C904C904C904C904C904C904C904C904DB
:104D7000E90C7CDFFFFFFFFFFFFFFFFF336EA8049E
:104D8000E904C904C904C904C904C904C904C9049B
:104D9000C904C904C904C904C904C904C904C904AB
:104DA000C904C904C904C904C904C904C904C9049B
:104DB000C904C904C904C904C904C904C904C9048B
:104DC000C904C904C904C904C904C904C904C9047B
:104DD000C904C904C904C904C904C904C904C9046B
:104DE000C904C904C904C904C904C904C904C9045B
:104DF000C904C904A80419B7FFFFDFFFFFFFBDE71F
:104E0000BEEFFFFFFFFFFFFFB696A804E904C90449
:104E1000C904C904C904C904C904C904A804747E26
:104E2000FFFFDFFFFFFFFFFFAF4DA804E904C90448
:104E3000C904C904C904C904C904C904C904C9040A
:104E4000C904A804D055FFFFFFFFDFFFFFFF537623
:104E50008704C904C904C904C904C904E90487044E
:104E60005376FFFFDFF7FFFFBEEF0A0DC904C90449
:104E7000C904C904C904C904C904C904C904E904AA
:104E80008704747EFFFFDFFFFFFFDEF72B15C904E9
:104E9000C904C904C904C904C904C904E904A804AB
:104EA000D055FFFFFFFFFFFFFFFFF8AEA804C904C6
:104EB000C904C904C904C904C904C904C904C9048A
:104EC000A704B696FFFFDFFFFFFFDEF74C25A8041F
:104ED000C904C904C904C904C904E904A704B696ED
:104EE000FFFFFFFFFFFFFFFF8E35A804C904C904C1
:104EF000C904C904C904C904C904C904C904E9042A
:104F00008704547EFFFFFFFFFFFFFFFF336EA804FF
:104F1000E904C904C904C904C904C904C904C90409
:104F2000C904C904C904C904C904C904C904C90419
:104F3000C904C904C904C904C904C904C904C90409
:104F4000C904C904C904C904C904C904C904C904F9
:104F5000C904C904C904C904C904C904C904C904E9
:104F6000C904C904C904C904C904C904C904C904D9
:104F7000C904C904C904C904C904C904C904C904C9
:104F8000C904C904A8048E3DFFFFFFFFFFFFFFFF18
:104F9000FFFFFFFFFFFFDEF72C25A804C904C904AB
:104FA000C904C904C904C904C904C904C8043AC766
:104FB000FFFFFFFFFFFF9CDFEA0CC904C904C9041F
:104FC000C904C904C904C904C904C904C904C90479
:104FD000C904C9040B15BEEFFFFFDFF7FFFFF8AEF2
:104FE000A804C904C904C904C904C904E90487049C
:104FF0005376FFFFDFF7FFFFBEEF0A0DC904C904B8
:10500000C904C904C904C904C904C904C904E90418
:105010008704747EFFFFDFFFFFFFDEF72B15C90457
:10502000C904C904C904C904C904C904E904A80419
:10503000D055FFFFFFFFFFFFFFFF326E8704E9043B
:10504000C904C904C904C904C904C904C904E904D8
:10505000A804326EFFFFDFFFFFFFFFFF8E35A804BD
:10506000C904C904C904C904C904C904E9045BCF5B
:10507000FFFFDFFFFFFF5BCFC904C904C904C904F8
:10508000C904C904C904C904C904C904C904C904B8
:10509000A8046E35FFFFFFFFFFFFFFFF336EA8047C
:1050A000E904C904C904C904C904C904C904C90478
:1050B000C904C904C904C904C904C904C904C90488
:1050C000C904C904C904C904C904C904C904C90478
:1050D000C904C904C904C904C904C904C904C90468
:1050E000C904C904C904C904C904C904C904C90458
:1050F000C904C904C904C904C904C904C904C90448
:10510000C904C904C904C904C904C904C904C90437
:10511000C904C904C904A804F8AEFFFFFFFFFFFFDC
:10512000FFFFFFFFFFFF958EA804C904C904C9044F
:10513000C904C904C904C904C904C9040A0D9DE706
:10514000FFFFDFFFFFFFD7A6A804C904C904C904F5
:10515000C904C904C904C904C904C904C904C904E7
:10516000C904C904C9043AC7FFFFDFFFFFFF5BCFD3
:10517000E904C904C904C904C904C904E9048704C9
:105180005376FFFFDFF7FFFFBEEF0A0DC904C90426
:10519000C904C904C904C904C904C904C904E90487
:1051A0008704747EFFFFDFFFFFFFDEF72B15C904C6
:1051B000C904C904C904C904C904C904E904A80488
:1051C000D055FFFFFFFFFFFFFFFFB04DA804C9044C
:1051D000C904C904C904C904C904C904C904C90467
:1051E000A804F055FFFFFFFFFFFFFFFF8E3DA8045F
:1051F000C904C904C904C904C904A8042B1DDEF7E5
:10520000FFFFFFFFFFFFB696A804C904C904C90445
:10521000C904C904C904C904C904C904C904C90426
:10522000A8044C25FFFFFFFFFFFFFFFF336EA8041C
:10523000E904C904C904C904C904C904C904C904E6
:10524000C904C904C904C904C904C904C904C904F6
:10525000C904C904C904C904C904C904C904C904E6
:10526000C904C904C904C904C904C904C904C904D6
:10527000C904C904C904C904C904C904C904C904C6
:10528000C904C904C904C904C904C904C904C904B6
:10529000C904C904C904C904C904C904C904C904A6
:1052A000C904C904C904A8048E35FFFFFFFFFFFF2E
:1052B000FFFFFFFFBEEF2B1DC804C904C904C904CA
:1052C000C904C904C904C904C904A8044D2DDEF7E2
:1052D000FFFFDFFFFFFF747E8704E904C904C904F0
:1052E000C904C904C904C904C904C904C904C90456
:1052F000C904C904A804D79EFFFFDFFFFFFFBDE775
:105300000A0DC804C904C904C904C904E90487040E
:105310005376FFFFDFF7FFFFBEEF0A0DC904C90494
:10532000C904C904C904C904C904C904C904E904F5
:105330008704747EFFFFDFFFFFFFDEF72B15C90434
:10534000C904C904C904C904C904C904E904A804F6
:10535000D055FFFFFFFFFFFFFFFF8F3DA804E904CB
:10536000C904C904C904C904C904C904C904E904B5
:10537000A804D04DFFFFFFFFFFFFFFFF8E3DA804F5
:10538000C904C904C904C904C904A8046D35FFFFD0
:10539000FFFFFFFFFFFF12668704E904C904C90489
:1053A000C904C904C904C904C904C904C904C90495
:1053B000A8042C25DEF7FFFFFFFFFFFF336EA804D4
:1053C000E904C904C904C904C904C904C904C90455
:1053D000C904C904C904C904C904C904C904C90465
:1053E000C904C904C904C904C904C904C904C90455
:1053F000C904C904C904C904C904C904C904C90445
:10540000C904C904C904C904C904C904C904C90434
:10541000C904C904C904C904C904C904C904C90424
:10542000C904C904C904C904C904C904C904C90414
:10543000C904C904C904C904A804F8A6FFFFFFFFF2
:10544000FFFFFFFF7486A804E904C904C904C90466
:10545000C904C904C904C904C904A8048E3DFFFFD6
:10546000FFFFFFFFFFFF1266A804C904C904C904B7
:10547000C904C904C904C904C904C904C904C904C4
:10548000C904C904A804958EFFFFDFFFFFFFDEF704
:105490000B15A804C904C904C904C904E904870494
:1054A0005376FFFFDFF7FFFFBEEF0A0DC904C90403
:1054B000C904C904C904C904C904C904C904E90464
:1054C0008704747EFFFFDFFFFFFFDEF72B15C904A3
:1054D000C904C904C904C904C904C904E904A80465
:1054E000D055FFFFFFFFFFFFFFFF8E3DA804E9043B
:1054F000C904C904C904C904C904C904C904E90424
:10550000A804B04DFFFFFFFFFFFFFFFF8E3DA80483
:10551000C904C904C904C904E904A804AF4DFFFFC4
:10552000FFFFDFFFFFFFD0558704C904C904C9048A
:10553000C904C904C904C904C904C904C904C90403
:10554000A8042C25DEF7FFFFFFFFFFFF336EA80442
:10555000E904C904C904C904C904C904C904C904C3
:10556000C904C904C904C904C904C904C904C904D3
:10557000C904C904C904C904C904C904C904C904C3
:10558000C904C904C904C904C904C904C904C904B3
:10559000C904C904C904C904C904C904C904C904A3
:1055A000C904C904C904C904C904C904C904C90493
:1055B000C904C904C904C904C904C904C904C90483
:1055C000C904C904C904E904A704F15DFFFFDFFFB2
:1055D000FFFFFFFF8F3DA804C904C904C904C90423
:1055E000C904C904C904C904E904A804AF45FFFFFC
:1055F000FFFFDFFFFFFF1166A804E904C904C90427
:10560000C904C904C904C904C904C904C904C90432
:10561000C904C904A8049586FFFFDFFFFFFFDEF77A
:105620000B15C804C904C904C904C904E9048704E2
:105630005376FFFFDFF7FFFFBEEF0A0DC904C90471
:10564000C904C904C904C904C904C904C904E904D2
:105650008704747EFFFFDFFFFFFFDEF72B15C90411
:10566000C904C904C904C904C904C904E904A804D3
:10567000D055FFFFFFFFFFFFFFFF8E3DA804E904A9
:10568000C904C904C904C904C904C904C904E90492
:10569000A804D04DFFFFFFFFFFFFFFFF8E3DA804D2
:1056A000C904C904C904C904C904A804D055FFFF2A
:1056B000FFFFFFFFFFFFAF4DA804E904C904C904C1
:1056C000C904C904C904C904C904C904C904C90472
:1056D000A8042C25DEF7FFFFFFFFFFFF336EA804B1
:1056E000E904C904C904C904C904C904C904C90432
:1056F000C904C904C904C904C904C904C904C90442
:10570000C904C904C904C904C904C904C904C90431
:10571000C904C904C904C904C904C904C904C90421
:10572000C904C904C904C904C904C904C904C90411
:10573000C904C904C904C904C904C904C904C90401
:10574000C904C904C904C904C904C904C904C904F1
:10575000C904C904C904C904A704F15DFFFFFFFF20
:10576000FFFFFFFFAF45A804C904C904C904C90469
:10577000C904C904C904C904C904A8048E3DFFFFB3
:10578000FFFFFFFFFFFF1266A804C904C904C90494
:10579000C904C904C904C904C904C904C904C904A1
:1057A000C904C904A804958EFFFFDFF7FFFFBEEF11
:1057B0000B15C804C904C904C904C904E904870451
:1057C0005376FFFFDFF7FFFFBEEF0A0DC904C904E0
:1057D000C904C904C904C904C904C904C904E90441
:1057E0008704547EFFFFDFFFFFFFDEF72B15C904A0
:1057F000C904C904C904C904C904C904E904A80442
:10580000D055FFFFFFFFFFFFFFFF8E3DA804E90417
:10581000C904C904C904C904C904C904C904E90400
:10582000A804D04DFFFFFFFFFFFFFFFF8E3DA80440
:10583000C904C904C904C904C904A804F155FFFF77
:10584000FFFFFFFFFFFFAF4DA804C904C904C9044F
:10585000C904C904C904C904C904C904C904C904E0
:10586000A8042C25DEF7FFFFFFFFFFFF336EA8041F
:10587000E904C904C904C904C904C904C904C904A0
:10588000C904C904C904C904C904C904C904C904B0
:10589000C904C904C904C904C904C904C904C904A0
:1058A000C904C904C904C904C904C904C904C90490
:1058B000C904C904C904C904C904C904C904C90480
:1058C000C904C904C904C904C904C904C904C90470
:1058D000C904C904C904C904C904C904C904C90460
:1058E000C904C904C904E904A704F15DFFFFFFFF6F
:1058F000FFFFFFFFAF45A804C904C904C904C904D8
:10590000C904C904C904C904C904A8046D35DFF772
:10591000FFFFDFFFFFFF747E8704E904C904C904A9
:10592000C904C904C904C904C904C904C904C9040F
:10593000C904C904A804D7A6FFFFDFFFFFFF7CDF6F
:10594000EA0CC904C904C904C904C904E9048704E8
:105950005376FFFFDFF7FFFFBEEF0A0DC904C9044E
:10596000C904C904C904C904C904C904C904C904CF
:105970008704747EFFFFDFFFFFFFDEF72B15C904EE
:10598000C904C904C904C904C904C904E904A804B0
:10599000D055FFFFFFFFFFFFFFFF8E3DA804E90486
:1059A000C904C904C904C904C904C904C904E9046F
:1059B000A804D04DFFFFFFFFFFFFFFFF8E3DA804AF
:1059C000C904C904C904C904E904A804D04DFFFFEF
:1059D000FFFFDFFFFFFFF1558704E904C904C90495
:1059E000C904C904C904C904C904C904C904C9044F
:1059F000A8044C25FFFFFFFFFFFFFFFF336EA80445
:105A0000E904C904C904C904C904C904C904C9040E
:105A1000C904C904C904C904C904C904C904C9041E
:105A2000C904C904C904C904C904C904C904C9040E
:105A3000C904C904C904C904C904C904C904C904FE
:105A4000C904C904C904C904C904C904C904C904EE
:105A5000C904C904C904C904C904C904C904C904DE
:105A6000C904C904C904C904C904C904C904C904CE
:105A7000C904C904C904E904A704F15DFFFFFFFFDD
:105A8000FFFFFFFFAF45A804C904C904C904C90446
:105A9000C904C904C904C904C904C9040B15BDEF6C
:105AA000FFFFDFFFFFFFD8A6A804C904C904C9048B
:105AB000C904C904C904C904C904C904C904C9047E
:105AC000C904C904C9045BCFFFFFDFF7FFFF19BF9B
:105AD000C904C904C904C904C904C904E904870480
:105AE0003376FFFFDFF7FFFFDEF70B15C804C904AD
:105AF000C904C904C904C904C904C904C904E9041E
:105B0000A704958EFFFFDFF7FFFFDEF72B15C90413
:105B1000C904C904C904C904C904C904E904A8041E
:105B2000D055FFFFFFFFFFFFFFFF8E3DA804E904F4
:105B3000C904C904C904C904C904C904C904E904DD
:105B4000A804D04DFFFFFFFFFFFFFFFF8E3DA8041D
:105B5000C904C904C904C904C904A8046E35FFFFF7
:105B6000FFFFFFFFFFFF547EA804C904C904C90456
:105B7000C904C904C904C904C904C904C904C904BD
:105B8000A8048E3DFFFFFFFFFFFFFFFF336EA80459
:105B9000E904C904C904C904C904C904C904C9047D
:105BA000C904C904C904C904C904C904C904C9048D
:105BB000C904C904C904C904C904C904C904C9047D
:105BC000C904C904C904C904C904C904C904C9046D
:105BD000C904C904C904C904C904C904C904C9045D
:105BE000C904C904C904C904C904C904C904C9044D
:105BF000C904C904C904C904C904C904C904C9043D
:105C0000C904C904C904E904A704F15DFFFFFFFF4B
:105C1000FFFFFFFFAF45A804C904C904C904C904B4
:105C2000C904C904C904C904C904C904C9045BCFAF
:105C3000FFFFFFFFFFFF9DDFEA0CC904C904C90491
:105C4000C904C904C904C904C904C904C904C904EC
:105C5000C904A8042C1DDEF7FFFFDFF7FFFF958EB8
:105C60008704C904C904C904C904C904C904870450
:105C7000126EFFFFDFFFFFFFFFFF6D2DA804C904B9
:105C8000C904C904C904C904C904C904C904C904AC
:105C9000C80419B7FFFFFFFFFFFFDEF72B15C9048C
:105CA000C904C904C904C904C904C904E904A8048D
:105CB000D055FFFFFFFFFFFFFFFF8E3DA804E90463
:105CC000C904C904C904C904C904C904C904E9044C
:105CD000A804D04DFFFFFFFFFFFFFFFF8E3DA8048C
:105CE000C904C904C904C904C904C8042B1DDEF7CA
:105CF000FFFFFFFFFFFF19BFA804C904C904C904BF
:105D0000C904C904C904C904C904C904C904E9040B
:105D1000A7045376FFFFFFFFFFFFFFFF336EA804CA
:105D2000E904C904C904C904C904C904C904C904EB
:105D3000C904C904C904C904C904C904C904C904FB
:105D4000C904C904C904C904C904C904C904C904EB
:105D5000C904C904C904C904C904C904C904C904DB
:105D6000C904C904C904C904C904C904C904C904CB
:105D7000C904C904C904C904C904C904C904C904BB
:105D8000C904C904C904C904C904C904C904C904AB
:105D9000C904C904C904E904A704F15DFFFFFFFFBA
:105DA000FFFFFFFFAF45A804C904C904C904C90423
:105DB000C904C904C904C904C904C904A80475866E
:105DC000FFFFDFFFFFFFFFFFD055A804E904C90470
:105DD000C904C904C904C904C904C904C904C9045B
:105DE000C90487041266FFFFFFFFFFFFFFFFAF45F7
:105DF000A804C904C904C904C904C904E904A8045D
:105E0000D055FFFFFFFFFFFFFFFFF15DA804C904AE
:105E1000C904C904C904C904C904C904C904C9041A
:105E20000B15BEEFFFFFFFFFFFFFDEF72B15C904C9
:105E3000C904C904C904C904C904C904E904A804FB
:105E4000D055FFFFFFFFFFFFFFFF8E3DA804E904D1
:105E5000C904C904C904C904C904C904C904E904BA
:105E6000A804D04DFFFFFFFFFFFFFFFF8E3DA804FA
:105E7000C904C904C904C904C904C904C9045BCF5D
:105E8000FFFFDFFFFFFFDEF74C25A804C904C904AC
:105E9000C904C904C904C904C904C904C904C9049A
:105EA000C9045BCFFFFFFFFFFFFFFFFF336EA804B6
:105EB000E904C904C904C904C904C904C904C9045A
:105EC000C904C904C904C904C904C904C904C9046A
:105ED000C904C904C904C904C904C904C904C9045A
:105EE000C904C904C904C904C904C904C904C9044A
:105EF000C904C904C904C904C904C904C904C9043A
:105F0000C904C904C904C904C904C904C904C90429
:105F1000C904C904C904C904C904C904C904C90419
:105F2000C904C904C904E904A704F15DFFFFFFFF28
:105F3000FFFFFFFFAF45A804C904C904C904C90491
:105F4000C904C904C904C904C904C904A8046D3535
:105F5000FFFFFFFFFFFFFFFF7CD7E904C904C9046F
:105F6000C904C904C904C904C904C904C904C904C9
:105F7000C904E9047CD7FFFFDFF7FFFF7CD7E90402
:105F8000C904C904C904C904C904C904C904A804CA
:105F90006D35FFFFFFFFDFFFFFFFD7A6A804E90471
:105FA000C904C904C904C904C904C904E9048704AB
:105FB0005376FFFFFFFFFFFFFFFFDEF72B15C9043E
:105FC000C904C904C904C904C904C904E904A8046A
:105FD000D055FFFFFFFFFFFFFFFF8E3DA804E90440
:105FE000C904C904C904C904C904C904C904E90429
:105FF000A804D04DFFFFFFFFFFFFFFFF8E3DA80469
:10600000C904C904C904C904C904E904A704958ED4
:10601000FFFFFFFFFFFFFFFFB6968704E904C904F7
:10602000C904C904C904C904C904C904E90487042A
:10603000F15DFFFFFFFFFFFFFFFFFFFF336EA804CF
:10604000E904C904C904C904C904C904C904C904C8
:10605000C904C904C904C904C904C904C904C904D8
:10606000C904C904C904C904C904C904C904C904C8
:10607000C904C904C904C904C904C904C904C904B8
:10608000C904C904C904C904C904C904C904C904A8
:10609000C904C904C904C904C904C904C904C90498
:1060A000C904C904C904C904C904C904C904C90488
:1060B000C904C904C904E904A704F15DFFFFFFFF97
:1060C000FFFFFFFFAF45A804C904C904C904C90400
:1060D000C904C904C904C904C904C904C904A80479
:1060E000F8AEFFFFDFFFFFFFFFFFD7A6A804A8045D
:1060F000E904E904C904C904C904E904E904C904B8
:10610000A704B696FFFFFFFFDFFFFFFF115EA804A5
:10611000C904C904C904C904C904C904C904C90417
:10612000EA049DDFFFFFFFFFFFFFDEF76D2D880410
:10613000E904C904C904C904E904E90487044D2D2C
:10614000BEEFFFFFFFFFFFFFFFFFDEF72B15C904C8
:10615000C904C904C904C904C904C904E904A804D8
:10616000D055FFFFFFFFFFFFFFFF8E3DA804E904AE
:10617000C904C904C904C904C904C904C904E90497
:10618000A804D04DFFFFFFFFFFFFFFFF8E3DA804D7
:10619000C904C904C904C904C904C904A8046D2DEB
:1061A000FFFFFFFFFFFFFFFFFFFFD04D8704C90484
:1061B000E904C904C904C904E904E90487046D2D8C
:1061C000BDEFFFFFFFFFFFFFFFFFFFFF336EA804E0
:1061D000E904C904C904C904C904C904C904C90437
:1061E000C904C904C904C904C904C904C904C90447
:1061F000C904C904C904C904C904C904C904C90437
:10620000C904C904C904C904C904C904C904C90426
:10621000C904C904C904C904C904C904C904C90416
:10622000C904C904C904C904C904C904C904C90406
:10623000C904C904C904C904C904C904C904C904F6
:10624000C904C904C904E904A704F15DFFFFFFFF05
:10625000FFFFFFFFAF45A804C904C904C904C9046E
:10626000C904C904C904C904C904C904C904A804E7
:106270004C25DEF7FFFFFFFFFFFFFFFFF8AE0B1D12
:106280008804A804A804C804C804A8048704EA0C65
:10629000B696FFFFFFFFDFFFFFFF3ABFC904C90447
:1062A000C904C904C904C904C904C904C904C90486
:1062B000A804B696FFFFDFFFFFFFFFFF5BCF2B1D9C
:1062C0008704A804C804C804A80487046D2D9CDFB3
:1062D000FFFFFFFFFFFFFFFFFFFFDEF72B15C904E6
:1062E000C904C904C904C904C904C904E904A80447
:1062F000D055FFFFFFFFFFFFFFFF8E3DA804E9041D
:10630000C904C904C904C904C904C904C904E90405
:10631000A804D04DFFFFFFFFFFFFFFFF8E3DA80445
:10632000C904C904C904C904C904C904C904A80426
:10633000D7A6FFFFDFFFFFFFFFFFDEF7F055A80442
:10634000A804A804C804A804A804A804AF459DE7AD
:10635000FFFFFFFFFFFFFFFFFFFFFFFF336EA804FC
:10636000E904C904C904C904C904C904C904C904A5
:10637000C904C904C904C904C904C904C904C904B5
:10638000C904C904C904C904C904C904C904C904A5
:10639000C904C904C904C904C904C904C904C90495
:1063A000C904C904C904C904C904C904C904C90485
:1063B000C904C904C904C904C904C904C904C90475
:1063C000C904C904C904C904C904C904C904C90465
:1063D000C904C904C904E904A704F15DFFFFFFFF74
:1063E000FFFFFFFFAF45A804C904C904C904C904DD
:1063F000C904C904C904C904C904C904C904C90435
:10640000A804F15DFFFFFFFFFFFFFFFFFFFFBEEFEF
:10641000958EAF4D4C252B1D4C258F45547E9CDF12
:10642000FFFFFFFFDFFFFFFF9DE72B1DA804C9044F
:10643000C904C904C904C904C904C904C904C904F4
:10644000A8046D35FFFFFFFFFFFFFFFFFFFF9DE784
:1064500033766E352C1D2C258E45958EDEF7FFFF8D
:10646000BDE719B7FFFFFFFFFFFFDEF72B15C904DC
:10647000C904C904C904C904C904C904E904A804B5
:10648000D055FFFFFFFFFFFFFFFF8E3DA804E9048B
:10649000C904C904C904C904C904C904C904E90474
:1064A000A804D04DFFFFFFFFFFFFFFFF8E3DA804B4
:1064B000C904C904C904C904C904C904C904C80475
:1064C0002B1DBEEFFFFFFFFFFFFFFFFFFFFFF8AE3B
:1064D000D0554C252B1D4C25D055D7A6FFFFFFFFCF
:1064E000FFFF9696BDE7FFFFFFFFFFFF336EA80497
:1064F000E904C904C904C904C904C904C904C90414
:10650000C904C904C904C904C904C904C904C90423
:10651000C904C904C904C904C904C904C904C90413
:10652000C904C904C904C904C904C904C904C90403
:10653000C904C904C904C904C904C904C904C904F3
:10654000C904C904C904C904C904C904C904C904E3
:10655000C904C904C904C904C904C904C904C904D3
:10656000C904C904C904E904A704F15DFFFFFFFFE2
:10657000FFFFFFFFAF45A804C904C904C904C9044B
:10658000C904C904C904C904C904C904C904C904A3
:10659000C904A804336EFFFFFFFFFFFFFFFFFFFFEB
:1065A000FFFFFFFFDEF7BEEFDEF7FFFFFFFFFFFF9E
:1065B000DFFFFFFFFFFF9DDF4D2DA804C904C904C5
:1065C000C904C904C904C904C904C904C904C90463
:1065D000C904A804958EFFFFDFFFFFFFFFFFFFFF49
:1065E000FFFFFFFFBEEFDEEFFFFFFFFFFFFFFFFF3D
:1065F0001166336EFFFFDFF7FFFFDEF72B15C904CF
:10660000C904C904C904C904C904C904E904A80423
:10661000D055FFFFFFFFFFFFFFFF8E3DA804E904F9
:10662000C904C904C904C904C904C904C904E904E2
:10663000A804D04DFFFFFFFFFFFFFFFF8E3DA80422
:10664000C904C904C904C904C904C904C904E904C2
:10665000A804AF45DFF7FFFFFFFFFFFFFFFFFFFFCE
:10666000FFFFDEF7BEEFDEF7FFFFFFFFFFFFFFFFDD
:10667000B6960B15DEF7FFFFFFFFFFFF336EA80492
:10668000E904C904C904C904C904C904C904C90482
:10669000C904C904C904C904C904C904C904C90492
:1066A000C904C904C904C904C904C904C904C90482
:1066B000C904C904C904C904C904C904C904C90472
:1066C000C904C904C904C904C904C904C904C90462
:1066D000C904C904C904C904C904C904C904C90452
:1066E000C904C904C904C904C904C904C904C90442
:1066F000C904C904C904E9048704F15DFFFFFFFF71
:10670000FFFFFFFFAF45A804C904C904C904C904B9
:10671000C904C904C904C904C904C904C904C90411
:10672000C904C904A804D04D9CDFFFFFFFFFFFFF91
:10673000DFF7DFFFFFFFFFFFFFFFFFFFDFF7FFFFD9
:10674000FFFFFFFFF8B62B1DA804E904C904C90424
:10675000C904C904C904C904C904C904C904C904D1
:10676000C904C904C904D7A6FFFFFFFFFFFFFFFF4D
:10677000DFF7FFFFFFFFFFFFFFFFFFFFFFFF958E2C
:1067800066047486FFFFDFFFFFFFDEF72B15C804EA
:10679000C904C904C904C904C904C904E904A80492
:1067A000D055FFFFFFFFFFFFFFFF8E3DA804E90468
:1067B000C904C904C904C904C904C904C904E90451
:1067C000A804D04DFFFFFFFFFFFFFFFF8E3DA80491
:1067D000C904C904C904C904C904C904C904C90451
:1067E000E904A804AF45BDE7FFFFFFFFFFFFDFF7A8
:1067F000DFF7FFFFFFFFFFFFFFFFFFFFFFFFB69683
:10680000A8042C1DDFF7FFFFFFFFFFFF326EA80477
:10681000E904C904C904C904C904C904C904C904F0
:10682000C904C904C904C904C904C904C904C90400
:10683000C904C904C904C904C904C904C904C904F0
:10684000C904C904C904C904C904C904C904C904E0
:10685000C904C904C904C904C904C904C904C904D0
:10686000C904C904C904C904C904C904C904C904C0
:10687000C904C904C904C904C904C904C904C904B0
:10688000C904C904C904C904A704F15DFFFFDFFFFF
:10689000FFFFFFFFAF45A804C904C904C904C90428
:1068A000C904C904C904C904C904C904C904C90480
:1068B000C904C904E904A8040B15547E7CDFFFFF5A
:1068C000FFFFFFFFFFFFFFFFFFFFFFFFFFFFFFFFD8
:1068D00019BFD055C804C804E904C904C904C904CF
:1068E000C904C904C904C904C904C904C904C90440
:1068F000C904C904C904C904336E9CDFFFFFFFFF4C
:10690000FFFFFFFFFFFFFFFFFFFF7BD7D055C8044E
:106910008704747EFFFFDFF7FFFFBEEF0B15C9048E
:10692000C904C904C904C904C904C904C904A80420
:10693000D055FFFFFFFFFFFFFFFF8E3DA804C904F6
:10694000C904C904C904C904C904C904C904C904DF
:10695000A804B04DFFFFFFFFFFFFFFFF8E3DA8041F
:10696000C904C904C904C904C904C904C904C904BF
:10697000C904C904A8042B1DB79EDEF7FFFFFFFF63
:10698000FFFFFFFFFFFFFFFFFFFF5BCFD055A80416
:10699000A8044C25FFFFFFFFDFFFFFFF1166A804DF
:1069A000C904C904C904C904C904C904C904C9047F
:1069B000C904C904C904C904C904C904C904C9046F
:1069C000C904C904C904C904C904C904C904C9045F
:1069D000C904C904C904C904C904C904C904C9044F
:1069E000C904C904C904C904C904C904C904C9043F
:1069F000C904C904C904C904C904C904C904C9042F
:106A0000C904C904C904C904C904C904C904C9041E
:106A1000C904C904C904C904C904EA0C2B1D2B1DEF
:106A20002B1D2B1DEA04C904C904C904C904C904E7
:106A3000C904C904C904C904C904C904C904C904EE
:106A4000C904C904C904E904C904A804EA0C8E3DB8
:106A500033769696D7A6D7A6D79E7586F15D4C2538
:106A6000C904A804C904C904C904C904C904C904DF
:106A7000C904C904C904C904C904C904C904C904AE
:106A8000C904C904C904C904A804EA0CD04D758618
:106A9000D79ED8A6D79E7486AF45E904A804E9041A
:106AA000C9040A0D2B1D2B1D2B1D2B1DC904C90448
:106AB000C904C904C904C904C904C904C904C9046E
:106AC000EA0C2B1D2B1D2B1D2B1DEA04C904C90428
:106AD000C904C904C904C904C904C904C904C9044E
:106AE000C904EA0C2B1D2B1D2B1D2B1DEA04C90408
:106AF000C904C904C904C904C904C904C904C9042E
:106B0000C904C904E904C804A8042C1DF15D958ECC
:106B1000D7A6D8A6B79E53768E3DC904A804C9044B
:106B2000A8046D2DFFFFFFFFFFFFFFFFD04DA8045E
:106B3000E904C904C904C904C904C904C904C904CD
:106B4000C904C904C904C904C904C904C904C904DD
:106B5000C904C904C904C904C904C904C904C904CD
:106B6000C904C904C904C904C904C904C904C904BD
:106B7000C904C904C904C904C904C904C904C904AD
:106B8000C904C904C904C904C904C904C904C9049D
:106B9000C904C904C904C904C904C904C904C9048D
:106BA000C904C904C904C904C904C904C804C8047F
:106BB000C804C804C904C904C904C904C904C9046F
:106BC000C904C904C904C904C904C904C904C9045D
:106BD000C904C904C904C904C904E904C904A8044E
:106BE000A8048704A804A804A8048704A804A80487
:106BF000C904E904C904C904C904C904C904C9040D
:106C0000C904C904C904C904C904C904C904C9041C
:106C1000C904C904C904C904E904C904A80487044F
:106C2000A804A804A8048704A804C904E904C904A2
:106C3000C904C904C804C804C804C804C904C904F0
:106C4000C904C904C904C904C904C904C904C904DC
:106C5000C904C804C804C804C804C904C904C904D0
:106C6000C904C904C904C904C904C904C904C904BC
:106C7000C904C904C804C804C804C804C904C904B0
:106C8000C904C904C904C904C904C904C904C9049C
:106C9000C904C904C904C904E904C804A8048704D0
:106CA000A804A804A704A704A804C904E904C90403
:106CB000A804D055FFFFFFFFFFFFFFFF8E3DA80494
:106CC000C904C904C904C904C904C904C904C9045C
:106CD000C904C904C904C904C904C904C904C9044C
:106CE000C904C904C904C904C904C904C904C9043C
:106CF000C904C904C904C904C904C904C904C9042C
:106D0000C904C904C904C904C904C904C904C9041B
:106D1000C904C904C904C904C904C904C904C9040B
:106D2000C904C904C904C904C904C904C904C904FB
:106D3000C904C904C904C904C904C904C904C904EB
:106D4000C904C904C904C904C904C904C904C904DB
:106D5000C904C904C904C904C904C904C904C904CB
:106D6000C904C904C904C904C904C904C904E9049B
:106D7000E904E904E904E904E904E904E904C904CB
:106D8000C904C904C904C904C904C904C904C9049B
:106D9000C904C904C904C904C904C904C904C9048B
:106DA000C904C904C904C904C904C904E904E9043B
:106DB000E904E904E904E904E904C904C904C904CB
:106DC000C904C904C904C904C904C904C904C9045B
:106DD000C904C904C904C904C904C904C904C9044B
:106DE000C904C904C904C904C904C904C904C9043B
:106DF000C904C904C904C904C904C904C904C9042B
:106E0000C904C904C904C904C904C904C904C9041A
:106E1000C904C904C904C904C904C904C904C9040A
:106E2000C904C904C904C904C904C904E904E904BA
:106E3000E904E904E904E904E904C904C904E9042A
:106E40008704968EFFFFDFFFFFFFBDE70B15C90428
:106E5000C904C904C904C904C904C904C904C904CA
:106E6000C904C904C904C904C904C904C904C904BA
:106E7000C904C904C904C904C904C904C904C904AA
:106E8000C904C904C904C904C904C904C904C9049A
:106E9000C904C904C904C904C904C904C904C9048A
:106EA000C904C904C904C904C904C904C904C9047A
:106EB000C904C904C904C904C904C904C904C9046A
:106EC000C904C904C904C904C904C904C904C9045A
:106ED000C904C904C904C904C904C904C904C9044A
:106EE000C904C904C904C904C904C904C904C9043A
:106EF000C904C904C904C904C904C904C904C9042A
:106F0000C904C904C904C904C904C904C904C90419
:106F1000C904C904C904C904C904C904C904C90409
:106F2000C904C904C904C904C904C904C904C904F9
:106F3000C904C904C904C904C904C904C904C904E9
:106F4000C904C904C904C904C904C904C904C904D9
:106F5000C904C904C904C904C904C904C904C904C9
:106F6000C904C904C904C904C904C904C904C904B9
:106F7000C904C904C904C904C904C904C904C904A9
:106F8000C904C904C904C904C904C904C904C90499
:106F9000C904C904C904C904C904C904C904C90489
:106FA000C904C904C904C904C904C904C904C90479
:106FB000C904C904C904C904C904C904C904C90469
:106FC000C904C904C904C904C904C904C904C90459
:106FD000EA0C7CDFFFFFDFFFFFFF3ABFA804C90414
:106FE000C904C904C904C904C904C904C904C90439
:106FF000C904C904C904C904C904C904C904C90429
:10700000C904C904C904C904C904C904C904C90418
:10701000C904C904C904C904C904C904C904C90408
:10702000C904C904C904C904C904C904C904C904F8
:10703000C904C904C904C904C904C904C904C904E8
:10704000C904C904C904C904C904C904C904C904D8
:10705000C904C904C904C904C904C904C904C904C8
:10706000C904C904C904C904C904C904C904C904B8
:10707000C904C904C904C904C904C904C904C904A8
:10708000C904C904C904C904C904C904C904C90498
:10709000C904C904C904C904C904C904C904C90488
:1070A000C904C904C904C904C904C904C904C90478
:1070B000C904C904C904C904C904C904C904C90468
:1070C000C904C904C904C904C904C904C904C90458
:1070D000C904C904C904C904C904C904C904C90448
:1070E000C904C904C904C904C904C904C904C90438
:1070F000C904C904C904C904C904C904C904C90428
:10710000C904C904C904C904C904C904C904C90417
:10711000C904C904C904C904C904C904C904C90407
:10712000C904C904C904C904C904C904C904C904F7
:10713000C904C904C904C904C904C904C904C904E7
:10714000C904E904E904C904C904C904C904C90497
:10715000C904C904C904C904C904C904EA048704E8
:107160001266FFFFFFFFDFFFFFFF3376A804E9048D
:10717000C904C904C904C904C904C904C904C904A7
:10718000C904C904C904C904C904C904C904C90497
:10719000C904C904C904C904C904C904C904C90487
:1071A000C904C904C904C904C904C904C904C90477
:1071B000C904C904C904C904C904C904C904C90467
:1071C000C904C904C904C904C904C904C904C90457
:1071D000C904C904C904C904C904C904C904C90447
:1071E000C904C904C904C904C904C904C904C90437
:1071F000C904C904C904C904C904C904C904C90427
:10720000C904C904C904C904C904C904C904C90416
:10721000C904C904C904C904C904C904C904C90406
:10722000C904C904C904C904C904C904C904C904F6
:10723000C904C904C904C904C904C904C904C904E6
:10724000C904C904C904C904C904C904C904C904D6
:10725000C904C904C904C904C904C904C904C904C6
:10726000C904C904C904C904C904C904C904C904B6
:10727000C904C904C904C904C904C904C904C904A6
:10728000C904C904C904C904C904C904C904C90496
:10729000C904C904C904C904C904C904C904C90486
:1072A000C904C904C904C904C904C904C904C90476
:1072B000C904C904C904C904C904C904C904C90466
:1072C000C904C904C904C904C904C904C904C90456
:1072D000E904A804A804E904E904C904C904C90428
:1072E000C904C904C904C904E904E90487044D2D8B
:1072F000BDEFFFFFFFFFFFFFBEEF2C1DC804C90459
:10730000C904C904C904C904C904C904C904C90415
:10731000C904C904C904C904C904C904C904C90405
:10732000C904C904C904C904C904C904C904C904F5
:10733000C904C904C904C904C904C904C904C904E5
:10734000C904C904C904C904C904C904C904C904D5
:10735000C904C904C904C904C904C904C904C904C5
:10736000C904C904C904C904C904C904C904C904B5
:10737000C904C904C904C904C904C904C904C904A5
:10738000C904C904C904C904C904C904C904C90495
:10739000C904C904C904C904C904C904C904C90485
:1073A000C904C904C904C904C904C904C904C90475
:1073B000C904C904C904C904C904C904C904C90465
:1073C000C904C904C904C904C904C904C904C90455
:1073D000C904C904C904C904C904C904C904C90445
:1073E000C904C904C904C904C904C904C904C90435
:1073F000C904C904C904C904C904C904C904C90425
:10740000C904C904C904C904C904C904C904C90414
:10741000C904C904C904C904C904C904C904C90404
:10742000C904C904C904C904C904C904C904C904F4
:10743000C904C904C904C904C904C904C904C904E4
:10744000C904C904C904C904C904C904C904C904D4
:10745000C904C904C904C904C904C904C904A804E5
:107460003376B6962C25A804A804C804C904C90418
:10747000C904C904C904C904A804A8048E459DDF31
:10748000FFFFFFFFDFFFFFFF7586A804E904C904C3
:10749000C904C904C904C904C904C904C904C90484
:1074A000C904C904C904C904C904C904C904C90474
:1074B000C904C904C904C904C904C904C904C90464
:1074C000C904C904C904C904C904C904C904C90454
:1074D000C904C904C904C904C904C904C904C90444
:1074E000C904C904C904C904C904C904C904C90434
:1074F000C904C904C904C904C904C904C904C90424
:10750000C904C904C904C904C904C904C904C90413
:10751000C904C904C904C904C904C904C904C90403
:10752000C904C904C904C904C904C904C904C904F3
:10753000C904C904C904C904C904C904C904C904E3
:10754000C904C904C904C904C904C904C904C904D3
:10755000C904C904C904C904C904C904C904C904C3
:10756000C904C904C904C904C904C904C904C904B3
:10757000C904C904C904C904C904C904C904C904A3
:10758000C904C904C904C904C904C904C904C90493
:10759000C904C904C904C904C904C904C904C90483
:1075A000C904C904C904C904C904C904C904C90473
:1075B000C904C904C904C904C904C904C904C90463
:1075C000C904C904C904C904C904C904C904C90453
:1075D000C904C904C904C904C904C904C904C90443
:1075E000C904C904C904C904C904C904E904870455
:1075F0007586FFFFDEF7F8AEF15D4C25C904C904BE
:10760000C804C904C9040A0DAF4DD7A6FFFFFFFF88
:10761000FFFFDFFFFFFF5BCFEA0CC904C904C90409
:10762000C904C904C904C904C904C904C904C904F2
:10763000C904C904C904C904C904C904C904C904E2
:10764000C904C904C904C904C904C904C904C904D2
:10765000C904C904C904C904C904C904C904C904C2
:10766000C904C904C904C904C904C904C904C904B2
:10767000C904C904C904C904C904C904C904C904A2
:10768000C904C904C904C904C904C904C904C90492
:10769000C904C904C904C904C904C904C904C90482
:1076A000C904C904C904C904C904C904C904C90472
:1076B000C904C904C904C904C904C904C904C90462
:1076C000C904C904C904C904C904C904C904C90452
:1076D000C904C904C904C904C904C904C904C90442
:1076E000C904C904C904C904C904C904C904C90432
:1076F000C904C904C904C904C904C904C904C90422
:10770000C904C904C904C904C904C904C904C90411
:10771000C904C904C904C904C904C904C904C90401
:10772000C904C904C904C904C904C904C904C904F1
:10773000C904C904C904C904C904C904C904C904E1
:10774000C904C904C904C904C904C904C904C904D1
:10775000C904C904C904C904C904C904C904C904C1
:10776000C904C904C904C904C904C904C904C904B1
:10777000C904C904C904C904C904C904C904A804C2
:10778000747EFFFFFFFFFFFFFFFFDEF77CDF19BF07
:10779000F8AE19B75BCFBDEFFFFFFFFFFFFFFFFFA5
:1077A000FFFFFFFF9CDF2C25A804C904C904C904FE
:1077B000C904C904C904C904C904C904C904C90461
:1077C000C904C904C904C904C904C904C904C90451
:1077D000C904C904C904C904C904C904C904C90441
:1077E000C904C904C904C904C904C904C904C90431
:1077F000C904C904C904C904C904C904C904C90421
:10780000C904C904C904C904C904C904C904C90410
:10781000C904C904C904C904C904C904C904C90400
:10782000C904C904C904C904C904C904C904C904F0
:10783000C904C904C904C904C904C904C904C904E0
:10784000C904C904C904C904C904C904C904C904D0
:10785000C904C904C904C904C904C904C904C904C0
:10786000C904C904C904C904C904C904C904C904B0
:10787000C904C904C904C904C904C904C904C904A0
:10788000C904C904C904C904C904C904C904C90490
:10789000C904C904C904C904C904C904C904C90480
:1078A000C904C904C904C904C904C904C904C90470
:1078B000C904C904C904C904C904C904C904C90460
:1078C000C904C904C904C904C904C904C904C90450
:1078D000C904C904C904C904C904C904C904C90440
:1078E000C904C904C904C904C904C904C904C90430
:1078F000C904C904C904C904C904C904C904C90420
:10790000C904C904C904C904C904C904E904870431
:107910007586FFFFFFFFDFFFDFF7FFFFFFFFFFFFC2
:10792000FFFFFFFFFFFFFFFFFFFFDFF7FFFFFFFF8F
:10793000FFFF39BF2B1DA804C904C904C904C90429
:10794000C904C904C904C904C904C904C904C904CF
:10795000C904C904C904C904C904C904C904C904BF
:10796000C904C904C904C904C904C904C904C904AF
:10797000C904C904C904C904C904C904C904C9049F
:10798000C904C904C904C904C904C904C904C9048F
:10799000C904C904C904C904C904C904C904C9047F
:1079A000C904C904C904C904C904C904C904C9046F
:1079B000C904C904C904C904C904C904C904C9045F
:1079C000C904C904C904C904C904C904C904C9044F
:1079D000C904C904C904C904C904C904C904C9043F
:1079E000C904C904C904C904C904C904C904C9042F
:1079F000C904C904C904C904C904C904C904C9041F
:107A0000C904C904C904C904C904C904C904C9040E
:107A1000C904C904C904C904C904C904C904C904FE
:107A2000C904C904C904C904C904C904C904C904EE
:107A3000C904C904C904C904C904C904C904C904DE
:107A4000C904C904C904C904C904C904C904C904CE
:107A5000C904C904C904C904C904C904C904C904BE
:107A6000C904C904C904C904C904C904C904C904AE
:107A7000C904C904C904C904C904C904C904C9049E
:107A8000C904C904C904C904C904C904C904C9048E
:107A9000C904C904C904C904C904C904C904C8047F
:107AA0006D3519B7DFF7FFFFFFFFFFFFFFFFFFFF98
:107AB000FFFFFFFFFFFFFFFFFFFFFFFFFFFF5BCFAA
:107AC000F15DC904A804E904C904C904C904C904CE
:107AD000C904C904C904C904C904C904C904C9043E
:107AE000C904C904C904C904C904C904C904C9042E
:107AF000C904C904C904C904C904C904C904C9041E
:107B0000C904C904C904C904C904C904C904C9040D
:107B1000C904C904C904C904C904C904C904C904FD
:107B2000C904C904C904C904C904C904C904C904ED
:107B3000C904C904C904C904C904C904C904C904DD
:107B4000C904C904C904C904C904C904C904C904CD
:107B5000C904C904C904C904C904C904C904C904BD
:107B6000C904C904C904C904C904C904C904C904AD
:107B7000C904C904C904C904C904C904C904C9049D
:107B8000C904C904C904C904C904C904C904C9048D
:107B9000C904C904C904C904C904C904C904C9047D
:107BA000C904C904C904C904C904C904C904C9046D
:107BB000C904C904C904C904C904C904C904C9045D
:107BC000C904C904C904C904C904C904C904C9044D
:107BD000C904C904C904C904C904C904C904C9043D
:107BE000C904C904C904C904C904C904C904C9042D
:107BF000C904C904C904C904C904C904C904C9041D
:107C0000C904C904C904C904C904C904C904C9040C
:107C1000C904C904C904C904C904C904C904C904FC
:107C2000C904C904C904C904C904C904C904C904EC
:107C3000A804A8044C25126EB79E3AC79CDFBEEF7D
:107C4000DEF7DEEFBDE75BCFF8AE74868E3DC9048C
:107C5000A804C904C904C904C904C904C904C904DD
:107C6000C904C904C904C904C904C904C904C904AC
:107C7000C904C904C904C904C904C904C904C9049C
:107C8000C904C904C904C904C904C904C904C9048C
:107C9000C904C904C904C904C904C904C904C9047C
:107CA000C904C904C904C904C904C904C904C9046C
:107CB000C904C904C904C904C904C904C904C9045C
:107CC000C904C904C904C904C904C904C904C9044C
:107CD000C904C904C904C904C904C904C904C9043C
:107CE000C904C904C904C904C904C904C904C9042C
:107CF000C904C904C904C904C904C904C904C9041C
:107D0000C904C904C904C904C904C904C904C9040B
:107D1000C904C904C904C904C904C904C904C904FB
:107D2000C904C904C904C904C904C904C904C904EB
:107D3000C904C904C904C904C904C904C904C904DB
:107D4000C904C904C904C904C904C904C904C904CB
:107D5000C904C904C904C904C904C904C904C904BB
:107D6000C904C904C904C904C904C904C904C904AB
:107D7000C904C904C904C904C904C904C904C9049B
:107D8000C904C904C904C904C904C904C904C9048B
:107D9000C904C904C904C904C904C904C904C9047B
:107DA000C904C904C904C904C904C904C904C9046B
:107DB000C904C904C904C904C904C904C904C9045B
:107DC000C904C904A8048704A804C904EA0C0A1554
:107DD0000B150B150A0DE904A8048704A804C904AF
:107DE000E904C904C904C904C904C904C904C9040B
:107DF000C904C904C904C904C904C904C904C9041B
:107E0000C904C904C904C904C904C904C904C9040A
:107E1000C904C904C904C904C904C904C904C904FA
:107E2000C904C904C904C904C904C904C904C904EA
:107E3000C904C904C904C904C904C904C904C904DA
:107E4000C904C904C904C904C904C904C904C904CA
:107E5000C904C904C904C904C904C904C904C904BA
:107E6000C904C904C904C904C904C904C904C904AA
:107E7000C904C904C904C904C904C904C904C9049A
:107E8000C904C904C904C904C904C904C904C9048A
:107E9000C904C904C904C904C904C904C904C9047A
:107EA000C904C904C904C904C904C904C904C9046A
:107EB000C904C904C904C904C904C904C904C9045A
:107EC000C904C904C904C904C904C904C904C9044A
:107ED000C904C904C904C904C904C904C904C9043A
:107EE000C904C904C904C904C904C904C904C9042A
:107EF000C904C904C904C904C904C904C904C9041A
:107F0000C904C904C904C904C904C904C904C90409
:107F1000C904C904C904C904C904C904C904C904F9
:107F2000C904C904C904C904C904C904C904C904E9
:107F3000C904C904C904C904C904C904C904C904D9
:107F4000C904C904C904C904C904C904C904C904C9
:107F5000C904C904C904E904C904C904C904C8049A
:107F6000C804C804C904C904C904E904C904C9048B
:107F7000C904C904C904C904C904C904C904C90499
:107F8000C904C904C904C904C904C904C904C90489
:107F9000C904C904C904C904C904C904C904C90479
:107FA000C904C904C904C904C904C904C904C90469
:107FB000C904C904C904C904C904C904C904C90459
:107FC000C904C904C904C904C904C904C904C90449
:107FD000C904C904C904C904C904C904C904C90439
:107FE000C904C904C904C904C904C904C904C90429
:107FF000C904C904C904C904C904C904C904C90419
:10800000C904C904C904C904C904C904C904C90408
:10801000C904C904C904C904C904C904C904C904F8
:10802000C904C904C904C904C904C904C904C904E8
:10803000C904C904C904C904C904C904C904C904D8
:10804000C904C904C904C904C904C904C904C904C8
:10805000C904C904C904C904C904C904C904C904B8
:10806000C904C904C904C904C904C904C904C904A8
:10807000C904C904C904C904C904C904C904C90498
:10808000C904C904C904C904C904C904C904C90488
:10809000C904C904C904C904C904C904C904C90478
:1080A000C904C904C904C904C904C904C904C90468
:1080B000C904C904C904C904C904C904C904C90458
:1080C000C904C904C904C904C904C904C904C90448
:1080D000C904C904C904C904C904C904C904C90438
:1080E000C904C904C904C904C904C904C904C90428
:1080F000C904C904C904C904C904C904C904C90418
:10810000C904C904C904C904C904C904C904C90407
:10811000C904C904C904C904C904C904C904C904F7
:10812000C904C904C904C904C904C904C904C904E7
:10813000C904C904C904C904C904C904C904C904D7
:10814000C904C904C904C904C904C904C904C904C7
:10815000C904C904C904C904C904C904C904C904B7
:10816000C904C904C904C904C904C904C904C904A7
:10817000C904C904C904C904C904C904C904C90497
:10818000C904C904C904C904C904C904C904C90487
:10819000C904C904C904C904C904C904C904C90477
:1081A000C904C904C904C904C904C904C904C90467
:1081B000C904C904C904C904C904C904C904C90457
:1081C000C904C904C904C904C904C904C904C90447
:1081D000C904C904C904C904C904C904C904C90437
:1081E000C904C904C904C904C904C904C904C90427
:1081F000C904C904C904C904C904C904C904C90417
:10820000C904C904C904C904C904C904C904C90406
:10821000C904C904C904C904C904C904C904C904F6
:10822000C904C904C904C904C904C904C904C904E6
:10823000C904C904C904C904C904C904C904C904D6
:10824000C904C904C904C904C904C904C904C904C6
:10825000C904C904C904C904C904C904C904C904B6
:10826000C904C904C904C904C904C904C904C904A6
:10827000C904C904C904C904C904C904C904C90496
:10828000C904C904C904C904C904C904C904C90486
:10829000C904C904C904C904C904C904C904C90476
:1082A000C904C904C904C904C904C904C904C90466
:1082B000C904C904C904C904C904C904C904C90456
:1082C000C904C904C904C904C904C904C904C90446
:1082D000C904C904C904C904C904C904C904C90436
:1082E000C904C904C904C904C904C904C904C90426
:1082F000C904C904C904C904C904C904C904C90416
:10830000C904C904C904C904C904C904C904C90405
:10831000C904C904C904C904C904C904C904C904F5
:10832000C904C904C904C904C904C904C904C904E5
:10833000C904C904C904C904C904C904C904C904D5
:10834000C904C904C904C904C904C904C904C904C5
:10835000C904C904C904C904C904C904C904C904B5
:10836000C904C904C904C904C904C904C904C904A5
:10837000C904C904C904C904C904C904C904C90495
:10838000C904C904C904C904C904C904C904C90485
:10839000C904C904C904C904C904C904C904C90475
:1083A000C904C904C904C904C904C904C904C90465
:1083B000C904C904C904C904C904C904C904C90455
:1083C000C904C904C904C904C904C904C904C90445
:1083D000C904C904C904C904C904C904C904C90435
:1083E000C904C904C904C904C904C904C904C90425
:1083F000C904C904C904C904C904C904C904C90415
:10840000C904C904C904C904C904C904C904C90404
:10841000C904C904C904C904C904C904C904C904F4
:10842000C904C904C904C904C904C904C904C904E4
:10843000C904C904C904C904C904C904C904C904D4
:10844000C904C904C904C904C904C904C904C904C4
:10845000C904C904C904C904C904C904C904C904B4
:10846000C904C904C904C904C904C904C904C904A4
:10847000C904C904C904C904C904C904C904C90494
:10848000C904C904C904C904C904C904C904C90484
:10849000C904C904C904C904C904C904C904C90474
:1084A000C904C904C904C904C904C904C904C90464
:1084B000C904C904C904C904C904C904C904C90454
:1084C000C904C904C904C904C904C904C904C90444
:1084D000C904C904C904C904C904C904C904C90434
:1084E000C904C904C904C904C904C904C904C90424
:1084F000C904C904C904C904C904C904C904C90414
:10850000C904C904C904C904C904C904C904C90403
:10851000C904C904C904C904C904C904C904C904F3
:10852000C904C904C904C904C904C904C904C904E3
:10853000C904C904C904C904C904C904C904C904D3
:10854000C904C904C904C904C904C904C904C904C3
:10855000C904C904C904C904C904C904C904C904B3
:10856000C904C904C904C904C904C904C904C904A3
:10857000C904C904C904C904C904C904C904C90493
:10858000C904C904C904C904C904C904C904C90483
:10859000C904C904C904C904C904C904C904C90473
:1085A000C904C904C904C904C904C904C904C90463
:1085B000C904C904C904C904C904C904C904C90453
:1085C000C904C904C904C904C904C904C904C90443
:1085D000C904C904C904C904C904C904C904C90433
:1085E000C904C904C904C904C904C904C904C90423
:1085F000C904C904C904C904C904C904C904C90413
:10860000C904C904C904C904C904C904C904C90402
:10861000C904C904C904C904C904C904C904C904F2
:10862000C904C904C904C904C904C904C904C904E2
:10863000C904C904C904C904C904C904C904C904D2
:10864000C904C904C904C904C904C904C904C904C2
:10865000C904C904C904C904C904C904C904C904B2
:10866000C904C904C904C904C904C904C904C904A2
:10867000C904C904C904C904C904C904C904C90492
:10868000C904C904C904C904C904C904C904C90482
:10869000C904C904C904C904C904C904C904C90472
:1086A000C904C904C904C904C904C904C904C90462
:1086B000C904C904C904C904C904C904C904C90452
:1086C000C904C904C904C904C904C904C904C90442
:1086D000C904C904C904C904C904C904C904C90432
:1086E000C904C904C904C904C904C904C904C90422
:1086F000C904C904C904C904C904C904C904C90412
:10870000C904C904C904C904C904C904C904C90401
:10871000C904C904C904C904C904C904C904C904F1
:10872000C904C904C904C904C904C904C904C904E1
:10873000C904C904C904C904C904C904C904C904D1
:10874000C904C904C904C904C904C904C904C904C1
:10875000C904C904C904C904C904C904C904C904B1
:10876000C904C904C904C904C904C904C904C904A1
:10877000C904C904C904C904C904C904C904C90491
:10878000C904C904C904C904C904C904C904C90481
:10879000C904C904C904C904C904C904C904C90471
:1087A000C904C904C904C904C904C904C904C90461
:1087B000C904C904C904C904C904C904C904C90451
:1087C000C904C904C904C904C904C904C904C90441
:1087D000C904C904C904C904C904C904C904C90431
:1087E000C904C904C904C904C904C904C904C90421
:1087F000C904C904C904C904C904C904C904C90411
:10880000C904C904C904C904C904C904C904C90400
:10881000C904C904C904C904C904C904C904C904F0
:10882000C904C904C904C904C904C904C904C904E0
:10883000C904C904C904C904C904C904C904C904D0
:10884000C904C904C904C904C904C904C904C904C0
:10885000C904C904C904C904C904C904C904C904B0
:10886000C904C904C904C904C904C904C904C904A0
:10887000C904C904C904C904C904C904C904C90490
:10888000C904C904C904C904C904C904C904C90480
:10889000C904C904C904C904C904C904C904C90470
:1088A000C904C904C904C904C904C904C904C90460
:1088B000C904C904C904C904C904C904C904C90450
:1088C000C904C904C904C904C904C904C904C90440
:1088D000C904C904C904C904C904C904C904C90430
:1088E000C904C904C904C904C904C904C904C90420
:1088F000C904C904C904C904C904C904C904C90410
:10890000C904C904C904C904C904C904C904C904FF
:10891000C904C904C904C904C904C904C904C904EF
:10892000C904C904C904C904C904C904C904C904DF
:10893000C904C904C904C904C904C904C904C904CF
:10894000C904C904C904C904C904C904C904C904BF
:10895000C904C904C904C904C904C904C904C904AF
:10896000C904C904C904C904C904C904C904C9049F
:10897000C904C904C904C904C904C904C904C9048F
:10898000C904C904C904C904C904C904C904C9047F
:10899000C904C904C904C904C904C904C904C9046F
:1089A000C904C904C904C904C904C904C904C9045F
:1089B000C904C904C904C904C904C904C904C9044F
:1089C000C904C904C904C904C904C904C904C9043F
:1089D000C904C904C904C904C904C904C904C9042F
:1089E000C904C904C904C904C904C904C904C9041F
:1089F000C904C904C904C904C904C904C904C9040F
:108A0000C904C904C904C904C904C904C904C904FE
:108A1000C904C904C904C904C904C904C904C904EE
:108A2000C904C904C904C904C904C904C904C904DE
:108A3000C904C904C904C904C904C904C904C904CE
:108A4000C904C904C904C904C904C904C904C904BE
:108A5000C904C904C904C904C904C904C904C904AE
:108A6000C904C904C904C904C904C904C904C9049E
:108A7000C904C904C904C904C904C904C904C9048E
:108A8000C904C904C904C904C904C904C904C9047E
:108A9000C904C904C904C904C904C904C904C9046E
:108AA000C904C904C904C904C904C904C904C9045E
:108AB000C904C904C904C904C904C904C904C9044E
:108AC000C904C904C904C904C904C904C904C9043E
:108AD000C904C904C904C904C904C904C904C9042E
:108AE000C904C904C904C904C904C904C904C9041E
:108AF000C904C904C904C904C904C904C904C9040E
:108B0000C904C904C904C904C904C904C904C904FD
:108B1000C904C904C904C904C904C904C904C904ED
:108B2000C904C904C904C904C904C904C904C904DD
:108B3000C904C904C904C904C904C904C904C904CD
:108B4000C904C904C904C904C904C904C904C904BD
:108B5000C904C904C904C904C904C904C904C904AD
:108B6000C904C904C904C904C904C904C904C9049D
:108B7000C904C904C904C904C904C904C904C9048D
:108B8000C904C904C904C904C904C904C904C9047D
:108B9000C904C904C904C904C904C904C904C9046D
:108BA000C904C904C904C904C904C904C904C9045D
:108BB000C904C904C904C904C904C904C904C9044D
:108BC000C904C904C904C904C904C904C904C9043D
:108BD000C904C904C904C904C904C904C904C9042D
:108BE000C904C904C904C904C904C904C904C9041D
:108BF000C904C904C904C904C904C904C904C9040D
:108C0000C904C904C904C904C904C904C904C904FC
:108C1000C904C904C904C904C904C904C904C904EC
:108C2000C904C904C904C904C904C904C904C904DC
:108C3000C904C904C904C904C904C904C904C904CC
:108C4000C904C904C904C904C904C904C904C904BC
:108C5000C904C904C904C904C904C904C904C904AC
:108C6000C904C904C904C904C904C904C904C9049C
:108C7000C904C904C904C904C904C904C904C9048C
:108C8000C904C904C904C904C904C904C904C9047C
:108C9000C904C904C904C904C904C904C904C9046C
:108CA000C904C904C904C904C904C904C904C9045C
:108CB000C904C904C904C904C904C904C904C9044C
:108CC000C904C904C904C904C904C904C904C9043C
:108CD000C904C904C904C904C904C904C904C9042C
:108CE000C904C904C904C904C904C904C904C9041C
:108CF000C904C904C904C904C904C904C904C9040C
:108D0000C904C904C904C904C904C904C904C904FB
:108D1000C904C904C904C904C904C904C904C904EB
:108D2000C904C904C904C904C904C904C904C904DB
:108D3000C904C904C904C904C904C904C904C904CB
:108D4000C904C904C904C904C904C904C904C904BB
:108D5000C904C904C904C904C904C904C904C904AB
:108D6000C904C904C904C904C904C904C904C9049B
:108D7000C904C904C904C904C904C904C904C9048B
:108D8000C904C904C904C904C904C904C904C9047B
:108D9000C904C904C904C904C904C904C904C9046B
:108DA000C904C904C904C904C904C904C904C9045B
:108DB000C904C904C904C904C904C904C904C9044B
:108DC000C904C904C904C904C904C904C904C9043B
:108DD000C904C904C904C904C904C904C904C9042B
:108DE000C904C904C904C904C904C904C904C9041B
:108DF000C904C904C904C904C904C904C904C9040B
:108E0000C904C904C904C904C904C904C904C904FA
:108E1000C904C904C904C904C904C904C904C904EA
:108E2000C904C904C904C904C904C904C904C904DA
:108E3000C904C904C904C904C904C904C904C904CA
:108E4000C904C904C904C904C904C904C904C904BA
:108E5000C904C904C904C904C904C904C904C904AA
:108E6000C904C904C904A804A804A804A804C9041E
:108E7000C904C904C904C904C904C904C904C9048A
:108E8000C904C904A804A804A804A804C904C904FE
:108E9000C904C904C904C904C904C904C904C9046A
:108EA000C904C904C904C904C904C904C904C9045A
:108EB000C904C904C904C904C904C904C904C9044A
:108EC000C904C904C904C904C904C904C904C9043A
:108ED000C904C904C904C904C904C904C904C9042A
:108EE000C904C904C904C904C904C904C904C9041A
:108EF000C904C904C904C904C904C904C904C9040A
:108F0000C904C904C904C904C904C904C904C904F9
:108F1000C904C904C904C904C904C904C904C904E9
:108F2000C904C904C904C904C904C904C904C904D9
:108F3000C904C904C904C904C904C904C904C904C9
:108F4000C904C904C904C904C904C904C904C904B9
:108F5000C904C904C904C904C904C904C904C904A9
:108F6000C904C904C904C904C904C904C904C90499
:108F7000C904C904C904C904C904C904C904C90489
:108F8000C904C904C904E904E904E904E904E904D9
:108F9000E904E904E904E904E904E904E904E90469
:108FA000E904E904E904E904E904E904E904E90459
:108FB000E904E904E904C904C904C904C904C904E9
:108FC000C904C904C904C904C904C904C904C90439
:108FD000C904C904C904C904C904C904C904C90429
:108FE000C904C904C904C904C904C904C904C90419
:108FF000C904A8044D2DD7A6D7A6D79ED7A66D35F0
:10900000A804C904C904C904C904C904C904C90419
:10901000C904E904968ED7A6D79ED7A6F15DA80409
:10902000C904C904C904C904C904C904C904C904D8
:10903000C904C904C904C904C904C904C904C904C8
:10904000C904C904C904C904C904C904C904C904B8
:10905000C904C904C904C904C904C904C904C904A8
:10906000C904C904C904C904C904C904C904C90498
:10907000C904C904C904C904C904C904C904C90488
:10908000C904C904C904C904C904C904C904C90478
:10909000C904C904C904C904C904C904C904C90468
:1090A000C904C904C904C904C904C904C904C90458
:1090B000C904C904C904C904C904C904C904C90448
:1090C000C904C904C904C904C904C904C904C90438
:1090D000C904C904C904C904C904C904C904C90428
:1090E000C904C904C904C904C904C904C904C90418
:1090F000C904C904C904C904C904C904C904C90408
:10910000C904C904C904C904C904C904C904C904F7
:10911000C904C904C904A804A804A804A804A8048C
:10912000A804A804A804A804A804A804A804A804DF
:10913000A804A804A804A804A804A804A804A804CF
:10914000A804A804A804A804C904C904C904C9043B
:10915000C904C904C904C904C904C904C904C904A7
:10916000C904C904C904C904C904C904C904C90497
:10917000C904C904C904C904C904C904C904C90487
:10918000E904A804AF45FFFFFFFFFFFFFFFFD05535
:10919000A804E904C904C904C904C904C904C90468
:1091A000C904EA0CDEF7FFFFFFFFFFFFB696870456
:1091B000E904C904C904C904C904C904C904C90427
:1091C000C904C904C904C904C904C904C904C90437
:1091D000C904C904C904C904C904C904C904C90427
:1091E000C904C904C904C904C904C904C904C90417
:1091F000C904C904C904C904C904C904C904C90407
:10920000C904C904C904C904C904C904C904C904F6
:10921000C904C904C904C904C904C904C904C904E6
:10922000C904C904E904E904090509050905090592
:10923000E904E904C904C904C904C904C904C90486
:10924000C904C904C904C904C904C904C904C904B6
:10925000C904C904C904C904C904C904C904C904A6
:10926000C904C904C904C904C904C904C904C90496
:10927000C904C904C904C904C904C904C904C90486
:10928000C904C904C904C904C904C904C904C90476
:10929000C904C904C904C904C904C904C904C90466
:1092A000C904A8044C25B79EB69EB69EB79EB79E2D
:1092B000B79EB79EB79EB79EB79EB79EB79EB79E06
:1092C000B79EB79EB79EB79EB79EB79EB79EB79EF6
:1092D000B79EB69EB79E7586EA0CC904C904C90438
:1092E000C904C904C904C904C904C904C904C90416
:1092F000C904C904C904C904C904C904C904C90406
:10930000C904C904C904C904C904C904C904C904F5
:10931000C904A8048F3DFFFFFFFFDFFFFFFFD04D13
:10932000A804C904C904C904C904C904C904C904F6
:10933000C904EA0C9DDFFFFFDEF7FFFF958EA8044E
:10934000C904C904C904C904C904C904C904C904B5
:10935000C904C904C904C904C904C904C904C904A5
:10936000C904C904C904C904C904C904C904C90495
:10937000C904C904C904C904C904C904C904C90485
:10938000C904C904C904C904C904C904C904C90475
:10939000C904C904C904C904C904C904C904C90465
:1093A000C904C904C904C904C904C904E9040905F4
:1093B0000905E9048904280CC80BA80BA80BC80BE5
:1093C000080C8904C90409050905C904C904C904AC
:1093D000C904C904C904C904C904C904C904C90425
:1093E000C904C904C904C904C904C904C904C90415
:1093F000C904C904C904C904C904C904C904C90405
:10940000C904C904C904C904C904C904C904C904F4
:10941000C904C904C904C904C904C904C904C904E4
:10942000C904C904C904C904C904C904C904C904D4
:10943000E904A8048F3DFFFFFFFFFFFFFFFFFFFFD1
:10944000FFFFFFFFFFFFFFFFFFFFFFFFFFFFFFFF2C
:10945000FFFFFFFFFFFFFFFFFFFFFFFFFFFFFFFF1C
:10946000FFFFFFFFFFFFBDEF0A0DC804C904C904D9
:10947000C904C904C904C904C904C904C904C90484
:10948000C904C904C904C904C904C904C904C90474
:10949000C904C904C904C904C904C904C904C90464
:1094A000E904A804AF45FFFFFFFFFFFFFFFFD04D1A
:1094B000A804E904C904C904C904C904C904C90445
:1094C000C904EA0C9DE7FFFFDFFFFFFF958EA804AC
:1094D000E904C904C904C904C904C904C904C90404
:1094E000C904C904C904C904C904C904C904C90414
:1094F000C904C904C904C904C904C904C904C90404
:10950000C904C904C904C904C904C904C904C904F3
:10951000C904C904C904C904C904C904C904C904E3
:10952000C904C904C904C904C904C904C904C904D3
:10953000C904C904C904E9040905090568046713D5
:109540006712A619652985318539A539A53965318F
:10955000653185310622E71A080CC9040905C904DA
:10956000C904C904C904C904C904C904C904C90493
:10957000C904C904C904C904C904C904C904C90483
:10958000C904C904C904C904C904C904C904C90473
:10959000C904C904C904C904C904C904C904C90463
:1095A000C904C904C904C904C904C904C904C90453
:1095B000C904C904C904C904C904C904C904C90443
:1095C000C904A8048E3DDFF7DEF7DEF7DFF7DFF72B
:1095D000DFF7DFF7DFF7DFF7DFF7FFFFFFFFFFFF63
:1095E000FFFFDFFFDFF7DFF7DFF7DFF7DFF7DFF79B
:1095F000DFF7DEF7DFF77CD7EA0CC904C904C9043A
:10960000C904C904C904C904C904C904C904C904F2
:10961000C904C904C904C904C904C904C904C904E2
:10962000C904C904C904C904C904C904C904C904D2
:10963000E904A804AF45FFFFFFFFFFFFFFFFD04D88
:10964000A804E904C904C904C904C904C904C904B3
:10965000C904EA0C9DE7FFFFDFFFFFFF958EA8041A
:10966000E904C904C904C904C904C904C904C90472
:10967000C904C904C904C904C904C904C904C90482
:10968000C904C904C904C904C904C904C904C90472
:10969000C904C904C904C904C904C904C904C90462
:1096A000C904C904C904C904C904C904C904C90452
:1096B000C904C904C904C904C904C904C904C90442
:1096C000C904E9040905A9046713061A6529A44118
:1096D000C46AE483E49C84B503BE03C623C663CE98
:1096E000C3B564942452C428E528A5214713A904CE
:1096F000E904C904C904C904C904C904C904C904E2
:10970000C904C904C904C904C904C904C904C904F1
:10971000C904C904C904C904C904C904C904C904E1
:10972000C904C904C904C904C904C904C904C904D1
:10973000C904C904C904C904C904C904C904C904C1
:10974000C904C904C904C904C904C904C904C904B1
:10975000E904A8048F3DFFFFFFFFFFFFFFFFFFFFAE
:10976000FFFFFFFFFFFFFFFFFFFFFFFFFFFFFFFF09
:10977000FFFFFFFFFFFFFFFFFFFFFFFFFFFFFFFFF9
:10978000FFFFFFFFFFFFBEEF0A0DC804C904C904B5
:10979000C904C904C904C904C904C904C904C90461
:1097A000C904C904C904C904C904C904C904C90451
:1097B000C904C904C904C904C904C904C904C90441
:1097C000E904A804AF45FFFFFFFFFFFFFFFFD04DF7
:1097D000A804E904C904C904C904C904C904C90422
:1097E000C904EA0C9DE7FFFFDFFFFFFF958EA80489
:1097F000E904C904C904C904C904C904C904C904E1
:10980000C904C904C904C904C904C904C904C904F0
:10981000C904C904C904C904C904C904C904C904E0
:10982000C904C904C904C904C904C904C904C904D0
:10983000C904C904C904C904C904C904C904C904C0
:10984000C904C904C904C904C904C904C904E90490
:1098500009058804E712652185412473E49C23C629
:10986000A3CEC3D6A3D683CE83CEC3D643C6649439
:109870000463E55AC66BE66BC66BE65A4531A52113
:10988000080C0905C904C904C904C904C904C904E8
:10989000C904C904C904C904C904C904C904C90460
:1098A000C904C904C904C904C904C904C904C90450
:1098B000C904C904C904C904C904C904C904C90440
:1098C000C904C904C904C904C904C904C904C90430
:1098D000C904C904C904C904C904C904C904C90420
:1098E000C904C8042B1D54765376537653765376A9
:1098F0005376537653763376747EDEEFFFFFFFFFA9
:10990000FFFF5BCF32765476537653765376537699
:1099100053765376547E1266EA04C904C904C90416
:10992000C904C904C904C904C904C904C904C904CF
:10993000C904C904C904C904C904C904C904C904BF
:10994000C904C904C904C904C904C904C904C904AF
:10995000E904A804AF45FFFFFFFFFFFFFFFFD04D65
:10996000A804E904C904C904C904C904C904C90490
:10997000C904EA0C9DE7FFFFDFFFFFFF958EA804F7
:10998000E904C904C904C904C904C904C904C9044F
:10999000C904C904C904C904C904C904C904C9045F
:1099A000C904C904C904C904C904C904C904C9044F
:1099B000C904C904C904C904C904C904C904C9043F
:1099C000C904C904C904C904C904C904C904C9042F
:1099D000C904C904C904C904C904C9040905A904FE
:1099E000E7124521E449248C03BEA3D6A3D683CE37
:1099F00063CE43C643C6A3D663CE04846552465B9A
:109A00002785279E88A6A7AEC8AEE795A652455AD9
:109A10000529471BE904C904C904C904C904C904C8
:109A2000C904C904C904C904C904C904C904C904CE
:109A3000C904C904C904C904C904C904C904C904BE
:109A4000C904C904C904C904C904C904C904C904AE
:109A5000C904C904C904C904C904C904C904C9049E
:109A6000C904C904C904C904C904C904C904C9048E
:109A7000C904C904C90487048704870487048704C8
:109A80008704870487048704C9049DDFFFFFDFF78D
:109A9000FFFFD79E4504A804870487048704870432
:109AA000870487048704A804C904C904C904C90435
:109AB000C904C904C904C904C904C904C904C9043E
:109AC000C904C904C904C904C904C904C904C9042E
:109AD000C904C904C904C904C904C904C904C9041E
:109AE000E904A804AF45FFFFFFFFFFFFFFFFD04DD4
:109AF000A804E904C904C904C904C904C904C904FF
:109B0000C904EA0C9DE7FFFFDFFFFFFF958EA80465
:109B1000E904C904C904C904C904C904C904C904BD
:109B2000C904C904C904C904C904C904C904C904CD
:109B3000C904C904C904C904C904C904C904C904BD
:109B4000C904C904C904C904C904C904C904C904AD
:109B5000C904C904C904C904C904C904C904C9049D
:109B6000C904C904C904C904E904E90467136521E7
:109B7000C449448C43C6C3D683CE43CE43CE63CEC2
:109B800063CE63CEC3D624A58452465BA795A7AE09
:109B900087AE47A647A6279E87AE0653C7A409EF00
:109BA000054AE428C71AE904C904C904C904C90458
:109BB000C904C904C904C904C904C904C904C9043D
:109BC000C904C904C904C904C904C904C904C9042D
:109BD000C904C904C904C904C904C904C904C9041D
:109BE000C904C904C904C904C904C904C904C9040D
:109BF000C904C904C904C904C904C904C904C904FD
:109C0000C904C904C904E904E904E904E904E9044C
:109C1000E904E904E904C9040B159DE7FFFFDFFF30
:109C2000FFFFF8A6A804EA04E904E904E904E9044A
:109C3000E904E904E904E904C904C904C904C9043C
:109C4000C904C904C904C904C904C904C904C904AC
:109C5000C904C904C904C904C904C904C904C9049C
:109C6000C904C904C904C904C904C904C904C9048C
:109C7000E904A804AF45FFFFFFFFFFFFFFFFD04D42
:109C8000A804E904C904C904C904C904C904C9046D
:109C9000C904EA0C9DE7FFFFDFFFFFFF958EA804D4
:109CA000E904C904C904C904C904C904C904C9042C
:109CB000C904C904C904C904C904C904C904C9043C
:109CC000C904C904C904C904C904C904C904C9042C
:109CD000C904C904C904C904C904C904C904C9041C
:109CE000C904C904C904C904C904C904C904C9040C
:109CF000C904C904C9040905680C061A4439C47B9F
:109D000043C6C3D663CE43CE63CE63CE63CE43CECB
:109D100083CE83CEA47B654A2785A7AE67A647A6D8
:109D200047A647A647A687AE0785C662E9EE49FF64
:109D300047B5C5398541C7120905C904C904C90415
:109D4000C904C904C904C904C904C904C904C904AB
:109D5000C904C904C904C904C904C904C904C9049B
:109D6000C904C904C904C904C904C904C904C9048B
:109D7000C904C904C904C904C904C904C904C9047B
:109D8000C904C904C904C904C904C904C904C9046B
:109D9000C904C904C904C904C904C904C904C9045B
:109DA000C904C904C904C9040A159DE7FFFFDFFF00
:109DB000FFFFF8A68704E904C904C904C904C9045B
:109DC000C904C904C904C904C904C904C904C9042B
:109DD000C904C904C904C904C904C904C904C9041B
:109DE000C904C904C904C904C904C904C904C9040B
:109DF000C904C904C904C904C904C904C904C904FB
:109E0000E904A804AF45FFFFFFFFFFFFFFFFD04DB0
:109E1000A804E904C904C904C904C904C904C904DB
:109E2000C904EA0C9DE7FFFFDFFFFFFF958EA80442
:109E3000E904C904C904C904C904C904C904C9049A
:109E4000C904C904C904C904C904C904C904C904AA
:109E5000C904C904C904C904C904C904C904C9049A
:109E6000C904C904C904C904C904C904C904C9048A
:109E7000C904C904C904C904C904C904C904C9047A
:109E8000C904C904090567132521645AA4B5C3D6BA
:109E900063CE43CE63CE63CE63CE63CE43C6A3D63A
:109EA000E3BD8452665B47A687AE47A647A647A692
:109EB00047A647A647A667A6A54A88BD49F7E9EE83
:109EC000E8EE466B678C453967130905C904C90478
:109ED000C904C904C904C904C904C904C904C9041A
:109EE000C904C904C904C904C904C904C904C9040A
:109EF000C904C904C904C904C904C904C904C904FA
:109F0000C904C904C904C904C904C904C904C904E9
:109F1000C904C904C904C904C904C904C904C904D9
:109F2000C904C904C904C904C904C904C904C904C9
:109F3000C904C904C904C9040A159DE7FFFFDFFF6E
:109F4000FFFFF8A68704E904C904C904C904C904C9
:109F5000C904C904C904C904C904C904C904C90499
:109F6000C904C904E904E904C904C904C904C90449
:109F7000C904C904C904E904C904C904C904C90459
:109F8000C904C904C904C904C904C904C904C90469
:109F9000E904A804AF45FFFFFFFFFFFFFFFFD04D1F
:109FA000A804E904C904C904C904C904C904C9044A
:109FB000C904EA0C9DE7FFFFDFFFFFFF958EA804B1
:109FC000E904C904C904C904C904C904C904C90409
:109FD000C904E904E904E904E904E904C904C90479
:109FE000C904C904C904C904C904C904C904C90409
:109FF000C904C904C904C904C904C904C904C904F9
:10A00000C904C904C904C904C904C904C904C904E8
:10A01000E904C904661A2531048483CE83D643CE6D
:10A0200063CE63CE63CE63CE63CE43C6C3D643ADA9
:10A03000254A8774C7AE47A647A647A647A647A6A0
:10A0400047A627A6A8AE4674467349F7E8EEE8EEA1
:10A0500069FF867B289DC89C0521480CE904C9043A
:10A06000C904C904C904C904C904C904C904C90488
:10A07000C904C904C904C904C904C904C904C90478
:10A08000C904C904C904C904C904C904C904C90468
:10A09000C904C904C904C904C904C904C904C90458
:10A0A000C904C904C904C904C904C904C904C90448
:10A0B000C904C904C904C904C904C904C904C90438
:10A0C000C904C904C904C9040A159DE7FFFFDFFFDD
:10A0D000FFFFF8A68704E904C904C904C904C90438
:10A0E000C904C904C904C904C904C904C904C90408
:10A0F000E904C904A804A804C904EA0C0B150B154B
:10A100000A15EA0CC804A704C904E904C904C9046F
:10A11000C904C904C904C904C904C904C904C904D7
:10A12000E904A804AF45FFFFFFFFFFFFFFFFD04D8D
:10A13000A804E904C904C904C904C904C904C904B8
:10A14000C904EA0C9DE7FFFFDFFFFFFF958EA8041F
:10A15000E904C904C904C904C904C904C904C90477
:10A16000C90487048704870487048704A804C904F2
:10A17000C904C904C904C904C904C904C904C90477
:10A18000C904C904C904C904C904C904C904C90467
:10A19000C904C904C904C904C904C904C904090516
:10A1A000680CA621A44944A5C3D663CE63CE63CE72
:10A1B00063CE63CE63CE63CE43C6E3D6A49425427A
:10A1C000678DA7AE27A647A647A647A647A647A6D8
:10A1D00047A667A6079E654A48D629F7E9EEE9EE45
:10A1E00049F747B5A7738AE7A662E619E904C904E7
:10A1F000C904C904C904C904C904C904C904C904F7
:10A20000C904C904C904C904C904C904C904C904E6
:10A21000C904C904C904C904C904C904C904C904D6
:10A22000C904C904C904C904C904C904C904C904C6
:10A23000C904C904C904C904C904C904C904C904B6
:10A24000C904C904C904C904C904C904C904C904A6
:10A25000C904C904C904C9040A159DE7FFFFDFFF4B
:10A26000FFFFF8A68704E904C904C904C904C904A6
:10A27000C904C904C904C904C904C904C904A80497
:10A28000A8042B1D1166B69E3AC79DE7DEF7DEF7E0
:10A29000DEF79CDF18B733762B1DA804C904C90468
:10A2A000C904C904C904C904C904C904C904C90446
:10A2B000E904A804AF45FFFFFFFFFFFFFFFFD04DFC
:10A2C000A804E904C904C904C904C904C904C90427
:10A2D000C904EA0C9DE7FFFFDFFFFFFF958EA8048E
:10A2E000E904C904C904C904C904C904C904A80407
:10A2F0002B1D537653765376337674868F3DC80480
:10A30000C904C904C904C904C904C904C904C904E5
:10A31000C904C904C904C904C904C904C904C904D5
:10A32000C904C904C904C904C904C9040905080C3D
:10A330004521845A03BEA3D643CE63CE63CE63CEFB
:10A3400063CE63CE63CE43CEC3D6448C4542E79DF5
:10A3500087AE27A647A647A647A647A647A647A66D
:10A3600047A6A8AE8663079469FFE8EE09EFE9EE19
:10A3700049F7C8C506636AE709BE4539870B090571
:10A38000C904C904C904C904C904C904C904C90465
:10A39000C904C904C904C904C904C904C904C90455
:10A3A000C904C904C904C904C904C904C904C90445
:10A3B000C904C904C904C904C904C904C904C90435
:10A3C000C904C904C904C904C904C904C904C90425
:10A3D000C904C904C904C904C904C904C904C90415
:10A3E000C904C904C904C9040A159DE7FFFFDFFFBA
:10A3F000FFFFF8A68704E904C904C904C904C90415
:10A40000C904C904C904C904C904C904C9046D350F
:10A41000D79EDEEFFFFFFFFFFFFFFFFFFFFFFFFF06
:10A42000FFFFFFFFFFFFFFFFBDE71266A804C9049F
:10A43000C904C904C904C904C904C904C904C904B4
:10A44000E904A804AF45FFFFFFFFFFFFFFFFD04D6A
:10A45000A804E904C904C904C904C904C904C90495
:10A46000C904EA0C9DE7FFFFDFFFFFFF958EA804FC
:10A47000E904C904C904C904C904C904C904EA0C2B
:10A480005BC7FFFFFFFFFFFFFFFF9CDF2C25C90419
:10A49000C904C904C904C904C904C904C904C90454
:10A4A000C904C904C904C904C904C904C904C90444
:10A4B000C904C904C904C904C9040905C813252964
:10A4C000246B83CE83CE43CE63CE63CE63CE63CE86
:10A4D00063CE63CE43CEC3DE0484664A279E87A63E
:10A4E00047A647A647A647A647A647A647A647A604
:10A4F00087A6878D8652C9E609EFE9EEE9EEE9EE17
:10A5000029F7E8CDC65A0AD74ADFA77BA519E9047F
:10A51000C904C904C904C904C904C904C904C904D3
:10A52000C904C904C904C904C904C904C904C904C3
:10A53000C904C904C904C904C904C904C904C904B3
:10A54000C904C904C904C904C904C904C904C904A3
:10A55000C904C904C904C904C904C904C904C90493
:10A56000C904C904C904C904C904C904C904C90483
:10A57000C904C904C904C9040A159DE7FFFFDFFF28
:10A58000FFFFF8A68704E904C904C904C904C90483
:10A59000C904C904C904C904C904A8048E3DDFF76D
:10A5A000FFFFFFFFDFF7FFFFFFFFFFFFFFFFFFFFE3
:10A5B000FFFFFFFFDFFFFFFFFFFFFFFF547EA80449
:10A5C000C904C904C904C904C904C904C904C90423
:10A5D000E904A804AF45FFFFFFFFFFFFFFFFD04DD9
:10A5E000A804E904C904C904C904C904C904C90404
:10A5F000C904EA0C9DE7FFFFDFFFFFFF958EA8046B
:10A60000E904C904C904C904C904C904C90419B7BF
:10A61000FFFFDFF7DFF7FFFF5BCF0A15A804C904D0
:10A62000C904C904C904C904C904C904C904C904C2
:10A63000C904C904C904C904C904C904C904C904B2
:10A64000C904C904C904C904090587130529A47BE1
:10A65000A3D663CE43CE63CE63CE63CE63CE63CE4A
:10A6600063CE43C6C3D60484864A47A667A647A6D8
:10A6700047A647A647A647A647A647A647A647A672
:10A68000A7AEE652E7AC69FFE8EE09EFE9EEE9EEC6
:10A6900029F708CEC65A0AD72ADF29BE6539A80B82
:10A6A0000905C904C904C904C904C904C904C90401
:10A6B000C904C904C904C904C904C904C904C90432
:10A6C000C904C904C904C904C904C904C904C90422
:10A6D000C904C904C904C904C904C904C904C90412
:10A6E000C904C904C904C904C904C904C904C90402
:10A6F000C904C904C904C904C904C904C904C904F2
:10A70000C904C904C904C9040A159DE7FFFFDFFF96
:10A71000FFFFF8A68704E904C904C904C904C904F1
:10A72000C904C904C904C904E9048804D04DFFFF61
:10A73000DEF7FFFFFFFFDFF75BCFD7A6B696B69633
:10A7400019B7DEEFFFFFFFFFFFFFFFFFFFFFAF4582
:10A75000A804C904C904C904C904C904C904C904B2
:10A76000E904A804AF45FFFFFFFFFFFFFFFFD04D47
:10A77000A804E904C904C904C904C904C904C90472
:10A78000C904EA0C9DE7FFFFDFFFFFFF958EA804D9
:10A79000E904C904C904C904C904A804D79EFFFF79
:10A7A000DFFFFFFFFFFF9CDF2B1DA804E904C904A6
:10A7B000C904C904C904C904C904C904C904C90431
:10A7C000C904C904C904C904C904C904C904C90421
:10A7D000C904C904C904090587130529E483C3D63C
:10A7E00063CE63CE63CE63CE63CE63CE63CE63CEE1
:10A7F00043C6C3D6448C654A47A667A647A647A664
:10A8000047A647A647A647A647A647A647A6A7AE78
:10A81000C67CE66229F7E9EEE9EEE9EE09EFE9EE3A
:10A8200029F708CEC65A0ADFE9D64ADFE66A261AB1
:10A830000905C904C904C904C904C904C904C9046F
:10A84000C904C904C904C904C904C904C904C904A0
:10A85000C904C904C904C904C904C904C904C90490
:10A86000C904C904C904C904C904C904C904C90480
:10A87000C904C904C904C904C904C904C904C90470
:10A88000C904C904C904C904C904C904C904C90460
:10A89000C904C904C904C9040A159DE7FFFFDFFF05
:10A8A000FFFFF8A68704E904C904C904C904C90460
:10A8B000C904C904C904C904C904A804AF4DFFFFF1
:10A8C000FFFF5BCF336E4C25C904A804A804A8047D
:10A8D000C8042B25F8AEFFFFFFFFFFFFFFFF3ABFC5
:10A8E000C904C904C904C904C904C904C904C90400
:10A8F000E904A804AF45FFFFFFFFFFFFFFFFD04DB6
:10A90000A804E904C904C904C904C904C904C904E0
:10A91000C904EA0C9DE7FFFFDFFFFFFF958EA80447
:10A92000E904C904C904C904A8047586FFFFFFFF30
:10A93000FFFFFFFFBDE74C25A804E904C904C904D3
:10A94000C904C904C904C904C904C904C904C9049F
:10A95000C904C904C904C904C904C904C904C9048F
:10A96000C904C9040905A81305290484C3D663CE04
:10A9700063CE63CE63CE63CE63CE63CE63CE43C677
:10A98000C3D6A49C4542279E67A647A647A647A6CE
:10A9900047A647A647A647A647A647A647A667A62F
:10A9A000854AA8C549F7E8EE09EFE9EE09EFE9EEB7
:10A9B00029F7E8CDC65A2ADFCAD64ADF08A54521BD
:10A9C0008904E904C904C904C904C904C904C9043F
:10A9D000C904C904C904C904C904C904C904C9040F
:10A9E000C904C904C904C904C904C904C904C904FF
:10A9F000C904C904C904C904C904C904C904C904EF
:10AA0000C904C904C904C904C904C904C904C904DE
:10AA1000C904C904C904C904C904C904C904C904CE
:10AA2000C904C904C904C9040A159DE7FFFFDFFF73
:10AA3000FFFFF8A68704E904C904C904C904C904CE
:10AA4000C904C904C904C904E9048704D055DEEF68
:10AA50001266C904A804C804C904C904E904E904C5
:10AA6000C904A804C9043AC7FFFFFFFFFFFFFFFFA7
:10AA70004D2DA804C904C904C904C904C904C904E2
:10AA8000E904A804AF45FFFFFFFFFFFFFFFFD04D24
:10AA9000A804E904C904C904C904C904C904C9044F
:10AAA000C904EA0C9DE7FFFFDFFFFFFF958EA804B6
:10AAB000E904C904E904A804326EFFFFFFFFFFFFA9
:10AAC000FFFFBEEF6D35A804E904C904C904C90439
:10AAD000C904C904C904C904C904C904C904C9040E
:10AAE000C904C904C904C904C904C904C904C904FE
:10AAF000C9040905E80B0529C47BC3D643CE63CE40
:10AB000063CE63CE63CE63CE63CE63CE43C6A3D69D
:10AB100024A52542E79587A647A647A647A647A6A8
:10AB200047A647A647A647A647A627A6A8AE066CEF
:10AB3000867B69FFE8EE09EFE9EE09EF09EFE9EE40
:10AB400049F7C8C506632ADFEAD60ADF69C6A54108
:10AB5000870B0905C904C904C904C904C904C90487
:10AB6000C904C904C904C904C904C904C904C9047D
:10AB7000C904C904C904C904C904C904C904C9046D
:10AB8000C904C904C904C904C904C904C904C9045D
:10AB9000C904C904C904C904C904C904C904C9044D
:10ABA000C904C904C904C904C904C904C904C9043D
:10ABB000C904C904C904C9040A159DE7FFFFDFFFE2
:10ABC000FFFFF8A68704E904C904C904C904C9043D
:10ABD000C904C904C904C904C904A8044D2D6D2DB4
:10ABE0008704C904E904C904C904C904C904C9041F
:10ABF000C904E904A804D04DFFFFFFFFFFFFFFFFDA
:10AC00001266A804E904C904C904C904C904C90432
:10AC1000E904A804AF45FFFFFFFFFFFFFFFFD04D92
:10AC2000A804E904C904C904C904C904C904C904BD
:10AC3000C904EA0C9DE7FFFFDFFFFFFF958EA80424
:10AC4000C904E904A704D055FFFFFFFFFFFFFFFF82
:10AC5000DEF78E3DA804E904C904C904C904C90487
:10AC6000C904C904C904C904C904C904C904C9047C
:10AC7000C904C904C904C904C904C904C904C9046C
:10AC8000E904480C25216473A3D663CE63CE63CE5A
:10AC900063CE63CE63CE63CE63CE43CEA3D6C3BDB5
:10ACA000254A678D87AE27A647A647A647A647A68B
:10ACB00047A647A647A647A647A667A6E79D654AB3
:10ACC00068DE29F7E9EEE9EE09EF09EF09EFE9EEB1
:10ACD00049F7A8C5676B4ADFEAD6E9D64ADFC662FC
:10ACE00086120905C904C904C904C904C904C904F0
:10ACF000C904C904C904C904C904C904C904C904EC
:10AD0000C904C904C904C904C904C904C904C904DB
:10AD1000C904C904C904C904C904C904C904C904CB
:10AD2000C904C904C904C904C904C904C904C904BB
:10AD3000C904C904C904C904C904C904C904C904AB
:10AD4000C904C904C904C9040A159DE7FFFFDFFF50
:10AD5000FFFFF8A68704E904C904C904C904C904AB
:10AD6000C904C904C904C904C904C904C804A8049D
:10AD7000E904C904C904C904C904C904C904C9044B
:10AD8000C904C904C9040B15BEEFFFFFDFFFFFFFB5
:10AD9000958E8704C904C904C904C904C904C90437
:10ADA000E904A804AF45FFFFFFFFFFFFFFFFD04D01
:10ADB000A804E904C904C904C904C904C904C9042C
:10ADC000C904EA0C9DE7FFFFDFFFFFFF958E8704B4
:10ADD000EA04A8048E3DDFF7FFFFFFFFFFFFDFF768
:10ADE000AF45A804E904C904C904C904C904C904D5
:10ADF000C904C904C904C904C904C904C904C904EB
:10AE0000C904C904C904C904C904C904C904E904BA
:10AE1000A9046521C46283CE63CE63CE63CE63CEC4
:10AE200063CE63CE63CE63CE43CE83CE43C6444A65
:10AE3000E77CA7AE27A647A647A647A647A647A6EC
:10AE400047A647A647A647A627A6A8AE465B4794AF
:10AE500069FFE8EE09EFE9EE09EF09EFE9EEE9EE47
:10AE600049F7E7AC077C4AE7EAD6EAD64ADF078427
:10AE7000C519E904C904C904C904C904C904C90439
:10AE8000C904C904C904C904C904C904C904C9045A
:10AE9000C904C904C904C904C904C904C904C9044A
:10AEA000C904C904C904C904C904C904C904C9043A
:10AEB000C904C904C904C904C904C904C904C9042A
:10AEC000C904C904C904C904C904C904C904C9041A
:10AED000C904C904C904C9040A159DE7FFFFDFFFBF
:10AEE000FFFFF8A68704E904C904C904C904C9041A
:10AEF000C904C904C904C904C904C904C904C904EA
:10AF0000C904C904C904C904C904E904E904E90479
:10AF1000C904C904C904A8045BCFFFFFDFF7FFFF22
:10AF2000D7A6A804E904C904C904C904C904C9040A
:10AF3000E904A804AF45FFFFFFFFFFFFFFFFD04D6F
:10AF4000A804E904C904C904C904C904C904C9049A
:10AF5000C904EA0C9DE7FFFFDFFFFFFF958EA80401
:10AF6000A8044D2DBEEFFFFFFFFFFFFFFFFFD055F1
:10AF7000A704E904C904C904C904C904C904C9046B
:10AF8000C904C904C904C904C904C904C904C90459
:10AF9000C904C904C904C904C904C904C904E90429
:10AFA000061A045243C683CE63CE63CE63CE63CE0D
:10AFB00063CE63CE63CE63CE63CEA3D6C45A066C93
:10AFC000C7AE27A647A647A647A647A647A647A6B1
:10AFD00047A647A647A647A687AE478D865AE9EEFD
:10AFE00009EFE9EEE9EE09EF09EF09EF09EFE9EE04
:10AFF00069FF867BC8946AE7EAD6EAD64ADF48A5A5
:10B0000065218904E904C904C904C904C904C9043F
:10B01000C904C904C904C904C904C904C904C904C8
:10B02000C904C904C904C904C904C904C904C904B8
:10B03000C904C904C904C904C904C904C904C904A8
:10B04000C904C904C904C904C904C904C904C90498
:10B05000C904C904C904C904C904C904C904C90488
:10B06000C904C904C904C9040A159DE7FFFFDFFF2D
:10B07000FFFFF8A68704E904C904C904C904C90488
:10B08000C904C904C904C904C904C904C904C90458
:10B09000C904E904C904C904C804A804A7048704AE
:10B0A000A804E9040A0D4C257BD7FFFFDFFFFFFF53
:10B0B000F8A6A804E904C904C904C904C904C90458
:10B0C000E904A804AF45FFFFFFFFFFFFFFFFD04DDE
:10B0D000A804E904C904C904C904C904C904C90409
:10B0E000C904EA0C9DE7FFFFDFFFFFFF9696870488
:10B0F0002B1D9CDFFFFFDFFFFFFFFFFFF15D8804DB
:10B10000E904C904C904C904C904C904C904C904B7
:10B11000C904C904C904C904C904C904C904C904C7
:10B12000C904C904C904C904C904C9040905C71A62
:10B130006439C4B5A3D643CE63CE63CE63CE63CEAB
:10B1400063CE63CE63CE43C6C3D6A47B465BA7AEB5
:10B1500047A647A647A647A647A647A647A647A687
:10B1600047A647A647A647A687AEC55227B549FFBB
:10B17000E8EE09EFE9EE09EF09EF09EFE9EEE8EE95
:10B1800049FF467368A54ADFEAD6EAD62ADF09BE38
:10B190006531080CE904C904C904C904C904C90417
:10B1A000C904C904C904C904C904C904C904C90437
:10B1B000C904C904C904C904C904C904C904C90427
:10B1C000C904C904C904C904C904C904C904C90417
:10B1D000C904C904C904C904C904C904C904C90407
:10B1E000C904C904C904C904C904C904C904C904F7
:10B1F000C904C904C904C9040A159DE7FFFFDFFF9C
:10B20000FFFFF8A68704E904C904C904C904C904F6
:10B21000C904C904C904C904C904C904C904E904A6
:10B22000C904A804A804EA0C4C25AF4D326E958ED3
:10B23000F8AE5BC7BDEFFFFFFFFFFFFFDFFFFFFFC4
:10B24000D8AEA804E904C904C904C904C904C904DE
:10B25000E904A804AF45FFFFFFFFFFFFFFFFD04D4C
:10B26000A804E904C904C904C904C904C904C90477
:10B27000C904EA0C9DE7FFFFDFF7FFFF7586A8040E
:10B280005BCFFFFFDFFFFFFFFFFF126EA804E904A3
:10B29000C904C904C904C904C904C904C904C90446
:10B2A000C904C904C904C904C904C904C904C90436
:10B2B000C904C904C904C904C9040905C81305316E
:10B2C000E49CA3D643CE63CE63CE63CE63CE63CE7F
:10B2D00063CE63CE43C6C3D6C49C654A67A647A661
:10B2E00047A647A647A647A647A647A647A647A6F6
:10B2F00047A647A647A6A7AEA67C066B49F7E9EE88
:10B30000E9EEE9EE09EF09EF09EF09EFE9EE09EFE0
:10B31000C8E6066B49C60ADFE9D6EAD60ADF89C65F
:10B32000C541A80B0905C904C904C904C904C90455
:10B33000C904C904C904C904C904C904C904C904A5
:10B34000C904C904C904C904C904C904C904C90495
:10B35000C904C904C904C904C904C904C904C90485
:10B36000C904C904C904C904C904C904C904C90475
:10B37000C904C904C904C904C904C904C904C90465
:10B38000C904C904C904C9040A159DE7FFFFDFFF0A
:10B39000FFFFF8A68704E904C904C904C904C90465
:10B3A000C904C904C904C904C904C904C904A80456
:10B3B0000A151266F8AE9DE7DFFFFFFFFFFFFFFFF4
:10B3C000FFFFFFFFFFFFFFFFFFFFFFFFDFFFFFFFAD
:10B3D000D8A6A804E904C904C904C904C904C90455
:10B3E000E904A804AF45FFFFFFFFFFFFFFFFD04DBB
:10B3F000A804E904C904C904C904C904C904C904E6
:10B40000C904EA0C9DE7FFFFDFFFFFFF9696D79E7A
:10B41000FFFFDFFFFFFFFFFF5376A804E904C90425
:10B42000C904C904C904C904C904C904C904C904B4
:10B43000C904C904C904C904C904C904C904C904A4
:10B44000C904C904C904C904E90488044521847BEA
:10B45000C3D643CE63CE63CE63CE63CE63CE63CE1C
:10B4600063CE43CE83CEC3BD254AA79587A647A604
:10B4700047A647A647A647A647A647A647A647A664
:10B4800047A647A647A647A6854AE8CD29F7E9EE8D
:10B4900009EF09EF09EF09EF09EFE9EEE8EE29F707
:10B4A000E8CDC65A2ADFE9D6EAD6EAD60AD7C9CE07
:10B4B0000552470B0905C904C904C904C904C904D4
:10B4C000C904C904C904C904C904C904C904C90414
:10B4D000C904C904C904C904C904C904C904C90404
:10B4E000C904C904C904C904C904C904C904C904F4
:10B4F000C904C904C904C904C904C904C904C904E4
:10B50000C904C904C904C904C904C904C904C904D3
:10B51000C904C904C904C9040A159DE7FFFFDFFF78
:10B52000FFFFF8A68704E904C904C904C904C904D3
:10B53000C904C904C904C904C904C904A804126619
:10B540009DDFFFFFFFFFFFFFFFFFFFFFFFFFFFFF8D
:10B55000FFFFFFFFFFFFFFFFFFFFFFFFFFFFFFFFFB
:10B56000F8AEA804E904C904C904C904C904C9049B
:10B57000E904A804AF45FFFFFFFFFFFFFFFFD04D29
:10B58000A804E904C904C904C904C904C904C90454
:10B59000C904EA0C9DE7FFFFFFFFFFFFDFFFFFFF8E
:10B5A000FFFFDFFFFFFF96968704E904C904C90483
:10B5B000C904C904C904C904C904C904C904C90423
:10B5C000C904C904C904C904C904C904C904C90413
:10B5D000C904C904C904C904E904261A245263CE63
:10B5E00063CE63CE63CE63CE63CE63CE63CE63CED3
:10B5F00063CE63CE83CEA45AA77CA7AE27A647A668
:10B6000047A647A647A647A647A647A647A647A6D2
:10B6100047A627A6A8AEE66BC68369FFE8EE09EF4A
:10B62000E9EE09EF09EF09EF09EF09EFE9EE49F754
:10B6300007ADC77B4ADFEAD60AD7EAD6EAD60AD7E9
:10B64000665AE70A0905C904C904C904C904C9043A
:10B65000C904C904C904C904C904C904C904C90482
:10B66000C904C904C904C904C904C904C904C90472
:10B67000C904C904C904C904C904C904C904C90462
:10B68000C904C904C904C904C904C904C904C90452
:10B69000C904C904C904C904C904C904C904C90442
:10B6A000C904C904C904C9040A159DE7FFFFDFFFE7
:10B6B000FFFFF8A68704E904C904C904C904C90442
:10B6C000C904C904C904C904C904C804B696FFFF63
:10B6D000FFFFDFFFFFFFFFFFFFFFDEF7BDE75BCFF1
:10B6E000F8AE958E326EAF4D5BCFFFFFDFFFFFFFF1
:10B6F000F8AEA804E904C904C904C904C904C9040A
:10B70000E904A804AF45FFFFFFFFFFFFFFFFD04D97
:10B71000A804E904C904C904C904C904C904C904C2
:10B72000C904EA0C9DE7FFFFFFFFFFFFBEEFFFFF2D
:10B73000FFFFFFFFFFFF7BCF2C25A804E904C9040E
:10B74000C904C904C904C904C904C904C904C90491
:10B75000C904C904C904C904C904C904C904C90481
:10B76000C904C904C90409056713453184ADA3D6CA
:10B7700063CE63CE63CE63CE63CE63CE63CE63CE41
:10B7800043C6C3D6C47B465BA7AE27A647A647A63B
:10B7900047A647A647A647A647A647A647A647A641
:10B7A00047A667A6C795655288E609EFE9EEE9EE78
:10B7B00009EF09EF09EF09EF09EFE9EEC8EE69FFBC
:10B7C000667BE89C6AE7EAD6EAD6EAD6E9D62ADFBB
:10B7D000865AC7120905C904C904C904C904C904A1
:10B7E000C904C904C904C904C904C904C904C904F1
:10B7F000C904C904C904C904C904C904C904C904E1
:10B80000C904C904C904C904C904C904C904C904D0
:10B81000C904C904C904C904C904C904C904C904C0
:10B82000C904C904C904C904C904C904C904C904B0
:10B83000C904C904C904C9040A159DE7FFFFDFFF55
:10B84000FFFFF8A68704E904C904C904C904C904B0
:10B85000C904C904C904C904A8045376FFFFDFFF63
:10B86000FFFFFFFFFFFFD7A6F15D4D2DEA0CC904D6
:10B87000C804A804870487043ABFFFFFDFF7FFFF6F
:10B88000F8AEA804E904C904C904C904C904C90478
:10B89000E904A804AF45FFFFFFFFFFFFFFFFD04D06
:10B8A000A804E904C904C904C904C904C904C90431
:10B8B000C904EA0C9DE7FFFFDFFFFFFF958E958629
:10B8C000FFFFFFFFFFFFFFFF7BD70B15A804C90495
:10B8D000C904C904C904C904C904C904C904C90400
:10B8E000C904C904C904C904C904C904C904C904F0
:10B8F000C904C904E90488044521E483C3D643CEBE
:10B9000063CE63CE63CE63CE63CE63CE63CE43CECF
:10B91000A3D623AD454A47A647A647A647A647A6AE
:10B9200047A647A647A647A647A647A647A647A6AF
:10B9300047A6A8AE265B679C69FFE8EE09EFE9EE33
:10B9400009EF09EF09EF09EF09EFE9EEE9EEE8EE9B
:10B95000066B29BE2ADFE9D60AD7EAD6EAD64ADF3D
:10B96000A662A6120905C904C904C904C904C90408
:10B97000C904C904C904C904C904C904C904C9045F
:10B98000C904C904C904C904C904C904C904C9044F
:10B99000C904C904C904C904C904C904C904C9043F
:10B9A000C904C904C904C904C904C904C904C9042F
:10B9B000C904C904C904C904C904C904C904C9041F
:10B9C000C904C904C904C9040A159DE7FFFFDFFFC4
:10B9D000FFFFF8A68704E904C904C904C904C9041F
:10B9E000C904C904C904C8042B1DDEEFFFFFFFFF13
:10B9F000FFFF9DDF6D35A804A804C804C904C9046D
:10BA0000C904E904E904C9043AC7FFFFDFFFFFFFE7
:10BA1000F8AEA804E904C904C904C904C904C904E6
:10BA2000E904A804AF45FFFFFFFFFFFFFFFFD04D74
:10BA3000A804E904C904C904C904C904C904C9049F
:10BA4000C904EA0C9DE7FFFFDFF7FFFF958E87042F
:10BA500019B7FFFFFFFFDFFFFFFF5AC7EA0CA8047B
:10BA6000C904C904C904C904C904C904C904C9046E
:10BA7000C904C904C904C904C904C904C904C9045E
:10BA8000C904C9040905661A045263C663CE63CEAD
:10BA900063CE63CE63CE63CE63CE63CE63CE63CE1E
:10BAA00043CE6552278587AE47A647A647A647A639
:10BAB00047A647A647A647A647A647A647A647A61E
:10BAC00087AE2785A65A09EFE9EEE9EEE9EE09EF20
:10BAD00009EF09EF09EF09EFE9EEE9EE29F7E8CD03
:10BAE000E65A2ADFE9D6EAD60AD7EAD6EAD64ADF04
:10BAF000A662A7120905C904C904C904C904C90476
:10BB0000C904C904C904C904C904C904C904C904CD
:10BB1000C904C904C904C904C904C904C904C904BD
:10BB2000C904C904C904C904C904C904C904C904AD
:10BB3000C904C904C904C904C904C904C904C9049D
:10BB4000C904C904C904C904C904C904C904C9048D
:10BB5000C904C904C904C9040A159DE7FFFFDFFF32
:10BB6000FFFFF8A68704E904C904C904C904C9048D
:10BB7000C904C904C90487041266FFFFDFFFFFFF81
:10BB8000FFFFAF4D8704E904E904C904C904C904EF
:10BB9000C904C904C904C9045BCFFFFFDFF7FFFF75
:10BBA000F8AEA804E904C904C904C904C904C90455
:10BBB000E904A804AF45FFFFFFFFFFFFFFFFD04DE3
:10BBC000A804E904C904C904C904C904C904C9040E
:10BBD000C904EA0C9DE7FFFFDFFFFFFF968E870495
:10BBE000EA0C5BC7FFFFFFFFDFFFFFFF3ABFE90C77
:10BBF000C804C904C904C904C904C904C904C904DE
:10BC0000C904C904C904C904C904C904C904C904CC
:10BC1000C9040905E80B253104A5A3D643CE63CE9C
:10BC200063CE63CE63CE63CE63CE63CE43C6C3D64C
:10BC30008473A663C7AE27A647A647A647A647A60E
:10BC400047A647A647A647A647A647A647A647A68C
:10BC500087A6A54A48BD49F7E8EE09EFE9EE09EFE6
:10BC600009EF09EF09EF09EF09EFE8EE69FF4794E3
:10BC700047846AE7EAD60AD70AD7EAD6E9D62ADF9E
:10BC8000865AC70A0905C904C904C904C904C904F4
:10BC9000C904C904C904C904C904C904C904C9043C
:10BCA000C904C904C904C904C904C904C904C9042C
:10BCB000C904C904C904C904C904C904C904C9041C
:10BCC000C904C904C904C904C904C904C904C9040C
:10BCD000C904C904C904C904C904C904C904C904FC
:10BCE000C904C904C904C9040A159DE7FFFFDFFFA1
:10BCF000FFFFF8A68704E904C904C904C904C904FC
:10BD0000C904C904C904A804D79EFFFFDFFFFFFFD1
:10BD10007CDFEA04C904C904C904C904C904C9040C
:10BD2000C904C904C904EA0CBDE7FFFFDFFFFFFF38
:10BD3000F8AEA804E904C904C904C904C904C904C3
:10BD4000E904A804AF45FFFFFFFFFFFFFFFFD04D51
:10BD5000A804E904C904C904C904C904C904C9047C
:10BD6000C904EA0C9DE7FFFFDFFFFFFF958EA804E3
:10BD7000C9040B1D9CDFFFFFFFFFDFFFFFFF19B7AB
:10BD8000C904C904C904C904C904C904C904C9044B
:10BD9000C904C904C904C904C904C904C904C9043B
:10BDA000C904E904C619046BA3D643C663CE63CEA7
:10BDB00063CE63CE63CE63CE63CE43CEA3D623A53C
:10BDC000654A47A647A647A647A647A647A647A649
:10BDD00047A647A647A647A647A647A647A6A8AE92
:10BDE0006674267349F7E8EEE9EEE9EE09EF09EF2C
:10BDF00009EF09EF09EF09EFE9EEE9EE29F7066B24
:10BE0000C9AD4ADFE9D6EAD60AD7EAD6EAD60AD7D2
:10BE1000465A070B0905C904C904C904C904C90461
:10BE2000C904C904C904C904C904C904C904C904AA
:10BE3000C904C904C904C904C904C904C904C9049A
:10BE4000C904C904C904C904C904C904C904C9048A
:10BE5000C904C904C904C904C904C904C904C9047A
:10BE6000C904C904C904C904C904C904C904C9046A
:10BE7000C904C904C904C9040A159DE7FFFFDFFF0F
:10BE8000FFFFF8A68704E904C904C904C904C9046A
:10BE9000C904C904C904A80419BFFFFFDFF7FFFFE5
:10BEA00019BFC904C904C904C904C904C904C9041F
:10BEB000C904C904A804AF4DFFFFFFFFFFFFFFFF48
:10BEC000F8AEA804E904C904C904C904C904C90432
:10BED000E904A804AF45FFFFFFFFFFFFFFFFD04DC0
:10BEE000A804E904C904C904C904C904C904C904EB
:10BEF000C904EA0C9DE7FFFFDFFFFFFF958E870473
:10BF0000EA04A8044C2DBDEFFFFFFFFFDFFFFFFF9A
:10BF1000F8A6C804C904C904C904C904C904C904E9
:10BF2000C904C904C904C904C904C904C904C904A9
:10BF3000090567136539C4B583CE43CE63CE63CE9E
:10BF400063CE63CE63CE63CE63CE63CE63CE6452E4
:10BF5000078587AE47A647A647A647A647A647A692
:10BF600047A647A647A647A647A647A667A6279E71
:10BF7000654A08D629F7E9EE09EF09EF09EF09EF5D
:10BF800009EF09EF09EFE9EEE8EE29F708CEC65A06
:10BF90000AD7EAD6EAD60AD70AD7EAD60AD7C9CE46
:10BFA0000552470B0905C904C904C904C904C904D9
:10BFB000C904C904C904C904C904C904C904C90419
:10BFC000C904C904C904C904C904C904C904C90409
:10BFD000C904C904C904C904C904C904C904C904F9
:10BFE000C904C904C904C904C904C904C904C904E9
:10BFF000C904C904C904C904C904C904C904C904D9
:10C00000C904C904C904C9040A159DE7FFFFDFFF7D
:10C01000FFFFF8A68704E904C904C904C904C904D8
:10C02000C904C904C904A80439BFFFFFDFFFFFFF2B
:10C030005BCFC904C904C904C904C904C904C9043B
:10C04000C904C904A80419B7FFFFFFFFDFFFFFFF02
:10C05000F8AEA804E904C904C904C904C904C904A0
:10C06000E904A804AF45FFFFFFFFFFFFFFFFD04D2E
:10C07000A804E904C904C904C904C904C904C90459
:10C08000C904EA0C9DE7FFFFDFFFFFFF958EA804C0
:10C09000C904E904A8048E3DDEF7FFFFFFFFFFFFA0
:10C0A000FFFFB69EA804C904C904C904C904C90491
:10C0B000C904C904C904C904C904C904C904C90418
:10C0C000C9048621847BC3D643C663CE63CE63CEC8
:10C0D00063CE63CE63CE63CE43CEC3D6E483665BCA
:10C0E000A7AE27A647A647A647A647A647A647A6A0
:10C0F00047A647A647A647A647A647A6C8AEA66333
:10C10000E68B69FFE8EE09EFE9EE09EF09EF09EFC9
:10C1100009EF09EF09EF09EFE8EE69FF679C078473
:10C120006AE7E9D60AD70AD70AD7EAD60ADF89C664
:10C13000C541A80B0905C904C904C904C904C90437
:10C14000C904C904C904C904C904C904C904C90487
:10C15000C904C904C904C904C904C904C904C90477
:10C16000C904C904C904C904C904C904C904C90467
:10C17000C904C904C904C904C904C904C904C90457
:10C18000C904C904C904C904C904C904C904C90447
:10C19000C904C904C904C9040A159DE7FFFFDFFFEC
:10C1A000FFFFF8A68704E904C904C904C904C90447
:10C1B000C904C904C904A804D7A6FFFFFFFFFFFFF5
:10C1C000DFF76D2DA804E904C904C904C904E90412
:10C1D000C90487043376FFFFFFFFFFFFDFFFFFFF88
:10C1E000F8AEA804E904C904C904C904C904C9040F
:10C1F000E904A804AF45FFFFFFFFFFFFFFFFD04D9D
:10C20000A804E904C904C904C904C904C904C904C7
:10C21000C904EA0C9DE7FFFFDFFFFFFF958EA8042E
:10C22000E904C904E904A804D055FFFFFFFFFFFF9C
:10C23000DFFFFFFF958EA804C904C904C904C9041F
:10C24000C904C904C904C904C904C904C904090545
:10C2500047138539E3BD83CE63CE63CE63CE63CE11
:10C2600063CE63CE63CE63CE83CEA3B5654A079E0D
:10C2700067A647A647A647A647A647A647A647A636
:10C2800047A647A647A647A647A687A6A7956552ED
:10C29000A8E609EFE9EEE9EE09EF09EF09EF09EF8A
:10C2A00009EF09EFE9EEE9EEE9EE09F7E662C9B553
:10C2B0002ADFE9D6EAD60AD70AD7EAD62ADF29BE84
:10C2C0006531080C0905C904C904C904C904C904B5
:10C2D000C904C904C904C904C904C904C904C904F6
:10C2E000C904C904C904C904C904C904C904C904E6
:10C2F000C904C904C904C904C904C904C904C904D6
:10C30000C904C904C904C904C904C904C904C904C5
:10C31000C904C904C904C904C904C904C904C904B5
:10C32000C904C904C904C9040A159DE7FFFFDFFF5A
:10C33000FFFFF8A68704E904C904C904C904C904B5
:10C34000C904C904E904A704336EFFFFDFFFFFFF40
:10C35000FFFF3AC70A158704A804A804A8048704A5
:10C36000C9045376FFFFFFFFFFFFFFFFFFFFFFFF43
:10C37000F8AEA804E904C904C904C904C904C9047D
:10C38000E904A804AF45FFFFFFFFFFFFFFFFD04D0B
:10C39000A804E904C904C904C904C904C904C90436
:10C3A000C904EA0C9DE7FFFFDFFFFFFF958EA8049D
:10C3B000E904C904C904E904A804326EFFFFFFFFC1
:10C3C000FFFFFFFFFFFF747EA804C904C904C9046E
:10C3D000C904C904C904C904C904C904C904C904F5
:10C3E0008621A47BC3D643C663CE63CE63CE63CE21
:10C3F00063CE63CE63CE43CEA3D604636774A7AE89
:10C4000047A647A647A647A647A647A647A647A6C4
:10C4100047A647A647A647A647A6A8AE0653A7A481
:10C4200069FFE8EE09EFE9EE09EF09EF09EF09EF1F
:10C4300009EF09EF09EFE8EE29F7C8C506632ADF1F
:10C44000EAD6EAD60AD70AD7EAD6EAD64ADF88ADCC
:10C4500065216804E904C904C904C904C904C904FC
:10C46000C904C904C904C904C904C904C904C90464
:10C47000C904C904C904C904C904C904C904C90454
:10C48000C904C904C904C904C904C904C904C90444
:10C49000C904C904C904C904C904C904C904C90434
:10C4A000C904C904C904C904C904C904C904C90424
:10C4B000C904C904C904C9040A159DE7FFFFDFFFC9
:10C4C000FFFFF8A68704E904C904C904C904C90424
:10C4D000C904C904C904A8042C25DEF7FFFFFFFF27
:10C4E000FFFFFFFF9CDF33768E354C258E3D326E8D
:10C4F0005AC7FFFFFFFF19BF3AC7FFFFDFFFFFFF6C
:10C50000F8AEA804E904C904C904C904C904C904EB
:10C51000E904A804AF45FFFFFFFFFFFFFFFFD04D79
:10C52000A804E904C904C904C904C904C904C904A4
:10C53000C904EA0C9DE7FFFFDFFFFFFF958EA8040B
:10C54000E904C904C904C904E904A8047586FFFF05
:10C55000FFFFFFFFFFFFFFFF3376A804C904C904F4
:10C56000C904C904C904C904C904C9040905671375
:10C570008539E3BD83CE63CE63CE63CE63CE63CE17
:10C5800063CE63CE43C6C3D6C49CA65287A647A635
:10C5900047A647A647A647A647A647A647A647A633
:10C5A00047A647A647A647A6A7AEE784C66229F7CF
:10C5B000E9EEE9EEE9EE09EF09EF09EF09EF09EF1E
:10C5C00009EF09EFE9EEE8EE69FFC683A88C4AE7B8
:10C5D000E9D60AD70AD70AD70AD7EAD64ADFA894F3
:10C5E000A521C904C904C904C904C904C904C904EA
:10C5F000C904C904C904C904C904C904C904C904D3
:10C60000C904C904C904C904C904C904C904C904C2
:10C61000C904C904C904C904C904C904C904C904B2
:10C62000C904C904C904C904C904C904C904C904A2
:10C63000C904C904C904C904C904C904C904C90492
:10C64000C904C904C904C9040A0D9DE7FFFFDFF747
:10C65000FFFFD7A68704C904C904C904C904C904D3
:10C66000C904C904C904C904A8045376FFFFDFFF45
:10C67000FFFFFFFFFFFFFFFFFFFFFFFFFFFFFFFFCA
:10C68000FFFFFFFF9DE72B1D19B7FFFFDEF7FFFF41
:10C69000D8A6A804C904C904C904C904C904C904A2
:10C6A000C904A8048F3DFFFFFFFFFFFFFFFFD04D30
:10C6B000A804C904C904C904C904C904C904C90433
:10C6C000C904EA0C9DE7FFFFDEF7FFFF958EA80483
:10C6D000C904C904C904C904C904C904A804B79E8B
:10C6E000FFFFDFFFDFFFFFFFFFFF1266A704C904A4
:10C6F000C904C904C904C904C904C904E904A619C0
:10C700006473A3D643C663CE63CE63CE63CE63CEDB
:10C7100063CE63CE63CE63CE8552478D87AE47A688
:10C7200047A647A647A647A647A647A647A647A6A1
:10C7300047A647A647A647A667A6854A88C549F7DC
:10C74000E8EE09EFE9EE09EF09EF09EF09EF09EF6C
:10C7500009EFE9EEE9EE09EFA8E6C65A69C60ADF75
:10C76000EAD6EAD60AD70AD7EAD6E9D66ADF877BBD
:10C77000061A0905C904C904C904C904C904C904BD
:10C78000C904C904C904C904C904C904C904C90441
:10C79000C904C904C904C904C904C904C904C90431
:10C7A000C904C904C904C904C904C904C904C90421
:10C7B000C904C904C904C904C904C904C904C90411
:10C7C000C904C904C904C904C904C904C904C90401
:10C7D000C904C904C904C9040A15BDE7FFFFFFFF66
:10C7E000FFFFF8AE8704E904C904C904C904C904F9
:10C7F000C904C904C904C904C904C804958EFFFF4B
:10C80000FFFFFFFFDFF7DFF7FFFFFFFFFFFFFFFF88
:10C81000FFFF7CD76D2DA8045BCFFFFFFFFFFFFF5D
:10C82000F8AEA804E904C904C904C904C904C904C8
:10C83000E904A804AF45FFFFFFFFFFFFFFFFD0554E
:10C84000A804E904C904C904C904C904C904C90481
:10C85000C904EA0CBDEFFFFFFFFFFFFF96968704B8
:10C86000E904C904C904C904C904C904C904C90440
:10C87000F9AEFFFFFFFFFFFFFFFFFFFF1166A804F8
:10C88000C904C904C904C904C9040905C80B653130
:10C8900084B583CE43CE63CE63CE63CE63CE63CE08
:10C8A00063CE43CEC3D6448C465BA7AE27A647A62D
:10C8B00047A647A647A647A647A647A647A647A610
:10C8C00047A647A627A6A8AE4674467B49FFE8EED2
:10C8D000E9EEE9EE09EF09EF09EF09EF09EF09EFDA
:10C8E00009EF09EFE8EE69FFA7A4A7734AE7E9D6C5
:10C8F0000AD70AD70AD70AD7EAD6EAD62ADF865A4B
:10C90000A7120905C904C904C904C904C904C90492
:10C91000C904C904C904C904C904C904C904C904AF
:10C92000C904C904C904C904C904C904C904C9049F
:10C93000C904C904C904C904C904C904C904C9048F
:10C94000C904C904C904C904C904C904C904C9047F
:10C95000C904C904C904C904C904C904C904C9046F
:10C96000C904C904C904C9040A0D5BCFBDE79DDF32
:10C97000BDE7B6968704C904C904C904C904C9043B
:10C98000C904C904C904C904C904C904A804D05508
:10C990005BC7DFFFFFFFFFFFFFFFFFFFFFFFBDEFF5
:10C9A000958E0B15A804C904F8AEBDE79CDFBDE762
:10C9B000B696A804C904C904C904C904C904C904B1
:10C9C000C904A8048E3D9DE79DE79DE7BDE7AF45FF
:10C9D000A804C904C904C904C904C904C904C90410
:10C9E000C904EA0C5BCFBDE79CDFBDE7747EA804F9
:10C9F000C904C904C904C904C904C904C904C904CF
:10CA0000EA0C19BFBDE79DE79DE79DE79DDF8E3DE1
:10CA1000A804C904C904C904C90409052612C462CA
:10CA2000A3CE43CE63CE63CE63CE63CE63CE63CE5E
:10CA300063CE63CE23C66552A79567A647A647A6D1
:10CA400047A647A647A647A647A647A647A647A67E
:10CA500047A647A667A6079E654A48D629F7E9EE86
:10CA600009EF09EF09EF09EF09EF09EF09EF09EF06
:10CA7000E9EEE9EEE9EE09F7E662C9B52ADFE9D6A3
:10CA8000EAD60AD70AD7EAD6E9D60ADF89C6A54187
:10CA9000880B0905C904C904C904C904C904C90427
:10CAA000C904C904C904C904C904C904C904C9041E
:10CAB000C904C904C904C904C904C904C904C9040E
:10CAC000C904C904C904C904C904C904C904C904FE
:10CAD000C904C904C904C904C904C904C904C904EE
:10CAE000C904C904C904C904C904C904C904C904DE
:10CAF000C904C904C904C904C904E904E904E9046E
:10CB0000E904E904C904C904C904C904C904C9047D
:10CB1000C904C904C904C904C904C904C904A804CE
:10CB2000C9046E351266547E74863376D04D0B156B
:10CB3000A804C904E904C904E904E904E904E9040E
:10CB4000E904C904C904C904C904C904C904C9045D
:10CB5000C904C904C904E904E904E904E904C904ED
:10CB6000C904C904C904C904C904C904C904C9045D
:10CB7000C904C904E904E904E904E904C904C904CD
:10CB8000C904C904C904C904C904C904C904C9043D
:10CB9000C904C904E904E904E904C904E904EA0C84
:10CBA000C904C904C904C904E90468044529C49C2A
:10CBB000A3D643CE63CE63CE63CE63CE63CE63CEC5
:10CBC00043CEC3D6C47BA663A7AE27A647A647A677
:10CBD00047A647A647A647A647A647A647A647A6ED
:10CBE00047A627A6C8AE865B279469FFE8EE09EF43
:10CBF000E9EE09EF09EF09EF09EF09EF09EF09EF96
:10CC000009EFE8EE49F767BD06632ADFE9D6EAD601
:10CC1000EAD60AD70AD70AD7EAD62ADF88AD452945
:10CC2000480CE904C904C904C904C904C904C904F5
:10CC3000C904C904C904C904C904C904C904C9048C
:10CC4000C904C904C904C904C904C904C904C9047C
:10CC5000C904C904C904C904C904C904C904C9046C
:10CC6000C904C904C904C904C904C904C904C9045C
:10CC7000C904C904C904C904C904C904C904C9044C
:10CC8000C904C904C904C904C904C904C904C9043C
:10CC9000C904C904C904C904C904C904C904C9042C
:10CCA000C904C904C904C904C904C904C904E904FC
:10CCB000C904A8048704A704A8048704A804C90415
:10CCC000C904C904C904C904C904C904C904C904FC
:10CCD000C904C904C904C904C904C904C904C904EC
:10CCE000C904C904C904C904C904C904C904C904DC
:10CCF000C904C904C904C904C904C904C904C904CC
:10CD0000C904C904C904C904C904C904C904C904BB
:10CD1000C904C904C904C904C904C904C904C904AB
:10CD2000C904C904C904C904C904C904C904C9049B
:10CD3000C904C904C904C90409050713C44943C681
:10CD400063CE63CE63CE63CE63CE63CE63CE63CE5B
:10CD500083CEE3BD654A079E67A647A647A647A6BA
:10CD600047A647A647A647A647A647A647A647A65B
:10CD700047A687A6678D8652C8EE09EFE9EEE9EE71
:10CD800009EF09EF09EF09EF09EF09EF09EFE9EE04
:10CD9000E9EEE8EE49FF4673289D4ADFE9D60AD757
:10CDA0000AD70AD70AD7EAD6EAD64ADF0784A519EE
:10CDB000E904C904C904C904C904C904C904C904EB
:10CDC000C904C904C904C904C904C904C904C904FB
:10CDD000C904C904C904C904C904C904C904C904EB
:10CDE000C904C904C904C904C904C904C904C904DB
:10CDF000C904C904C904C904C904C904C904C904CB
:10CE0000C904C904C904C904C904C904C904C904BA
:10CE1000C904C904C904C904C904C904C904C904AA
:10CE2000C904C904C904C904C904C904C904C9049A
:10CE3000C904C904C904C904C904C904C904C9048A
:10CE4000C904C904E904E904E904E904E904C904DA
:10CE5000C904C904C904C904C904C904C904C9046A
:10CE6000C904C904C904C904C904C904C904C9045A
:10CE7000C904C904C904C904C904C904C904C9044A
:10CE8000C904C904C904C904C904C904C904C9043A
:10CE9000C904C904C904C904C904C904C904C9042A
:10CEA000C904C904C904C904C904C904C904C9041A
:10CEB000C904C904C904C904C904C904C904C9040A
:10CEC000C904C904C904C904E904C619847BA3D6EA
:10CED00043CE63CE63CE63CE63CE63CE63CE43C612
:10CEE000C3D6A47BC663A7AE47A647A647A647A658
:10CEF00047A647A647A647A647A647A647A647A6CA
:10CF000047A6A7AEE552E7AC69FFE8EE09EF09EFE7
:10CF100009EF09EF09EF09EF09EF09EF09EF09EF51
:10CF2000E8EE29F7E8CDC65A0AD7EAD6EAD6EAD615
:10CF30000AD70AD70AD7EAD6EAD62ADF865A86124D
:10CF40000905C904C904C904C904C904C904C90438
:10CF5000C904C904C904C904C904C904C904C90469
:10CF6000C904C904C904C904C904C904C904C90459
:10CF7000C904C904C904C904C904C904C904C90449
:10CF8000C904C904C904C904C904C904C904C90439
:10CF9000C904C904C904C904C904C904C904C90429
:10CFA000C904C904C904C904C904C904C904C90419
:10CFB000C904C904C904C904C904C904C904C90409
:10CFC000C904C904C904C904C904C904C904C904F9
:10CFD000C904C904C904C904C904C904C904C904E9
:10CFE000C904C904C904C904C904C904C904C904D9
:10CFF000C904C904C904C904C904C904C904C904C9
:10D00000C904C904C904C904C904C904C904C904B8
:10D01000C904C904C904C904C904C904C904C904A8
:10D02000C904C904C904C904C904C904C904C90498
:10D03000C904C904C904C904C904C904C904C90488
:10D04000C904C904C904C904C904C904C904C90478
:10D05000C904C904C904E9042804453124A5A3D698
:10D0600043CE63CE63CE63CE63CE63CE63CE83CE38
:10D07000E3BD654A079E67A647A647A647A647A6FB
:10D0800047A647A647A647A647A647A647A647A638
:10D09000A7AEC67CE66229F7E9EEE9EEE9EE09EF14
:10D0A00009EF09EF09EF09EF09EF09EFE9EE09EFE1
:10D0B000E8EE69FF667BC8944AE7E9D60AD70AD743
:10D0C0000AD70AD7EAD6EAD62ADF49C68539C80B75
:10D0D0000905C904C904C904C904C904C904C904A7
:10D0E000C904C904C904C904C904C904C904C904D8
:10D0F000C904C904C904C904C904C904C904C904C8
:10D10000C904C904C904C904C904C904C904C904B7
:10D11000C904C904C904C904C904C904C904C904A7
:10D12000C904C904C904C904C904C904C904C90497
:10D13000C904C904C904C904C904C904C904C90487
:10D14000C904C904C904C904C904C904C904C90477
:10D15000C904C904C904C904C904C904C904C90467
:10D16000C904C904C904C904C904C904C904C90457
:10D17000C904C904C904C904C904C904C904C90447
:10D18000C904C904C904C904C904C904C904C90437
:10D19000C904C904C904C904C904C904C904C90427
:10D1A000C904C904C904C904C904C904C904C90417
:10D1B000C904C904C904C904C904C904C904C90407
:10D1C000C904C904C904C904C904C904C904C904F7
:10D1D000C904C904C904C904C904C904C904C904E7
:10D1E000C904C904C90409050713E44963C663CE29
:10D1F00063CE63CE63CE63CE63CE63CE43C6C3D667
:10D20000A47BE66BA7AE47A647A647A647A647A6B8
:10D2100047A647A647A647A647A647A647A647A6A6
:10D2200047A6854AC8C549F7E9EE09EF09EF09EFB6
:10D2300009EF09EF09EF09EF09EF09EF09EFE9EE4F
:10D2400029F708D6A65ACAD60AD7EAD6EAD60AD7FE
:10D250000AD70AD70AD7EAD64ADFC89C6521A904AB
:10D26000E904C904C904C904C904C904C904C90436
:10D27000C904C904C904C904C904C904C904C90446
:10D28000C904C904C904C904C904C904C904C90436
:10D29000C904C904C904C904C904C904C904C90426
:10D2A000C904C904C904C904C904C904C904C90416
:10D2B000C904C904C904C904C904C904C904C90406
:10D2C000C904C904C904C904C904C904C904C904F6
:10D2D000C904C904C904C904C904C904C904C904E6
:10D2E000C904C904C904C904C904C904C904C904D6
:10D2F000C904C904C904C904C904C904C904C904C6
:10D30000C904C904C904C904C904C904C904C904B5
:10D31000C904C904C904C904C904C904C904C904A5
:10D32000C904C904C904C904C904C904C904C90495
:10D33000C904C904C904C904C904C904C904C90485
:10D34000C904C904C904C904C904C904C904C90475
:10D35000C904C904C904C904C904C904C904C90465
:10D36000C904C904C904C904C904C904C904C90455
:10D37000C904C904C904E904E619647BC3D643CED1
:10D3800063CE63CE63CE63CE63CE63CE83CE03BE65
:10D39000654AE79D67A647A647A647A647A647A6AC
:10D3A00047A647A647A647A647A647A627A6A8AECC
:10D3B000066C867B69FFE8EE09EFE9EE09EF09EFFD
:10D3C00009EF09EF09EF09EF09EFE9EE09EFE8EEE0
:10D3D00069FF667B888C6AE7E9D60AD70AD70AD73D
:10D3E0000AD7EAD6EAD6EAD64ADFE66A461209053D
:10D3F000C904C904C904C904C904C904C904C904C5
:10D40000C904C904C904C904C904C904C904C904B4
:10D41000C904C904C904C904C904C904C904C904A4
:10D42000C904C904C904C904C904C904C904C90494
:10D43000C904C904C904C904C904C904C904C90484
:10D44000C904C904C904C904C904C904C904C90474
:10D45000C904C904C904C904C904C904C904C90464
:10D46000C904C904C904C904C904C904C904C90454
:10D47000C904C904C904C904C904C904C904C90444
:10D48000C904C904C904C904C904C904C904C90434
:10D49000C904C904C904C904C904C904C904C90424
:10D4A000C904C904C904C904C904C904C904C90414
:10D4B000C904C904C904C904C904C904C904C90404
:10D4C000C904C904C904C904C904C904C904C904F4
:10D4D000C904C904C904C904C904C904C904C904E4
:10D4E000C904C904C904C904C904C904C904C904D4
:10D4F000C904C904C904C904C904C904C904C904C4
:10D50000C904C904E90489044529C49CA3D643CEAF
:10D5100063CE63CE63CE63CE63CE43CEC3D6E48305
:10D52000A663A7AE27A647A647A647A647A647A62F
:10D5300047A647A647A647A647A647A667A6E79DCC
:10D54000655268DE09F7E9EEE9EE09EF09EF09EF48
:10D5500009EF09EF09EF09EF09EF09EFE9EE29F704
:10D5600008CE865AEAD60AD7EAD6EAD60AD70AD722
:10D570000AD70AD7E9D62ADF49C68539A80B090593
:10D58000C904C904C904C904C904C904C904C90433
:10D59000C904C904C904C904C904C904C904C90423
:10D5A000C904C904C904C904C904C904C904C90413
:10D5B000C904C904C904C904C904C904C904C90403
:10D5C000C904C904C904C904C904C904C904C904F3
:10D5D000C904C904C904C904C904C904C904C904E3
:10D5E000C904C904C904C904C904C904C904C904D3
:10D5F000C904C904C904C904C904C904C904C904C3
:10D60000C904C904C904C904C904C904C904C904B2
:10D61000C904C904C904C904C904C904C904C904A2
:10D62000C904C904C904C904C904C904C904C90492
:10D63000C904C904C904C904C904C904C904C90482
:10D64000C904C904C904C904C904C904C904C90472
:10D65000C904C904C904C904C904C904C904C90462
:10D66000C904C904C904C904C904C904C904C90452
:10D67000C904C904C904C904C904C904C904C90442
:10D68000C904C904C904C904C904C904C904C90432
:10D69000C904C9040905880B853903BE83CE63CE4E
:10D6A00063CE63CE63CE63CE63CE63CE43C6855274
:10D6B000A79567A647A647A647A647A647A647A693
:10D6C00047A647A647A647A647A627A6A8AE465BF5
:10D6D000479C69FFE8EE09EF09EF09EF09EF09EF51
:10D6E00009EF09EF09EF09EFE9EE09EFE8EE69FF4D
:10D6F000667BA8946AE7E9D60AD70AD70AD70AD779
:10D700000AD7EAD6E9D64ADF67946521A904C90495
:10D71000C904C904C904C904C904C904C904C904A1
:10D72000C904C904C904C904C904C904C904C90491
:10D73000C904C904C904C904C904C904C904C90481
:10D74000C904C904C904C904C904C904C904C90471
:10D75000C904C904C904C904C904C904C904C90461
:10D76000C904C904C904C904C904C904C904C90451
:10D77000C904C904C904C904C904C904C904C90441
:10D78000C904C904C904C904C904C904C904C90431
:10D79000C904C904C904C904C904C904C904C90421
:10D7A000C904C904C904C904C904C904C904C90411
:10D7B000C904C904C904C904C904C904C904C90401
:10D7C000C904C904C904C904C904C904C904C904F1
:10D7D000C904C904C904C904C904C904C904C904E1
:10D7E000C904C904C904C904C904C904C904C904D1
:10D7F000C904C904C904C904C904C904C904C904C1
:10D80000C904C904C904C904C904C904C904C904B0
:10D81000C904C904C904C904C904C904C904C904A0
:10D82000C904C9042905A712645A83CE63CE63CE06
:10D8300063CE63CE63CE63CE43CEC3D66494465BE1
:10D84000A7AE47A647A647A647A647A647A647A608
:10D8500047A647A647A647A647A687AE478DA65A1E
:10D86000E9EE09EFE9EEE9EE09EF09EF09EF09EF5B
:10D8700009EF09EF09EF09EF09EFE8EE49F7C8C52D
:10D88000A65A0AD7EAD6EAD60AD70AD70AD70AD7B3
:10D89000EAD6EAD6EAD60AD7465AA6120905C90434
:10D8A000C904C904C904C904C904C904C904C90410
:10D8B000C904C904C904C904C904C904C904C90400
:10D8C000C904C904C904C904C904C904C904C904F0
:10D8D000C904C904C904C904C904C904C904C904E0
:10D8E000C904C904C904C904C904C904C904C904D0
:10D8F000C904C904C904C904C904C904C904C904C0
:10D90000C904C904C904C904C904C904C904C904AF
:10D91000C904C904C904C904C904C904C904C9049F
:10D92000C904C904C904C904C904C904C904C9048F
:10D93000C904C904C904C904C904C904C904C9047F
:10D94000C904C904C904C904C904C904C904C9046F
:10D95000C904C904C904C904C904C904C904C9045F
:10D96000C904C904C904C904C904C904C904C9044F
:10D97000C904C904C904C904C904C904C904C9043F
:10D98000C904C904C904C904C904C904C904C9042F
:10D99000C904C904C904C904C904C904C904C9041F
:10D9A000C904C904C904C904C904C904C904C9040F
:10D9B000C904C904E904C619847BC3D643CE63CE27
:10D9C00063CE63CE63CE63CE63CE83D6C45A27853F
:10D9D00087AE47A647A647A647A647A647A647A697
:10D9E00047A647A647A647A647A687AEC55227B56E
:10D9F00049F7E8EE09EF09EF09EF09EF09EF09EF41
:10DA000009EF09EF09EFE9EEE9EEE9EE49F7066BF8
:10DA1000089D6AE7E9D60AD70AD70AD70AD70AD7EC
:10DA20000AD7E9D64ADFA8AD4529280CE904C9047C
:10DA3000C904C904C904C904C904C904C904C9047E
:10DA4000C904C904C904C904C904C904C904C9046E
:10DA5000C904C904C904C904C904C904C904C9045E
:10DA6000C904C904C904C904C904C904C904C9044E
:10DA7000C904C904C904C904C904C904C904C9043E
:10DA8000C904C904C904C904C904C904C904C9042E
:10DA9000C904C904C904C904C904C904C904C9041E
:10DAA000C904C904C904C904C904C904C904C9040E
:10DAB000C904C904C904C904C904C904C904C904FE
:10DAC000C904C904C904C904C904C904C904C904EE
:10DAD000C904C904C904C904C904C904C904C904DE
:10DAE000C904C904C904C904C904C904C904C904CE
:10DAF000C904C904C904C904C904C904C904C904BE
:10DB0000C904C904C904C904C904C904C904C904AD
:10DB1000C904C904C904C904C904C904C904C9049D
:10DB2000C904C904C904C904C904C904C904C9048D
:10DB3000C904C904C904C904C904C904C904C9047D
:10DB4000C904E904A9046521A49CC3D643CE63CECD
:10DB500063CE63CE63CE43CEA3D623ADC55267A6B4
:10DB600047A647A647A647A647A647A647A647A64D
:10DB700047A647A647A627A6A7AE867C066B49F709
:10DB8000E9EEE9EEE9EE09EF09EF09EF09EF09EF38
:10DB900009EF09EFE9EE09EFE8EE49FF27B5E66284
:10DBA0004ADFEAD6EAD6EAD60AD70AD70AD7EAD6A9
:10DBB000EAD6E9D64ADF266B061A0905C904C90464
:10DBC000C904C904C904C904C904C904C904C904ED
:10DBD000C904C904C904C904C904C904C904C904DD
:10DBE000C904C904C904C904C904C904C904C904CD
:10DBF000C904C904C904C904C904C904C904C904BD
:10DC0000C904C904C904C904C904C904C904C904AC
:10DC1000C904C904C904C904C904C904C904C9049C
:10DC2000C904C904C904C904C904C904C904C9048C
:10DC3000C904C904C904C904C904C904C904C9047C
:10DC4000C904C904C904C904C904C904C904C9046C
:10DC5000C904C904C904C904C904C904C904C9045C
:10DC6000C904C904C904C904C904C904C904C9044C
:10DC7000C904C904C904C904C904C904C904C9043C
:10DC8000C904C904C904C904C904C904C904C9042C
:10DC9000C904C904C904C904C904C904C904C9041C
:10DCA000C904C904C904C904C904C904C904C9040C
:10DCB000C904C904C904C904C904C904C904C904FC
:10DCC000C904C904C904C904C904C904C904C904EC
:10DCD000C904E9040804653184B583CE63CE63CEFC
:10DCE00063CE63CE63CE43CEC3D664736774A7AEF0
:10DCF00047A647A647A647A647A647A647A647A6BC
:10DD000047A647A647A647A647A6854AE8CD29F7CE
:10DD1000E9EE09EF09EF09EF09EF09EF09EF09EF64
:10DD200009EF09EF09EFE9EEE9EE09EFA65AA8AD10
:10DD30004ADFE9D60AD70AD70AD70AD70AD70AD7B5
:10DD4000E9D62ADF29BE6539A80B0905C904C9042B
:10DD5000C904C904C904C904C904C904C904C9045B
:10DD6000C904C904C904C904C904C904C904C9044B
:10DD7000C904C904C904C904C904C904C904C9043B
:10DD8000C904C904C904C904C904C904C904C9042B
:10DD9000C904C904C904C904C904C904C904C9041B
:10DDA000C904C904C904C904C904C904C904C9040B
:10DDB000C904C904C904C904C904C904C904C904FB
:10DDC000C904C904C904C904C904C904C904C904EB
:10DDD000C904C904C904C904C904C904C904C904DB
:10DDE000C904C904C904C904C904C904C904C904CB
:10DDF000C904C904C904C904C904C904C904C904BB
:10DE0000C904C904C904C904C904C904C904C904AA
:10DE1000C904C904C904C904C904C904C904C9049A
:10DE2000C904C904C904C904C904C904C904C9048A
:10DE3000C904C904C904C904C904C904C904C9047A
:10DE4000C904C904C904C904C904C904C904C9046A
:10DE5000C904C904C904C904C904C904C904C9045A
:10DE6000C9040905680BA54143C663CE63CE63CEE2
:10DE700063CE63CE63CE83CE03C68552079E67A66C
:10DE800047A647A647A647A647A647A647A647A62A
:10DE900047A647A627A6C8AEC663C68369FFE8EEB5
:10DEA00009EFE9EE09EF09EF09EF09EF09EF09EFD3
:10DEB00009EFE9EE09EFE8EE69FF679C876B6AE717
:10DEC000E9D6EAD6EAD60AD70AD70AD7EAD6EAD6F0
:10DED000EAD66ADFA77BA519E904C904C904C90405
:10DEE000C904C904C904C904C904C904C904C904CA
:10DEF000C904C904C904C904C904C904C904C904BA
:10DF0000C904C904C904C904C904C904C904C904A9
:10DF1000C904C904C904C904C904C904C904C90499
:10DF2000C904C904C904C904C904C904C904C90489
:10DF3000C904C904C904C904C904C904C904C90479
:10DF4000C904C904C904C904C904C904C904C90469
:10DF5000C904C904C904C904C904C904C904C90459
:10DF6000C904C904C904C904C904C904C904C90449
:10DF7000C904C904C904C904C904C904C904C90439
:10DF8000C904C904C904C904C904C904C904C90429
:10DF9000C904C904C904C904C904C904C904C90419
:10DFA000C904C904C904C904C904C904C904C90409
:10DFB000C904C904C904C904C904C904C904C904F9
:10DFC000C904C904C904C904C904C904C904C904E9
:10DFD000C904C904C904C904C904C904C904C904D9
:10DFE000C904C904C904C904C904C904C904C904C9
:10DFF000C9042905E712245283CE63CE63CE63CED3
:10E0000063CE63CE43CEC3D66494665BA7AE47A609
:10E0100047A647A647A647A647A647A647A647A698
:10E0200047A647A667A6C7956552A8E609EFE9EE99
:10E03000E9EE09EF09EF09EF09EF09EF09EF09EF41
:10E0400009EF09EFE8EE29F768DE665289C60ADFB4
:10E05000EAD60AD70AD70AD70AD70AD70AD7E9D6FB
:10E060002ADF49C6653967130905C904C904C9040B
:10E07000C904C904C904C904C904C904C904C90438
:10E08000C904C904C904C904C904C904C904C90428
:10E09000C904C904C904C904C904C904C904C90418
:10E0A000C904C904C904C904C904C904C904C90408
:10E0B000C904C904C904C904C904C904C904C904F8
:10E0C000C904C904C904C904C904C904C904C904E8
:10E0D000C904C904C904C904C904C904C904C904D8
:10E0E000C904C904C904C904C904C904C904C904C8
:10E0F000C904C904C904C904C904C904C904C904B8
:10E10000C904C904C904C904C904C904C904C904A7
:10E11000C904C904C904C904C904C904C904C90497
:10E12000C904C904C904C904C904C904C904C90487
:10E13000C904C904C904C904C904C904C904C90477
:10E14000C904C904C904C904C904C904C904C90467
:10E15000C904C904C904C904C904C904C904C90457
:10E16000C904C904C904C904C904C904C904C90447
:10E17000C904C904C904C904C904C904C904C90437
:10E18000C90409056712C46AA3CE63CE63CE63CE09
:10E1900063CE63CE63CE83CEE462078587AE47A6A7
:10E1A00047A647A647A647A647A647A647A647A607
:10E1B00047A627A6A8AE265B87A469FFE8EE09EF6D
:10E1C00009EF09EF09EF09EF09EF09EF09EF09EF8F
:10E1D000E9EEE9EEE8EE69FF6673888C6AE7E9D656
:10E1E0000AD7EAD60AD70AD70AD7EAD6EAD6E9D6AC
:10E1F0004ADFA77B8519E904C904C904C904C90415
:10E20000C904C904C904C904C904C904C904C904A6
:10E21000C904C904C904C904C904C904C904C90496
:10E22000C904C904C904C904C904C904C904C90486
:10E23000C904C904C904C904C904C904C904C90476
:10E24000C904C904C904C904C904C904C904C90466
:10E25000C904C904C904C904C904C904C904C90456
:10E26000C904C904C904C904C904C904C904C90446
:10E27000C904C904C904C904C904C904C904C90436
:10E28000C904C904C904C904C904C904C904C90426
:10E29000C904C904C904C904C904C904C904C90416
:10E2A000C904C904C904C904C904C904C904C90406
:10E2B000C904C904C904C904C904C904C904C904F6
:10E2C000C904C904C904C904C904C904C904C904E6
:10E2D000C904C904C904C904C904C904C904C904D6
:10E2E000C904C904C904C904C904C904C904C904C6
:10E2F000C904C904C904C904C904C904C904C904B6
:10E30000C904C904C904C904C904C904C904C904A5
:10E31000C904E9040612647BC3D643CE63CE63CE40
:10E3200063CE63CE83CEA3B5A55247A647A647A624
:10E3300047A647A647A647A647A647A647A647A675
:10E3400047A687AE0785A66209F7E9EEE9EEE9EE92
:10E3500009EF09EF09EF09EF09EF09EF09EFE9EE1E
:10E3600009EFE8EE49FF47BDC65A2ADFEAD6EAD6EA
:10E37000EAD60AD70AD70AD7EAD60AD7E9D62ADFD1
:10E3800029BE4539870B0905C904C904C904C90454
:10E39000C904C904C904C904C904C904C904C90415
:10E3A000C904C904C904C904C904C904C904C90405
:10E3B000C904C904C904C904C904C904C904C904F5
:10E3C000C904C904C904C904C904C904C904C904E5
:10E3D000C904C904C904C904C904C904C904C904D5
:10E3E000C904C904C904C904C904C904C904C904C5
:10E3F000C904C904C904C904C904C904C904C904B5
:10E40000C904C904C904C904C904C904C904C904A4
:10E41000C904C904C904C904C904C904C904C90494
:10E42000C904C904C904C904C904C904C904C90484
:10E43000C904C904C904C904C904C904C904C90474
:10E44000C904C904C904C904C904C904C904C90464
:10E45000C904C904C904C904C904C904C904C90454
:10E46000C904C904C904C904C904C904C904C90444
:10E47000C904C904C904C904C904C904C904C90434
:10E48000C904C904C904C904C904C904C904C90424
:10E49000C904C904C904C904C904C904C904C90414
:10E4A000C904E904C619C483C3D643C663CE63CE88
:10E4B00063CE43CEC3D6248CA663A7AE47A647A699
:10E4C00047A647A647A647A647A647A647A647A6E4
:10E4D00047A687A6A54A67BD49F7E8EE09EF09EF09
:10E4E00009EF09EF09EF09EF09EF09EF09EF09EF6C
:10E4F000E9EE09EFC8EE865AC9B52ADFEAD60AD78F
:10E500000AD70AD70AD70AD70AD7EAD6E9D64ADFFE
:10E51000266BC519E904C904C904C904C904C9049E
:10E52000C904C904C904C904C904C904C904C90483
:10E53000C904C904C904C904C904C904C904C90473
:10E54000C904C904C904C904C904C904C904C90463
:10E55000C904C904C904C904C904C904C904C90453
:10E56000C904C904C904C904C904C904C904C90443
:10E57000C904C904C904C904C904C904C904C90433
:10E58000C904C904C904C904C904C904C904C90423
:10E59000C904C904C904C904C904C904C904C90413
:10E5A000C904C904C904C904C904C904C904C90403
:10E5B000C904C904C904C904C904C904C904C904F3
:10E5C000C904C904C904C904C904C904C904C904E3
:10E5D000C904C904C904C904C904C904C904C904D3
:10E5E000C904C904C904C904C904C904C904C904C3
:10E5F000C904C904C904C904C904C904C904C904B3
:10E60000C904C904C904C904C904C904C904C904A2
:10E61000C904C904C904C904C904C904C904C90492
:10E62000C904C904C904C904C904C904C904C90482
:10E63000C904C9048619248CC3D643CE63CE63CEE5
:10E6400063CE63CE83CE0463078587AE47A647A615
:10E6500047A647A647A647A647A647A647A627A672
:10E66000A7AE6674467349FFE9EEE9EEE9EE09EFFD
:10E6700009EF09EF09EF09EF09EF09EFE9EE09EFFB
:10E68000E8EE69FFC683077C6AE7E9D60AD7EAD6CF
:10E690000AD70AD70AD7EAD6EAD6E9D62ADF88AD5A
:10E6A0002531E80B0905C904C904C904C904C90412
:10E6B000C904C904C904C904C904C904C904C904F2
:10E6C000C904C904C904C904C904C904C904C904E2
:10E6D000C904C904C904C904C904C904C904C904D2
:10E6E000C904C904C904C904C904C904C904C904C2
:10E6F000C904C904C904C904C904C904C904C904B2
:10E70000C904C904C904C904C904C904C904C904A1
:10E71000C904C904C904C904C904C904C904C90491
:10E72000C904C904C904C904C904C904C904C90481
:10E73000C904C904C904C904C904C904C904C90471
:10E74000C904C904C904C904C904C904C904C90461
:10E75000C904C904C904C904C904C904C904C90451
:10E76000C904C904C904C904C904C904C904C90441
:10E77000C904C904C904C904C904C904C904C90431
:10E78000C904C904C904C904C904C904C904C90421
:10E79000C904C904C904C904C904C904C904C90411
:10E7A000C904C904C904C904C904C904C904C90401
:10E7B000C904C904C904C904C904C904C904C904F1
:10E7C000C904C9048621448CC3D643CE63CE63CE2C
:10E7D00063CE83CEC3BD855247A647A647A647A6AC
:10E7E00047A647A647A647A647A647A647A667A6A1
:10E7F000279E654A28D629F7E9EE09EF09EF09EFC8
:10E8000009EF09EF09EF09EF09EFE9EE09EFE8EE8B
:10E8100049F7A8C5A6520AD7EAD6EAD6EAD60AD751
:10E820000AD70AD70AD70AD7E9D6EAD60AD746526C
:10E83000461A0905C904C904C904C904C904C9049C
:10E84000C904C904C904C904C904C904C904C90460
:10E85000C904C904C904C904C904C904C904C90450
:10E86000C904C904C904C904C904C904C904C90440
:10E87000C904C904C904C904C904C904C904C90430
:10E88000C904C904C904C904C904C904C904C90420
:10E89000C904C904C904C904C904C904C904C90410
:10E8A000C904C904C904C904C904C904C904C90400
:10E8B000C904C904C904C904C904C904C904C904F0
:10E8C000C904C904C904C904C904C904C904C904E0
:10E8D000C904C904C904C904C904C904C904C904D0
:10E8E000C904C904C904C904C904C904C904C904C0
:10E8F000C904C904C904C904C904C904C904C904B0
:10E90000C904C904C904C904C904C904C904C9049F
:10E91000C904C904C904C904C904C904C904C9048F
:10E92000C904C904C904C904C904C904C904C9047F
:10E93000C904C904C904C904C904C904C904C9046F
:10E94000C904C904C904C904C904C904C904C9045F
:10E95000E904A90485216494C3D643CE63CE63CE73
:10E9600063CEC3D664948663A7AE47A647A647A6E0
:10E9700047A647A647A647A647A647A647A6A8AEC6
:10E98000A663E78B69FFE8EE09EFE9EE09EF09EF0F
:10E9900009EF09EF09EF09EFE9EE09EFE9EE09EFF9
:10E9A000C8EE865AA9AD4ADFE9D60AD70AD70AD7F0
:10E9B0000AD70AD7EAD60AD7E9D64ADF678C2521D3
:10E9C000680CE904C904C904C904C904C904C90418
:10E9D000C904C904C904C904C904C904C904C904CF
:10E9E000C904C904C904C904C904C904C904C904BF
:10E9F000C904C904C904C904C904C904C904C904AF
:10EA0000C904C904C904C904C904C904C904C9049E
:10EA1000C904C904C904C904C904C904C904C9048E
:10EA2000C904C904C904C904C904C904C904C9047E
:10EA3000C904C904C904C904C904C904C904C9046E
:10EA4000C904C904C904C904C904C904C904C9045E
:10EA5000C904C904C904C904C904C904C904C9044E
:10EA6000C904C904C904C904C904C904C904C9043E
:10EA7000C904C904C904C904C904C904C904C9042E
:10EA8000C904C904C904C904C904C904C904C9041E
:10EA9000C904C904C904C904C904C904C904C9040E
:10EAA000C904C904C904C904C904C904C904C904FE
:10EAB000C904C904C904C904C904C904C904C904EE
:10EAC000C904C904C904C904C904C904C904C904DE
:10EAD000C904C904C904C904C904C904C904C904CE
:10EAE000E904C90485216494C3D643CE63CE63CEC2
:10EAF00043CEC3D664738774A7AE27A647A647A69E
:10EB000047A647A647A647A647A647A687A687952E
:10EB10006552C8E609EFE9EEE9EE09EF09EF09EF02
:10EB200009EF09EF09EF09EF09EFE9EEE8EE69FFF8
:10EB3000867B07846AE7E9D60AD7EAD60AD70AD7D6
:10EB40000AD7EAD60AD7E9D62ADF29BE653947139C
:10EB50000905C904C904C904C904C904C904C9040C
:10EB6000C904C904C904C904C904C904C904C9043D
:10EB7000C904C904C904C904C904C904C904C9042D
:10EB8000C904C904C904C904C904C904C904C9041D
:10EB9000C904C904C904C904C904C904C904C9040D
:10EBA000C904C904C904C904C904C904C904C904FD
:10EBB000C904C904C904C904E904C904C904C904CD
:10EBC000C904C904E904C904C904C904C904C904BD
:10EBD000C904C904C904E904C904C904C904C904AD
:10EBE000C904C904C904C904C904C904C904C904BD
:10EBF000C904C904C904C904C904C904C904C904AD
:10EC0000C904C904C904C904C904C904C904C9049C
:10EC1000C904C904C904C904C904C904C904C9048C
:10EC2000C904C904C904C904C904C904C904C9047C
:10EC3000C904C904C904C904C904C904C904C9046C
:10EC4000C904C904C904C904C904C904C904C9045C
:10EC5000C904C904C904C904C904C904C904C9044C
:10EC6000C904C904C904C904C904C904C904C9043C
:10EC7000C904C9048619448CC3D643CE63CE63CE7F
:10EC800063CE23C6A55AC79567A647A647A647A63B
:10EC900047A647A647A647A647A647A6A8AE065337
:10ECA000C7AC69FFE8EE09EF09EF09EF09EF09EFDB
:10ECB00009EF09EF09EFE9EE09EFC8EE69FF07ADCB
:10ECC000C65A2ADFEAD6EAD6EAD60AD70AD70AD738
:10ECD000EAD60AD7EAD6EAD62ADFA662E619E90416
:10ECE000C904C904C904C904C904C904C904C904BC
:10ECF000C904C904C904C904C904C904C904C904AC
:10ED0000C904C904C904C904C904C904C904C9049B
:10ED1000C904C904C904C904C904C904C904C9048B
:10ED2000C904C904C904C904C904C904C904C9047B
:10ED3000C904C904C904C904C904C904C904C9046B
:10ED4000C904C904C904C904A804A804E904C9047D
:10ED5000C904C904A804EA0CC904C904C904C90443
:10ED6000C904E904E904A704C904C904C904C9041D
:10ED7000C904C904E9040A150A0DC904C904C9046F
:10ED8000C904C904E904EA04C904C904EA04E90499
:10ED9000C904C904C904C904C904C904C904C9040B
:10EDA000C904C904C904C904C904C904EA0CEA0CA9
:10EDB000EA04C904C904C904C904C904C904C904CA
:10EDC000C904C904C904C904C904C904C904C904DB
:10EDD000C904C904C904C904C904C904C904C904CB
:10EDE000C904C904C904C904C904C904C904C904BB
:10EDF000C904C904C904C904C904C904C904C904AB
:10EE0000C904C904A6190484C3D643C663CE63CE1D
:10EE100083CEA3B5C55267A647A647A647A647A671
:10EE200047A647A647A647A647A6A7AEE77CC66261
:10EE300029F7E9EEE9EEE9EE09EF09EF09EF09EF4D
:10EE400009EF09EFE9EE09EFE8EE29F748DE454A58
:10EE500049C62ADFEAD60AD70AD70AD70AD70AD775
:10EE60000AD70AD7E9D66AE7678C2521480CE90456
:10EE7000C904C904C904C904C904C904C904C9042A
:10EE8000C904C904C904C904C904C904C904C9041A
:10EE9000C904C904C904C904C904C904C904C9040A
:10EEA000C904C904C904C904C904C904C904C904FA
:10EEB000C904C904C904C904C904C904C904C904EA
:10EEC000C904C904C904C904C904C904C904C904DA
:10EED000C904C904C904A80412664D2D8704C904D5
:10EEE000C904E90CF15D7BD7D04D8704C904E9045E
:10EEF0008704547E5BCFD05DEA0CC904C904C90401
:10EF0000C904A804F1559DDF9CDF2C1DA804E90469
:10EF1000C9040B1519B75BCFAF45AF457BCF19B708
:10EF20000A15C904C904C904C904C904C904E90407
:10EF3000E904E904E904E904C9046D2D5BCF7CD739
:10EF4000B696C904C904E904E904E904E904C9045A
:10EF5000C904C904C904C904C904E904EA0CEA04DF
:10EF6000EA04EA04EA04EA04EA04EA04EA04EA0431
:10EF7000EA04EA04EA04EA04EA04EA0CE904C9043B
:10EF8000C904C904C904C904C904C904C904C90419
:10EF9000C904E904E619847BC3D643CE63CE43CECD
:10EFA000C3D6448CA663A7AE47A647A647A647A6E6
:10EFB00047A647A647A647A647A667A6854A88C587
:10EFC00049F7E9EE09EF09EF09EF09EF09EF09EF5A
:10EFD00009EFE9EE09EFE9EE09EF29F7A65A089DD6
:10EFE0006AE7E9D60AD7EAD60AD70AD70AD7EAD60D
:10EFF0000AD7E9D64ADFC9B5253167130905C9041F
:10F00000C904C904C904C904C904C904C904C90498
:10F01000C904C904C904C904C904C904C904C90488
:10F02000C904C904C904C904C904C904C904C90478
:10F03000C904C904C904C904C904C904C904C90468
:10F04000C904C904C904C904C904C904C904C90458
:10F05000C904C904C904C904C904C904C904C90448
:10F06000C904C904C904547EFFFFBEEFD055A804EB
:10F07000C8046D2DFFFFFFFFBEEF4D2DC904C8046E
:10F080002C25DEF7FFFFDFF72B1DC904C904C904D7
:10F09000E90487041266FFFFFFFF4C25A804C9049A
:10F0A000A8042B1DDEEFFFFFF155F15DFFFFBEEF62
:10F0B0000B15A804A804C904C904C904C904A804F8
:10F0C000A804A804A804A80487044D2DFFFFFFFF8F
:10F0D00019BF8704A804A804A804A804A804A804C5
:10F0E000C904C904C904C904A70412667BD75BCF4D
:10F0F0005BCF5BCF5BCF5BCF5BCF5BCF5BCF5BCFC0
:10F100005BCF5BCF7BCF5BCF5BCF7CD7115EA8049F
:10F11000C904C904C904C904C904C904C904C90487
:10F12000C90409054612E46AA3CE63CE63CE43C682
:10F13000C3D684734774A7AE47A647A647A647A67B
:10F1400047A647A647A627A6A7AE266C667B69FFFB
:10F15000E9EEE9EEE9EE09EF09EF09EF09EF09EF52
:10F16000E9EE09EFE9EEE8EE69FFA683C7736AE707
:10F17000E9D6EAD6EAD60AD70AD70AD7EAD60AD70C
:10F18000E9D60ADFC9CEE549461A0905C904C9040A
:10F19000C904C904C904C904C904C904C904C90407
:10F1A000C904C904C904C904C904C904C904C904F7
:10F1B000C904C904C904C904C904C904C904C904E7
:10F1C000C904C904C904C904C904C904C904C904D7
:10F1D000C904C904C904C904C904C904C904C904C7
:10F1E000C904C904C904C904C904C904C904C904B7
:10F1F000C904C904C904D7A6FFFFFFFFFFFF969605
:10F20000C9046704326EFFFFFFFFF8AE8704A8044D
:10F2100019B7FFFFDEF7AF4D6604A804C904C9049F
:10F22000C9046704F15DFFFFFFFF2C1DA8042B1D1F
:10F230004C252B159DE7FFFFD055F055FFFFBDE78F
:10F240000A0D0A156E35A804C904C904EA04F15D63
:10F250001266126612661266F1657586DFF7FFFFA9
:10F260007BD711661266126612661266326EAF4561
:10F27000C904C904C904E90487047586FFFFFFFFB8
:10F28000FFFFFFFFFFFFFFFFFFFFFFFFFFFFFFFF8E
:10F29000FFFFFFFFFFFFFFFFFFFFFFFF747E8704FD
:10F2A000E904C904C904C904C904C904C904C904D6
:10F2B000C9042905C712445A83CE63CE63CE63CEF8
:10F2C000A3D6446B278587AE47A647A647A647A681
:10F2D00047A647A647A667A6079E654A48DE29F7C0
:10F2E000E9EE09EF09EF09EF09EF09EF09EF09EF7F
:10F2F00009EF09EFC8EE69FFA7A4C65A2ADFEAD6CC
:10F30000EAD60AD70AD70AD70AD7EAD60AD7EAD658
:10F31000EAD62ADFE6628519A904C904C904C9042A
:10F32000C904C904C904C904C904C904C904C90475
:10F33000C904C904C904C904C904C904C904C90465
:10F34000C904C904C904C904C904C904C904C90455
:10F35000C904C904C904C904C904C904C904C90445
:10F36000C904C904C904C904C904C904C904C90435
:10F37000C904C904C904C904C904C904C904C90425
:10F38000C904C904C904A8045376FFFFFFFF3ABFAC
:10F39000D04D126E1266BEEFDEF7958EF165958E3A
:10F3A000FFFFFFFF7CD7F15D126EAF45C804C904B3
:10F3B0000B150A1D5376FFFFFFFF6E358E3DBEEF26
:10F3C000BDE74D2D9DE7FFFFD055F155FFFFBDEF88
:10F3D000E9047486FFFFD7A6EA0CA8040B15DEF734
:10F3E000FFFFFFFFFFFFFFFFFFFFFFFFFFFFFFFF2D
:10F3F000FFFFFFFFFFFFFFFFFFFFFFFFFFFFF8AE75
:10F40000A804C904C904C904A70412667CD75BCF49
:10F410007BCF7BCF7BCF7BCF7BCF7BD77CD75BCFAB
:10F420003AC7BEEFFFFFDFF7FFFFFFFF326E870433
:10F43000C904C904C904C904C904C904C904C90464
:10F44000C9040905880BA54123C663CE63CE83CECC
:10F4500003C68552E79D67A647A647A647A647A6C7
:10F4600047A647A647A6C8AE665B279469FFE8EEA5
:10F4700009EFE9EE09EF09EF09EF09EF09EFE9EE0E
:10F4800009EFE8EE69FFA8C5464AA9CE2ADFE9D60A
:10F490000AD7EAD60AD70AD7EAD60AD7EAD6E9D6E9
:10F4A0006AE7E7830521480CE904C904C904C904D3
:10F4B000C904C904C904C904C904C904C904C904E4
:10F4C000C904C904C904C904C904C904C904C904D4
:10F4D000C904C904C904C904C904C904C904C904C4
:10F4E000C904C904C904C904C904C904C904C904B4
:10F4F000C904C904C904C904C904C904C904C904A4
:10F50000C904C904C904C904C904C904C904C90493
:10F51000C904C904E904C9048704F15D39BFC904F9
:10F5200019B7FFFFFFFFFFFFFFFFFFFFFFFFFFFF19
:10F53000FFFFFFFFFFFFFFFFFFFF19B7A804C8048D
:10F54000D7A6DEF7DEF7FFFFFFFFDEF7BDE7DFF749
:10F55000FFFF12667CDFFFFFD055F155FFFF9CDFF8
:10F560006D2D9DE7FFFFF8AEC804C9040B15BDE77C
:10F57000FFFFDFFFFFFFFFFFFFFFFFFFFFFFFFFFBB
:10F58000FFFFFFFFFFFFFFFFFFFFDFF7FFFFD7A634
:10F59000A804C904C904C904C904C904C904C90424
:10F5A000C904C904C904C804C904C8048704EA0C0E
:10F5B000547EBDE7FFFFFFFFBDEF326EE90CC904CB
:10F5C000C904C904C904C904C904C904C904C904D3
:10F5D000C904E9044804653144ADA3D643CE83CEC3
:10F5E000C3BD855247A647A647A647A647A647A636
:10F5F00047A647A687A6678D865AE9EE09EFE9EE8A
:10F60000E9EE09EF09EF09EF09EF09EFE9EE09EF7C
:10F61000E8EE29F768DE254AE9B54ADFE9D60AD7D8
:10F62000EAD60AD70AD7EAD60AD7EAD6E9D66AE7E7
:10F63000A894E428C8130905C904C904C904C90465
:10F64000C904C904C904C904C904C904C904C90452
:10F65000C904C904C904C904C904C904C904C90442
:10F66000C904C904C904C904C904C904C904C90432
:10F67000C904C904C904C904C904C904C904C90422
:10F68000C904C904C904C904C904C904C904C90412
:10F69000C904C904C904C904C904C904C904C90402
:10F6A000C904C904A8040B152B1D8704EA04A80487
:10F6B000F8AEDFF7DEF7DFF7DFF7FFFFFFFFFFFF53
:10F6C000FFFFDFF7DFF7DEF7DFF7D7A6A804A80410
:10F6D00039BFFFFFFFFFFFFFFFFFFFFFDEEF19B79F
:10F6E000FFFFD7A67CD7FFFFD055F055FFFF7CDF8B
:10F6F000D79EFFFFDEF74C25A804C9040B15BDEF0C
:10F70000FFFF7CDF8F3D8E3D6D351266DFFFFFFF13
:10F710005AC76E358E3D6D35326EFFFFFFFFF8A67E
:10F72000A804C904C904C904C904C904C904C90492
:10F73000C904C904C904E904C904C90412669CDFE8
:10F74000FFFFFFFFFFFFB79E2B1DA804C904C904DC
:10F75000C904C904C904C904C904C904C904C90441
:10F76000C904E904C9048619248CC3D643C683CED0
:10F77000A3B5055B67A647A647A647A647A647A623
:10F7800047A647A6A7AEE55207AD49FFE8EE09EF49
:10F7900009EF09EF09EF09EF09EFE9EE09EFE9EEEB
:10F7A00009EFC8E66652089D6AE7E9D60AD7EAD6A5
:10F7B0000AD70AD7EAD60AD7EAD6E9D66AE748A529
:10F7C000053147130905C904C904C904C904C9049A
:10F7D000C904C904C904C904C904C904C904C904C1
:10F7E000C904C904C904C904C904C904C904C904B1
:10F7F000C904C904C904C904C904C904C904C904A1
:10F80000C904C904C904C904C904C904C904C90490
:10F81000C904C904C904C904C904C904C904C90480
:10F82000C904C904C904C904C904C904C904C90470
:10F83000C904C9040A153AC79DE78E45A804C9043E
:10F840004C256E356D356E354C35B79EFFFFFFFF8D
:10F8500012664D356E356D358E352C25C904C904BB
:10F860008E3DD0555BCFFFFFFFFF326E8E4D326E67
:10F87000FFFFBEEFBEEFFFFFF055F155FFFFDEF7D4
:10F88000FFFFFFFF7586A804E904C9040B15BDEF4F
:10F89000FFFF5BCFA804870467044C25DFF7FFFF59
:10F8A000F8B68704A80466046D35FFFFFFFFF8A6CD
:10F8B000A804C904C904C904C904C904C904C90401
:10F8C000C904C904C904C9042C255BCFFFFFFFFF8D
:10F8D000FFFF5AC78F45A804C904E904C904C90435
:10F8E000C904C904C904C904C904C904C904C904B0
:10F8F000C904C90409056712A462A3CE43CEA3D6E6
:10F9000023A5465B87A647A647A647A647A647A6C0
:10F9100027A6A7AEA67CE66A49F7E9EEE9EEE9EE8E
:10F9200009EF09EF09EF09EFE9EE09EFE9EE09EF59
:10F9300009EFC662888C6AE7E9D6EAD6EAD60AD722
:10F940000AD7EAD60AD7EAD6E9D64ADF88AD2539FA
:10F95000E7120905C904C904C904C904C904C904D2
:10F96000C904C904C904C904C904C904C904C9042F
:10F97000C904C904C904C904C904C904C904C9041F
:10F98000C904C904C904C904C904C904C904C9040F
:10F99000C904C904C904C904C904C904C904C904FF
:10F9A000C904C904C904C904C904C904C904C904EF
:10F9B000C904C904C904C904C904C904C904C904DF
:10F9C000C904A8047486FFFFFFFFFFF7126EC90485
:10F9D000A80487048704870445045376FFFFFFFFCC
:10F9E0006D2D4504870487048704A804C904C9044D
:10F9F0008704C9049DE7FFFFFFFFAF4545046D2D58
:10FA00007BD7D8A6BEEFFFFFD055F155FFFF9DE78E
:10FA1000336E19B70B15C804C904C8040B15BDEF24
:10FA2000FFFFDEF719BF19BF19B75AC7FFFFFFFF66
:10FA3000BEEF19B719BF19B75BCFFFFFFFFFF8A6DD
:10FA4000A804C904C904C904C904C804C804C80472
:10FA5000C804C804C9048704AF45FFFFFFFFDEF7F1
:10FA6000326EA8048704C904C904C804C804C804C1
:10FA7000C904C904C904C904C904C904C904C9041E
:10FA8000C904C9040905A80B6539E4BD83CEA3D612
:10FA9000A494866387AE47A647A647A647A647A66F
:10FAA00047A647A6854AC8CD29F7E9EE09EF09EF31
:10FAB00009EF09EF09EFE9EE09EFE9EEE9EE49F7A1
:10FAC0002673077C6AE7EAD6EAD60AD70AD70AD7A6
:10FAD000EAD60AD7EAD6E9D64ADFA8AD4539A61A4A
:10FAE0000905C904C904C904C904C904C904C9046D
:10FAF000C904C904C904C904C904C904C904C9049E
:10FB0000C904C904C904C904C904C904C904C9048D
:10FB1000C904C904C904C904C904C904C904C9047D
:10FB2000C904C904C904C904C904C904C904C9046D
:10FB3000C904C904C904C904C904C904C904C9045D
:10FB4000C904C904C904C904C904C904C904C9044D
:10FB5000C904C904EA14B696FFFFFFFFFFFF4C2D4E
:10FB60000B15958E968E958E758E5BCFFFFFFFFFE2
:10FB7000F8AE958E968E958E958E0B15C904E90478
:10FB8000A8041266FFFFFFFFFFFFFFFF3376C904E3
:10FB9000A804EA0CBDEFFFFFD055F155FFFFBEEF03
:10FBA0000B158704C904C904C904C9040B15BEEFA9
:10FBB000FFFFFFFFFFFFFFFFFFFFFFFFFFFFFFFF55
:10FBC000FFFFFFFFFFFFFFFFFFFFDFFFFFFFF8A6C5
:10FBD000A804C904C904C9042B152C1D2B1D2C1DF8
:10FBE0002C1D2C1D2C1D0B1DF155FFFFFFFF5BCFA6
:10FBF0000A0D2B1D2C1D2B1D2C1D2B1D2C1D2B1DF3
:10FC0000C904C904C904C904C904C904C904C9048C
:10FC1000C904C904E904A9046521048CA3D6A3D6A8
:10FC200064948663A8AE27A647A647A647A627A63C
:10FC3000A7AEE66BA68369FFE8EE09EFE9EE09EFF0
:10FC400009EF09EFE9EE09EFE9EEE9EE49F746734E
:10FC5000A7734AE7EAD6EAD60AD7EAD60AD7EAD697
:10FC60000AD7EAD6E9D64AE788AD4539861A0905A2
:10FC7000C904C904C904C904C904C904C904C9041C
:10FC8000C904C904C904C904C904C904C904C9040C
:10FC9000C904C904C904C904C904C904C904C904FC
:10FCA000C904C904C904C904C904C904C904C904EC
:10FCB000C904C904C904C904C904C904C904C904DC
:10FCC000C904C904C904C904C904C904C904C904CC
:10FCD000C904C904C904C904C904C904C904C904BC
:10FCE000C904C904C904A8047486FFFF326E8704DE
:10FCF0006D35FFFFFFFFFFFFFFFFFFFFFFFFFFFF70
:10FD0000FFFFFFFFFFFFFFFFFFFF4C25A804C90413
:10FD1000C9045BCFFFFFFFFFFFFFFFFFFFFF336E55
:10FD2000A80419B7FFFFFFFFD055F155FFFFFFFFF4
:10FD30009CDFD055A804C804C904C8040B15BDEF46
:10FD4000FFFFDEF75BCF5BCF5BCF7CD7FFFFFFFF13
:10FD5000DEEF5BCF5BCF5BCF7CD7FFFFFFFFF8A66B
:10FD6000A804E904C904C9043AC7DEEFBEEFBEEF38
:10FD7000BEEFBEEFBEEFBEEFDEF7FFFFFFFFFFFF00
:10FD8000DEEFBEEFBEEFBEEFBEEFBEEFDEEF5BCF4E
:10FD9000E904C904C904C904C904C904C904C904DB
:10FDA000C904C904C9040905C712E44943C6C3D636
:10FDB00084948663A7AE47A647A647A647A667A62C
:10FDC000E795655288DE09EFE9EEE9EE09EF09EF04
:10FDD00009EFE9EE09EFE9EE09EF49F76673876B82
:10FDE0004ADFEAD6EAD60AD7EAD60AD7EAD60AD747
:10FDF000EAD6E9D66AE7089D2531A71A0905C9049C
:10FE0000C904C904C904C904C904C904C904C9048A
:10FE1000C904C904C904C904C904C904C904C9047A
:10FE2000C904C904C904C904C904C904C904C9046A
:10FE3000C904C904C904C904C904C904C904C9045A
:10FE4000C904C904C904C904C904C904C904C9044A
:10FE5000C904C904C904C904C904C904C904C9043A
:10FE6000C904C904C904C904C904C904C904C9042A
:10FE7000C904C904C904C904A8044D2DA804A804D0
:10FE80004C257CD79DE79DE79DDFDEEFFFFFFFFF61
:10FE9000BDEF9DDF9DDF9DE79CDF2B1DC904A804FE
:10FEA000D055FFFFFFFFFFFFDFF79DE77BD78E3DBC
:10FEB0003ABFFFFFDFFFFFFFD04DF155FFFFFFFF10
:10FEC000FFFFFFFFD79E0B15C904C9040B15BDEF3B
:10FED000FFFF5BCFA804A80487044C25DFF7FFFFD2
:10FEE00018B78704A80466046E35FFFFFFFFF8A665
:10FEF000A804E904C904C9049CDFFFFFFFFFFFFF5A
:10FF0000FFFFFFFFFFFFFFFFFFFFFFFFFFFFFFFF01
:10FF1000FFFFFFFFFFFFFFFFFFFFFFFFFFFFBDE74B
:10FF2000E904C904C904C904C904C904C904C90449
:10FF3000C904C904C904E90468042521649403DFE1
:10FF4000E3A4666387AE47A647A647A627A6A8AE42
:10FF5000465B679C69FFE8EE09EF09EF09EFE9EE00
:10FF6000E9EE09EFE8EE09F729F72673A7734ADFF0
:10FF7000EAD6EAD60AD7EAD6EAD6EAD60AD7E9D640
:10FF80000AD74ADF678C053107130905C904C9047C
:10FF9000C904C904C904C904C904C904C904C904F9
:10FFA000C904C904C904C904C904C904C904C904E9
:10FFB000C904C904C904C904C904C904C904C904D9
:10FFC000C904C904C904C904C904C904C904C904C9
:10FFD000C904C904C904C904C904C904C904C904B9
:10FFE000C904C904C904C904C904C904C904C904A9
:10FFF000C904C904C904C904C904C904C904C90499
:020000040803EF
:10000000C904C904C904A804AF45115E0B1DC90485
:10001000E9040B150B150B15EA14958EFFFFFFFF76
:10002000D04DEA140B150B150B15E904C904C804CF
:100030005BCFFFFFBEEFFFFFFFFF8F3DF15D5BCFAB
:10004000FFFFFFFFFFFFFFFFAF45F15DFFFFBEEFCB
:100050009DE7FFFFFFFF7CD7EA0CA8040B15BDEF5F
:10006000FFFF7CD74D2D4C252B25D055DFF7FFFF0B
:100070003ABF2C254C252B25F15DFFFFFFFFF8A68D
:10008000A804C904C904C904B69619B719B719B7A1
:1000900019B719B719B7F9B65AC7FFFFFFFFBEEF77
:1000A00019B719B719B719B719B719B719B7B69E4C
:1000B000E904C904C904C904C904C904C904C904B8
:1000C000C904C904C904C9040905C712A44963CEF7
:1000D000A3B5065367A647A647A647A688AE478599
:1000E000A65A09EFE9EEE9EEE9EE09EFE9EE09EFCC
:1000F00009EFE8EE49F7C8E6C662E77B4AE7EAD6C9
:10010000EAD60AD7EAD6EAD60AD7EAD6E9D62ADF65
:100110000AD78773052967130905C904C904C904E7
:10012000C904C904C904C904C904C904C904C90467
:10013000C904C904C904C904C904C904C904C90457
:10014000C904C904C904C904C904C904C904C90447
:10015000C904C904C904C904C904C904C904C90437
:10016000C904C904C904C904C904C904C904C90427
:10017000C904C904C904C904C904C904C904C90417
:10018000C904C904C904C904C904C904C904C90407
:10019000C904C904C904A804D79EFFFFBEEF4C25BB
:1001A0008704A804A704A8046604547EFFFFFFFF89
:1001B0006E356604A804A704A704A804C904A8040B
:1001C0003AC7DFF7B696FFFFFFFF0B15F8AEFFFF4C
:1001D000DFFFF8AEDEF7FFFF6D35F15DFFFF9DE756
:1001E0004D25F9B6FFFFB696A804C9040B15BEEF5E
:1001F000FFFFFFFFDEF7DEF7DEF7DFF7FFFFFFFFB2
:10020000FFFFDEF7DEF7DEF7DFF7DFF7FFFFD7A64A
:10021000A704C904C904C904A804A804A804A8041C
:10022000A804A804C80487048E3DFFFFFFFF5AC737
:10023000A804A804A804A804A804A804A804A8045E
:10024000C904C904C904C904C904C904C904C90446
:10025000C904C904C904C904E904A9046521847B4B
:1002600023C6654A279E47A647A647A687AEC5521E
:1002700047B549F7E8EE09EF09EFE9EE09EFE9EED6
:10028000E8EE69FF48D66552878C6AE7EAD6EAD677
:100290000AD7EAD6EAD60AD7EAD6EAD66AE749BE44
:1002A000665A4521E80B0905C904C904C904C904F3
:1002B000C904C904C904C904C904C904C904C904D6
:1002C000C904C904C904C904C904C904C904C904C6
:1002D000C904C904C904C904C904C904C904C904B6
:1002E000C904C904C904C904C904C904C904C904A6
:1002F000C904C904C904C904C904C904C904C90496
:10030000C904C904C904C904C904C904C904C90485
:10031000C904C904C904C904C904C904C904C90475
:10032000C904C904C904C9045BCFFFFF7CD7AF452A
:10033000F8AEF8AEF8B619B7F8AE7CDFFFFFFFFFF6
:100340003AC7F8AE19B719B7F8AE19B74D258704F3
:10035000D7A6F8AED055FFFFFFFF2B1D6E35DFF798
:10036000F15DD04DFFFFFFFF2B15F15DFFFFBDE7F6
:10037000EA0CC904547EEA0CA804C9040B15BDEFAD
:10038000FFFFFFFFFFFFFFFFFFFFFFFFFFFFFFFF7D
:10039000FFFFFFFFFFFFFFFFFFFFFFFFFFFF3ABF72
:1003A0000B1DA804C904C904C904C904C904C904AB
:1003B000C904C904E904A804AF45FFFFFFFF5BC7F8
:1003C000C904C904C904C904C904C904C904C904C5
:1003D000C904C904C904C904C904C904C904C904B5
:1003E000C904C904C904C904C9040905C80B0529FD
:1003F000C49C646B278587AE279EA8AE8674266B47
:1004000049F7E9EEE9EEE9EE09EF09EFE9EE09EF68
:1004100069FF27B5454A48A56AE7E9D6EAD60AD76B
:10042000EAD60AD7EAD6E9D62ADF4ADFC89C653978
:10043000E61989040905C904C904C904C904C90421
:10044000C904C904C904C904C904C904C904C90444
:10045000C904C904C904C904C904C904C904C90434
:10046000C904C904C904C904C904C904C904C90424
:10047000C904C904C904C904C904C904C904C90414
:10048000C904C904C904C904C904C904C904C90404
:10049000C904C904C904C904C904C904C904C904F4
:1004A000C904C904C904C904C904C904C904C904E4
:1004B000C904C904A8044D2DDEF7FFFFD79EAF4540
:1004C000FFFFFFFFFFFFFFFFFFFFFFFFFFFFFFFF3C
:1004D000FFFFFFFFFFFFFFFFFFFFFFFF8F3D6604F2
:1004E00012666E35D055FFFFFFFF4C25A8046E3510
:1004F0008704D7A6FFFFBEEFC904115EFFFFBDE76B
:100500000B15EA0CD79E115EEA0CC8040B15BEEF62
:10051000FFFFBDEF547E537633769696FFFFFFFFC5
:100520007CDF53765376537653765376747EDFF7BB
:10053000BEEFD7A6EA0CC904C904C904C904C9049A
:10054000E904C904E904A804AF45FFFFFFFF5AC747
:10055000C904C904C904C904C904C904C904C90433
:10056000C904C904C904C904C904C904C904C90423
:10057000C904C904C904C904C904C9040905E712A6
:10058000A441E45AE66BA8AE47A6279E654A08CE6A
:1005900029F7E9EE09EFE9EEE9EEE8EE49F7E9EED1
:1005A000C683A65249BE6AE7E9D6EAD60AD70AD771
:1005B000EAD6EAD60AD76ADF49BEE66205290713FA
:1005C000E904E904C904C904C904C904C904C90483
:1005D000C904C904C904C904C904C904C904C904B3
:1005E000C904C904C904C904C904C904C904C904A3
:1005F000C904C904C904C904C904C904C904C90493
:10060000C904C904C904C904C904C904C904C90482
:10061000C904C904C904C904C904C904C904C90472
:10062000C904C904C904C904C904C904C904C90462
:10063000C904C904C904C904C904C904C904C90452
:10064000C904E904A804F15DFFFFFFFF12664D2D08
:100650005BCF3AC73AC75AC73AC79DE7FFFFFFFFCC
:100660007CD73AC75AC75AC73AC75BCF4D2DA804A3
:10067000EA0C88041266FFFFFFFF4C25C8048704BC
:100680004D2DDEF7FFFF3ABF87041266FFFFBDE77F
:10069000EA0C2C1DFFFFFFFF2C25A8040B157CDFA7
:1006A000DEEF3AC7A804A80487044D2DDFF7FFFF4B
:1006B000F8AE660487048704870466042B1DDEF702
:1006C000FFFF9DDFEA04C904C904C904C904C904C1
:1006D000A804A804A8046704D04DFFFFFFFF5AC771
:1006E000C904C904C904C904C904C904C904C904A2
:1006F000C904C904C904C904C904C904C904C90492
:10070000C904C904C904C904C904C904C904090540
:10071000A61A2431E539C795E8B6A663C68369FFF2
:10072000C8EEE9EEE9EEE9EE49F749FF47BD865A22
:10073000E77B0AD72ADFEAD60AD7EAD6EAD6EAD68C
:100740000AD74ADFC9CE27844539C519280C0905BF
:10075000C904C904C904C904C904C904C904C90431
:10076000C904C904C904C904C904C904C904C90421
:10077000C904C904C904C904C904C904C904C90411
:10078000C904C904C904C904C904C904C904C90401
:10079000C904C904C904C904C904C904C904C904F1
:1007A000C904C904C904C904C904C904C904C904E1
:1007B000C904C904C904C904C904C904C904C904D1
:1007C000C904C904C904C904C904C904C904C904C1
:1007D000C904C904A804D7A6FFFFFFFF6D35A8040C
:1007E000C904C804C804C90487047486FFFFFFFF56
:1007F0008E3D8704C804C804C804C804C904C904D9
:10080000C90487041266FFFFFFFF4C25A804C90432
:100810003AC7FFFFFFFF12666604326EFFFFBEEFAE
:100820000A0D8E3DFFFF9DE70A15C904E9042C1D42
:100830004C252B1DE904E904C8048E35DFF7FFFFC2
:100840009CDF6D2D0B1D2C1D2C1D2B25D79EFFFF16
:10085000FFFFD79EA804C904C904C904C8042C25F5
:10086000F0558E3D6D358E453AC7FFFFFFFF39BF0E
:10087000C904C904C904C904C904C904C904C90410
:10088000C904C904C904C904C904C904C904C90400
:10089000C904C904C904C904C904C904C904C904F0
:1008A000E904C71AE428065B878DA65AC8E629F72B
:1008B00009EF29F769FF29F7C8C52673C65AA9ADFC
:1008C0006AE7EAD6EAD6EAD6EAD6EAD62ADF4ADFE5
:1008D000A9CE8894C54965214713E904E904C904F0
:1008E000C904C904C904C904C904C904C904C904A0
:1008F000C904C904C904C904C904C904C904C90490
:10090000C904C904C904C904C904C904C904C9047F
:10091000C904C904C904C904C904C904C904C9046F
:10092000C904C904C904C904C904C904C904C9045F
:10093000C904C904C904C904C904C904C904C9044F
:10094000C904C904C904C904C904C904C904C9043F
:10095000C904C904C904C904C904C904C904C9042F
:10096000C904C904EA0C7CDFFFFF7CD7EA0CC90488
:10097000C904C904C904E904A8047586FFFFFFFF80
:10098000AF45A804C904C904C904C904C904C904F9
:10099000E90487041266FFFFFFFF4C25C90CD8A6A7
:1009A000FFFFFFFF5BCFEA0C8704F15DFFFFFFFF56
:1009B0005BCF7CDFFFFF5AC7C904C904C904C9045F
:1009C000C804C904C904C904C9042B1DDEF7FFFF0C
:1009D000FFFFDEF79DE7BDE79DE7DEEFFFFFDFFFEF
:1009E000FFFFF155A804C904C904C904A8046D2D6A
:1009F000FFFFFFFFFFFFFFFFFFFFDFF7FFFF968E09
:100A0000A804C904C904C904C904C904C904C9049F
:100A1000C904C904C904C904C904C904C904C9046E
:100A2000C904C904C904C904C904C904C904C9045E
:100A3000C904E904471345312531C683A8E6A8E671
:100A400068DEE8CDA7A4066BC65AE89C0ADF2ADF59
:100A5000C9D6EAD60AD72ADF4ADF2ADF29BE0784A9
:100A6000C5494521E712A9040905C904C904C904F7
:100A7000C904C904C904C904C904C904C904C9040E
:100A8000C904C904C904C904C904C904C904C904FE
:100A9000C904C904C904C904C904C904C904C904EE
:100AA000C904C904C904C904C904C904C904C904DE
:100AB000C904C904C904C904C904C904C904C904CE
:100AC000C904C904C904C904C904C904C904C904BE
:100AD000C904C904C904C904C904C904C904C904AE
:100AE000C904C904C904C904C904C904C904C9049E
:100AF000E904A804AF45FFFFFFFFD7A6A804C90477
:100B0000C904C904C904E904A8047586FFFFFFFFEE
:100B1000AF45A804C904C904C904C904C904C90467
:100B2000E90487041266FFFFFFFF2B1D6D35FFFFF1
:100B3000FFFFDEF76E35A804C8042C25DEF7FFFFA3
:100B4000FFFFFFFFFFFF7486A804C904C904C9049E
:100B5000C904C904C904C904C904A8047586FFFFEF
:100B6000FFFFFFFFFFFFFFFFFFFFFFFFFFFFFFFF95
:100B7000F8AEC904C904C904C904C904C904C90434
:100B80007CDFFFFFFFFFFFFFFFFFFFFFBDE72C251F
:100B9000A804C904C904C904C904C904C904C9040E
:100BA000C904C904C904C904C904C904C904C904DD
:100BB000C904C904C904C904C904C904C904C904CD
:100BC000C904C9040905280C0622253165392552B6
:100BD00066522663678CC9B56AE78AE74ADF4ADF4F
:100BE0004ADF4ADFEACE09BE8794C66265398521AD
:100BF000071389040905E904C904C904C904C9041F
:100C0000C904C904C904C904C904C904C904C9047C
:100C1000C904C904C904C904C904C904C904C9046C
:100C2000C904C904C904C904C904C904C904C9045C
:100C3000C904C904C904C904C904C904C904C9044C
:100C4000C904C904C904C904C904C904C904C9043C
:100C5000C904C904C904C904C904C904C904C9042C
:100C6000C904C904C904C904C904C904C904C9041C
:100C7000C904C904C904C904C904C904C904C9040C
:100C8000C904C9040B1DF15D19B7D04DA804C904EE
:100C9000C904C904C904C904A804547EDEF7DEEF00
:100CA0008E3DA804C904C904C904C904C904C904FF
:100CB000C9048704F15DDEEFBEEF4C2587048F3D4C
:100CC0009CDFF15DA804E904C904A804AF4519B785
:100CD0005AC73AC7747EEA0CC904C904C904C904D6
:100CE000C904C904C904C904C904C904C904AF4575
:100CF0003376747E747E747E547E747E5376AF4DEC
:100D0000C904C904C904C904C904C904C904C9047B
:100D1000537619B7F8AE19B719B775864C25A804DC
:100D2000C904C904C904C904C904C904C904C9045B
:100D3000C904C904C904C904C904C904C904C9044B
:100D4000C904C904C904C904C904C904C904C9043B
:100D5000C904C904C904E904E904C80B6622652171
:100D60008541E66A278CE89C089D08A508A588941B
:100D7000E783066B2552653185216612C80BC904CD
:100D80000905E904C904C904C904C904C904C9049A
:100D9000C904C904C904C904C904C904C904C904EB
:100DA000C904C904C904C904C904C904C904C904DB
:100DB000C904C904C904C904C904C904C904C904CB
:100DC000C904C904C904C904C904C904C904C904BB
:100DD000C904C904C904C904C904C904C904C904AB
:100DE000C904C904C904C904C904C904C904C9049B
:100DF000C904C904C904C904C904C904C904C9048B
:100E0000C904C904C904C904C904C904C904C9047A
:100E1000C904C904C904A804A804C904C904C904AC
:100E2000C904C904C904C904C9040B154D254C25BE
:100E3000EA0CC904C904C904C904C904C904C90421
:100E4000C904C9040A0D4C254C25E904C904A804A9
:100E50000A0DC904C904C904C904C904A804A80422
:100E6000A804A804A804C904C904C904C904C9047D
:100E7000C904C904C904C904C904C904C904A8042B
:100E8000A804A804A804A804A804A804A804A80402
:100E9000C904C904C904C904C904C904C904C904EA
:100EA000C804A804A804A804A804A804C804C90481
:100EB000C904C904C904C904C904C904C904C904CA
:100EC000C904C904C904C904C904C904C904C904BA
:100ED000C904C904C904C904C904C904C904C904AA
:100EE000C904C904C904C904C90409050905890458
:100EF000870B8612C6198521852185218521A5218B
:100F0000E6194612270B080CC90409050905C9048E
:100F1000C904C904C904C904C904C904C904C90469
:100F2000C904C904C904C904C904C904C904C90459
:100F3000C904C904C904C904C904C904C904C90449
:100F4000C904C904C904C904C904C904C904C90439
:100F5000C904C904C904C904C904C904C904C90429
:100F6000C904C904C904C904C904C904C904C90419
:100F7000C904C904C904C904C904C904C904C90409
:100F8000C904C904C904C904C904C904C904C904F9
:100F9000C904C904C904C904C904C904C904C904E9
:100FA000C904C904C904E904C904C904C904C904B9
:100FB000C904C904C904C904C904C904C804C804CB
:100FC000C904C904C904C904C904C904C904C904B9
:100FD000C904C904C904C804C804C904C904C904AB
:100FE000C904C904C904C904C904C904C904C90499
:100FF000C904C904E904C904C904C904C904C90469
:10100000C904C904C904C904C904C904C904E90458
:10101000E904E904E904E904E904E904E904E90468
:10102000C904C904C904C904C904C904C904C90458
:10103000C904C904C904C904C904E904C904C90428
:10104000C904C904C904C904C904C904C904C90438
:10105000C904C904C904C904C904C904C904C90428
:10106000C904C904C904C904C904C904C904C90418
:10107000C904C904C904C904C904C904C904E904E8
:10108000090509050905C904A9048904A904C904B5
:101090000905090509050905C904C904C904C904E4
:1010A000C904C904C904C904C904C904C904C904D8
:1010B000C904C904C904C904C904C904C904C904C8
:1010C000C904C904C904C904C904C904C904C904B8
:1010D000C904C904C904C904C904C904C904C904A8
:1010E000C904C904C904C904C904C904C904C90498
:1010F000C904C904C904C904C904C904C904C90488
:10110000C904C904C904C904C904C904C904C90477
:10111000C904C904C904C904C904C904C904C90467
:10112000C904C904C904C904C904C904C904C90457
:10113000C904C904C904C904C904C904C904C90447
:10114000C904C904C904C904C904C904C904C90437
:10115000C904C904C904C904C904C904C904C90427
:10116000C904C904C904C904C904C904C904C90417
:10117000C904C904C904C904C904C904C904C90407
:10118000C904C904C904C904C904C904C904C904F7
:10119000C904C904C904C904C904C904C904C904E7
:1011A000C904C904C904C904C904C904C904C904D7
:1011B000C904C904C904C904C904C904C904C904C7
:1011C000C904C904C904C904C904C904C904C904B7
:1011D000C904C904C904C904C904C904C904C904A7
:1011E000C904C904C904C904C904C904C904C90497
:1011F000C904C904C904C904C904C904C904C90487
:10120000C904C904C904C904C904C904C904C90476
:10121000C904C904C904C904E904E904E904C90406
:10122000C904C904C904C904C904C904C904C90456
:10123000C904C904C904C904C904C904C904C90446
:10124000C904C904C904C904C904C904C904C90436
:10125000C904C904C904C904C904C904C904C90426
:10126000C904C904C904C904C904C904C904C90416
:10127000C904C904C904C904C904C904C904C90406
:10128000C904C904C904C904C904C904C904C904F6
:10129000C904C904C904C904C904C904C904C904E6
:1012A000C904C904C904C904C904C904C904C904D6
:1012B000C904C904C904C904C904C904C904C904C6
:1012C000C904C904C904C904C904C904C904C904B6
:1012D000C904C904C904C904C904C904C904C904A6
:1012E000C904C904C904C904C904C904C904C90496
:1012F000C904C904C904C904C904C904C904C90486
:10130000C904C904C904C904C904C904C904C90475
:10131000C904C904C904C904C904C904C904C90465
:10132000C904C904C904C904C904C904C904C90455
:10133000C904C904C904C904C904C904C904C90445
:10134000C904C904C904C904C904C904C904C90435
:10135000C904C904C904C904C904C904C904C90425
:10136000C904C904C904C904C904C904C904C90415
:10137000C904C904C904C904C904C904C904C90405
:10138000C904C904C904C904C904C904C904C904F5
:10139000C904C904C904C904C904C904C904C904E5
:1013A000C904C904C904C904C904C904C904C904D5
:1013B000C904C904C904C904C904C904C904C904C5
:1013C000C904C904C904C904C904C904C904C904B5
:1013D000C904C904C904C904C904C904C904C904A5
:1013E000C904C904C904C904C904C904C904C90495
:1013F000C904C904C904C904C904C904C904C90485
:10140000C904C904C904C904C904C904C904C90474
:10141000C904C904C904C904C904C904C904C90464
:10142000C904C904C904C904C904C904C904C90454
:10143000C904C904C904C904C904C904C904C90444
:10144000C904C904C904C904C904C904C904C90434
:10145000C904C904C904C904C904C904C904C90424
:10146000C904C904C904C904C904C904C904C90414
:10147000C904C904C904C904C904C904C904C90404
:10148000C904C904C904C904C904C904C904C904F4
:10149000C904C904C904C904C904C904C904C904E4
:1014A000C904C904C904C904C904C904C904C904D4
:1014B000C904C904C904C904C904C904C904C904C4
:1014C000C904C904C904C904C904C904C904C904B4
:1014D000C904C904C904C904C904C904C904C904A4
:1014E000C904C904C904C904C904C904C904C90494
:1014F000C904C904C904C904C904C904C904C90484
:10150000C904C904C904C904C904C904C904C90473
:10151000C904C904C904C904C904C904C904C90463
:10152000C904C904C904C904C904C904C904C90453
:10153000C904C904C904C904C904C904C904C90443
:10154000C904C904C904C904C904C904C904C90433
:10155000C904C904C904C904C904C904C904C90423
:10156000C904C904C904C904C904C904C904C90413
:10157000C904C904C904C904C904C904C904C90403
:10158000C904C904C904C904C904C904C904C904F3
:10159000C904C904C904C904C904C904C904C904E3
:1015A000C904C904C904C904C904C904C904C904D3
:1015B000C904C904C904C904C904C904C904C904C3
:1015C000C904C904C904C904C904C904C904C904B3
:1015D000C904C904C904C904C904C904C904C904A3
:1015E000C904C904C904C904C904C904C904C90493
:1015F000C904C904C904C904C904C904C904C90483
:10160000C904C904C904C904C904C904C904C90472
:10161000C904C904C904C904C904C904C904C90462
:10162000C904C904C904C904C904C904C904C90452
:10163000C904C904C904C904C904C904C904C90442
:10164000C904C904C904C904C904C904C904C90432
:10165000C904C904C904C904C904C904C904C90422
:10166000C904C904C904C904C904C904C904C90412
:10167000C904C904C904C904C904C904C904C90402
:10168000C904C904C904C904C904C904C904C904F2
:10169000C904C904C904C904C904C904C904C904E2
:1016A000C904C904C904C904C904C904C904C904D2
:1016B000C904C904C904C904C904C904C904C904C2
:1016C000C904C904C904C904C904C904C904C904B2
:1016D000C904C904C904C904C904C904C904C904A2
:1016E000C904C904C904C904C904C904C904C90492
:1016F000C904C904C904C904C904C904C904C90482
:10170000C904C904C904C904C904C904C904C90471
:10171000C904C904C904C904C904C904C904C90461
:10172000C904C904C904C904C904C904C904C90451
:10173000C904C904C904C904C904C904C904C90441
:10174000C904C904C904C904C904C904C904C90431
:10175000C904C904C904C904C904C904C904C90421
:10176000C904C904C904C904C904C904C904C90411
:10177000C904C904C904C904C904C904C904C90401
:10178000C904C904C904C904C904C904C904C904F1
:10179000C904C904C904C904C904C904C904C904E1
:1017A000C904C904C904C904C904C904C904C904D1
:1017B000C904C904C904C904C904C904C904C904C1
:1017C000C904C904C904C904C904C904C904C904B1
:1017D000C904C904C904C904C904C904C904C904A1
:1017E000C904C904C904C904C904C904C904C90491
:1017F000C904C904C904C904C904C904C904C90481
:10180000C904C904C904C904C904C904C904C90470
:10181000C904C904C904C904C904C904C904C90460
:10182000C904C904C904C904C904C904C904C90450
:10183000C904C904C904C904C904C904C904C90440
:10184000C904C904C904C904C904C904C904C90430
:10185000C904C904C904C904C904C904C904C90420
:10186000C904C904C904C904C904C904C904C90410
:10187000C904C904C904C904C904C904C904C90400
:10188000C904C904C904C904C904C904C904C904F0
:10189000C904C904C904C904C904C904C904C904E0
:1018A000C904C904C904C904C904C904C904C904D0
:1018B000C904C904C904C904C904C904C904C904C0
:1018C000C904C904C904C904C904C904C904C904B0
:1018D000C904C904C904C904C904C904C904C904A0
:1018E000C904C904C904C904C904C904C904C90490
:1018F000C904C904C904C904C904C904C904C90480
:10190000C904C904C904C904C904C904C904C9046F
:10191000C904C904C904C904C904C904C904C9045F
:10192000C904C904C904C904C904C904C904C9044F
:10193000C904C904C904C904C904C904C904C9043F
:10194000C904C904C904C904C904C904C904C9042F
:10195000C904C904C904C904C904C904C904C9041F
:10196000C904C904C904C904C904C904C904C9040F
:10197000C904C904C904C904C904C904C904C904FF
:10198000C904C904C904C904C904C904C904C904EF
:10199000C904C904C904C904C904C904C904C904DF
:1019A000C904C904C904C904C904C904C904C904CF
:1019B000C904C904C904C904C904C904C904C904BF
:1019C000C904C904C904C904C904C904C904C904AF
:1019D000C904C904C904C904C904C904C904C9049F
:1019E000C904C904C904C904C904C904C904C9048F
:1019F000C904C904C904C904C904C904C904C9047F
:101A0000C904C904C904C904C904C904C904C9046E
:101A1000C904C904C904C904C904C904C904C9045E
:101A2000C904C904C904C904C904C904C904C9044E
:101A3000C904C904C904C904C904C904C904C9043E
:101A4000C904C904C904C904C904C904C904C9042E
:101A5000C904C904C904C904C904C904C904C9041E
:101A6000C904C904C904C904C904C904C904C9040E
:101A7000C904C904C904C904C904C904C904C904FE
:101A8000C904C904C904C904C904C904C904C904EE
:101A9000C904C904C904C904C904C904C904C904DE
:101AA000C904C904C904C904C904C904C904C904CE
:101AB000C904C904C904C904C904C904C904C904BE
:101AC000C904C904C904C904C904C904C904C904AE
:101AD000C904C904C904C904C904C904C904C9049E
:101AE000C904C904C904C904C904C904C904C9048E
:101AF000C904C904C904C904C904C904C904C9047E
:101B0000C904C904C904C904C904C904C904C9046D
:101B1000C904C904C904C904C904C904C904C9045D
:101B2000C904C904C904C904C904C904C904C9044D
:101B3000C904C904C904C904C904C904C904C9043D
:101B4000C904C904C904C904C904C904C904C9042D
:101B5000C904C904C904C904C904C904C904C9041D
:101B6000C904C904C904C904C904C904C904C9040D
:101B7000C904C904C904C904C904C904C904C904FD
:101B8000C904C904C904C904C904C904C904C904ED
:101B9000C904C904C904C904C904C904C904C904DD
:101BA000C904C904C904C904C904C904C904C904CD
:101BB000C904C904C904C904C904C904C904C904BD
:101BC000C904C904C904C904C904C904C904C904AD
:101BD000C904C904C904C904C904C904C904C9049D
:101BE000C904C904C904C904C904C904C904C9048D
:101BF000C904C904C904C904C904C904C904C9047D
:101C0000C904C904C904C904C904C904C904C9046C
:101C1000C904C904C904C904C904C904C904C9045C
:101C2000C904C904C904C904C904C904C904C9044C
:101C3000C904C904C904C904C904C904C904C9043C
:101C4000C904C904C904C904C904C904C904C9042C
:101C5000C904C904C904C904C904C904C904C9041C
:101C6000C904C904C904C904C904C904C904C9040C
:101C7000C904C904C904C904C904C904C904C904FC
:101C8000C904C904C904C904C904C904C904C904EC
:101C9000C904C904C904C904C904C904C904C904DC
:101CA000C904C904C904C904C904C904C904C904CC
:101CB000C904C904C904C904C904C904C904C904BC
:101CC000C904C904C904C904C904C904C904C904AC
:101CD000C904C904C904C904C904C904C904C9049C
:101CE000C904C904C904C904C904C904C904C9048C
:101CF000C904C904C904C904C904C904C904C9047C
:101D0000C904C904C904C904C904C904C904C9046B
:101D1000C904C904C904C904C904C904C904C9045B
:101D2000C904C904C904C904C904C904C904C9044B
:101D3000C904C904C904C904C904C904C904C9043B
:101D4000C904C904C904C904C904C904C904C9042B
:101D5000C904C904C904C904C904C904C904C9041B
:101D6000C904C904C904C904C904C904C904C9040B
:101D7000C904C904C904C904C904C904C904C904FB
:101D8000C904C904C904C904C904C904C904C904EB
:101D9000C904C904C904C904C904C904C904C904DB
:101DA000C904C904C904C904C904C904C904C904CB
:101DB000C904C904C904C904C904C904C904C904BB
:101DC000C904C904C904C904C904C904C904C904AB
:101DD000C904C904C904C904C904C904C904C9049B
:101DE000C904C904C904C904C904C904C904C9048B
:101DF000C904C904C904C904C904C904C904C9047B
:101E0000C904C904C904C904C904C904C904C9046A
:101E1000C904C904C904C904C904C904C904C9045A
:101E2000C904C904C904C904C904C904C904C9044A
:101E3000C904C904C904C904C904C904C904C9043A
:101E4000C904C904C904C904C904C904C904C9042A
:101E5000C904C904C904C904C904C904C904C9041A
:101E6000C904C904C904C904C904C904C904C9040A
:101E7000C904C904C904C904C904C904C904C904FA
:101E8000C904C904C904C904C904C904C904C904EA
:101E9000C904C904C904C904C904C904C904C904DA
:101EA000C904C904C904C904C904C904C904C904CA
:101EB000C904C904C904C904C904C904C904C904BA
:101EC000C904C904C904C904C904C904C904C904AA
:101ED000C904C904C904C904C904C904C904C9049A
:101EE000C904C904C904C904C904C904C904C9048A
:101EF000C904C904C904C904C904C904C904C9047A
:101F0000C904C904C904C904C904C904C904C90469
:101F1000C904C904C904C904C904C904C904C90459
:101F2000C904C904C904C904C904C904C904C90449
:101F3000C904C904C904C904C904C904C904C90439
:101F4000C904C904C904C904C904C904C904C90429
:101F5000C904C904C904C904C904C904C904C90419
:101F6000C904C904C904C904C904C904C904C90409
:101F7000C904C904C904C904C904C904C904C904F9
:101F8000C904C904C904C904C904C904C904C904E9
:101F9000C904C904C904C904C904C904C904C904D9
:101FA000C904C904C904C904C904C904C904C904C9
:101FB000C904C904C904C904C904C904C904C904B9
:101FC000C904C904C904C904C904C904C904C904A9
:101FD000C904C904C904C904C904C904C904C90499
:101FE000C904C904C904C904C904C904C904C90489
:101FF000C904C904C904C904C904C904C904C90479
:10200000C904C904C904C904C904C904C904C90468
:10201000C904C904C904C904C904C904C904C90458
:10202000C904C904C904C904C904C904C904C90448
:10203000C904C904C904C904C904C904C904C90438
:10204000C904C904C904C904C904C904C904C90428
:10205000C904C904C904C904C904C904C904C90418
:10206000C904C904C904C904C904C904C904C90408
:10207000C904C904C904C904C904C904C904C904F8
:10208000C904C904C904C904C904C904C904C904E8
:10209000C904C904C904C904C904C904C904C904D8
:1020A000C904C904C904C904C904C904C904C904C8
:1020B000C904C904C904C904C904C904C904C904B8
:1020C000C904C904C904C904C904C904C904C904A8
:1020D000C904C904C904C904C904C904C904C90498
:1020E000C904C904C904C904C904C904C904C90488
:1020F000C904C904C904C904C904C904C904C90478
:10210000C904C904C904C904C904C904C904C90467
:10211000C904C904C904C904C904C904C904C90457
:10212000C904C904C904C904C904C904C904C90447
:10213000C904C904C904C904C904C904C904C90437
:10214000C904C904C904C904C904C904C904C90427
:10215000C904C904C904C904C904C904C904C90417
:10216000C904C904C904C904C904C904C904C90407
:10217000C904C904C904C904C904C904C904C904F7
:10218000C904C904C904C904C904C904C904C904E7
:10219000C904C904C904C904C904C904C904C904D7
:1021A000C904C904C904C904C904C904C904C904C7
:1021B000C904C904C904C904C904C904C904C904B7
:1021C000C904C904C904C904C904C904C904C904A7
:1021D000C904C904C904C904C904C904C904C90497
:1021E000C904C904C904C904C904C904C904C90487
:1021F000C904C904C904C904C904C904C904C90477
:10220000C904C904C904C904C904C904C904C90466
:10221000C904C904C904C904C904C904C904C90456
:10222000C904C904C904C904C904C904C904C90446
:10223000C904C904C904C904C904C904C904C90436
:10224000C904C904C904C904C904C904C904C90426
:10225000C904C904C904C904C904C904C904C90416
:10226000C904C904C904C904C904C904C904C90406
:10227000C904C904C904C904C904C904C904C904F6
:10228000C904C904C904C904C904C904C904C904E6
:10229000C904C904C904C904C904C904C904C904D6
:1022A000C904C904C904C904C904C904C904C904C6
:1022B000C904C904C904C904C904C904C904C904B6
:1022C000C904C904C904C904C904C904C904C904A6
:1022D000C904C904C904C904C904C904C904C90496
:1022E000C904C904C904C904C904C904C904C90486
:1022F000C904C904C904C904C904C904C904C90476
:10230000C904C904C904C904C904C904C904C90465
:10231000C904C904C904C904C904C904C904C90455
:10232000C904C904C904C904C904C904C904C90445
:10233000C904C904C904C904C904C904C904C90435
:10234000C904C904C904C904C904C904C904C90425
:10235000C904C904C904C904C904C904C904C90415
:10236000C904C904C904C904C904C904C904C90405
:10237000C904C904C904C904C904C904C904C904F5
:10238000C904C904C904C904C904C904C904C904E5
:10239000C904C904C904C904C904C904C904C904D5
:1023A000C904C904C904C904C904C904C904C904C5
:1023B000C904C904C904C904C904C904C904C904B5
:1023C000C904C904C904C904C904C904C904C904A5
:1023D000C904C904C904C904C904C904C904C90495
:1023E000C904C904C904C904C904C904C904C90485
:1023F000C904C904C904C904C904C904C904C90475
:10240000C904C904C904C904C904C904C904C90464
:10241000C904C904C904C904C904C904C904C90454
:10242000C904C904C904C904C904C904C904C90444
:10243000C904C904C904C904C904C904C904C90434
:10244000C904C904C904C904C904C904C904C90424
:10245000C904C904C904C904C904C904C904C90414
:10246000C904C904C904C904C904C904C904C90404
:10247000C904C904C904C904C904C904C904C904F4
:10248000C904C904C904C904C904C904C904C904E4
:10249000C904C904C904C904C904C904C904C904D4
:1024A000C904C904C904C904C904C904C904C904C4
:1024B000C904C904C904C904C904C904C904C904B4
:1024C000C904C904C904C904C904C904C904C904A4
:1024D000C904C904C904C904C904C904C904C90494
:1024E000C904C904C904C904C904C904C904C90484
:1024F000C904C904C904C904C904C904C904C90474
:10250000C904C904C904C904C904C904C904C90463
:10251000C904C904C904C904C904C904C904C90453
:10252000C904C904C904C904C904C904C904C90443
:10253000C904C904C904C904C904C904C904C90433
:10254000C904C904C904C904C904C904C904C90423
:10255000C904C904C904C904C904C904C904C90413
:10256000C904C904C904C904C904C904C904C90403
:10257000C904C904C904C904C904C904C904C904F3
:10258000C904C904C904C904C904C904C904C904E3
:10259000C904C904C904C904C904C904C904C904D3
:1025A000C904C904C904C904C904C904C904C904C3
:1025B000C904C904C904C904C904C904C904C904B3
:1025C000C904C904C904C904C904C904C904C904A3
:1025D000C904C904C904C904C904C904C904C90493
:1025E000C904C904C904C904C904C904C904C90483
:1025F000C904C904C904C904C904C904C904C90473
:10260000C904C904C904C904C904C904C904C90462
:10261000C904C904C904C904C904C904C904C90452
:10262000C904C904C904C904C904C904C904C90442
:10263000C904C904C904C904C904C904C904C90432
:10264000C904C904C904C904C904C904C904C90422
:10265000C904C904C904C904C904C904C904C90412
:10266000C904C904C904C904C904C904C904C90402
:10267000C904C904C904C904C904C904C904C904F2
:10268000C904C904C904C904C904C904C904C904E2
:10269000C904C904C904C904C904C904C904C904D2
:1026A000C904C904C904C904C904C904C904C904C2
:1026B000C904C904C904C904C904C904C904C904B2
:1026C000C904C904C904C904C904C904C904C904A2
:1026D000C904C904C904C904C904C904C904C90492
:1026E000C904C904C904C904C904C904C904C90482
:1026F000C904C904C904C904C904C904C904C90472
:10270000C904C904C904C904C904C904C904C90461
:10271000C904C904C904C904C904C904C904C90451
:10272000C904C904C904C904C904C904C904C90441
:10273000C904C904C904C904C904C904C904C90431
:10274000C904C904C904C904C904C904C904C90421
:10275000C904C904C904C904C904C904C904C90411
:10276000C904C904C904C904C904C904C904C90401
:10277000C904C904C904C904C904C904C904C904F1
:10278000C904C904C904C904C904C904C904C904E1
:10279000C904C904C904C904C904C904C904C904D1
:1027A000C904C904C904C904C904C904C904C904C1
:1027B000C904C904C904C904C904C904C904C904B1
:1027C000C904C904C904C904C904C904C904C904A1
:1027D000C904C904C904C904C904C904C904C90491
:1027E000C904C904C904C904C904C904C904C90481
:1027F000C904C904C904C904C904C904C904C90471
:10280000C904C904C904C904C904C904C904C90460
:10281000C904C904C904C904C904C904C904C90450
:10282000C904C904C904C904C904C904C904C90440
:10283000C904C904C904C904C904C904C904C90430
:10284000C904C904C904C904C904C904C904C90420
:10285000C904C904C904C904C904C904C904C90410
:10286000C904C904C904C904C904C904C904C90400
:10287000C904C904C904C904C904C904C904C904F0
:10288000C904C904C904C904C904C904C904C904E0
:10289000C904C904C904C904C904C904C904C904D0
:1028A000C904C904C904C904C904C904C904C904C0
:1028B000C904C904C904C904C904C904C904C904B0
:1028C000C904C904C904C904C904C904C904C904A0
:1028D000C904C904C904C904C904C904C904C90490
:1028E000C904C904C904C904C904C904C904C90480
:1028F000C904C904C904C904C904C904C904C90470
:10290000C904C904C904C904C904C904C904C9045F
:10291000C904C904C904C904C904C904C904C9044F
:10292000C904C904C904C904C904C904C904C9043F
:10293000C904C904C904C904C904C904C904C9042F
:10294000C904C904C904C904C904C904C904C9041F
:10295000C904C904C904C904C904C904C904C9040F
:10296000C904C904C904C904C904C904C904C904FF
:10297000C904C904C904C904C904C904C904C904EF
:10298000C904C904C904C904C904C904C904C904DF
:10299000C904C904C904C904C904C904C904C904CF
:1029A000C904C904C904C904C904C904C904C904BF
:1029B000C904C904C904C904C904C904C904C904AF
:1029C000C904C904C904C904C904C904C904C9049F
:1029D000C904C904C904C904C904C904C904C9048F
:1029E000C904C904C904C904C904C904C904C9047F
:1029F000C904C904C904C904C904C904C904C9046F
:102A0000C904C904C904C904C904C904C904C9045E
:102A1000C904C904C904C904C904C904C904C9044E
:102A2000C904C904C904C904C904C904C904C9043E
:102A3000C904C904C904C904C904C904C904C9042E
:102A4000C904C904C904C904C904C904C904C9041E
:102A5000C904C904C904C904C904C904C904C9040E
:102A6000C904C904C904C904C904C904C904C904FE
:102A7000C904C904C904C904C904C904C904C904EE
:102A8000C904C904C904C904C904C904C904C904DE
:102A9000C904C904C904C904C904C904C904C904CE
:102AA000C904C904C904C904C904C904C904C904BE
:102AB000C904C904C904C904C904C904C904C904AE
:102AC000C904C904C904C904C904C904C904C9049E
:102AD000C904C904C904C904C904C904C904C9048E
:102AE000C904C904C904C904C904C904C904C9047E
:102AF000C904C904C904C904C904C904C904C9046E
:102B0000C904C904C904C904C904C904C904C9045D
:102B1000C904C904C904C904C904C904C904C9044D
:102B2000C904C904C904C904C904C904C904C9043D
:102B3000C904C904C904C904C904C904C904C9042D
:102B4000C904C904C904C904C904C904C904C9041D
:102B5000C904C904C904C904C904C904C904C9040D
:102B6000C904C904C904C904C904C904C904C904FD
:102B7000C904C904C904C904C904C904C904C904ED
:102B8000C904C904C904C904C904C904C904C904DD
:102B9000C904C904C904C904C904C904C904C904CD
:102BA000C904C904C904C904C904C904C904C904BD
:102BB000C904C904C904C904C904C904C904C904AD
:102BC000C904C904C904C904C904C904C904C9049D
:102BD000C904C904C904C904C904C904C904C9048D
:102BE000C904C904C904C904C904C904C904C9047D
:102BF000C904C904C904C904C904C904C904C9046D
:102C0000C904C904C904C904C904C904C904C9045C
:102C1000C904C904C904C904C904C904C904C9044C
:102C2000C904C904C904C904C904C904C904C9043C
:102C3000C904C904C904C904C904C904C904C9042C
:102C4000C904C904C904C904C904C904C904C9041C
:102C5000C904C904C904C904C904C904C904C9040C
:102C6000C904C904C904C904C904C904C904C904FC
:102C7000C904C904C904C904C904C904C904C904EC
:102C8000C904C904C904C904C904C904C904C904DC
:102C9000C904C904C904C904C904C904C904C904CC
:102CA000C904C904C904C904C904C904C904C904BC
:102CB000C904C904C904C904C904C904C904C904AC
:102CC000C904C904C904C904C904C904C904C9049C
:102CD000C904C904C904C904C904C904C904C9048C
:102CE000C904C904C904C904C904C904C904C9047C
:102CF000C904C904C904C904C904C904C904C9046C
:102D0000C904C904C904C904C904C904C904C9045B
:102D1000C904C904C904C904C904C904C904C9044B
:102D2000C904C904C904C904C904C904C904C9043B
:102D3000C904C904C904C904C904C904C904C9042B
:102D4000C904C904C904C904C904C904C904C9041B
:102D5000C904C904C904C904C904C904C904C9040B
:102D6000C904C904C904C904C904C904C904C904FB
:102D7000C904C904C904C904C904C904C904C904EB
:102D8000C904C904C904C904C904C904C904C904DB
:102D9000C904C904C904C904C904C904C904C904CB
:102DA000C904C904C904C904C904C904C904C904BB
:102DB000C904C904C904C904C904C904C904C904AB
:102DC000C904C904C904C904C904C904C904C9049B
:102DD000C904C904C904C904C904C904C904C9048B
:102DE000C904C904C904C904C904C904C904C9047B
:102DF000C904C904C904C904C904C904C904C9046B
:102E0000C904C904C904C904C904C904C904C9045A
:102E1000C904C904C904C904C904C904C904C9044A
:102E2000C904C904C904C904C904C904C904C9043A
:102E3000C904C904C904C904C904C904C904C9042A
:102E4000C904C904C904C904C904C904C904C9041A
:102E5000C904C904C904C904C904C904C904C9040A
:102E6000C904C904C904C904C904C904C904C904FA
:102E7000C904C904C904C904C904C904C904C904EA
:102E8000C904C904C904C904C904C904C904C904DA
:102E9000C904C904C904C904C904C904C904C904CA
:102EA000C904C904C904C904C904C904C904C904BA
:102EB000C904C904C904C904C904C904C904C904AA
:102EC000C904C904C904C904C904C904C904C9049A
:102ED000C904C904C904C904C904C904C904C9048A
:102EE000C904C904C904C904C904C904C904C9047A
:102EF000C904C904C904C904C904C904C904C9046A
:102F0000C904C904C904C904C904C904C904C90459
:102F1000C904C904C904C904C904C904C904C90449
:102F2000C904C904C904C904C904C904C904C90439
:102F3000C904C904C904C904C904C904C904C90429
:102F4000C904C904C904C904C904C904C904C90419
:102F5000C904C904C904C904C904C904C904C90409
:102F6000C904C904C904C904C904C904C904C904F9
:102F7000C904C904C904C904C904C904C904C904E9
:102F8000C904C904C904C904C904C904C904C904D9
:102F9000C904C904C904C904C904C904C904C904C9
:102FA000C904C904C904C904C904C904C904C904B9
:102FB000C904C904C904C904C904C904C904C904A9
:102FC000C904C904C904C904C904C904C904C90499
:102FD000C904C904C904C904C904C904C904C90489
:102FE000C904C904C904C904C904C904C904C90479
:102FF000C904C904C904C904C904C904C904C90469
:10300000C904C904C904C904C904C904C904C90458
:10301000C904C904C904C904C904C904C904C90448
:10302000C904C904C904C904C904C904C904C90438
:10303000C904C904C904C904C904C904C904C90428
:10304000C904C904C904C904C904C904C904C90418
:10305000C904C904C904C904C904C904C904C90408
:10306000C904C904C904C904C904C904C904C904F8
:10307000C904C904C904C904C904C904C904C904E8
:10308000C904C904C904C904C904C904C904C904D8
:10309000C904C904C904C904C904C904C904C904C8
:1030A000C904C904C904C904C904C904C904C904B8
:1030B000C904C904C904C904C904C904C904C904A8
:1030C000C904C904C904C904C904C904C904C90498
:1030D000C904C904C904C904C904C904C904C90488
:1030E000C904C904C904C904C904C904C904C90478
:1030F000C904C904C904C904C904C904C904C90468
:10310000C904C904C904C904C904C904C904C90457
:10311000C904C904C904C904C904C904C904C90447
:10312000C904C904C904C904C904C904C904C90437
:10313000C904C904C904C904C904C904C904C90427
:10314000C904C904C904C904C904C904C904C90417
:10315000C904C904C904C904C904C904C904C90407
:10316000C904C904C904C904C904C904C904C904F7
:10317000C904C904C904C904C904C904C904C904E7
:10318000C904C904C904C904C904C904C904C904D7
:10319000C904C904C904C904C904C904C904C904C7
:1031A000C904C904C904C904C904C904C904C904B7
:1031B000C904C904C904C904C904C904C904C904A7
:1031C000C904C904C904C904C904C904C904C90497
:1031D000C904C904C904C904C904C904C904C90487
:1031E000C904C904C904C904C904C904C904C90477
:1031F000C904C904C904C904C904C904C904C90467
:10320000C904C904C904C904C904C904C904C90456
:10321000C904C904C904C904C904C904C904C90446
:10322000C904C904C904C904C904C904C904C90436
:10323000C904C904C904C904C904C904C904C90426
:10324000C904C904C904C904C904C904C904C90416
:10325000C904C904C904C904C904C904C904C90406
:10326000C904C904C904C904C904C904C904C904F6
:10327000C904C904C904C904C904C904C904C904E6
:10328000C904C904C904C904C904C904C904C904D6
:10329000C904C904C904C904C904C904C904C904C6
:1032A000C904C904C904C904C904C904C904C904B6
:1032B000C904C904C904C904C904C904C904C904A6
:1032C000C904C904C904C904C904C904C904C90496
:1032D000C904C904C904C904C904C904C904C90486
:1032E000C904C904C904C904C904C904C904C90476
:1032F000C904C904C904C904C904C904C904C90466
:10330000C904C904C904C904C904C904C904C90455
:10331000C904C904C904C904C904C904C904C90445
:10332000C904C904C904C904C904C904C904C90435
:10333000C904C904C904C904C904C904C904C90425
:10334000C904C904C904C904C904C904C904C90415
:10335000C904C904C904C904C904C904C904C90405
:10336000C904C904C904C904C904C904C904C904F5
:10337000C904C904C904C904C904C904C904C904E5
:10338000C904C904C904C904C904C904C904C904D5
:10339000C904C904C904C904C904C904C904C904C5
:1033A000C904C904C904C904C904C904C904C904B5
:1033B000C904C904C904C904C904C904C904C904A5
:1033C000C904C904C904C904C904C904C904C90495
:1033D000C904C904C904C904C904C904C904C90485
:1033E000C904C904C904C904C904C904C904C90475
:1033F000C904C904C904C904C904C904C904C90465
:10340000C904C904C904C904C904C904C904C90454
:10341000C904C904C904C904C904C904C904C90444
:10342000C904C904C904C904C904C904C904C90434
:10343000C904C904C904C904C904C904C904C90424
:10344000C904C904C904C904C904C904C904C90414
:10345000C904C904C904C904C904C904C904C90404
:10346000C904C904C904C904C904C904C904C904F4
:10347000C904C904C904C904C904C904C904C904E4
:10348000C904C904C904C904C904C904C904C904D4
:10349000C904C904C904C904C904C904C904C904C4
:1034A000C904C904C904C904C904C904C904C904B4
:1034B000C904C904C904C904C904C904C904C904A4
:1034C000C904C904C904C904C904C904C904C90494
:1034D000C904C904C904C904C904C904C904C90484
:1034E000C904C904C904C904C904C904C904C90474
:1034F000C904C904C904C904C904C904C904C90464
:10350000C904C904C904C904C904C904C904C90453
:10351000C904C904C904C904C904C904C904C90443
:10352000C904C904C904C904C904C904C904C90433
:10353000C904C904C904C904C904C904C904C90423
:10354000C904C904C904C904C904C904C904C90413
:10355000C904C904C904C904C904C904C904C90403
:10356000C904C904C904C904C904C904C904C904F3
:10357000C904C904C904C904C904C904C904C904E3
:10358000C904C904C904C904C904C904C904C904D3
:10359000C904C904C904C904C904C904C904C904C3
:1035A000C904C904C904C904C904C904C904C904B3
:1035B000C904C904C904C904C904C904C904C904A3
:1035C000C904C904C904C904C904C904C904C90493
:1035D000C904C904C904C904C904C904C904C90483
:1035E000C904C904C904C904C904C904C904C90473
:1035F000C904C904C904C904C904C904C904C90463
:10360000C904C904C904C904C904C904C904C90452
:10361000C904C904C904C904C904C904C904C90442
:10362000C904C904C904C904C904C904C904C90432
:10363000C904C904C904C904C904C904C904C90422
:10364000C904C904C904C904C904C904C904C90412
:10365000C904C904C904C904C904C904C904C90402
:10366000C904C904C904C904C904C904C904C904F2
:10367000C904C904C904C904C904C904C904C904E2
:10368000C904C904C904C904C904C904C904C904D2
:10369000C904C904C904C904C904C904C904C904C2
:1036A000C904C904C904C904C904C904C904C904B2
:1036B000C904C904C904C904C904C904C904C904A2
:1036C000C904C904C904C904C904C904C904C90492
:1036D000C904C904C904C904C904C904C904C90482
:1036E000C904C904C904C904C904C904C904C90472
:1036F000C904C904C904C904C904C904C904C90462
:10370000C904C904C904C904C904C904C904C90451
:10371000C904C904C904C904C904C904C904C90441
:10372000C904C904C904C904C904C904C904C90431
:10373000C904C904C904C904C904C904C904C90421
:10374000C904C904C904C904C904C904C904C90411
:10375000C904C904C904C904C904C904C904C90401
:10376000C904C904C904C904C904C904C904C904F1
:10377000C904C904C904C904C904C904C904C904E1
:10378000C904C904C904C904C904C904C904C904D1
:10379000C904C904C904C904C904C904C904C904C1
:1037A000C904C904C904C904C904C904C904C904B1
:1037B000C904C904C904C904C904C904C904C904A1
:1037C000C904C904C904C904C904C904C904C90491
:1037D000C904C904C904C904C904C904C904C90481
:1037E000C904C904C904C904C904C904C904C90471
:1037F000C904C904C904C904C904C904C904C90461
:10380000C904C904C904C904C904C904C904C90450
:10381000C904C904C904C904C904C904C904C90440
:10382000C904C904C904C904C904C904C904C90430
:10383000C904C904C904C904C904C904C904C90420
:10384000C904C904C904C904C904C904C904C90410
:10385000C904C904C904C904C904C904C904C90400
:10386000C904C904C904C904C904C904C904C904F0
:10387000C904C904C904C904C904C904C904C904E0
:10388000C904C904C904C904C904C904C904C904D0
:10389000C904C904C904C904C904C904C904C904C0
:1038A000C904C904C904C904C904C904C904C904B0
:1038B000C904C904C904C904C904C904C904C904A0
:1038C000C904C904C904C904C904C904C904C90490
:1038D000C904C904C904C904C904C904C904C90480
:1038E000C904C904C904C904C904C904C904C90470
:1038F000C904C904C904C904C904C904C904C90460
:10390000C904C904C904C904C904C904C904C9044F
:10391000C904C904C904C904C904C904C904C9043F
:10392000C904C904C904C904C904C904C904C9042F
:10393000C904C904C904C904C904C904C904C9041F
:10394000C904C904C904C904C904C904C904C9040F
:10395000C904C904C904C904C904C904C904C904FF
:10396000C904C904C904C904C904C904C904C904EF
:10397000C904C904C904C904C904C904C904C904DF
:10398000C904C904C904C904C904C904C904C904CF
:10399000C904C904C904C904C904C904C904C904BF
:1039A000C904C904C904C9040000000000000000E3
:1039B00000000000000000003F4000000000000088
:1039C00000003000400030004000000009000BC043
:1039D0003D000BC03D00090018C024407FE022409C
:1039E00031800000180024C01B000D80324001808F
:1039F00003801C4027401C800740004010006000EE
:103A000000000000000000000000000000001F8017
:103A1000204040200000402020401F800000000087
:103A2000090006001F8006000900000004000400D1
:103A30003F8004000400000000100060000000004F
:103A40000000000004000400040004000400000062
:103A5000000000400000000000000000002001C045
:103A600006003800400000001F8020402040204019
:103A70001F800000000010403FC000400000000018
:103A800018C02140224024401840000010802040EF
:103A9000244024401B80000002000D0011003FC0A4
:103AA000014000003C80244024402440238000004A
:103AB0001F80244024403440038000003000200058
:103AC00027C03800200000001B80244024402440F0
:103AD0001B8000001C0022C0224022401F800000EA
:103AE000000000000840000000000000000000008E
:103AF0000460000000000000000004000A00110043
:103B00002080404009000900090009000900000068
:103B100000004040208011000A000400180020002E
:103B200023402400180000001F8020402740294027
:103B30001F400000004007C039000F0001C00040D6
:103B400020403FC0244024401B8000001F802040B4
:103B5000204020403080000020403FC020402040D6
:103B60001F80000020403FC024402E4030C0000095
:103B700020403FC024402E00300000000F00108085
:103B8000204022403380020020403FC00400040057
:103B90003FC02040204020403FC020402040000047
:103BA0000060202020203FC02000200020403FC097
:103BB00024400B0030C0204020403FC02040004047
:103BC000004000C03FC03C0003C03C003FC00000BC
:103BD00020403FC00C4023003FC020001F802040F9
:103BE000204020401F80000020403FC0244024008F
:103BF000180000001F802140214020E01FA000008D
:103C000020403FC02440260019C0004018C0244076
:103C10002440224031800000300020403FC020403E
:103C20003000000020003F80004000403F80200026
:103C300020003E0001C0070038002000380007C007
:103C40003C0007C038000000204039C0060039C0E1
:103C5000204000002000384007C03840200000000D
:103C6000304021C02640384020C000000000000045
:103C70007FE0402040200000000070000C00038026
:103C8000004000000000402040207FE000000000D5
:103C90000000200040002000000000000010001084
:103CA0000010001000100010000000004000000094
:103CB00000000000000002800540054003C00040F5
:103CC00020003FC004400440038000000000038047
:103CD00004400440064000000000038004402440EB
:103CE0003FC0004000000380054005400340000045
:103CF000000004401FC0244024402000000002E0D7
:103D0000055005500650042020403FC004400400E8
:103D100003C000400000044027C000400000000035
:103D200000100010041027E00000000020403FC0F9
:103D30000140070004C00440204020403FC0004034
:103D40000040000007C0040007C0040003C00000DA
:103D5000044007C00440040003C00040000003808A
:103D60000440044003800000041007F004500440A5
:103D700003800000000003800440045007F000109E
:103D8000044007C002400400040000000000064098
:103D90000540054004C00000000004001F800440EE
:103DA00000400000040007800040044007C00040BD
:103DB0000400070004C0018006000400060001C0E2
:103DC000070001C006000000044006C0010006C054
:103DD000044000000410071004E001800600040005
:103DE0000000044005C00640044000000000000040
:103DF00004007BE040200000000000000000FFF015
:103E000000000000000040207BE0040000000000F3
:103E10004000800040002000200040000000000022
:103E20000000000000000000000000000000000092
:103E300000001FCC000C0000000000000000080083
:103E4000300060000800300060000000022003FC29
:103E50001E20022003FC1E200220000000000E187D
:103E600011043FFF10840C78000000000F00108444
:103E70000F3800C0077818840078000000780F849D
:103E800010C411240E9800E40084000808006800A3
:103E900070000000000000000000000000000000B2
:103EA000000007E018182004400200000000400253
:103EB0002004181807E00000000000000240024043
:103EC00001800FF00180024002400000008000806D
:103ED00000800FF800800080008000000001000DCD
:103EE000000E000000000000000000000000008044
:103EF0000080008000800080008000800000000CB6
:103F0000000C00000000000000000000000000069F
:103F1000001800600180060018002000000007F073
:103F2000080810041004080807F000000000080446
:103F300008041FFC000400040000000000000E0C38
:103F400010141024104411840E0C000000000C18F2
:103F500010041104110412880C700000000000E02D
:103F60000320042408241FFC0024000000001F98E4
:103F7000108411041104108810700000000007F074
:103F800008881104110418880070000000001C004B
:103F9000100010FC13001C001000000000000E3880
:103FA00011441084108411440E38000000000700F2
:103FB000088C10441044088807F00000000000003E
:103FC0000000030C030C00000000000000000000D3
:103FD0000001010600000000000000000000008059
:103FE00001400220041008081004000002200220F2
:103FF0000220022002200220022000000000100403
:1040000008080410022001400080000000000E009B
:104010001200100C106C10800F00000003E00C1850
:1040200013E4142417C4082807D000000004003C3F
:1040300003C41C40074000E4001C000410041FFCE3
:104040001104110411040E880070000003E00C1824
:1040500010041004100410081C10000010041FFCB1
:10406000100410041004080807F0000010041FFCDE
:104070001104110417C410040818000010041FFCD8
:104080001104110017C010000800000003E00C1814
:104090001004100410441C780040000010041FFCA1
:1040A00010840080008010841FFC100400001004A5
:1040B00010041FFC100410040000000000030001A5
:1040C000100110011FFE10001000000010041FFC62
:1040D000110403801464181C1004000010041FFC59
:1040E0001004000400040004000C000010041FFC75
:1040F0001F0000FC1F001FFC1004000010041FFC28
:104100000C04030000E010181FFC100007F0080862
:10411000100410041004080807F0000010041FFC2D
:1041200010841080108010800F00000007F0081825
:1041300010241024101C080A07F2000010041FFCB1
:104140001104110011C011300E0C000400000E1CEF
:1041500011041084108410441C3800001800100052
:1041600010041FFC100410001800000010001FF8BD
:1041700010040004000410041FF8100010001E00BA
:1041800011E0001C007013801C0010001FC0103CC8
:1041900000E01F0000E0103C1FC000001004180CDD
:1041A000163401C001C01634180C100410001C0095
:1041B000130400FC13041C00100000000804101C71
:1041C0001064108413041C04101800000000000088
:1041D00000007FFE4002400240020000000030006C
:1041E0000C0003800060001C00030000000040027F
:1041F000400240027FFE00000000000000000000BE
:1042000020004000400040002000000000010001AC
:104210000001000100010001000100010000400058
:104220004000200000000000000000000000009896
:10423000012401440144014400FC000410001FFC5F
:104240000088010401040088007000000000007074
:1042500000880104010401040088000000000070CF
:1042600000880104010411081FFC0004000000F88C
:10427000014401440144014400C80000000001045D
:1042800001040FFC1104110411001800000000D6F5
:1042900001290129012901C90106000010041FFCA0
:1042A000008401000100010400FC0004000001047E
:1042B000190419FC000400040000000000000003C1
:1042C00000010101190119FE0000000010041FFC8B
:1042D0000024004001B4010C01040000000010049F
:1042E00010041FFC0004000400000000010401FC95
:1042F0000104010001FC0104010000FC010401FCB7
:10430000008401000100010400FC0004000000F82A
:10431000010401040104010400F80000010101FF8F
:104320000085010401040088007000000000007096
:10433000008801040104010501FF000101040104DA
:1043400001FC00840104010001800000000000CC99
:10435000012401240124012401980000000001002F
:10436000010007F80104010400000000010001F849
:10437000000400040004010801FC000401000180A5
:104380000170000C001001600180010001F0010CBF
:10439000003001C00030010C01F0010000000104F8
:1043A000018C00740170018C010400000101018185
:1043B0000171000E001801600180010000000184FD
:1043C000010C013401440184010C000000000000D4
:1043D0000000000001003EFC40024002000000001E
:1043E00000000000FFFF000000000000000040028D
:1043F00040023EFC010000000000000000006000E0
:1044000080008000400040002000200000000000EC
:10441000000000000000000000000000000000009C
:10442000000000000000000000000000000000008C
:104430000000000000000000000000000000000F6D
:1044400080380FFE380F80380000000000000000A8
:104450000000000000000000000001000006000055
:104460000C00003800003100000600000C0000388D
:1044700000003000000000000000000061800067C4
:10448000F807F98000618000618000618000618030
:104490000067F807F980006180000000000000005C
:1044A000000001C0E003E0F00630080418081FFF18
:1044B000FE040E080787F00381E000000000000002
:1044C00001F000060C00040408060C7001F9C0009D
:1044D0000E00003BE000EC18070808040C1800036D
:1044E000E00000000001E00007F003F818041C08D9
:1044F00004170807E1D003C0E00023B0003C080027
:104500002008000010000000000000010000310041
:10451000003200001C00000000000000000000004D
:10452000000000000000000000000000000000008B
:104530000000000000000000000000007F0001FFFC
:10454000C00780F00C0018100004200002000000DA
:104550000000002000021000040C00180780F00189
:10456000FFC0007F0000000000000000000000000D
:10457000000000000000000042000066000066002D
:10458000003C0000180003FFC0001800003C0000C1
:1045900066000066000042000000000008000008FD
:1045A0000000080000080000080001FFC00008002B
:1045B00000080000080000080000080000000000DB
:1045C000000100003100003200001C00000000006B
:1045D00000000000000000000000000000000000DB
:1045E00000000000080000080000080000080000AB
:1045F000080000080000080000080000080000088B
:10460000000000000000000000000000380000383A
:104610000000380000000000000000000000000062
:104620000000000000000000000000000006000084
:104630001C000070000180000E0000380000C00067
:104640000700001C00003000000000000000000017
:104650007F8001FFE003807006001804000804005A
:104660000806001803807001FFE0007F8000000052
:10467000000000000000010008010008010008031C
:10468000FFF807FFF800000800000800000800001D
:104690000000000000000001C03802C0580400986B
:1046A000040118040218040418061C1803F8180161
:1046B000E0F800000000000000000001C0E003C0BE
:1046C000F004000804080804080806180803F41891
:1046D00001E7F00001E00000000000000000000021
:1046E0000300000D000011000061000081080301BB
:1046F0000807FFF80FFFF80001080001080000009C
:104700000000000000E007FCD006080806100806BC
:104710001008061008061838060FF00607C000003B
:1047200000000000000000003F8001FFE003843033
:1047300002081804100804100804100807181003D1
:104740000FF00007C000000000000000000003C0E0
:10475000000700000600000600F80607F80618002B
:1047600006E0000700000600000000000000000155
:10477000E1E003F7F0063410041808041808040CEC
:1047800008040C0806161803F3F001C1E00000004D
:1047900000000000F80003FC30030638040208049F
:1047A00002080402080404100308F001FFC0007F9F
:1047B00000000000000000000000000000000000F9
:1047C00000000000703800703800703800000000F1
:1047D00000000000000000000000000000000000D9
:1047E0000000000000000000301A00301C00000033
:1047F00000000000000000000000000000000000B9
:1048000000000008000014000022000041000080A9
:104810008001004002002004001008000800000091
:104820000000000021000021000021000021000004
:1048300021000021000021000021000021000021B2
:104840000000000000000000000008000804001044
:104850000200200100400080800041000022000092
:10486000140000080000000000000003C00004C0A5
:1048700000040000080038080F3808083808100045
:104880000C300007E00003C0000000000000000042
:104890003F8000FFE0038070020F1006708804C0A4
:1048A00088048308047F8802C09003012000FE4032
:1048B0000000080000180001F8003E0801C20007CF
:1048C000020007E20000FE00001FC80001F800001F
:1048D0003800000804000807FFF807FFF80408087C
:1048E00004080804080804080806180803F4180156
:1048F000E7F00001E0000000000000003F8001FF41
:10490000E003807002001804000804000804000896
:104910000400100600200780C00000000400080703
:10492000FFF807FFF804000804000804000804006A
:104930001802001003807001FFE0007F800000007B
:1049400004000807FFF807FFF80408080408080433
:104950000808040808043E080400080600180100BE
:104960006000000004000807FFF807FFF8040808CB
:10497000040800040800040800043E0006000006C5
:104980000000018000000000000000003F8001FFE7
:10499000E0038070060018040008040208040208FE
:1049A0000203F00783F00002000002000400080781
:1049B000FFF807FFF80408080008000008000008D6
:1049C0000000080004080807FFF807FFF8040008C3
:1049D00000000000000004000804000804000807AC
:1049E000FFF807FFF80400080400080400080000AE
:1049F00000000000000000000006000007000001A9
:104A000004000104000104000307FFFE07FFFC048B
:104A1000000004000004000004000807FFF807FF7E
:104A2000F8040C08001800003E0004C7800503C805
:104A30000600F80400380400180000080400080705
:104A4000FFF807FFF8040008000008000008000055
:104A500008000008000008000018000060000000C6
:104A600004000807FFF807800807FC00007FC0006B
:104A700003F80007C000780007800807FFF807FF69
:104A8000F804000804000807FFF807000803C00046
:104A900000E000003800001E000007000001C00414
:104AA00000F007FFF8040000000000007F8001FF15
:104AB000E0038070060018040008040008060018CF
:104AC00003003001FFE0007F8000000004000807C1
:104AD000FFF807FFF80404080404000404000404B9
:104AE00000040400060C0003F80001F000000000C0
:104AF000000000007F8001FFE00380700600880452
:104B000000880400C806003C03003E01FFE6007F69
:104B10008400000004000807FFF807FFF8040808F5
:104B2000040800040C00040F00040BC00610F0037E
:104B3000F03801E00800000800000001E0F803F090
:104B400030063010041808041808040C08040C0877
:104B50000206180207F00781E0000000018000064D
:104B6000000004000004000004000807FFF807FF2D
:104B7000F8040008040000040000060000018000A2
:104B800004000007FFE007FFF00400180000080021
:104B9000000800000800000800000804001007FFDB
:104BA000E004000004000006000007E00007FE002B
:104BB000041FE00001F80000380001E0043E000797
:104BC000C00006000004000004000007E00007FF2A
:104BD000C0041FF80007C007F80007FF80043FF873
:104BE0000007C004F80007000004000000000004F3
:104BF000000806001807C07805F1C8003E00001F35
:104C0000800463E80780F80600180400080000002C
:104C100004000006000007800007E008047C08008C
:104C20001FF80007F800180804E008070000060055
:104C3000000400000000000100080600380400F82D
:104C40000403E8040F08047C0805F00807C00807FF
:104C500000180400600000000000000000000000D8
:104C6000000000000000003FFFFE200002200002C4
:104C700020000220000220000200000000000000CE
:104C8000000008000007000000C000003800000617
:104C9000000001C000003000000E00000100000014
:104CA000000000000000200002200002200002207E
:104CB00000022000023FFFFE000000000000000094
:104CC00000000000000000000000000000080000DC
:104CD000100000300000200000300000100000082C
:104CE00000000000000000000000010000010000C2
:104CF00001000001000001000001000001000001AE
:104D0000000001000001000001000001000000009F
:104D10000000000000200000200000100000100033
:104D20000000000000000000000000000000000083
:104D30000000000000F00019F8001B180022080015
:104D40002608002408002410003FF8001FF8000087
:104D50000800001800000004000007FFF80FFFF033
:104D60000018180010080020080020080030180063
:104D70001FF0000FC00000000000000007C0001F6F
:104D8000F0001830002008002008002008003C082F
:104D9000001C100000600000000000000000000087
:104DA00007C0001FF000381800200800200800206D
:104DB0000804101007FFF80FFFF0000010000000BB
:104DC0000000000000000007C0001FF000123000CB
:104DD0002218002208002208003208001E10000ECF
:104DE0002000000000000000200000200800200833
:104DF00001FFF803FFF80620080420080420080734
:104E0000200003000000000000000000000E000E63
:104E10006E001FF30031B10020B10020B1003191CC
:104E2000001F13002E1E00200E00300000000004A2
:104E3000000807FFF80FFFF800100800200000200E
:104E400000002008003FF8001FF8000008000000E4
:104E500000000000000000200800200800200806D4
:104E60003FF8063FF80000080000080000080000B6
:104E7000000000000000000000000000030000032C
:104E8000002001002001002003063FFE063FFC0039
:104E9000000000000000000000000004000807FF00
:104EA000F80FFFF8000188000300002FC00038F859
:104EB000002038002008000008000000000000006A
:104EC000000004000804000804000807FFF80FFFB2
:104ED000F8000008000008000008000000000000C2
:104EE000002008003FF8003FF800100800200000F4
:104EF0003FF8003FF8001008002000003FF8003F96
:104F0000F8000008000000002008003FF8003FF80B
:104F1000001008001000002000002008003FF800EA
:104F20001FF80000080000000000000007C0000F8C
:104F3000F000183000300800200800200800300879
:104F4000001830000FF00007C00000000000000053
:104F50002001003FFF003FFF00101100200900204A
:104F600008002008003038001FF0000FC0000000CB
:104F70000000000007C0001FF000381800200800E3
:104F80002008002009001011001FFF003FFF000053
:104F900001000000002008002008002008003FF861
:104FA000003FF8000808001008002008002000005A
:104FB0003000003000000000000000000000000C85
:104FC00078001E18003308002308002108002188FB
:104FD0000021980030F00038600000000000000060
:104FE000200000200000200000FFF003FFF8002058
:104FF0000800200800200800003000000000000029
:10500000000000002000003FF0007FF800001800C2
:105010000008000008002010003FF8007FF00000AA
:1050200010000000000000002000003000003C00E4
:10503000003F800023F00000780000700023800013
:105040003C00003000002000002000003C00003F39
:10505000E00023F80000E0002700003E00003FE0F1
:105060000021F80001E0003E0000200000000000E8
:105070002008002008003838003E68002780000320
:10508000C8002CF800383800201800200800000064
:10509000000000002000003003003C01003F8300BE
:1050A00023EC000070002380003C00002000002062
:1050B0000000000000000000000000380800203858
:1050C0000020F80023E8002F88003E080038080080
:1050D0002018000070000000000000000000000028
:1050E000000000000000000008000014001FF7FC92
:1050F0003000062000020000000000000000000058
:105100000000000000000000000000000000FFFFA1
:10511000FF00000000000000000000000000000090
:105120000000000000002000023000061FF7FC0015
:105130001400000800000000000000000000000053
:1051400000000000000000180000600000400000A7
:1051500040000020000010000008000004000004CF
:1051600000000C0000100000000000000000000023
:10517000000000000000000000000000000000002F
:10518000000000000000000000000000000000001F
:10519000000000000000000000000000000000000F
:1051A00000000000000000000000000000000000FF
:1051B00000000000000000000000000000000000EF
:1051C00000000000000000000000000000000000DF
:1051D00000000000000000000000000000000000CF
:1051E00000000000000000000000000000000000BF
:1051F00000000000000000000000000000000000AF
:1052000007F000C007FFE1E007F001E0000000C088
:10521000000000000000000000000000000000008E
:10522000000000000000000000000000000000007E
:10523000000000000000000000000000000000006E
:10524000000000000000000000000000000000005E
:10525000000000000000000000000000000000004E
:10526000000000000000000000000000000000003E
:105270000020000001C00000078000001F000000A7
:105280001E0000001C20000001C00000078000007C
:105290001F0000001E0000001C00000000000000B5
:1052A00000000000000000000000000000000000FE
:1052B00000000000000000000000000000000000EE
:1052C00000000000000000000000000000000000DE
:1052D00000000000000000000000000000000000CE
:1052E00000000000000000000000000000180C009A
:1052F00000180C0000180FE0001FFC0003F80C0061
:1053000000180C0000180C0000180C0000180C000D
:1053100000180FE0001FFC0003F80C0000180C0040
:1053200000180C0000000000000000000000000059
:10533000000000000000000000000000000000006D
:10534000000000000000000000000000000000005D
:10535000000000000000000000000000000000004D
:10536000000000000000000000000000000000003D
:1053700000000780007807C000FC0640010E0020F6
:1053800003070020020380200FFFFFFC0201C02062
:105390000200E0600130704001F03F8000F01F002B
:1053A00000000000000000000000000000000000FD
:1053B00000000000000000000000000000000000ED
:1053C00000000000000000000000000000000000DD
:1053D00000000000000000000000000000000000CD
:1053E000000000000000000000FE000001FF0000BF
:1053F0000301800002008060030181C001FF0700FB
:1054000000FE18000000E0000003BF00000CFFC019
:105410000071806001C10020030180600000FFC0B6
:1054200000003F000000000000000000000000003D
:10543000000000000000000000000000000000006C
:10544000000000000000000000000000000000005C
:10545000000000000000000000000000000000004C
:10546000000000000000000000001F0000007FC0DE
:1054700000FCC0C001FF80600303E020020278202E
:1054800002061E2003FC074001F00380000103C058
:1054900000011C600001E02000010020000100402C
:1054A000000001800000000000000000000000007B
:1054B00000000000000000000000000000000000EC
:1054C00000000000000000000000000000000000DC
:1054D00000000000000000000000000000000000CC
:1054E000000000000000000000000000002000009C
:1054F0001C6000001C4000001F8000000F00000026
:10550000000000000000000000000000000000009B
:10551000000000000000000000000000000000008B
:10552000000000000000000000000000000000007B
:10553000000000000000000000000000000000006B
:10554000000000000000000000000000000000005B
:10555000000000000000000000000000000000004B
:10556000000000000000000000000000000000003B
:10557000000000000000000000000000000000002B
:10558000000000000007F800003FFF00007807C09F
:1055900001C000E00300003004000008080000041F
:1055A00010000002000000000000000000000000E9
:1055B00000000000000000000000000000000000EB
:1055C00000000000000000000000000000000000DB
:1055D00000000000000000000000000000000000CB
:1055E00000000000000000000000000010000002A9
:1055F00008000004040000080300003001C000E0BF
:10560000007807C0003FFF000007F800000000001E
:10561000000000000000000000000000000000008A
:10562000000000000000000000000000000000007A
:10563000000000000000000000000000000000006A
:10564000000000000000000000000000000000005A
:10565000000000000000000000000000000000004A
:10566000000000000000000000000000000000003A
:10567000000C1800000E3800000E38000006300044
:10568000000360000061438000FFFF800061430071
:105690000003600000063000000E3800000E3800E5
:1056A000000C1800000000000000000000000000D6
:1056B00000000000000000000000000000000000EA
:1056C00000000000000000000000000000000000DA
:1056D00000000000000000000000000000000000CA
:1056E00000000000000000000000000000000000BA
:1056F00000008000000080000000800000008000AA
:105700000000800000008000007FFF00000080009B
:105710000000800000008000000080000000800089
:1057200000008000000000000000000000000000F9
:105730000000000000000000000000000000000069
:105740000000000000000000000000000000000059
:105750000000000000000000000000000000000049
:105760000000000000000000000000000000000138
:10577000000000E3000000E2000000FC00000078F0
:105780000000000000000000000000000000000019
:105790000000000000000000000000000000000009
:1057A00000000000000000000000000000000000F9
:1057B00000000000000000000000000000000000E9
:1057C00000000000000000000000000000000000D9
:1057D00000000000000000000000000000000000C9
:1057E0000000000000000000000000000000800039
:1057F00000008000000080000000800000008000A9
:105800000000800000008000000080000000800098
:105810000000800000008000000080000000800088
:1058200000008000000000000000000000000000F8
:105830000000000000000000000000000000000068
:105840000000000000000000000000000000000058
:105850000000000000000000000000000000000048
:105860000000000000000000000000000000000038
:10587000000000C0000001E0000001E0000000C0E6
:105880000000000000000000000000000000000018
:105890000000000000000000000000000000000008
:1058A00000000000000000000000000000000000F8
:1058B00000000000000000000000000000000000E8
:1058C00000000000000000000000000000000000D8
:1058D00000000000000000000000000000000000C8
:1058E0000000000000000000000000000000000CAC
:1058F00000000038000000E00000038000000E00FF
:10590000000038000000E00000038000000E0000EE
:105910000038000000E00000038000000E000000DE
:10592000180000000000000000000000000000005F
:105930000000000000000000000000000000000067
:105940000000000000000000000000000000000057
:105950000000000000000000000000000000000047
:105960000000000000000000000000000000000037
:10597000000FF800007FFF0000F00780018000C0EA
:10598000030000600200002002000020020000204E
:1059900003000060018000C000E00380007FFF0082
:1059A000000FF800000000000000000000000000F0
:1059B00000000000000000000000000000000000E7
:1059C00000000000000000000000000000000000D7
:1059D00000000000000000000000000000000000C7
:1059E00000000000000000000000000000000000B7
:1059F00000000000008000200080002000800020C7
:105A00000080006001FFFFE003FFFFE00000006096
:105A10000000002000000020000000200000000026
:105A20000000000000000000000000000000000076
:105A30000000000000000000000000000000000066
:105A40000000000000000000000000000000000056
:105A50000000000000000000000000000000000046
:105A60000000000000000000000000000000000036
:105A7000007800E00098016001000260020004600C
:105A80000200086002001060020020600200406016
:105A9000030080600183006001FE00E0007C07805D
:105AA00000000000000000000000000000000000F6
:105AB00000000000000000000000000000000000E6
:105AC00000000000000000000000000000000000D6
:105AD00000000000000000000000000000000000C6
:105AE00000000000000000000000000000000000B6
:105AF00000F0078001F007C0010000400200002014
:105B00000201002002010020020100200303802086
:105B10000186804001FCC0C000787F8000001E002C
:105B20000000000000000000000000000000000075
:105B30000000000000000000000000000000000065
:105B40000000000000000000000000000000000055
:105B50000000000000000000000000000000000045
:105B6000000000000000000000000000000008002D
:105B7000000038000000480000018800000608000E
:105B8000000C0810003008100040081001FFFFF062
:105B900003FFFFF003FFFFF00000081000000810F3
:105BA00000000810000000000000000000000000DD
:105BB00000000000000000000000000000000000E5
:105BC00000000000000000000000000000000000D5
:105BD00000000000000000000000000000000000C5
:105BE00000000000000000000000000000000000B5
:105BF00000000780001F864003E100200302002010
:105C000003040020030400200304002003040020F8
:105C100003060040030301C00301FF8003007E0070
:105C20000000000000000000000000000000000074
:105C30000000000000000000000000000000000064
:105C40000000000000000000000000000000000054
:105C50000000000000000000000000000000000044
:105C60000000000000000000000000000000000034
:105C70000007FC00003FFF000070C380008180C06F
:105C80000101006003020020020200200202002045
:105C9000020200200203004001C180C000C0FF805A
:105CA00000007E0000000000000000000000000076
:105CB00000000000000000000000000000000000E4
:105CC00000000000000000000000000000000000D4
:105CD00000000000000000000000000000000000C4
:105CE00000000000000000000000000000000000B4
:105CF00000F0000003C0000003800000030000006B
:105D0000030007E003003FE00301C00003060000BA
:105D1000031800000360000003800000030000007F
:105D20000000000000000000000000000000000073
:105D30000000000000000000000000000000000063
:105D40000000000000000000000000000000000053
:105D50000000000000000000000000000000000043
:105D600000000000000000000000000000001F0014
:105D700000783F8000FC60C0018EC0400307802097
:105D80000203002002018020020180200201C020C5
:105D90000301E040018670C000FC3F8000781F00D6
:105DA00000000000000000000000000000000000F3
:105DB00000000000000000000000000000000000E3
:105DC00000000000000000000000000000000000D3
:105DD00000000000000000000000000000000000C3
:105DE000000000000000000000000000003F000074
:105DF00000FF81C001C0C1C001006020020020205E
:105E0000020020200200202002002060020040C08A
:105E10000100C18000C18F00007FFE00001FF00064
:105E20000000000000000000000000000000000072
:105E30000000000000000000000000000000000062
:105E40000000000000000000000000000000000052
:105E50000000000000000000000000000000000042
:105E60000000000000000000000000000000000032
:105E70000000000000000000000000000000000022
:105E8000000300C0000781E0000781E0000300C0BC
:105E90000000000000000000000000000000000002
:105EA00000000000000000000000000000000000F2
:105EB00000000000000000000000000000000000E2
:105EC00000000000000000000000000000000000D2
:105ED00000000000000000000000000000000000C2
:105EE00000000000000000000000000000000000B2
:105EF00000000000000000000000000000000000A2
:105F000000060066000600780000000000000000A7
:105F10000000000000000000000000000000000081
:105F20000000000000000000000000000000000071
:105F30000000000000000000000000000000000061
:105F40000000000000000000000000000000000051
:105F50000000000000000000000000000000000041
:105F60000000000000000000000000000000000031
:105F7000000080000001C000000360000006300047
:105F8000000C180000180C00003006000060030030
:105F900000C0018001000040020000200400001049
:105FA00000000000000000000000000000000000F1
:105FB00000000000000000000000000000000000E1
:105FC00000000000000000000000000000000000D1
:105FD00000000000000000000000000000000000C1
:105FE000000000000000000000000000000410009D
:105FF0000004100000041000000410000004100051
:106000000004100000041000000410000004100040
:106010000004100000041000000410000004100030
:10602000000410000000000000000000000000005C
:106030000000000000000000000000000000000060
:106040000000000000000000000000000000000050
:106050000000000000000000000000000000000040
:106060000000000000000000000000000000000030
:1060700004000010020000200100004000C0018068
:10608000006003000030060000180C00000C18002F
:1060900000063000000360000001C0000000800026
:1060A00000000000000000000000000000000000F0
:1060B00000000000000000000000000000000000E0
:1060C00000000000000000000000000000000000D0
:1060D00000000000000000000000000000000000C0
:1060E00000000000000000000000000000000000B0
:1060F0000078000001F800000238000002000000F3
:10610000040000C0040079E0040081E0040100C044
:1061100004030000020200000306000001FC00006E
:1061200000F8000000000000000000000000000077
:10613000000000000000000000000000000000005F
:10614000000000000000000000000000000000004F
:10615000000000000000000000000000000000003F
:10616000000000000000000000000000000FF80028
:10617000003FFE000070078000C000C00101F84031
:106180000307FC20021E04200230082002203020D9
:10619000023FFC20013F044001800CC000E0318040
:1061A000001FC2000000000000000000000000000E
:1061B00000000000000000000000000000000000DF
:1061C00000000000000000000000000000000000CF
:1061D00000000000000000000000000000000000BF
:1061E000000000000000000000000020000000602F
:1061F000000003E000003E200003E020003E2000FD
:1062000003E020000380200007FC2000003FE000A6
:106210000003FE2000003FE0000001E0000000203D
:10622000000000200000000000000000000000004E
:10623000000000000000000000000000000000005E
:10624000000000000000000000000000000000004E
:10625000000000000000000000000000000000003E
:10626000000000000000000000000000020000200C
:106270000200002003FFFFE003FFFFE00201002017
:106280000201002002010020020100200201002082
:10629000030300200186806001FCC0C000F87F80FD
:1062A00000001F00000000000000000000000000CF
:1062B00000000000000000000000000000000000DE
:1062C00000000000000000000000000000000000CE
:1062D00000000000000000000000000000000000BE
:1062E0000000000000000000000000000007F800AF
:1062F000003FFF000070078000C000C001000040A8
:106300000300002002000020020000200200002004
:106310000200002001000040018000C003C0018095
:106320000030060000000000000000000000000037
:10633000000000000000000000000000000000005D
:10634000000000000000000000000000000000004D
:10635000000000000000000000000000000000003D
:10636000000000000000000000000000020000200B
:106370000200002003FFFFE003FFFFE00200002017
:106380000200002002000020020000200300006044
:1063900001000040018000C000F00780007FFE0087
:1063A000000FF800000000000000000000000000E6
:1063B00000000000000000000000000000000000DD
:1063C00000000000000000000000000000000000CD
:1063D00000000000000000000000000000000000BD
:1063E000000000000000000000000000020000208B
:1063F0000200002003FFFFE003FFFFE00201002096
:106400000201002002010020020100200201002000
:1064100002038020020FE0200300006003C000E0C0
:106420000060030000000000000000000000000009
:10643000000000000000000000000000000000005C
:10644000000000000000000000000000000000004C
:10645000000000000000000000000000000000003C
:10646000000000000000000000000000020000200A
:106470000200002003FFFFE003FFFFE00201002015
:1064800002010020020100000201000002010000E0
:106490000201000002038000030FE000030000007F
:1064A00003C00000006000000000000000000000C9
:1064B00000000000000000000000000000000000DC
:1064C00000000000000000000000000000000000CC
:1064D00000000000000000000000000000000000BC
:1064E0000000000000000000000000000007F800AD
:1064F000003FFE000070078001C001C001000040A5
:106500000300002002000020020000200200002002
:10651000010020200100204003C03F8000303F8068
:10652000000020000000200000000000000000002B
:10653000000000000000000000000000000000005B
:10654000000000000000000000000000000000004B
:10655000000000000000000000000000000000003B
:1065600000000000000000000200002002000020E7
:1065700003FFFFE003FFFFE0020080200200802015
:1065800000008000000080000000800002008020E9
:106590000200802003FFFFE003FFFFE00200002075
:1065A00002000020000000000000000000000000C9
:1065B00000000000000000000000000000000000DB
:1065C00000000000000000000000000000000000CB
:1065D00000000000000000000000000000000000BB
:1065E00000000000000000000000000000000000AB
:1065F0000000000002000020020000200200002035
:106600000200002003FFFFE003FFFFE00200002084
:106610000200002002000020020000200000000014
:10662000000000000000000000000000000000006A
:10663000000000000000000000000000000000005A
:10664000000000000000000000000000000000004A
:10665000000000000000000000000000000000003A
:106660000000000000000000000000000000000E1C
:106670000000000F0000000F0000000102000001F8
:1066800002000001020000030200000603FFFFFCFD
:1066900003FFFFF8020000000200000002000000FB
:1066A00002000000000000000000000000000000E8
:1066B00000000000000000000000000000000000DA
:1066C00000000000000000000000000000000000CA
:1066D00000000000000000000000000000000000BA
:1066E0000000000000000000000000000200002088
:1066F0000200002003FFFFE003FFFFE00200C020D4
:106700000201002000078000000FE0000030F800C8
:1067100002603E2003800F20030003E0020000E03F
:106720000200002000000020000000000000000027
:106730000000000000000000000000000000000059
:106740000000000000000000000000000000000049
:106750000000000000000000000000000000000039
:106760000000000000000000000000000200002007
:106770000200002003FFFFE003FFFFE00200002013
:106780000200002000000020000000200000002087
:10679000000000200000002000000060000000E079
:1067A00000000300000000000000000000000000E6
:1067B00000000000000000000000000000000000D9
:1067C00000000000000000000000000000000000C9
:1067D00000000000000000000000000000000000B9
:1067E0000000000000000000020000200200002065
:1067F00003FFFFE003E0002003FF0020001FF00084
:106800000001FF8000000FE000001E000003E00018
:10681000003E002003E0002003FFFFE003FFFFE055
:106820000200002002000020000000000000000024
:106830000000000000000000000000000000000058
:106840000000000000000000000000000000000048
:106850000000000000000000000000000000000038
:1068600000000000000000000200002002000020E4
:1068700003FFFFE00380002003F0002000FC000085
:10688000001F00000007C0000001F00000007C00B5
:1068900002001F80020007E003FFFFE0020000008B
:1068A00002000000000000000000000000000000E6
:1068B00000000000000000000000000000000000D8
:1068C00000000000000000000000000000000000C8
:1068D00000000000000000000000000000000000B8
:1068E000000000000000000000000000000FF800A1
:1068F000003FFE0000F00780018000C00100004062
:1069000002000020020000200200002002000020FF
:1069100001000040018000C000F00380003FFE0045
:10692000000FF80000000000000000000000000060
:106930000000000000000000000000000000000057
:106940000000000000000000000000000000000047
:106950000000000000000000000000000000000037
:106960000000000000000000000000000200002005
:106970000200002003FFFFE003FFFFE00200802091
:1069800002008020020080000200800002008000DF
:1069900002008000030180000183000000FE00006F
:1069A000007C00000000000000000000000000006B
:1069B00000000000000000000000000000000000D7
:1069C00000000000000000000000000000000000C7
:1069D00000000000000000000000000000000000B7
:1069E000000000000000000000000000000FF800A0
:1069F000007FFF0000F00380018001C0010006401D
:106A0000020004200200042002000620020003E02D
:106A1000010000F80180005C00E0038C003FFF0CE7
:106A2000000FFC1800000000000000000000000043
:106A30000000000000000000000000000000000056
:106A40000000000000000000000000000000000046
:106A50000000000000000000000000000000000036
:106A60000000000000000000000000000200002004
:106A70000200002003FFFFE003FFFFE0020100200F
:106A800002010020020180000201E0000201FC007E
:106A900003033F80018607E001FC00E000F80020CE
:106AA00000000020000000000000000000000000C6
:106AB00000000000000000000000000000000000D6
:106AC00000000000000000000000000000000000C6
:106AD00000000000000000000000000000000000B6
:106AE00000000000000000000000000000000000A6
:106AF0000078060000FE01E0018600C003030040AC
:106B00000203002002018020020180200201C02037
:106B10000200C0200100E060018070C003E03F80FF
:106B200000001F0000000000000000000000000046
:106B30000000000000000000000000000000000055
:106B40000000000000000000000000000000000045
:106B50000000000000000000000000000000000035
:106B600000000000000000000000000000600000C5
:106B7000038000000300000002000000020000206B
:106B80000200002003FFFFE003FFFFE002000020FF
:106B9000020000200200000002000000038000004C
:106BA00000E0000000000000000000000000000005
:106BB00000000000000000000000000000000000D5
:106BC00000000000000000000000000000000000C5
:106BD00000000000000000000000000000000000B5
:106BE00000000000000000000200000002000000A1
:106BF00003FFFF0003FFFFC002000040020000602F
:106C00000000002000000020000000200000002004
:106C1000020000400200008003FFFF0002000000AD
:106C20000200000000000000000000000000000062
:106C30000000000000000000000000000000000054
:106C40000000000000000000000000000000000044
:106C50000000000000000000000000000000000034
:106C60000000000000000000000000000200000022
:106C70000200000003C0000003FC0000023FC0004F
:106C80000003F80000007F80000007E0000007809C
:106C9000000078000203C000023C000003C00000B6
:106CA00002000000020000000000000000000000E0
:106CB00000000000000000000000000000000000D4
:106CC00000000000000000000000000000000000C4
:106CD00000000000000000000000000000000000B4
:106CE00000000000000000000200000003C00000DF
:106CF00003FF8000023FFE0002007FE000000F0063
:106D00000200F00003EF000003FF8000020FFE000E
:106D100000003FE000001F000207E00003F8000051
:106D2000030000000200000000000000000000005E
:106D30000000000000000000000000000000000053
:106D40000000000000000000000000000000000043
:106D50000000000000000000000000000000000033
:106D60000000000000000000000000000200002001
:106D700002000020038000E003F0032002FC0C204E
:106D8000021F30000007C0000007F00002187C005E
:106D900002601F20038003E0020000E002000020E8
:106DA00000000020000000000000000000000000C3
:106DB00000000000000000000000000000000000D3
:106DC00000000000000000000000000000000000C3
:106DD00000000000000000000000000000000000B3
:106DE00000000000000000000000000002000000A1
:106DF0000300000003C0000003F80000023E002072
:106E0000020FC0200001FFE000007FE000038020AF
:106E1000021C00200270000003800000020000003D
:106E20000200000000000000000000000000000060
:106E30000000000000000000000000000000000052
:106E40000000000000000000000000000000000042
:106E50000000000000000000000000000000000032
:106E60000000000000000000000000000000002002
:106E7000006000E0038003E003000FA002003E205A
:106E80000200F8200203E020020F8020023E0020D2
:106E90000278002003E00060038000E002000300AD
:106EA00000000000000000000000000000000000E2
:106EB00000000000000000000000000000000000D2
:106EC00000000000000000000000000000000000C2
:106ED00000000000000000000000000000000000B2
:106EE00000000000000000000000000000000000A2
:106EF0000000000000000000000000000000000092
:106F00001FFFFFFC1000000410000004100000042C
:106F10001000000410000004100000041000000421
:106F20000000000000000000000000000000000061
:106F30000000000000000000000000000000000051
:106F40000000000000000000000000000000000041
:106F50000000000000000000000000000000000031
:106F60000000000000000000000000000000000021
:106F7000000000000700000003C0000000780000CF
:106F8000001E00000003C0000000F00000001E0012
:106F900000000780000000F00000003C0000000638
:106FA00000000000000000000000000000000000E1
:106FB00000000000000000000000000000000000D1
:106FC00000000000000000000000000000000000C1
:106FD00000000000000000000000000000000000B1
:106FE00000000000000000000000000000000000A1
:106FF0001000000410000004100000041000000441
:107000001000000410000004100000041FFFFFFC2B
:107010000000000000000000000000000000000070
:107020000000000000000000000000000000000060
:107030000000000000000000000000000000000050
:107040000000000000000000000000000000000040
:107050000000000000000000000000000000000030
:107060000000000000000000000000000000000020
:10707000000000000000000002000000040000000A
:1070800008000000180000001000000018000000B8
:1070900018000000040000000200000000000000D2
:1070A00000000000000000000000000000000000E0
:1070B00000000000000000000000000000000000D0
:1070C00000000000000000000000000000000000C0
:1070D00000000000000000000000000000000000B0
:1070E000000000000000000000000001000000019E
:1070F000000000010000000100000001000000018C
:10710000000000010000000100000001000000017B
:10711000000000010000000100000001000000016B
:10712000000000010000000100000000000000005D
:10713000000000000000000000000000000000004F
:10714000000000000000000000000000000000003F
:10715000000000000000000000000000000000002F
:10716000000000000000000000000000000000001F
:1071700000000000100000001000000010000000DF
:1071800018000000080000000400000000000000DB
:1071900000000000000000000000000000000000EF
:1071A00000000000000000000000000000000000DF
:1071B00000000000000000000000000000000000CF
:1071C00000000000000000000000000000000000BF
:1071D00000000000000000000000000000000000AF
:1071E000000000000000000000000000000003801C
:1071F00000018FC000038C600006182000041020DE
:10720000000410200004202000042040000620403C
:107210000003FFC00001FFE000000020000000208C
:10722000000000C00000000000000000000000009E
:10723000000000000000000000000000000000004E
:10724000000000000000000000000000000000003E
:10725000000000000000000000000000000000002E
:10726000000000000000000000000000020000001C
:107270000200000003FFFFE007FFFFC0000180C025
:107280000002006000020020000400200004002032
:107290000004002000060040000300C00001FF8041
:1072A0000000FE00000000000000000000000000E0
:1072B00000000000000000000000000000000000CE
:1072C00000000000000000000000000000000000BE
:1072D00000000000000000000000000000000000AE
:1072E000000000000000000000000000000000009E
:1072F00000007E000001FF80000381C0000200400A
:1073000000060020000400200004002000040020EB
:10731000000600200003C0400001C0800000030000
:10732000000000000000000000000000000000005D
:10733000000000000000000000000000000000004D
:10734000000000000000000000000000000000003D
:10735000000000000000000000000000000000002D
:10736000000000000000000000000000000000001D
:1073700000007E000001FF80000380C00006006066
:10738000000400200004002000040020020400404B
:107390000202008003FFFFE007FFFFC00000004083
:1073A000000000400000000000000000000000009D
:1073B00000000000000000000000000000000000CD
:1073C00000000000000000000000000000000000BD
:1073D00000000000000000000000000000000000AD
:1073E000000000000000000000000000000000009D
:1073F00000007E000001FF80000311C00002104069
:10740000000410600004102000041020000410206C
:1074100000061020000310400001F0C000007100C1
:10742000000000000000000000000000000000005C
:10743000000000000000000000000000000000004C
:10744000000000000000000000000000000000003C
:10745000000000000000000000000000000000002C
:10746000000000000000000000000000000000001C
:10747000000400000004002000040020000400209C
:10748000007FFFE001FFFFE0010400200304002073
:107490000204002002040020020400000200000098
:1074A00001C0000001C0000000000000000000005A
:1074B00000000000000000000000000000000000CC
:1074C00000000000000000000000000000000000BC
:1074D00000000000000000000000000000000000AC
:1074E000000000000000000000000000000000009C
:1074F0000000001C0000E33E0003FFC200020CC3BA
:10750000000404C1000404C1000404C1000404C157
:1075100000060CC10003F8C30005F0620006007EFF
:107520000006003C00000000000000000000000019
:10753000000000000000000000000000000000004B
:10754000000000000000000000000000000000003B
:10755000000000000000000000000000000000002B
:1075600000000000000000000000000002000020F9
:107570000200002003FFFFE007FFFFE00001002002
:1075800000020020000600000004000000040000CB
:1075900000040020000600200003FFE00001FFE0DF
:1075A000000000200000002000000000000000009B
:1075B00000000000000000000000000000000000CB
:1075C00000000000000000000000000000000000BB
:1075D00000000000000000000000000000000000AB
:1075E000000000000000000000000000000000009B
:1075F000000000000004002000040020000400201F
:10760000000400200387FFE0038FFFE003800020D9
:10761000000000200000002000000020000000000A
:10762000000000000000000000000000000000005A
:10763000000000000000000000000000000000004A
:10764000000000000000000000000000000000003A
:10765000000000000000000000000000000000002A
:10766000000000000000000000000000000000001A
:1076700000000000000000060000000700000001FC
:1076800000000001000400010004000100040003E8
:10769000000400060387FFFC038FFFF8038000004F
:1076A00000000000000000000000000000000000DA
:1076B00000000000000000000000000000000000CA
:1076C00000000000000000000000000000000000BA
:1076D00000000000000000000000000000000000AA
:1076E0000000000000000000000000000200002078
:1076F0000200002003FFFFE007FFFFE0000008207A
:1077000000001020000030000000FC0000058E008A
:10771000000707A0000601E0000400E000040020CC
:107720000000002000000000000000000000000039
:107730000000000000000000000000000000000049
:107740000000000000000000000000000000000039
:107750000000000000000000000000000000000029
:107760000000000000000000000000000000000019
:1077700000000000020000200200002002000020A3
:107780000200002003FFFFE007FFFFE000000020F1
:107790000000002000000020000000200000000089
:1077A00000000000000000000000000000000000D9
:1077B00000000000000000000000000000000000C9
:1077C00000000000000000000000000000000000B9
:1077D00000000000000000000000000000000000A9
:1077E0000000000000000000000000000004002075
:1077F0000007FFE0000FFFE000020020000400008F
:10780000000400200007FFE00003FFE0000200206A
:1078100000040000000400200007FFE00003FFE078
:107820000000002000000000000000000000000038
:107830000000000000000000000000000000000048
:107840000000000000000000000000000000000038
:107850000000000000000000000000000000000028
:1078600000000000000000000000000000040020F4
:10787000000400200007FFE0000FFFE000010020EF
:1078800000020020000200000004000000040000CC
:1078900000040020000600200003FFE00001FFE0DC
:1078A0000000002000000020000000000000000098
:1078B00000000000000000000000000000000000C8
:1078C00000000000000000000000000000000000B8
:1078D00000000000000000000000000000000000A8
:1078E0000000000000000000000000000000000098
:1078F00000007E000000FF80000381C00002004005
:1079000000060020000400200004002000040020E5
:107910000006002000020040000381C00001FF803B
:1079200000007E00000000000000000000000000D9
:107930000000000000000000000000000000000047
:107940000000000000000000000000000000000037
:107950000000000000000000000000000000000027
:107960000000000000000000000000000004000112
:10797000000400010007FFFF000FFFFF000100C12E
:107980000002004100040020000400200004002048
:107990000004002000060040000301C00001FF8039
:1079A00000007E0000000000000000000000000059
:1079B00000000000000000000000000000000000C7
:1079C00000000000000000000000000000000000B7
:1079D00000000000000000000000000000000000A7
:1079E0000000000000000000000000000000000097
:1079F00000007E000001FF80000380C000020060E4
:107A000000040020000400200004002000040020E6
:107A100000020041000300C10003FFFF0007FFFF59
:107A20000000000100000001000000000000000054
:107A30000000000000000000000000000000000046
:107A40000000000000000000000000000000000036
:107A50000000000000000000000000000000000026
:107A600000000000000000000000000000040020F2
:107A7000000400200004002000040020000FFFE0AC
:107A8000000FFFE00000C0200001002000020020E5
:107A900000060020000400000004000000070000B1
:107AA00000030000000000000000000000000000D3
:107AB00000000000000000000000000000000000C6
:107AC00000000000000000000000000000000000B6
:107AD00000000000000000000000000000000000A6
:107AE0000000000000000000000000000000000096
:107AF000000003E00001C0E00003E0400006302089
:107B0000000430200004182000041820000418206D
:107B100000040C2000020C60000307C000078380F3
:107B20000000000000000000000000000000000055
:107B30000000000000000000000000000000000045
:107B40000000000000000000000000000000000035
:107B50000000000000000000000000000000000025
:107B60000000000000000000000000000000000015
:107B7000000400000004000000040000000C0000ED
:107B8000001FFF8000FFFFC0000400600004002011
:107B900000040020000400200004004000000180D8
:107BA00000000000000000000000000000000000D5
:107BB00000000000000000000000000000000000C5
:107BC00000000000000000000000000000000000B5
:107BD00000000000000000000000000000000000A5
:107BE0000000000000000000000000000004000091
:107BF000000400000007FF80000FFFC000000060CD
:107C000000000020000000200000002000000020F4
:107C100000040040000400800007FFE0000FFFC0E8
:107C200000000040000000400000000000000000D4
:107C30000000000000000000000000000000000044
:107C40000000000000000000000000000000000034
:107C50000000000000000000000000000000000024
:107C60000000000000000000000000000004000010
:107C700000040000000780000007F0000004FE0080
:107C800000041FC0000003E00000038000001C008F
:107C900000046000000780000006000000040000EF
:107CA00000000000000000000000000000000000D4
:107CB00000000000000000000000000000000000C4
:107CC00000000000000000000000000000000000B4
:107CD00000000000000000000000000000000000A4
:107CE000000000000000000000040000000600008A
:107CF0000007C0000007FC0000043F80000003E014
:107D000000040F800006F0000007F0000007FF806D
:107D100000040FE00000038000043C000007C000E6
:107D20000006000000040000000000000000000049
:107D30000000000000000000000000000000000043
:107D40000000000000000000000000000000000033
:107D50000000000000000000000000000000000023
:107D600000000000000000000000000000000020F3
:107D70000004002000040060000700E000078320EA
:107D80000007E6000004F80000003C0000045E204C
:107D9000000587A0000601E0000400600004002048
:107DA00000000020000000000000000000000000B3
:107DB00000000000000000000000000000000000C3
:107DC00000000000000000000000000000000000B3
:107DD00000000000000000000000000000000000A3
:107DE000000000000000000000000000000400008F
:107DF00000040003000700030007E0010004F8018D
:107E000000041F02000007FC000000E00000070063
:107E1000000438000007C000000600000004000055
:107E2000000400000000000000000000000000004E
:107E30000000000000000000000000000000000042
:107E40000000000000000000000000000000000032
:107E50000000000000000000000000000000000022
:107E60000000000000000000000000000000000012
:107E700000078060000600E0000403E0000407A0A3
:107E800000040E2000043C20000470200005E020C7
:107E90000007802000070060000400E0000003806D
:107EA00000000000000000000000000000000000D2
:107EB00000000000000000000000000000000000C2
:107EC00000000000000000000000000000000000B2
:107ED00000000000000000000000000000000000A2
:107EE0000000000000000000000000000000000092
:107EF0000000000000000000000000000000000082
:107F00000000000000008000000080000001400030
:107F100007FE3FF8080000041000000210000002F5
:107F20000000000000000000000000000000000051
:107F30000000000000000000000000000000000041
:107F40000000000000000000000000000000000031
:107F50000000000000000000000000000000000021
:107F60000000000000000000000000000000000011
:107F70000000000000000000000000000000000001
:107F80000000000000000000FFFFFFFF00000000F5
:107F900000000000000000000000000000000000E1
:107FA00000000000000000000000000000000000D1
:107FB00000000000000000000000000000000000C1
:107FC00000000000000000000000000000000000B1
:107FD00000000000000000000000000000000000A1
:107FE0000000000000000000000000000000000091
:107FF00010000002100000020800000407FE3FF815
:10800000000140000000800000008000000000002F
:108010000000000000000000000000000000000060
:108020000000000000000000000000000000000050
:108030000000000000000000000000000000000040
:108040000000000000000000000000000000000030
:108050000000000000000000000000000000000020
:1080600000000000000000000000000018000000F8
:108070003000000040000000400000004000000010
:108080002000000030000000080000000400000094
:108090000200000002000000020000000C000000CE
:1080A00018000000000000000000000000000000B8
:1080B00000000000000000000000000000000000C0
:1080C00000000000000000000000000000000000B0
:1080D00000000000000000000000000000000000A0
:1080E0000000000000000000000000000000000090
:1080F0000000000000000000000000000000000080
:10810000000000000000000000000000000000006F
:10811000000000000000000000000000000000005F
:10812000000000000000000000000000000000004F
:10813000000000000000000000000000000000003F
:10814000000000000000000000000000000000002F
:10815000000000000000000000000000000000001F
:10816000000000000000000000000000000000000F
:1081700000000000000000000000000000000000FF
:1081800000000000000000000000000000000000EF
:1081900000000000000000000000000000000000DF
:1081A0000000000000000000000000000E0000FFC2
:1081B000C0001F0001FFFFFC1F0001FFFFFC1F00AC
:1081C00000FFC0000E0000000000000000000000E2
:1081D000000000000000000000000000000000009F
:1081E000000000000000000000000000000000008F
:1081F000000000000000000000000000000000007F
:10820000000000000000000000000000000000006E
:108210000000000000040000000000180000000042
:1082200000700000000001E00000000007C0000036
:1082300000000F80000000001F00000000001E0072
:10824000000000000C040000000000180000000006
:1082500000700000000001E00000000007C0000006
:1082600000000F80000000001F00000000001E0042
:10827000000000000C0000000000000000000000F2
:1082800000000000000000000000000000000000EE
:1082900000000000000000000000000000000001DD
:1082A000E00F00000001E00F00000001E00F0000FF
:1082B0000001E00FFF000001FFFFFF0000FFFFFFD4
:1082C000000000FFE00F00000001E00F00000001CF
:1082D000E00F00000001E00F00000001E00F0000CF
:1082E0000001E00F00000001E00F00000001E00FBE
:1082F000FF000001FFFFFF0000FFFFFF000000FF85
:10830000E00F00000001E00F00000001E00F00009E
:108310000001E00F0000000000000000000000006D
:10832000000000000000000000000000000000004D
:108330000000000000000001E0000007C003F8009A
:10834000001FF003FC00003FF803E6000070FC0192
:10835000C20000403E00010000C01E00010000807D
:108360000F00010007FFFFFFFFF807FFFFFFFFF807
:10837000008003C00100008001E0030000C001F0A4
:108380000200006380FC0E00007F803FFC00003F85
:10839000801FF800000F0007E00000000000000050
:1083A00000000000000000000000000000000000CD
:1083B0000000000000000000000FF8000000003F77
:1083C000FE00000000600700000000C00180000007
:1083D000008000800300008000800E00008001808B
:1083E000380000600301C000003FFE070000000FDE
:1083F000F83C0000000000E00000000003800000E6
:1084000000001E0FF0000000707FFC000001C0E0C3
:108410000600000F0180030000380100010000E0A9
:1084200001000100008001800300000000E0060060
:108430000000007FFC000000000FF00000000000C2
:10844000000000000000000000000007E000000045
:10845000003FF8000000007FFC00000000E03E004C
:10846000000FE1800E00003FFF00070000603FC0EA
:10847000030000400FF00300008005FC03000080B3
:108480000C7F03000080181F820000C07807E60000
:10849000007FF001FC00007FE200F800001F820076
:1084A0007C0000000203DE00000003FF0F0000005C
:1084B00003F00700000003000300000002000300B7
:1084C00000000200020000000000060000000000A2
:1084D0001800000000000000000000000000000282
:1084E000000000000E06000000001F0C000000004D
:1084F0001F1C000000001FF8000000000FE000003B
:10850000000007C0000000000000000000000000A4
:10851000000000000000000000000000000000005B
:10852000000000000000000000000000000000004B
:10853000000000000000000000000000000000003B
:10854000000000000000000000000000000000002B
:10855000000000000000000000000000000000001B
:10856000000000000000000000000000000000000B
:1085700000000000000000000000000000000000FB
:1085800000000000000000000000000000000000EB
:1085900000000000000000000000000000000000DB
:1085A0001FF800000001FFFF80000007FFFFE00050
:1085B000001FE003F800003E00007E0000F0000015
:1085C0000F0001C0000003800380000000C006000F
:1085D000000000600C0000000030100000000008E7
:1085E000000000000000000000000000000000008B
:1085F000000000000000000000000000000010006B
:10860000000000081800000000180E0000000070B4
:108610000700000000E00380000001C000E000004F
:108620000780007800001E00003E00007C00000F64
:10863000E007F0000003FFFFE0000000FFFF000084
:1086400000001FF800000000000000000000000013
:10865000000000000000000000000000000000001A
:10866000000000000000000000000000000000000A
:1086700000000000000000000000000000000000FA
:1086800000000000000000000000000000000000EA
:10869000300C00000000781E00000000781E000072
:1086A00000003C3C000000001C3C000000001C38A6
:1086B000000000000E7000000000066000000000D6
:1086C00003C00000000FF187F000000FFFFFF00073
:1086D000000FE18FF000000003C000000000066002
:1086E000000000000E70000000001C3800000000B8
:1086F0003C38000000003C3C00000000781E0000F8
:108700000000781E00000000300E00000000000095
:108710000000000000000000000000000000000059
:1087200001800000000001800000000001800000C6
:1087300000000180000000000180000000000180B6
:108740000000000001800000000001800000000027
:1087500001800000000FFFFFF000000FFFFFF0009E
:108760000000018000000000018000000000018086
:1087700000000000018000000000018000000000F7
:108780000180000000000180000000000180000066
:108790000000018000000000000000000000000058
:1087A00000000000000000000000000000000000C9
:1087B00000000002000000000E06000000001F0C78
:1087C000000000001F1C000000001FF80000000057
:1087D0000FE00000000007C00000000000000000E3
:1087E0000000000000000000000000000000000089
:1087F0000000000000000000000000000000000079
:108800000000000000000000000000000000000068
:108810000000000000000000000000000000000058
:108820000000000000000000000000000000000048
:108830000000000000000000000000000000000038
:1088400001800000000001800000000001800000A5
:108850000000018000000000018000000000018095
:108860000000000001800000000001800000000006
:108870000180000000000180000000000180000075
:108880000000018000000000018000000000018065
:1088900000000000018000000000018000000000D6
:1088A0000180000000000180000000000180000045
:1088B00000000180000000000180000000000000B6
:1088C00000000000000000000000000000000000A8
:1088D00000000000000000001E00000000003F003B
:1088E000000000003F00000000003F00000000000A
:1088F0003F00000000001E0000000000000000001B
:108900000000000000000000000000000000000067
:108910000000000000000000000000000000000057
:108920000000000000000000000000000000000047
:108930000000000000000000000000000000000037
:108940000000000000000000000000000000000027
:108950000000000000000000000000000000000017
:10896000000000180000000000700000000001C0BE
:10897000000000000700000000001C0000000000D4
:1089800060000000000380000000000E00000000F6
:1089900000380000000000E000000000038000003C
:1089A00000000E0000000000380000000000E000A1
:1089B0000000000300000000001C00000000007028
:1089C0000000000001C000000000070000000000DF
:1089D0000C0000000000000000000000000000008B
:1089E0000000000000000000000000000000000087
:1089F0003FFC00000001FFFF80000007FFFFE000D8
:108A0000001FC003F800003C00003C0000700000A4
:108A10000E0000600000020000C0000003000080A3
:108A20000000010000800000010000800000010043
:108A30000080000001000040000002000060000013
:108A40000600003800001C00001F8001F800000F25
:108A5000FFFFE0000001FFFF800000003FFC00007E
:108A60000000000000000000000000000000000006
:108A700000000000000000000000000000000000F6
:108A800000000000000000000000000000000000E6
:108A900000000000000000100000010000100000B5
:108AA0000100001000000100001000000100001093
:108AB00000000300003FFFFFFF00007FFFFFFF00FB
:108AC00000FFFFFFFF0000000000030000000000A7
:108AD0000100000000000100000000000100000093
:108AE0000000010000000000000000000000000085
:108AF0000000000000000000000000000000000076
:108B00000000000000000000000000000000000065
:108B1000000007000007C0001F00001FE000370032
:108B2000003FE00067000020E000C70000400003B5
:108B300087000040000707000080000E070000804B
:108B4000001C07000080003807000080007007004C
:108B5000008000E0070000C001C00700006007803F
:108B6000070000781F000700003FFE000F00001FF5
:108B7000F8003F000007E000F000000000000000E7
:108B800000000000000000000000000000000000E5
:108B900000000000000000000000000000000000D5
:108BA0000000000000000000F000000F0001F800CD
:108BB000001F8001FC00003F8000E6000063800091
:108BC0000200004000000100008001000100008060
:108BD000010001000080010001000080010001008F
:108BE00000800380010000C0028003000060068056
:108BF000020000781CC00600003FF8701C00001F37
:108C0000F03FF8000007C01FF00000000007C000A0
:108C10000000000000000000000000000000000054
:108C20000000000000000000000000000000000044
:108C3000000E00000000001E000000000076000092
:108C4000000000C6000000000306000000000E0641
:108C5000000000001806000000007006010000007F
:108C6000C0060100000380060100000E000601009E
:108C7000001800060100007FFFFFFF0000FFFFFF5C
:108C8000FF0000FFFFFFFF000000000603000000E0
:108C900000060100000000060100000000060100BF
:108CA00000000006010000000000000000000000BD
:108CB00000000000000000000000000000000000B4
:108CC0000000000000000001E0000000FF83F80049
:108CD00000FF0383FC0000E00701C60000E00C0079
:108CE000020000E00C00030000E01800010000E0BA
:108CF0001800010000E01800010000E01800010069
:108D000000E01800010000E01800030000E01C0073
:108D1000020000E00E000E0000E007C03C0000E092
:108D200003FFF80000E001FFF0000000007F80007A
:108D30000000000000000000000000000000000033
:108D40000000000000000000000000000000000023
:108D50001FFE00000000FFFFC0000007FFFFF00043
:108D6000000F80C0F800001803801C0000300300D2
:108D700006000060060002000040060003000080BC
:108D80000C00010000800C00010000800C000100BC
:108D900000800C00010000800C00010000FC0E00AF
:108DA0000200007C07000600007C07C01C00001CBD
:108DB00003FFF800000000FFF0000000003FC000CB
:108DC00000000000000000000000000000000000A3
:108DD0000000000000000000000000000000000093
:108DE0000000000000070000000000FC0000000080
:108DF00000F00000000000F00000000000E00000B3
:108E0000000000E000007E0000E00007FF0000E03E
:108E1000003FFF0000E000FFFF0000E003E0000073
:108E200000E00F00000000E03800000000E0E0007B
:108E3000000000E38000000000EE0000000000F8E9
:108E40000000000000F00000000000C00000000072
:108E50000000000000000000000000000000000012
:108E60000000000000000000000000000000000002
:108E70000007E0000007C01FF000001FF03FF800EF
:108E8000003FF8781C0000707CE0060000603F8026
:108E9000020000C01F00030000800F0001000080DE
:108EA00007000100008007800100008003800100AE
:108EB000008003C00100008003E0010000C007E063
:108EC000020000600CF8060000783C7C1C00003FAB
:108ED000F83FFC00001FF01FF0000007C007E00093
:108EE0000000000000000000000000000000000082
:108EF0000000000000000000000000000000000171
:108F0000FC000000000FFF800000001FFFC01C00DD
:108F1000003C03E03E00007000E03E0000400070B6
:108F20001F0000C0007001000080003001000080C0
:108F3000003001000080003001000080003003009C
:108F4000008000600200004000600600004000C099
:108F50001C00003001807800001C0707F000000FA3
:108F6000FFFFC0000003FFFF000000007FF00000D3
:108F700000000000000000000000000000000000F1
:108F800000000000000000000000000000000000E1
:108F900000000000000000000000000000000000D1
:108FA00000000000000000000000000000000000C1
:108FB000000000000000000000001E001E00000075
:108FC0003F003F0000003F003F0000003F003F0027
:108FD00000003F003F0000001E001E0000000000D7
:108FE0000000000000000000000000000000000081
:108FF0000000000000000000000000000000000071
:109000000000000000000000000000000000000060
:109010000000000000000000000000000000000050
:109020000000000000000000000000000000000040
:109030000000000000000000000000000000000030
:109040000000000000000000000000000000000020
:109050001E000F0800001E000F7800001E000FF019
:1090600000001E000F800000000000000000000053
:1090700000000000000000000000000000000000F0
:1090800000000000000000000000000000000000E0
:1090900000000000000000000000000000000000D0
:1090A00000000000000000000000000000000000C0
:1090B000000000000000010000000000038000002C
:1090C000000006C0000000000C6000000000183026
:1090D00000000000301800000000600C00000000DC
:1090E000C0060000000180030000000300018000B2
:1090F00000060000C000000C000060000018000026
:109100003000003000001800006000000C0000E09B
:1091100000000E0001C000000700008000000200F7
:10912000000000000000000000000000000000003F
:10913000000000000000000000000000000000002F
:10914000300C00000000300C00000000300C00006B
:109150000000300C00000000300C00000000300C5B
:1091600000000000300C00000000300C0000000087
:10917000300C00000000300C00000000300C00003B
:109180000000300C00000000300C00000000300C2B
:1091900000000000300C00000000300C0000000057
:1091A000300C00000000300C00000000300C00000B
:1091B0000000300C00000000300C00000000000037
:1091C000000000000000000000000000000000009F
:1091D0000000000000800000020001C00000070045
:1091E00000E000000E00006000000C0000300000F5
:1091F0001800001800003000000C0000600000069D
:109200000000C00000030001800000018003000096
:109210000000C00600000000600C000000003018D4
:10922000000000001830000000000C60000000008A
:1092300006C00000000003800000000001000000E4
:10924000000000000000000000000000000000001E
:109250000000000000000000000000000000000707
:10926000C0000000001FE0000000003BE000000024
:109270000061E000000000C0E000000000C000004D
:109280000000018000000000018000000E0001804D
:1092900000001F000180007F1F00018000FF1F00F1
:1092A000018001C00E0001800380000000C00700A3
:1092B000000000E00F00000000701E000000003FF2
:1092C000FC000000001FF80000000007E0000000A4
:1092D000000000000000000000000000000000008E
:1092E000000000000000000000000000000000007E
:1092F0001FF800000000FFFF80000003FFFFE000F8
:10930000000FC003F000001C00007800003001FCDA
:109310001C0000600FFF0E0000403E03860000C0EE
:10932000F00187000081C001830000810003030079
:109330000082000703000082001C0300008207FF78
:1093400003000041FFFF86000043FF8186000022EA
:1093500000018C00003800031C00000F001E3000CC
:109360000007FFF8E0000000FFC0800000000000E0
:1093700000000000000000000000000001000000EC
:1093800000000300000000003F0000000003FF0099
:109390000000003FC100000003FC010000003FD0BE
:1093A00000000003FC100000003FC010000000FCA3
:1093B0000010000000F80010000001FF8010000005
:1093C000007FF81000000003FFD0000000003FFE07
:1093D0000100000003FFE1000000003FFF0000006B
:1093E0000003FF00000000003F0000000000030039
:1093F000000000000100000000000100000000006B
:10940000000000000000000000800000010000805B
:109410000000010000800000010000FFFFFFFF00CE
:1094200000FFFFFFFF0000FFFFFFFF0000800200C2
:1094300001000080020001000080020001000080A5
:109440000200010000800200010000800200010013
:1094500000800200010000C00600010000E00D00D5
:10946000030000703D000200007FF9C00600003FCD
:10947000F0F01C00000FC07FFC000000003FF8006F
:109480000000000FE00000000000000000000000ED
:1094900000000000000000000000000000000000CC
:1094A0001FFC00000000FFFF80000003FFFFE00042
:1094B000000FC003F800001E00007C000038000010
:1094C0001C00002000000E000040000006000040CC
:1094D0000000030000800000030000800000030083
:1094E00000800000030000800000030000800000F6
:1094F000030000C0000006000040000006000060FD
:1095000000000C00007000001800007C000030001B
:1095100000FF0001E00000038003000000000000E5
:10952000000000000000000000800000010000803A
:109530000000010000800000010000FFFFFFFF00AD
:1095400000FFFFFFFF0000FFFFFFFF0000800000A3
:109550000100008000000100008000000100008088
:1095600000000100008000000100008000000300F6
:109570000040000002000040000006000060000003
:109580000600003000001C00001C00003800000F26
:109590008003F0000007FFFFE0000001FFFF8000F4
:1095A00000003FF800000000000000000000000084
:1095B00000000000000000000080000001000080AA
:1095C0000000010000800000010000FFFFFFFF001D
:1095D00000FFFFFFFF0000FFFFFFFF000080020011
:1095E00001000080020001000080020001000080F4
:1095F0000200010000800200010000800200010062
:10960000008002000100008003000100008007804C
:10961000010000C07FF0030000E00000030000F044
:1096200000000700003C00000F00000600003C00A6
:1096300000000000C000000000000000000000006A
:109640000000000000000000008000000100008019
:109650000000010000800000010000FFFFFFFF008C
:1096600000FFFFFFFF0000FFFFFFFF000080010081
:109670000100008001000100008001000100008065
:1096800001000000008001000000008001000000D7
:1096900000800100000000800100000000800180C7
:1096A0000000008003C0000000C03FF8000000E0A0
:1096B0000000000000E00000000000F000000000DA
:1096C000003C000000000006000000000000000058
:1096D000000000000000000000001FF80000000073
:1096E000FFFF80000003FFFFE000000FC003F00059
:1096F000001E00007C00003800000C00006000002C
:10970000060000400000020000C0000003000080CE
:109710000000010000800000010000800000010046
:1097200000800000010000400020010000400020F7
:1097300002000070003006000078003FFC0000FFCF
:10974000003FFC000003803FFC00000000300000F0
:1097500000000020000000000020000000000000C9
:1097600000000000000000000080000001000080F8
:109770000000010000FFFFFFFF0000FFFFFFFF00F0
:1097800000FFFFFFFF0000800100010000800100DA
:109790000100008001000100000001000000000045
:1097A00001000000000001000000000001000000B6
:1097B00000000100000000800100010000800100A5
:1097C000010000800100010000FFFFFFFF0000FF1B
:1097D000FFFFFF0000FFFFFFFF000080000001000F
:1097E0000080000001000080000001000000000077
:1097F0000000000000000000000000000000000069
:109800000000000000000000000000000000000058
:1098100000800000010000800000010000800000C6
:1098200001000080000001000080000001000080B5
:109830000000010000FFFFFFFF0000FFFFFFFF002F
:1098400000FFFFFFFF00008000000100008000001B
:109850000100008000000100008000000100008085
:109860000000010000800000010000000000000076
:1098700000000000000000000000000000000000E8
:1098800000000000000000000000000000000000D8
:10989000000000700000000000F80000000000F868
:1098A00000000000007C0000000000040000000038
:1098B000000400800000000400800000000400801C
:1098C0000000000400800000000800800000001874
:1098D00000800000003000FFFFFFFFF000FFFFFFEF
:1098E000FFC000FFFFFFFF000080000000000080BD
:1098F0000000000000800000000000800000000068
:109900000080000000000080000000000000000057
:109910000000000000000000008000000100008046
:109920000000010000800000010000FFFFFFFF00B9
:1099300000FFFFFFFF0000FFFFFFFF00008001C0EE
:10994000010000800780010000800E00010000007F
:109950003F00000000007FC000000001E7F00000B1
:10996000008381FC00000087007F0000009E001F34
:10997000E10000F80003F90000F00000FF0000E043
:1099800000003F0000C000000F0000800000030046
:109990000080000001000000000001000000000045
:1099A0000000000000000000000000000000008037
:1099B00000000100008000000100008000000100A4
:1099C00000FFFFFFFF0000FFFFFFFF0000FFFFFFA2
:1099D000FF00008000000100008000000100008006
:1099E0000000010000000000010000000000010074
:1099F0000000000001000000000001000000000065
:109A00000100000000000100000000000300000051
:109A100000000300000000000700000000000F002D
:109A2000000000003E0000000000E0000000000018
:109A30000000000000000000008000000100008025
:109A40000000010000FFFFFFFF0000FC000001001C
:109A500000FFE0000100007FFE0001000003FFF0B6
:109A6000000000003FFF0000000001FFF8000000C0
:109A7000001FFF0000000001FE000000000FE000DA
:109A8000000001FC000000003FC000000003FC00DB
:109A90000100007FC000010000F80000010000FF8D
:109AA000FFFFFF0000FFFFFFFF0000FFFFFFFF00C1
:109AB0000080000001000080000001000080000024
:109AC0000100000000000000008000000100008094
:109AD0000000010000800000010000FFFFFFFF0008
:109AE00000F00000010000FC00000100003F000049
:109AF0000100001FC00000000007F000000000018E
:109B0000FC00000000007F00000000001FC00000FB
:109B1000000007E00000000001F800000000007EE7
:109B200000000000001F800000800007E0000080AF
:109B30000003F80000800000FE0000FFFFFFFF00B0
:109B40000080000000000080000000000080000095
:109B50000000000000000000000000000000000005
:109B60003FF800000001FFFF80000007FFFFE0005A
:109B7000000F8001F000003C0000380000300000C1
:109B80000C000060000006000040000002000080A1
:109B900000000100008000000100008000000100C2
:109BA0000080000001000080000001000040000073
:109BB0000200004000000600003000000C00003CE5
:109BC00000001800000F8001F0000007FFFFE00018
:109BD0000001FFFF800000001FF8000000000000EF
:109BE0000000000000000000008000000100008074
:109BF0000000010000800000010000FFFFFFFF00E7
:109C000000FFFFFFFF0000FFFFFFFF00008000805C
:109C100001000080008001000080008001000080C1
:109C200000800000008000800000008000800000B4
:109C300000800080000000800080000000C00180E3
:109C40000000004001000000006003000000003838
:109C50000E000000003FFE000000001FF8000000A2
:109C60000007F000000000000000000000000000FD
:109C700000000000000000000000000000000000E4
:109C80003FFC00000001FFFFC0000007FFFFE000F5
:109C9000001F8003F800003C00007C000070000002
:109CA000FC0000600001860000C00003020000808C
:109CB0000003010000800003010000800003810018
:109CC00000800001E10000800001FF000040000072
:109CD0007FC0004000001FE0002000000FF00038AF
:109CE00000003C70001F8001F8700007FFFFE0607B
:109CF0000001FFFF818000003FFC00000000000029
:109D00000000000000000000008000000100008052
:109D10000000010000800000010000FFFFFFFF00C5
:109D200000FFFFFFFF0000FFFFFFFF0000800100BA
:109D3000010000800100010000800100010000809E
:109D400001000000008001800000008001F00000A0
:109D5000008001FC000000C003FF000000C0031FE2
:109D6000E00000600607F80000781E00FF00003FDA
:109D7000FC003F00001FF8000700000FE000030098
:109D800000000000010000000000010000000000D1
:109D900000000000000000000000000000000007BC
:109DA000E003C000000FF001FF00003FF8003E009C
:109DB00000383C000E0000601E00060000400E004F
:109DC000020000800F0003000080070001000080F7
:109DD00007800100008003800100008003800100F3
:109DE000008001C0010000C001E00100004000E06F
:109DF0000200006000F006000078007C1C00007E7D
:109E0000003FFC0000FF001FF00000000007E00022
:109E10000000000000000000000000000000000042
:109E20000000000000000000000600000000007CB0
:109E30000000000000F00000000000C00000000072
:109E40000080000000000080000000000080000092
:109E5000010000800000010000800000010000FF00
:109E6000FFFFFF0000FFFFFFFF0000FFFFFFFF00FD
:109E70000080000001000080000001000080000060
:109E8000010000800000000000800000000000C011
:109E90000000000000E00000000000FC00000000E6
:109EA00000060000000000000000000000000000AC
:109EB00000000000000000000080000000000080A2
:109EC0000000000000FFFFFFE00000FFFFFFF800C0
:109ED00000FFFFFFFC00008000001E00008000006B
:109EE00006000080000007000000000003000000E2
:109EF0000000030000000000030000000000030059
:109F0000000000000300000000000300000000004B
:109F10000600008000000600008000000C000080A9
:109F20000000380000FFFFFFE0000080000000009C
:109F30000080000000000080000000000000000021
:109F40000000000000000000008000000000008011
:109F50000000000000C00000000000F80000000049
:109F600000FF8000000000FFF00000000087FF00FD
:109F700000000080FFE0000000000FFE0000000075
:109F800001FFE0000000001FFC0000000001FF00D6
:109F900000000000FC000000000FC000000000FEF8
:109FA000000000000FE000000080FE00000000CF75
:109FB000F000000000FF0000000000F000000000C2
:109FC00000C00000000000800000000000800000D1
:109FD000000000000000000000800000000000FF02
:109FE0000000000000FFFE00000000FFFFFC00007A
:109FF0000081FFFFF800008003FFFF000000000762
:10A00000FC000000000FC000008000FC000000C049
:10A0100007C0000000FE7E00000000FFFC00000002
:10A0200000FFFFF800000081FFFFF000008003FF49
:10A03000FF000000000FF80000800FFE0000008706
:10A04000FF80000000FFE000000000F800000000BA
:10A050000080000000000080000000000000000000
:10A06000000000000000000000000000010000806F
:10A070000000010000800000030000C00000070095
:10A0800000F000001F0000FE0000710000FF8001D2
:10A09000C100008FE00700000083F81C00000000F2
:10A0A000FE70000000003FC0000000000FF0000044
:10A0B00000003DFC00000000F07F00000083801FD6
:10A0C000E100008E0003F90000F80000FF0000E04E
:10A0D00000003F0000C000000F00008000000300EF
:10A0E00000800000010000000000010000000000EE
:10A0F0000000000000000000008000000000008060
:10A100000000000000E00000000000F80000000077
:10A1100000FF0000000000FFC00000000087F80002
:10A1200001000081FF00010000003FC001000000AD
:10A130000FFFFF00000001FFFF00000003FFFF0012
:10A1400000001F80010000807E0001000083F000FD
:10A15000010000DF8000000000FC0000000000F0B3
:10A160000000000000C000000000008000000000AF
:10A17000008000000000000000000000000000005F
:10A1800000000000000000000000000000000000CF
:10A1900000000100000600000700003C00001F0056
:10A1A00000F800007F0000E00001FD0000C0000793
:10A1B000F10000C0000FC1000080003F01000080DE
:10A1C00000FC0100008003F0010000800FC00100CE
:10A1D00000803F0001000080FC0001000083F800C7
:10A1E0000100008FE000030000BF8000030000FEBC
:10A1F0000000070000F800001F0000E000007C00E5
:10A2000000800000C000000000000000000000000E
:10A21000000000000000000000000000000000003E
:10A22000000000000000000000000000000000002E
:10A23000000000000000000000000000000000001E
:10A2400000000000000000001FFFFFFFFFF81FFFDD
:10A25000FFFFFFF8180000000018180000000018A9
:10A260001800000000181800000000181800000076
:10A27000001818000000001818000000001818004E
:10A280000000001818000000001800000000000086
:10A2900000000000000000000000000000000000BE
:10A2A00000000000000000000000000000000000AE
:10A2B000000000000000000000000300000000009B
:10A2C00003E00000000000F800000000003F000074
:10A2D00000000007C00000000001F80000000000BE
:10A2E0003F00000000000FC00000000001F8000067
:10A2F0000000007E00000000000FC000000000030E
:10A30000F000000000007E00000000001F80000040
:10A31000000003F00000000000FC00000000001C32
:10A320000000000000040000000000000000000029
:10A33000000000000000000000000000000000001D
:10A3400000000000180000000018180000000018AD
:10A350001800000000181800000000181800000085
:10A36000001818000000001818000000001818005D
:10A37000000000181800000000181FFFFFFFFFF882
:10A380001FFFFFFFFFF800000000000000000000BA
:10A3900000000000000000000000000000000000BD
:10A3A00000000000000000000000000000000000AD
:10A3B000000000000000000000000000000000009D
:10A3C000000000000000000000000000000000008D
:10A3D000000000000000000000000000000000007D
:10A3E00000000000000000800000000001000000EC
:10A3F00000000700000000000E00000000001C002C
:10A40000000000001C000000000018000000000018
:10A410001C00000000001C00000000000E000000F6
:10A4200000000700000000000100000000000080A4
:10A43000000000000000000000000000000000001C
:10A44000000000000000000000000000000000000C
:10A4500000000000000000000000000000030000F9
:10A4600000000003000000000003000000000003E3
:10A4700000000000000300000000000300000000D6
:10A4800000030000000000030000000000030000C3
:10A4900000000003000000000003000000000003B3
:10A4A00000000000000300000000000300000000A6
:10A4B0000003000000000003000000000003000093
:10A4C0000000000300000000000300000000000383
:10A4D0000000000000030000000000030000000076
:10A4E0000003000000000000000000000000000069
:10A4F000000000000000000000001000000000004C
:10A50000100000000000180000000000180000000B
:10A5100000001C00000000001C00000000000E00F5
:10A520000000000006000000000002000000000023
:10A53000010000000000000000000000000000001A
:10A54000000000000000000000000000000000000B
:10A5500000000000000000000000000000000000FB
:10A5600000000000000000000000000000000000EB
:10A5700000000000000000000000000000000000DB
:10A5800000007800000003C1FC00000007C3FE00CB
:10A59000000007C7860000000C0603000000080446
:10A5A00001000000100C0100000010080100000074
:10A5B000100801000000100801000000101802003F
:10A5C00000001010020000001810040000000C1021
:10A5D000040000000FFFFE00000007FFFF00000066
:10A5E00003FFFF0000000000030000000000030064
:10A5F000000000000600000000001C000000000039
:10A60000000000000000000000800000000000804A
:10A610000000000000800000000000FFFFFFFF00BE
:10A6200001FFFFFFFE0003FFFFFFFC0000000380AF
:10A630000E0000000700020000000C0003000000F4
:10A640000C000100000018000100000018000100CB
:10A6500000001800010000001800010000001C00AC
:10A66000020000000E00060000000F801C00000029
:10A6700007FFF800000003FFF0000000007FC000AB
:10A6800000000000000000000000000000000000CA
:10A6900000000000000000000000000000000000BA
:10A6A000000000000000003F8000000000FFF000FC
:10A6B000000003FFF800000007C07C000000060057
:10A6C0001E0000000C00060000000800070000004B
:10A6D0001000030000001000030000001000030041
:10A6E000000010000300000010000300000018002C
:10A6F000030000000DC0060000000FC006000000AF
:10A7000007C00C00000003C038000000000060001B
:10A710000000000000000000000000000000000039
:10A720000000000000000000000000000000000029
:10A73000000000000000003FC000000001FFF0002A
:10A74000000003FFF800000007803C0000000E003E
:10A750000E000000080007000000180003000000C1
:10A7600010000300000010000300000010000300B0
:10A7700000001000030000800800060000800800B0
:10A780000C0000800400380000FFFFFFFF0001FF05
:10A79000FFFFFF0003FFFFFFFE00000000000200BC
:10A7A00000000000020000000000020000000000A5
:10A7B0000000000000000000000000000000000099
:10A7C000000000000000003F8000000000FFF000DB
:10A7D000000003FFF800000007087C0000000C08E0
:10A7E0001E0000000808060000001808070000000E
:10A7F0001008030000001008030000001008030008
:10A800000000100803000000100803000000080802
:10A81000020000000C080600000007080C00000001
:10A8200007F81800000003F830000000007800006E
:10A830000000000000000000000000000000000018
:10A840000000000000000000000000000000000008
:10A8500010000000000010000100000010000100C6
:10A8600000001000010000001000010000001000B6
:10A8700001000007FFFFFF00001FFFFFFF00003F78
:10A88000FFFFFF00007010000100004010000100F9
:10A890000080100001000080100001000080100006
:10A8A000010000801000010000801000000000FC8A
:10A8B00010000000007C00000000007C0000000090
:10A8C0000038000000000000000000000000000050
:10A8D0000000000000000000000000000000000078
:10A8E000000000000000000000F0000000F871F817
:10A8F000000003FCFBFC000007FEFE0C00000E073E
:10A900001C04000018011C06000010009C0200003E
:10A9100010008C02000010008C02000010008E025B
:10A92000000010008E02000018018E0200000E07C9
:10A930000E0600000FFF060400000FFC070C0000CD
:10A9400009F807FC0000180003F800001C0001E0F3
:10A9500000001E00000000000E00000000000000CB
:10A9600000000000000000000080000001000080E6
:10A970000000010000800000010000FFFFFFFF0059
:10A9800001FFFFFFFF0003FFFFFFFF0000000300C8
:10A99000010000000600010000000C0001000000A2
:10A9A0000C0000000000180000000000180000006B
:10A9B00000001800000000001800010000001C004A
:10A9C000010000001E00010000000FFFFF0000005A
:10A9D00007FFFF00000003FFFF0000000000010070
:10A9E0000000000001000000000001000000000065
:10A9F0000000000000000000000000000000000057
:10AA00000000000000000000000000000000000046
:10AA10000000100001000000100001000000100004
:10AA20000100000010000100000010000100007093
:10AA30001000010000F81FFFFF0000F83FFFFF00BB
:10AA400000F83FFFFF000070000001000000000060
:10AA500001000000000001000000000001000000F3
:10AA600000000100000000000100000000000000E4
:10AA700000000000000000000000000000000000D6
:10AA800000000000000000000000000000000000C6
:10AA9000000000000000000000000000000000189E
:10AAA00000000000003C00000000003E000000002C
:10AAB000001E00000000000E000000000006000064
:10AAC0000000000600001000000600001000000654
:10AAD00000001000000C00001000000C00701000BE
:10AAE000003800F81FFFFFF800F83FFFFFF000F804
:10AAF0003FFFFFC0007000000000000000000000E9
:10AB00000000000000000000000000000000000045
:10AB10000000000000000000008000000100008034
:10AB20000000010000800000010000FFFFFFFF00A7
:10AB300001FFFFFFFF0003FFFFFFFF000000000316
:10AB400081000000000701000000001E010000005D
:10AB5000003C00000000007C0000000000FF00003E
:10AB6000000019CFC00000001B83F10000001E018F
:10AB7000F90000001C007F00000018001F0000000A
:10AB800018000F000000180003000000180001006A
:10AB900000000000010000000000000000000000B4
:10ABA00000000000000000000000000000000000A5
:10ABB0000000000000000000000000000000000095
:10ABC0000080000001000080000001000080000003
:10ABD00001000080000001000080000001000080F2
:10ABE0000000010001FFFFFFFF0001FFFFFFFF006A
:10ABF00003FFFFFFFF000000000001000000000055
:10AC00000100000000000100000000000100000041
:10AC10000000010000000000010000000000000032
:10AC20000000000000000000000000000000000024
:10AC30000000000000000000000010000100000003
:10AC40001FFFFF0000001FFFFF0000003FFFFF008D
:10AC500000000600010000000C00010000001800C8
:10AC600000000000180001000000180001000000B2
:10AC70001FFFFF0000001FFFFF00000007FFFF0095
:10AC800000000600010000000C0001000000180098
:10AC90000000000018000100000018000100000082
:10ACA0001FFFFF0000000FFFFF00000007FFFF0075
:10ACB0000000000001000000000001000000000092
:10ACC0000000000000000000000010000100000073
:10ACD0001000010000001000010000001FFFFF0035
:10ACE00000001FFFFF0000003FFFFF000000030007
:10ACF000010000000600010000000E00010000003D
:10AD00000C00000000001800000000001800000007
:10AD100000001800000000001800010000001C00E6
:10AD2000010000001E00010000000FFFFF000000F6
:10AD300007FFFF00000003FFFF000000000001000C
:10AD40000000000001000000000001000000000001
:10AD500000000000000000000000000000000000F3
:10AD6000003F8000000000FFE000000001FFF8004D
:10AD7000000003C03C00000006000C0000000C00B6
:10AD8000060000000800020000001800010000009A
:10AD90001000010000001000010000001000010080
:10ADA0000000100001000000180001000000080071
:10ADB000020000000C000600000006000C0000006D
:10ADC00007C03C00000003FFF800000000FFE000A7
:10ADD0000000003F800000000000000000000000B4
:10ADE0000000000000000000000010000002000051
:10ADF0001000000200001000000200001FFFFFFE14
:10AE000000001FFFFFFE00003FFFFFFE00000300E9
:10AE10000C0200000600060200000C000202000006
:10AE20000C000100000018000100000018000100E3
:10AE300000001800010000001800010000001800C8
:10AE4000030000000C00060000000E000E000000D1
:10AE500007803C00000007FFF800000001FFF00041
:10AE60000000007F800000000000000000000000E3
:10AE700000000000000000000000000000000000D2
:10AE8000003FC000000001FFF000000003FFFC00D5
:10AE9000000007803C0000000E000E0000000800CB
:10AEA000070000001800030000001000030000006D
:10AEB0001000030000001000030000001000030059
:10AEC000000008000602000008000602000006005C
:10AED0001C02000007FFFFFE00000FFFFFFE000046
:10AEE0001FFFFFFE00000000000200000000000243
:10AEF0000000000000020000000000000000000050
:10AF00000000000000000000000000000000000041
:10AF100010000100000010000100000010000100FE
:10AF200000001000010000001000010000001FFFE1
:10AF3000FF0000003FFFFF0000003FFFFF00000098
:10AF400000E001000000018001000000030001009A
:10AF500000000600010000000C00010000000800D5
:10AF600001000000180000000000180000000000B0
:10AF70001F00000000001F00000000000F00000084
:10AF800000000E00000000000000000000000000B3
:10AF900000000000000000000000000000000000B1
:10AFA00000000000000000000000000000007E0023
:10AFB000000003E03F00000007F00E0000000FF06B
:10AFC000060000000C3802000000183802000000E3
:10AFD000101C01000000101C01000000100C0100FA
:10AFE0000000100E01000000100E0100000010070C
:10AFF000010000000807010000000807030000002E
:10B000000C03C60000000F03FE0000000781FC00D7
:10B0100000000000F8000000000000000000000038
:10B020000000000000000000000000000000000020
:10B0300000000000000010000000000010000000F0
:10B0400000001000000000001000000000003000B0
:10B05000000000003000000000007FFFF800000149
:10B06000FFFFFC00000FFFFFFE00000010000F00BC
:10B07000000010000300000010000300000010009A
:10B080000300000010000300000010000200000098
:10B0900010000600000010000C000000000030004E
:10B0A00000000000000000000000000000000000A0
:10B0B0000000000000000000000010000000000080
:10B0C0001000000000001000000000001FFFF8004A
:10B0D00000001FFFFC0000003FFFFE00000000001A
:10B0E0000F00000000000700000000000300000047
:10B0F0000000030000000000030000000000030047
:10B100000000000002000000100006000000100017
:10B110000C0000001000180000001FFFFF000000DE
:10B120001FFFFF0000003FFFFE00000000000200C4
:10B13000000000000200000000000200000000000B
:10B1400000000000000000000000000000000000FF
:10B1500010000000000010000000000018000000B7
:10B1600000001E00000000001F80000000001FF013
:10B17000000000001BFE00000000107F80000000A7
:10B18000101FF00000000003FE00000000007F0020
:10B19000000000003E0000000001F0000000100F61
:10B1A00080000000107E000000001BF00000000086
:10B1B0001F80000000001E000000000018000000BA
:10B1C000000010000000000010000000000000005F
:10B1D000000000000000000000001000000000005F
:10B1E0001C00000000001FC0000000001FFC000049
:10B1F00000001FFFC0000000103FFC000000000323
:10B20000FF0000000001FC000000100FE000000043
:10B21000107F000000001FF0000000001FE0000091
:10B2200000001FFE0000000019FFC0000000103FDA
:10B23000FC0000000003FF0000001007FC000000FD
:10B24000107F800000001FF8000000001F80000039
:10B2500000001800000000001000000000001000B6
:10B2600000000000000000000000000000000000DE
:10B2700000000100000010000100000010000100AB
:10B2800000001800030000001C000F0000001F0059
:10B290001F0000001F80710000001FE0C0000000C0
:10B2A00011FB80000000007E00000000003F000055
:10B2B0000000007FC100000010E3F10000001380D7
:10B2C000FD0000001E007F0000001C001F000000A9
:10B2D0001000070000001000030000001000010033
:10B2E000000000000100000000000000000000005D
:10B2F000000000000000000000000000000000004E
:10B300001000000000001000000C00001800001EDB
:10B3100000001E00001E00001FC0000E00001FF0F5
:10B320000006000013FE00040000107F80180000DB
:10B33000001FF0F000000003FFC0000000007E00CE
:10B3400000000003F0000000101F8000000010FC4F
:10B35000000000001FE0000000001F0000000000CF
:10B360001C000000000010000000000010000000A1
:10B3700000001000000000000000000000000000BD
:10B3800000000000000000000000000000000000BD
:10B3900000000000000007C0030000001F000700BD
:10B3A00000001C001F00000018003F0000001000FB
:10B3B000FD0000001003F10000001007E100000094
:10B3C000101F81000000103E0100000010FC010071
:10B3D000000011F00100000017E0010000001F80D4
:10B3E000010000001E00030000001C000F00000010
:10B3F00010003F0000000000E0000000000000001E
:10B40000000000000000000000000000000000003C
:10B41000000000000000000000000000000000002C
:10B42000000000000000000000000000000000001C
:10B43000000000000000000000000000000000000C
:10B4400000000000000000000000000000000000FC
:10B4500000800000000000800000000001400000AB
:10B4600000000360000001FFFE3FFFC007FFFC1F5C
:10B47000FFE00C0000000030080000000010100089
:10B480000000000810000000000810000000000884
:10B4900000000000000000000000000000000000AC
:10B4A000000000000000000000000000000000009C
:10B4B000000000000000000000000000000000008C
:10B4C000000000000000000000000000000000007C
:10B4D000000000000000000000000000000000006C
:10B4E00000000000FFFFFFFFFFFF00000000000062
:10B4F000000000000000000000000000000000004C
:10B50000000000000000000000000000000000003B
:10B51000000000000000000000000000000000002B
:10B52000000000000000000000000000000000001B
:10B53000000000000000000000000000000000000B
:10B5400000000000100000000008100000000008CB
:10B550001000000000080800000000100C000000AF
:10B56000003007FFFC1FFFE001FFFE3FFFC00000AF
:10B5700003600000000001400000000000800000A7
:10B58000000000800000000000000000000000003B
:10B5900000000000000000000000000000000000AB
:10B5A000000000000000000000000000000000009B
:10B5B000000000000000000000000000000000008B
:10B5C0000000000000000000000000000000060075
:10B5D00000000000180000000000600000000000F3
:10B5E000400000000000C00000000000C00000009B
:10B5F0000000C00000000000E0000000000070003B
:10B60000000000003800000000001C0000000000E6
:10B610000E00000000000700000000000380000092
:10B620000000038000000000018000000000018095
:10B630000000000001000000000003000000000006
:10B640000C000000000030000000000000000000BE
:10B650000000000000000000EFBF08204420267F0B
:10B660003080012010209220522032201FFF3220F3
:10B6700052209220106000200000EFBF082008C078
:10B680000B00FFFF0A01092204440298FFE00000BA
:10B69000FFFC028204620C02000E0000EFBF0000FB
:10B6A0001FE01240124012401240FFFC12421242B0
:10B6B000124212423FE21002000E00000000EFBFF3
:10B6C000010001004100410041004102410147FEEB
:10B6D0004500490051006100010003000100000025
:10B6E000EFBF00000001008000808040E1FC30439B
:10B6F000FE1C0E000870000380800C008002108089
:10B700008210806210803A10800A108003FFFF03CD
:10B71000FFFE0E1080321080E210804630804631ED
:10B7200080021180000080000000EFBF00010002D5
:10B730000200020C00027000FFFFFF7FFFFE4220AC
:10B740000006180100120207070403CE0C0010388F
:10B750007FFFE03FFF802000000000007FFFFC3FF4
:10B76000FFFE20880601040607070602027E00008D
:10B770000C000000EFBF0000000000000000000F00
:10B78000FFC007FF800421000421000421000421E0
:10B7900000042100FFFFFC7FFFFE44210604210678
:10B7A0000421060421060421060FFF860FFF06046C
:10B7B000000600000600007E00000C000000EFBF45
:10B7C00000000000100000100020100020100020D9
:10B7D000100020100020100420100420100620105B
:10B7E0000723FFFE21FFFC2210002410002410007C
:10B7F0002810003810007010006030002070000029
:10B800003000001000000000EFBF0000000000004A
:10B81000000000000000000000060000000E000014
:10B82000001C00000070000FFE000007FE00000476
:10B8300008000004080000040880000408700004E8
:10B84000083E000408083FFC08001FFC0800010433
:10B850000800010408C0010408780104083C010440
:10B860000800010408000107FE00010FFC000304AA
:10B8700000C0030000700100003E0000001C00003A
:10B8800000000000000000000000EFBF000000000A
:10B890000001000000010000000100000081000024
:10B8A0000081001000813FF800811FF0008100102E
:10B8B0000081001000810010008100100081001044
:10B8C00000810010008100103FFFFFF01FFFFFF01C
:10B8D0001081001000810010008100100081001014
:10B8E00000810010008100100081001000813FFEE7
:10B8F00001813FFC01811000008300000003000073
:10B90000000100000000000000000000EFBF000088
:10B910000000000000000000000C000000300000EB
:10B9200001C00000FF000FFFF8000F800402088034
:10B930000402088104040881040C088104080881B9
:10B94000043008B104E0089DFFC0088F040008819E
:10B9500004000881040008810400088104000883B1
:10B960000400089DFFFE08B9FFFC0891040008814F
:10B970000400088304001FC30C000FC10C0000006A
:10B980000400000000000000000000000000C4BB34
:10B99000000000000000000004004100040041001D
:10B9A0000400420004004200040044000400CC00F3
:10B9B00004FF4BFC04925BF8049272003F92620019
:10B9C0003F92C2001493C2000493C20004925FFE2F
:10B9D00004924FFC049242003F9242103F92421068
:10B9E000149262080492520C04FF4FF804FF4BE0DB
:10B9F00004804C0004004600040046000C00C70010
:10BA00000400C2000000420000000000000000002E
:10BA1000EFBF000000000000000200000002002054
:10BA2000400200E0400403E040040108400801082F
:10BA300040180108403001084060010843C0010877
:10BA40007F800108780001084000310840001D088F
:10BA500040000F08400001087FE001087FF801085E
:10BA6000400C0108400C0118400C0118400C010862
:10BA7000400C0100400C0120C00C01C0C00C038030
:10BA8000400C018003FC00000008000000000000E2
:10BA90000000EFBF000000000000000200000004F2
:10BAA00000000018000000E000FFFF80007FF800A9
:10BAB000004100000041008000410080004100C0C2
:10BAC000004100E0004103E00043FFC40041E00406
:10BAD00000400008384000181FFC00301FFFE060E5
:10BAE0000041FCC000401F800040078018400FC08C
:10BAF0000C403CE00F41F070074FC03800C7001801
:10BB000001C2001C00C0003C004001FC000000001D
:10BB100000000000EFBF0000000000000400002053
:10BB2000040000380600301E07F8180C0FF80E004D
:10BB30003C000603C002001C0004000000081FFFB8
:10BB4000FE180FFFFC30080000E00800078008FF27
:10BB5000FE00087F010008400080080000600FFF21
:10BB6000FC380FFFF83C000000000000000001FF5F
:10BB7000FF0001FFFF08008000080000000C00002B
:10BB8000000E3FFFFFFC1FFFFFF000000000000061
:10BB9000000000000000EFBF0000000000020000F5
:10BBA0000002000000020000080200000C02000079
:10BBB0000783FFF80387FFFC0002003800000060E5
:10BBC000004000800041012000410230004100207F
:10BBD000004100600041FFC00041FFC0004100C0C3
:10BBE0000041008000430080004101003FFE010051
:10BBF0001FFFF00010407E0010400780184001E059
:10BC00000C4000700F40003801C0001C004001FED5
:10BC10000000000000000000EFBF00000000000076
:10BC20000000000000000001000000000001800092
:10BC300040000000E00040000000F0004000000074
:10BC40007E00600004007F007FF007003E00FFF8E8
:10BC500003800001FFF803E0000FFC0001F0007F0B
:10BC6000000000E001F0000000000F800000000074
:10BC700078000000000380010000000C000180003B
:10BC800000040001000000040001000000040201A3
:10BC900000001004030100001804020100000E045B
:10BCA0000201000007840201000007E40201000015
:10BCB00003E40201000001C40201000000040201CB
:10BCC00000000007FFFFFFFC0007FFFFFFF8000771
:10BCD000FFFFFFF8000C02010000003C0201000021
:10BCE00000E40201000007C4020100003F04020159
:10BCF00000001E04020100001C04060100000804EC
:10BD00000E010000000C0E010000001C06030000E4
:10BD1000001C02070000000C000F000000040003DC
:10BD20000000000000010000000000000000000012
:10BD300000000000000000000000EFBF0000000055
:10BD400000000000000000000000000020000002D1
:10BD50000000C0000002000380000002000E00008E
:10BD60000002003C0000000201F0000000020FE0B1
:10BD700000000002FF8000003FFFFFFFFFFC1FFFED
:10BD8000FFFFFFF818020800000008020C00000086
:10BD9000000606000000000E07800004000603E213
:10BDA0000008000201E300100000000780300008D6
:10BDB000000700600007000E00C00003F80C01C07F
:10BDC0000001F8180780000070101F00000000201C
:10BDD0007C001FFFFFFFF8001FFFFFFFE0000FFFC9
:10BDE000FFFE00000C00000000000000000000004A
:10BDF0000000000000000000000000001FFFFFFF27
:10BE0000FFC01FFFFFFFFFE01FFFFFFFFFE0080075
:10BE100030C000E0000060C000600000C060006052
:10BE2000000380700060000700380060001E003CC6
:10BE30000060000E001E01E00004000E7FE0000024
:10BE4000000001E00000000000C000000000000051
:10BE5000000000000000000000000000EFBF000034
:10BE600000000000000000000000000000000000D2
:10BE700000000000000000000000000000000000C2
:10BE80000000000000000000002000002000001F53
:10BE9000FFFFC000001FFFFFC000000804020000F9
:10BEA0000008040200000008040200000008040268
:10BEB000000000080402000000080402000000085E
:10BEC0000402000000080402000000080402000050
:10BED0000008040200000008040200003C080402FC
:10BEE00000001FFFFFFFFFE01FFFFFFFFFF018082C
:10BEF0000402007000080402003000080402003050
:10BF000000080402003000080402003000080402A7
:10BF1000003000080402003000080402003000086D
:10BF2000040200300008040200300008040200305F
:10BF3000000804020030001FFFFF8030003FFFFFB9
:10BF40000030001C001F003000080000003000001E
:10BF500000000070000000000FF0000000007FF003
:10BF60000000000001E000000000004000000000B0
:10BF70000000000000000000000000000000EFBF13
:10BF800000000000000000000000000000000000B1
:10BF9000000000000200000000000200000000009D
:10BFA000020000000000020000000000020000008B
:10BFB0000000020000000400020000000400020073
:10BFC0000000040002000000040002000000040061
:10BFD0000200000004000200000004000200004013
:10BFE000040002000040040002000060040002009F
:10BFF00000600400020000700400020000780400E9
:10C000000200007C0400020000780403FFFFFFF838
:10C010000401FFFFFFF00401FFFFFFC00403C200A3
:10C020000000040602000000040C020000000418D6
:10C0300002000000041802000000043002000000AA
:10C0400004600200000004E00200000005C00200DD
:10C0500000000780020000000F80020000001F00A7
:10C06000020000000F0002000000070006000000B0
:10C0700002000E00000000001E00000000000E0084
:10C0800000000000060000000000020000000000A8
:10C0900000000000000000000000000000000000A0
:10C0A00050815881608168817081000060E00120CA
:10C0B0000305350002081E08503C0F050000FF670D
:10C0C000500000181A1E1489280A302EBB0A0300DB
:10C0D0000002331D000000000000003200002A1C96
:10C0E0005A94C50207000000B51F0090280077325F
:10C0F00000623F00525000520000000000000000AB
:10C100000000000000000000000000000000000F20
:10C110000F03061042F80F14000000001A1816143E
:10C1200012100E0C0A0800000000000000000000C1
:10C130000000000000000000000029282422201F29
:10C140001E1D0E0C0A080605040200FF0000000078
:10C1500000000000000000FFFFFFFFFFFFFFFFFFE8
:10C16000FFFFFFFF000000000000000000000000D3
:10C1700000000000000038FCFC3800000000000D4A
:10C180000D000000000E1E00001E0E00000000004A
:10C190000000000020F8F820F8F82000020F0F023D
:10C1A0000F0F0200387C444747CC98000306041C5C
:10C1B0001C07030030300080C06030000C06030113
:10C1C000000C0C0080D87CE4BCD84000070F0808A5
:10C1D000070F080000101E0E000000000000000005
:10C1E000000000000000F0F80C040000000003074D
:10C1F0000C0800000000040CF8F000000000080C1F
:10C200000703000080A0E0C0C0E0A080000203019E
:10C2100001030200008080E0E08080000000000355
:10C220000300000000000000000000000000101EDD
:10C230000E00000080808080808080000000000070
:10C240000000000000000000000000000000000CE2
:10C250000C00000000000080C06030000C060301EC
:10C2600000000000F8FC04C424FCF800070F0908D3
:10C27000080F0700001018FCFC0000000008080F61
:10C280000F080800080C84C4643C18000E0F09084D
:10C29000080C0C00080C444444FCB800040C0808CA
:10C2A000080F0700C0E0B098FCFC80000000000808
:10C2B0000F0F08007C7C4444C4C48400040C0808AC
:10C2C000080F0700F0F84C4444C08000070F08082E
:10C2D000080F07000C0C0484C47C3C0000000F0F06
:10C2E00000000000B8FC444444FCB800070F0808F4
:10C2F000080F0700387C444444FCF8000008080894
:10C300000C070300000000303000000000000006B1
:10C310000600000000000030300000000000080EA1
:10C32000060000000080C060301808000000010313
:10C33000060C08004040404040404000020202021B
:10C34000020202000008183060C0800000080C06DD
:10C3500003010000181C04C4E43C18000000000D98
:10C360000D000000F0F808C8C8F8F000070F080B2F
:10C370000B0B0100E0F0988C98F0E0000F0F00002C
:10C38000000F0F0004FCFC4444FCB800080F0F0829
:10C39000080F0700F0F80C04040C180003070C0841
:10C3A000080C060004FCFC040CF8F000080F0F0851
:10C3B0000C07030004FCFC44E40C1C00080F0F08ED
:10C3C000080C0E0004FCFC44E40C1C00080F0F08D1
:10C3D00000000000F0F80C84848C980003070C081F
:10C3E00008070F00FCFC404040FCFC000F0F000061
:10C3F000000F0F00000004FCFC0400000000080F08
:10C400000F08000000000004FCFC0400070F0808EF
:10C410000F07000004FCFCC0F03C0C00080F0F00EC
:10C42000010F0E0004FCFC0400000000080F0F08C0
:10C43000080C0E00FCFC387038FCFC000F0F0000EC
:10C44000000F0F00FCFC3870E0FCFC000F0F000038
:10C45000000F0F00F0F80C040CF8F00003070C08B4
:10C460000C07030004FCFC44447C3800080F0F0850
:10C4700000000000F8FC040404FCF800070F080E9C
:10C480003C3F270004FCFC44C4FC3800080F0F00AC
:10C49000000F0F00183C6444C49C1800060E0808E6
:10C4A000080F0700001C0CFCFC0C1C000000080F0F
:10C4B0000F080000FCFC000000FCFC00070F08084F
:10C4C000080F0700FCFC000000FCFC000103060C48
:10C4D00006030100FCFC008000FCFC00030F0E03BF
:10C4E0000E0F03000C3CF0C0F03C0C000C0F0300DE
:10C4F000030F0C00003C7CC0C07C3C000000080F17
:10C500000F0800001C0C84C4643C1C000E0F0908BA
:10C51000080C0E000000FCFC0404000000000F0FDB
:10C52000080800003870E0C0800000000000000132
:10C5300003070E0000000404FCFC000000000808D3
:10C540000F0F0000080C0603060C08000000000096
:10C55000000000000000000000000000202020205B
:10C56000202020200000030704000000000000003D
:10C570000000000000A0A0A0E0C00000070F080815
:10C58000070F080004FCFC2060C08000080F0708AB
:10C59000080F0700C0E0202020604000070F0808B7
:10C5A000080C040080C06024FCFC0000070F080891
:10C5B000070F0800C0E0A0A0A0E0C000070F080817
:10C5C000080C040040F8FC440C180000080F0F0889
:10C5D00000000000C0E02020C0E02000276F484895
:10C5E0007F3F000004FCFC4020E0C000080F0F006B
:10C5F000000F0F00000020ECEC0000000000080F0E
:10C600000F0800000000000020ECEC00003070403B
:10C61000407F3F0004FCFC80C0602000080F0F0139
:10C62000030E0C00000004FCFC0000000000080FDA
:10C630000F080000E0E060C060E0C0000F0F000FD6
:10C64000000F0F0020E0C02020E0C000000F0F000E
:10C65000000F0F00C0E0202020E0C000070F0808F6
:10C66000080F070020E0C02020E0C000407F7F4886
:10C67000080F0700C0E02020C0E02000070F084896
:10C680007F7F400020E0C0602060C000080F0F08DE
:10C690000000000040E0A02020604000040C0909D8
:10C6A0000B0E04002020F8FC202000000000070FE3
:10C6B000080C0400E0E00000E0E00000070F0808BC
:10C6C000070F080000E0E00000E0E0000003070CB6
:10C6D0000C070300E0E0000000E0E000070F0C079B
:10C6E0000C0F07002060C080C0602000080C07030A
:10C6F000070C0800E0E0000000E0E000474F484879
:10C70000683F1F00606020A0E06020000C0E0B0955
:10C71000080C0C00004040F8BC04040000000007B6
:10C720000F080800000000BCBC0000000000000F63
:10C730000F000000000404BCF84040000008080F8F
:10C7400007000000080C040C080C040000000000A6
:10C750000000000080C0603060C080000707040453
:10C7600004070700D1F31022640C8008494A4CF8F2
:10C770004C4A490800000404FE010404040404FFB8
:10C78000040404060400CCD21010D0FF50902040C6
:10C79000FF00FF4020300000040300FF8044221906
:10C7A00007003F4146407000BAC5808080BEA2A20B
:10C7B000A2A2A2A2A2BF82C08000000000040605BF
:10C7C00004044484443E04000000BFAA80828282A4
:10C7D000FE8282828282FE8283C28000008040309C
:10C7E0000F0000000000FF0000000000B7A20010D2
:10C7F00018161090F09F90909294101810004020FE
:10C800009088464123140814222140C04000B0E51E
:10C810001010D0FF901000FC24A42422A36200007A
:10C82000040300FF4021184720130C16216020004C
:10C83000D1F3008000020C3810C0304041465C50FB
:10C84000C0C0704C47626240000000000187C270A7
:10C850000E01000808080808FFFF0808080C8C886B
:10C8600000000001013F7F00000101010101010101
:10C87000FF7F0101010101010100CCD200404040D5
:10C88000FFFE426000E0C000FEFC0400FEFC0480ED
:10C89000E04000008040300EFFFF041848E07308BD
:10C8A000FFFF0000FFFF1120E0400000000000003B
:10C8B000FF7F00804020301C070100003F7F606048
:10C8C000607E3000B5E7000000F0E020202020204E
:10C8D000FFFE2220202020F0F020000000000000B9
:10C8E00000FFFF8484848484FFFF8484848484FF25
:10C8F000FF00000000000000000301000000000035
:10C900003F7F6060606060616060607E3000D7D3B0
:10C910000000000404040404040404C48444242423
:10C92000141C0E0604000000000808080808080887
:10C93000080808FFFF0808080808080C0E0C080083
:10C9400000000000000000202060E07F3F000000A9
:10C9500000000000000000000000000000000000D7
:10C9600000000000000000000000000000000000C7
:10C9700000000000000000000000000000000000B7
:10C9800000000000000000000000000000000000A7
:10C990000000000000000000000000000000000097
:10C9A0000000000000000000000000000000000087
:10C9B0000000000000000000000000000000000077
:10C9C0000000000000000000000000000000000067
:10C9D0000000000000000000000000000000000057
:10C9E0000000000000000000000000000000000047
:10C9F00000F8FC1C3830381CFCF800F8F800F8F897
:10CA0000000000F8FC8C8C8C0080D050F0E000F02E
:10CA1000F020300000808000808000808000000CCA
:10CA20001224120C00000000000000008000000032
:10CA3000000000001824448844241800000000006E
:10CA400000000000000000000000000000000000E6
:10CA500000000000000000000000000000000000D6
:10CA600000000000000000000000000000000000C6
:10CA70000003838000808000030300080B0B0F0776
:10CA8000804080408303030300000303030300038B
:10CA90008380808080C3C3C0C3C3C0C3C3C0C0C0C1
:10CAA000C0C0808080C0C040201804030000000087
:10CAB000002050A0502000000000000000000000F6
:10CAC0000000000000000000000000000000000066
:10CAD0000000000000000000000000000000000056
:10CAE0000000000000000000000000000000000046
:10CAF0000003040811080403000000000000000007
:10CB0000010284C2E160301078ECFCF63A1B058526
:10CB100097131213131111111111110181FFF9F95A
:10CB2000F2C2822225058D8B93B3E6C68C1C183881
:10CB30007070E0C080000000000000182448241835
:10CB400000000000000000000000000000000000E5
:10CB500000000000000000000000000000000000D5
:10CB600000000000000000000000000000000000C5
:10CB7000000080E0E0703018181C1C1C0C1C1616FD
:10CB8000160627636DAECE0E0E0F0F0F0E060607AC
:10CB9000070606060606060606060666776767E7C0
:10CBA000070707060606070787C767232312100033
:10CBB0000808090B0F0E0E0C3C70F0C0800000003E
:10CBC0000000000000000000000000000000000065
:10CBD0000000000000000000000000000000000055
:10CBE0000000000000000000000000000000F0F85D
:10CBF000DEFFF63611E0F0F8FCFEDE1E3F3F1EFEC3
:10CC0000FEFCF8F2E4080107FC0000000000000050
:10CC1000000000000000000000000000000000FF15
:10CC200000000000003CFFE7311CE6FFFFFFFEFEB6
:10CC30001F3F3F1FFFFEFEFCF8F8F031FBFFFEFC3C
:10CC400038000000000000000000000000000000AC
:10CC500000000000000000000000000000000000D4
:10CC600000000000000000000000000000000003C1
:10CC7000074F4C60607F7F7F7F7D4D4472724079AB
:10CC80007D7F7F7F7F7C7070737370707474747439
:10CC90007474747474747474767676767676767347
:10CCA0007070727272737070707C7F7F7F7F7D7D19
:10CCB00062727260687D7F7F7F7F777467676300D1
:10CCC0000000000000000000000000000000000064
:10CCD0000000000000000000000000000000000054
:10CCE0000000000000000000000000000000000044
:10CCF0000000000000000000000000000000000034
:10CD00000000000000000000000000000000000023
:10CD10000000000000000000000000000000000013
:10CD20000000000000000000000000000000000003
:10CD300000000000000000000000000000000000F3
:10CD400000000000000000000000000000000000E3
:10CD5000000000000000000000061016000610167B
:10CD60008D530108C9530108E553010827540108F0
:10CD70006954010819550108315501086955010820
:10CD8000DD55010861560108232D302B2000686C09
:10CD90004C006566674546470030313233343536DE
:10CDA0003738394142434445460030313233343517
:0CCDB00036373839616263646566000044
:08CDBC001434FC7F01000000AB
:04CDC400B5010008AD
:04CDC80091010008CD
:10CDCC000024F400FFFF17EF100000000101000029
:10CDDC00A0B1010808000000395701087D5901086D
:10CDEC00095A0108D95A01088560010800000000A1
:10CDFC003400002000000000C02200202823002066
:10CE0C009023002000000000000000000000000043
:10CE1C000000000000000000000000000000000006
:10CE2C0000000000000000000000000000000000F6
:10CE3C0000000000000000000000000000000000E6
:040000050800354179
:00000001FF
